3503
25122
29950
31152
58988
96566
32151
76837
5112
22484
23587
51980
60880
93598
81830
25232
45288
29642
45887
8781
41729
97436
21602
33967
87728
21913
24466
11440
96354
85000
85394
7315
36993
68453
2681
44750
26159
98533
8991
62160
82555
37685
14271
65581
33100
40454
13263
77758
21567
92657
92213
80205
79223
74658
48341
45708
67699
24765
82015
29401
59678
18731
79686
94155
74271
65606
19881
94426
22844
27190
47268
80854
91822
1805
23905
21148
39428
47084
54883
38652
64447
1068
66253
21763
46549
48615
18388
65790
89423
29483
53463
98523
25892
17840
75940
55707
6267
83000
89775
4775
66758
95525
38846
28227
8498
9796
33015
61683
77996
13165
62285
77447
47386
68572
48258
90890
35088
77199
57245
3565
59014
23981
68575
54737
30151
61302
64971
47973
78662
85907
12940
38000
45172
33721
79391
85356
10729
89122
39770
97052
45342
96969
97966
19885
9927
67892
37294
45967
87855
12619
4821
10792
30477
21946
27144
38307
56540
59890
59402
59726
11553
41634
53542
48090
87758
33402
20713
50305
2530
90038
92086
95563
19516
95376
93145
47540
54247
73593
78844
24905
83430
44050
20959
51568
11156
48268
61261
33384
15918
12819
35738
52005
63407
25062
10193
60393
3162
37827
68316
30420
67382
42378
35221
2948
8926
22026
57194
55901
53686
18475
78889
74685
91047
3363
14508
62158
88095
96541
77541
97001
86409
73289
67572
72315
39589
76147
22346
6420
13683
47249
18560
84320
12131
53010
56357
2844
54533
21543
39820
79564
54320
77888
65638
73924
95906
1619
96035
6951
51420
51539
64300
70094
67052
22586
9444
83972
81790
87644
15209
13655
20695
50065
25606
63815
53422
27637
89371
60564
83189
47596
90392
37373
35451
72290
30241
76635
19370
34088
76755
13640
34854
25397
2823
38564
64271
17374
36907
4543
48044
5365
5937
7126
17089
36356
54019
64978
72936
73476
16744
36368
93381
74583
23310
44181
54918
25432
77988
77166
81622
93511
93368
60637
9064
66426
65800
48558
1332
98666
29143
17890
94832
71340
29907
49571
56524
60222
36015
33411
19332
5480
79142
94544
15930
2669
21520
24448
78989
79766
59103
15037
90320
80105
68773
7839
6417
21435
98120
84438
39459
84902
55285
88135
51810
52663
44763
81567
17356
43026
18547
64600
12931
86766
5247
69045
21266
96608
82015
96143
63575
31385
89771
26813
38251
38255
22841
93318
57687
72038
26846
79293
55308
77769
52966
77593
99377
13410
22180
92819
30490
46371
87048
22124
91208
7277
53227
82639
53134
24184
63989
58251
88174
11829
25467
37242
65732
32462
51625
95751
1001
70936
50532
27767
75662
89340
79848
47894
68567
9999
97062
85986
75684
79080
70979
14672
48403
36734
36420
49166
27478
14323
62987
45192
25314
67038
40680
75446
64201
27794
12320
69270
96029
76436
6583
36209
61061
30183
8605
94441
80858
51199
89481
54560
77592
70003
44944
66868
96041
91695
14529
56835
95762
83303
4405
42109
84031
222
2099
47119
59908
3100
90778
65973
39915
72499
65829
2223
16823
43424
70701
34572
66492
52616
91421
35268
70433
88994
20239
73493
64573
87668
83879
76822
60710
69975
36654
26965
80135
8201
68929
89046
8238
2576
24170
27984
96388
16711
19833
96702
36506
74774
56586
62576
52347
51780
33745
58189
12479
40830
86443
30052
20048
475
62440
82510
3723
87147
28296
10593
67226
52520
29566
39341
66688
72153
81374
42865
99001
19106
40656
48041
70598
59347
61299
79748
70840
75815
28323
42210
67767
54300
43753
72750
25352
60532
76579
781
8322
2408
75773
46992
14838
91553
12988
21079
59964
7503
72598
73503
19630
97835
65198
15581
21102
94250
60033
6147
66966
40451
21307
75176
74944
87945
72878
60815
94883
11901
82254
95006
82535
16491
71607
26591
77723
71126
28299
77516
16317
6897
56114
26320
59378
21523
88867
60140
54688
28118
18949
94460
95944
18222
39421
83053
8882
69455
2110
61545
26328
66649
76274
6149
24599
79521
84708
8955
62195
732
764
76405
83987
44315
9273
94149
93282
87022
15287
51311
71060
51446
3724
39145
73666
85033
37232
20744
42329
72259
67547
53957
786
58979
92803
43179
4892
46252
16509
31805
12659
84919
15243
44122
43535
82051
92561
8208
69102
95982
25819
64425
26324
5777
97757
65315
68993
48114
29616
30331
62006
83214
64978
58310
67601
14005
90963
63515
46053
21337
71627
37077
97450
68475
98721
47867
85273
24864
26679
75666
90985
34601
5315
87075
19590
1044
39268
65109
12528
30951
54875
69163
23936
83935
85295
16978
82117
50207
77783
50820
14773
89625
94117
78788
35824
67538
24486
48853
60219
16811
75272
24559
37794
21912
51693
98126
41551
96030
78171
64967
71820
19249
37937
59364
97019
7185
56904
3173
64962
13255
22981
41952
92275
32626
86182
63752
16932
62165
60611
61502
54236
87353
7878
73039
22520
1467
38574
59234
94797
53061
36367
58120
48288
29316
76752
23674
25560
83489
50156
35774
75642
53179
89376
7586
40828
2065
76141
5034
51783
29791
35107
41344
11468
33288
79594
83586
69610
80049
55206
84714
63778
74214
53664
63450
45881
88275
93843
69476
11018
25332
51930
10003
90761
68150
22442
47929
56149
54004
72396
3290
82381
60098
77068
13368
10017
87544
22249
20105
21471
80924
12096
5657
89980
21043
88420
8644
53438
57781
16236
82913
60410
41967
93040
71096
80027
15433
25069
95524
26851
88181
85896
56225
47446
6341
64676
14898
47985
41055
63696
9161
56252
68844
75679
75632
66598
53419
3777
6317
4762
8776
58401
70731
58117
76176
29863
31126
68016
78152
37995
23376
42641
37936
17417
47740
9036
16805
27115
45360
88575
48637
43690
25266
98429
82934
67999
6359
12272
74912
42253
50262
61776
87121
46616
41281
45420
62903
45443
89337
16702
21351
39244
29450
74449
18154
24892
23623
50500
94152
13097
91067
85647
47611
18625
36032
76338
35062
81051
28055
97165
49601
7905
30046
88314
82490
72363
44916
59809
56191
73784
73540
88900
37285
21719
42289
3531
88542
26855
95743
44963
25238
69578
93164
29673
82686
72099
92731
84700
39071
93837
15013
40266
88186
93266
8108
96480
40844
29255
48847
44702
60895
73112
6822
46590
9698
53868
50418
66056
73578
68760
39384
97632
50182
68362
92589
1922
71723
56224
11317
95109
34842
37647
28687
86405
2439
8174
38005
24246
93615
66715
42902
3121
35054
11410
48364
9285
81391
2006
43212
16246
6904
5141
30754
38010
72507
56062
1897
57970
5843
27848
93326
69407
63134
31111
29971
65331
77825
91186
57359
10524
91570
21696
39151
83961
45505
94031
61139
86463
40778
49792
51500
91871
10985
39397
57383
94652
85561
98820
91571
22640
15041
81531
9075
23486
47463
75982
17161
70978
68181
45881
26418
68382
75993
97084
42488
28646
42451
49629
79818
8315
88685
52679
14087
38663
94541
97909
33257
14054
40446
93280
75860
1765
55719
32327
82537
20522
67580
42636
33436
43072
39702
65362
83230
51708
64854
1786
43547
60012
90861
74178
89729
93330
80002
31016
54496
35719
13702
39296
64221
18064
37510
57174
95945
22599
4682
41789
19530
70991
5118
2757
56390
23557
88849
62762
59605
4086
95295
92002
40587
11530
51843
61958
41270
63547
36261
91257
26962
58090
53642
2221
68502
58777
46317
62730
40824
38057
35431
17088
32640
9869
66016
41899
7358
40794
44826
93319
75275
96713
29455
60917
65300
88038
4195
99132
52994
6051
97985
58970
14811
58969
3778
88805
40434
93741
80169
26775
25446
92680
12174
19645
89395
72388
65422
79524
38447
45018
26993
96145
4523
8881
12014
40637
25802
64625
42548
14635
67980
49894
37216
72160
82505
36292
33880
21035
74561
32925
4861
45346
11418
15281
25291
78517
85815
93712
80516
42002
30623
51122
44586
36257
7517
35142
43412
94735
37349
38545
36389
9013
82029
11178
34977
2899
99074
91157
95432
68301
91837
43619
53519
52352
63921
32721
6906
76315
90843
24601
73366
16660
34115
68613
16126
73060
27178
2893
10007
11315
51930
66770
9152
78294
98969
8857
5239
76389
75982
8727
48869
77048
93251
3923
80608
41909
71700
95192
88895
58833
97657
24424
44268
15430
83961
76075
13022
20796
90535
72886
13425
42927
83014
92940
98126
75291
11037
58142
38472
21945
95966
10485
23824
84639
8972
57795
947
29261
98414
35333
30384
69767
34340
45498
5699
74979
46236
96056
18773
7890
4429
28352
45266
57407
17930
81232
54531
56287
64776
7204
67702
73153
74858
99011
52401
78774
91100
87069
87594
28170
11647
59319
58476
87980
51806
48860
14163
43758
13881
91648
60532
74453
73069
7648
86375
56316
14418
43684
22403
78075
38171
86059
55784
13246
23108
19325
63064
62667
83778
27854
87899
91678
9148
45916
53495
20576
60938
97032
7858
74086
31383
84093
18825
84570
43935
90698
10391
46118
41096
83087
56716
87586
68322
9529
34086
88861
34061
29683
29925
70435
13859
37111
89514
23776
93514
73350
29361
12067
97794
22911
25802
75391
35054
11810
82166
29912
11205
99914
87271
78317
56138
43629
39947
54937
12358
59550
74994
82586
88830
99979
1175
98471
41704
90886
53206
68764
71139
53135
28117
34285
26584
64543
67196
76501
22107
80538
96732
34558
88281
11667
43155
36083
25889
33671
64703
65215
94827
31523
36209
9031
47483
4370
30807
47827
61569
74099
81089
92306
91496
76323
79329
19617
69919
6171
89900
92526
54300
92390
83856
36535
89256
58748
9752
49098
13428
15541
8393
18802
32793
90292
48549
80184
6793
95816
28677
38095
32702
4653
89218
91126
3791
53416
77752
6499
85469
98453
55444
1489
73063
26797
50382
2597
33115
28520
16252
69055
8104
63891
17581
17530
72
85143
98541
23767
14955
6984
60628
33369
11823
67138
10266
42315
29471
57210
17303
78185
90860
83042
49195
96979
92867
15532
77156
93794
66321
18128
37161
33406
5839
80574
57239
87703
4709
53943
51376
54874
97712
65896
63785
68780
87182
79014
3682
19094
52638
5266
97115
34753
7955
15188
71101
66729
28766
72260
39270
27069
47767
19498
54717
20055
64349
23086
44058
84736
90617
25758
79402
12304
81620
33929
2856
31039
27752
99539
90932
1097
91149
68252
82142
87932
21490
56417
50122
78664
57878
8178
91331
73683
52323
96144
38359
96696
55474
31896
18054
44536
53431
53049
41087
29544
55126
44579
43076
70400
75196
68208
75003
27219
15859
50056
69360
17968
25438
14906
68397
94481
5434
8605
22427
57944
97117
8620
80435
87222
77650
94009
88369
8939
45389
30962
7334
24962
11952
59500
14302
53488
94125
93908
93709
23414
12162
44215
62951
99404
6490
61777
51576
7990
43350
34159
98536
23871
49491
47342
42435
660
38054
20191
42913
14774
84967
56042
40464
61077
40911
35878
4273
18635
20569
46774
26350
38809
17429
83252
14099
17565
80372
41795
9989
46587
69103
31375
71537
58324
77346
76134
78772
10944
30953
21598
60442
92139
18115
1790
55822
57471
17658
60794
96088
8364
50044
20334
51981
8438
66984
13824
19269
96112
40822
76048
72252
18044
11612
47396
16566
3847
25974
69621
67099
32551
46437
29229
28821
34779
93051
69419
94845
34920
13655
17107
74823
14383
92490
27148
47727
78043
789
39233
3009
42513
28672
82836
17014
55612
27400
76598
66506
95787
48030
1028
46234
25451
43173
7072
89279
80964
23229
67792
3881
19050
83659
51494
27043
8946
56709
76003
96435
7518
49777
92585
70191
14895
24488
83184
55436
65665
21932
66516
65317
78764
57299
13886
15615
16850
2747
47569
39223
94803
79829
36319
57050
20824
72393
31639
80396
69631
13870
34629
15094
46558
66018
91185
62699
77617
72235
17159
71711
15172
59581
23824
85461
91833
8210
68859
46021
80228
9598
29314
68183
88628
57143
28326
97085
60308
69641
38446
12982
5969
55618
4950
10810
60938
92944
82987
65646
57454
20929
53618
38028
40413
30912
67857
1842
6907
89393
86675
84644
92701
34792
89622
77093
31671
40434
65848
14171
23159
35344
74320
24141
89462
63193
36463
31301
28218
62578
68532
24979
39699
45873
87459
57794
22937
95844
59501
27921
13401
25385
80674
50435
40905
95339
35991
55992
55839
52150
20839
7073
74380
3117
77010
64664
33547
34294
85338
17376
35177
45459
24427
90044
91666
34111
48403
89243
83703
40769
68348
99411
41789
81205
5707
79703
27620
74649
90013
66422
21040
26156
27775
20630
22336
39227
64096
28718
81687
17902
86669
51541
72942
75209
2894
8443
7345
22097
60948
21632
30423
74650
10611
33613
29585
3988
91477
69348
22011
56291
44794
24678
49913
65396
17326
66024
26187
20807
93005
95135
34238
64761
39828
14447
8466
81391
24413
69682
18451
96309
45186
90736
88392
99599
13416
24095
68444
70633
75296
67280
59430
24981
79112
22191
76431
85983
9780
98885
63002
50606
15436
8060
45452
44243
78345
82168
10785
49
79054
83111
25488
37967
66315
88284
13751
3350
59560
22955
9593
87001
60828
9552
57973
98281
21502
70405
56640
63969
98562
34817
7940
41338
52628
56073
70683
28529
97244
21097
73536
25263
76621
41001
52573
73056
52844
46345
49903
67823
65454
68236
17156
16244
18404
13705
38385
61639
84671
6125
91030
75169
47806
80207
78355
86111
52321
71328
78934
93314
77783
69877
5620
96050
60335
59543
30782
42759
21964
13439
84382
54475
82745
30623
56940
24653
30689
3055
86217
72250
66744
54406
90869
75982
59522
95405
7092
14420
60977
35645
20767
32286
59137
13818
47185
75976
42919
7011
77212
3212
76437
12546
61319
28784
32186
35518
15473
88885
27766
74961
3779
36382
87767
43538
97127
4702
17313
80040
13538
44132
5009
49450
23859
18008
90405
93510
97414
58141
10259
65846
95481
60227
47057
35280
92870
90138
86870
45587
46738
77738
85888
47564
11815
44608
4160
34523
11785
82137
4340
95574
92747
77914
89378
62798
17050
84139
92731
64547
61090
39275
21895
2716
65545
64486
87889
43095
60556
12289
30112
17455
95312
63048
93073
42933
40453
13999
26171
46502
6187
36007
71292
22189
13833
9950
40966
11388
7002
6404
88633
2791
38607
42002
86075
60494
98621
73876
40179
38361
22136
16244
94090
56671
53132
79633
25558
99726
25316
5340
8855
85236
80518
66374
62711
22870
80066
65932
38491
74728
789
77086
20403
59832
27714
71908
55256
57377
74358
9105
52463
10502
92827
3148
62745
62922
67223
24497
6070
95424
78973
3585
48148
30616
90108
40881
26461
3823
70571
77204
60214
8858
62369
33482
77703
50992
96172
62648
15589
43886
8996
68984
77977
16613
73859
5255
86354
61729
22814
57777
39224
16774
58997
92625
64491
94386
70565
44018
99245
47198
88138
13030
79463
27109
71152
40568
69887
27907
24707
70378
62592
28760
55887
42666
59164
79258
16878
80005
80253
64645
61372
39972
45092
94192
67479
85630
91559
61770
5181
30920
5399
45257
53337
61799
77647
84811
45458
35271
8614
11891
70297
90259
4678
22945
77773
79507
64924
29702
19809
45492
85417
5404
14337
17034
10238
56355
86030
78612
28146
63734
33266
9493
12615
17881
1884
95440
35415
41071
93915
8614
72622
46498
7312
57345
67335
46527
8228
5164
78673
53892
32096
19998
1812
12985
69756
19486
25076
24474
12650
70956
31702
39356
84925
29162
81842
32578
24059
72481
80240
90859
78127
8693
20076
98791
35292
31168
85385
2205
26961
82238
58722
898
3959
80650
15457
78496
90204
87088
73944
7028
64017
90401
42492
80072
88369
69227
63088
2169
26766
27471
58907
88016
65016
58149
33126
95861
29404
79773
2974
48887
28356
69701
46600
51124
22576
32345
1556
61844
42467
87932
21512
99640
79325
25053
81111
75302
26355
63646
64414
33510
63414
54511
1993
24141
1506
66504
29743
56051
26457
80942
63701
26425
20504
43218
16135
75548
67298
75871
9092
8766
9442
60659
51146
98827
65923
46529
4462
17375
7579
66141
20825
46428
36871
41237
99616
42939
48312
47376
66568
228
75961
23262
14353
57677
87641
34397
11568
51435
78624
46317
45226
43574
4764
84648
16219
62836
91285
99965
15229
17591
14167
63270
20480
23642
17107
97545
79059
26208
9492
14314
73296
70308
84893
4966
99210
99557
57331
7023
65593
71499
88839
24544
8950
43825
81522
28975
75211
67809
68343
49898
35200
84245
43341
93113
98343
61669
70333
34049
57168
41989
48500
62630
77513
17833
36697
71975
41088
12556
78140
23587
78593
66808
61237
36813
28694
32152
15862
29911
33023
26357
43289
29363
40557
45210
9817
42376
18048
26779
33374
28612
21928
76191
89565
28359
83306
53240
47059
25697
19036
97411
4790
69532
2640
71952
32731
72351
51307
22299
50009
94643
57619
84523
60524
10723
70273
84966
80231
68605
59730
93204
48615
91840
59940
35522
67428
55674
99879
37257
68657
35978
85493
41933
79975
3127
79049
77153
96761
54195
82473
80547
61460
7482
94982
15361
98767
62683
75490
31157
85698
23111
91657
4544
8149
21492
92697
34909
71451
50396
14296
45788
44242
11542
61466
58336
53864
79875
68977
16869
87757
72066
13726
75401
84667
862
78617
46100
61415
97113
88305
97346
98873
15771
37037
4293
4738
10141
50592
14407
77829
25725
2373
18105
29045
38897
90996
41997
43637
92619
39833
5537
40142
66810
55306
56771
74892
2396
44964
47717
39216
72148
92203
5972
63521
76088
94851
66744
15070
25872
72719
64492
28999
92695
36351
73884
21022
72309
85887
94104
66004
48638
73465
53361
5574
93606
19730
23758
18574
15211
42201
47716
23147
11489
57584
97438
79314
54407
10785
23710
71353
31517
89681
18851
62658
53192
36243
77807
32706
54527
38338
28880
75126
95296
96940
51449
47825
15183
44210
11668
17384
93900
82316
34752
620
79928
60547
68826
29774
99037
40215
39344
86865
25663
79450
94704
56156
80442
35864
81645
53647
97122
96615
9245
69978
97661
43016
46603
38175
14278
18485
53499
42321
51203
81931
13268
8829
45906
66209
53808
894
71900
45221
74371
62516
32657
98606
23162
88095
41613
24048
5243
13415
59338
23420
60048
25803
90416
71955
46399
18735
71402
3188
7202
41189
4522
83044
74300
14545
46546
29595
83980
67352
45890
89866
75211
6797
78592
39790
10857
11393
30719
80805
38339
14704
4882
52855
5724
98290
48307
21738
47241
34560
27320
516
94310
75450
64149
71393
94970
57849
74416
17630
71751
84544
58353
92849
23041
45769
28732
84402
35071
47971
87704
96828
65859
13931
28362
2499
60171
12462
32507
14220
14323
90464
49939
10198
49628
71538
47943
23940
51039
26720
70842
29325
64424
88160
14570
84425
31499
30426
46577
37473
47509
75921
28782
8657
19422
2992
90910
18947
13179
61831
34644
7804
31327
80518
47807
83175
91638
77849
76660
37890
80464
52378
8274
8421
70879
7965
672
21367
11123
21927
66873
76848
15603
27467
40824
11218
75776
55438
57924
14619
80932
92898
35012
77894
41538
21803
46276
57603
77684
26336
90494
88370
57313
72919
51544
17157
24181
33396
12585
89612
73177
66554
90909
61620
28183
63033
20241
61431
98492
92212
79571
4540
235
33052
4277
39144
6362
74763
18033
72692
68460
67052
35521
8808
42634
14894
7500
43227
75895
54158
55327
76672
36870
35168
74923
79307
24722
86889
11374
47111
58276
3083
11905
6605
80472
53993
58999
7290
51549
27470
32405
60297
91333
22703
34470
95295
75858
30269
44913
5363
99138
86233
31323
46769
73750
17837
63953
63260
26321
14659
24722
40026
58629
20138
61684
79708
16652
71592
18168
60113
56222
21445
62777
44911
23339
43185
94703
23733
22341
11792
94172
40929
61957
57976
13714
57910
85172
61168
12690
46730
62148
78861
39879
70302
56569
16065
27716
68444
64601
26304
3411
22876
12440
79640
47453
8872
67161
62778
57989
88606
31660
11548
5720
8882
48580
38095
17812
44447
25978
10912
70138
41026
71219
81342
75865
4613
78722
77967
25481
16187
68934
177
60626
27972
98401
36399
70990
77095
26170
74524
26103
17286
52595
96716
19045
81991
69001
90755
94762
1111
43994
80639
21868
22905
33286
93242
15654
21073
16166
42341
12740
14898
59104
65526
86506
60801
8935
60150
85075
23941
94484
62840
48510
63565
26728
16974
29025
81152
20320
3162
98207
961
43455
79550
91789
11867
75252
74820
26316
23878
46606
29912
79626
58053
58375
31362
69793
87527
90132
75532
79067
66604
9535
66536
83848
15407
88739
98301
46474
82677
40028
43329
1628
49106
79228
59683
17526
13503
50441
462
66936
86334
14572
28439
34056
2297
70282
82176
37334
23119
69568
60299
65639
31421
92109
20215
78807
82287
92403
79802
37454
38477
7796
35961
89540
23739
56173
21997
82134
10202
95478
26416
71632
68213
29796
5410
4772
35137
83369
53229
39928
15780
12093
11126
69715
2243
55943
57624
31153
80910
16320
91726
74631
67865
25279
1546
85239
36317
57181
59479
98081
50033
61155
29764
60267
26028
34064
31162
52042
53747
93683
18707
553
13348
56517
84283
15413
54621
25675
5794
35973
80796
85952
45579
89407
26522
86882
28993
11960
60990
61937
34818
68121
2450
4703
33977
12920
2580
11167
97614
68102
64041
86566
12447
27526
84915
25073
50238
87289
89686
7573
99807
35830
45502
82615
3969
49302
10269
91078
69132
4487
12829
52524
57696
37915
90321
98644
49401
58967
71556
43696
81660
59210
45653
52136
56919
30714
56906
82583
31407
85553
10322
22997
3689
63156
95582
54493
15830
39835
92298
88822
18980
64041
72687
98133
74310
31792
58797
59419
9524
21229
82689
79594
42264
98543
73742
14157
43762
95802
26764
69681
94680
29806
34757
25562
12471
25791
75911
57349
97716
97579
50077
49034
22927
81761
58369
24813
38058
78661
37225
8028
89861
71821
27204
65820
83533
26778
8212
73705
48931
20256
70709
8145
54910
14518
48051
24316
52698
62116
98349
89120
54744
15165
4539
8643
76168
94059
63100
90126
68358
92465
26292
67498
80586
48204
85317
22675
10898
91668
52511
34550
72245
95271
73239
55702
38967
64134
33400
6441
18007
22531
90001
8855
11694
17554
87744
79461
43018
84745
40519
12228
26765
67904
70300
70056
228
54653
97790
45433
80376
83146
31955
35961
84221
35413
44509
40615
43654
88896
98416
81231
38592
8616
26461
60173
47637
97065
35185
51744
23917
26871
45921
13838
21818
28035
68938
85131
73232
83152
41817
10485
56929
16886
5045
3135
98496
53909
53727
79690
17277
29281
20289
9332
88995
29919
26377
28026
45373
91479
98567
99697
91761
61075
5968
89831
38133
69398
86354
17152
6207
31282
99230
33122
21770
1451
94215
33607
49436
70068
73383
74919
19152
82961
23080
32522
39988
86482
10175
38132
86897
80107
83607
98129
51225
42156
73600
651
45981
28596
89189
99766
42489
35718
32435
77634
74203
77139
92350
83268
39350
25470
80797
77480
82325
59812
65358
22381
55503
35736
52894
63257
80075
56912
57254
92487
69129
23293
67581
43546
35624
1627
47960
23789
78481
71502
64680
8498
50861
23029
99118
49442
5317
98054
80260
83565
11030
67608
69341
95337
10947
72152
52980
11089
18991
43669
86916
2281
75259
49185
33661
36353
40895
89972
40969
67009
16940
93480
23346
41824
40289
70107
12920
38708
65508
15453
65446
2033
39300
42897
39439
74142
42193
9240
40039
45126
75578
63934
87749
32280
93262
51976
1859
3736
52099
42073
89245
96020
59523
3618
84922
94841
25617
81657
49243
77639
43526
21745
97519
86988
91017
25097
42456
45869
19684
19718
37014
32932
96116
80275
33095
48205
29650
18875
51444
39148
37600
91935
71673
58045
813
24643
13338
18062
86114
37313
30360
11195
46452
95692
45001
90994
83699
2549
32083
72458
55363
24085
72000
37475
21466
36469
68455
28364
23760
90723
12324
81577
27693
99460
93477
40474
57912
50796
73997
92233
5505
37404
51309
26868
69214
27621
1573
25724
40334
30557
12573
19547
83741
22379
17057
91551
63525
2059
85538
30296
47821
49018
935
4983
55585
74838
71610
89058
30445
26456
36134
66502
11869
35650
12496
91869
97521
11815
27238
35310
40498
53052
85301
93473
51077
23863
67954
95880
58749
11442
56886
17699
2263
91493
78890
27081
79739
69278
6878
7030
39898
75638
48510
17304
79335
7829
38538
44628
76691
94708
87674
66251
34669
7583
6586
21580
58352
39441
49522
86567
57110
86014
95255
629
12499
8230
83269
98633
21851
75533
96153
75509
12612
18659
87246
22175
44183
21727
75320
61698
4733
15400
86061
98146
70924
25875
5923
91300
91285
91014
99866
36884
17200
67175
36970
74810
43112
63163
32312
2277
67798
866
72917
39225
76759
39013
34483
70133
36461
22949
53345
6652
81251
21708
58142
69409
62510
74101
81427
63926
91589
33926
17997
17313
66533
24876
12151
40349
83235
28831
54819
28904
79483
97241
31905
13734
64057
26201
60903
19351
21313
92458
17488
79752
4854
58526
68305
94803
74636
69238
890
31149
72476
83383
84070
92984
8850
16027
53168
2443
95202
6359
12202
39050
83498
23741
20774
89915
57238
44008
67588
39913
98891
79514
64440
22183
18220
27619
8497
35003
31155
64008
1543
28103
19962
24546
29931
72013
65931
20827
56112
99966
22667
95929
4618
26570
56942
48917
31195
6992
35914
77862
14923
51938
25206
25991
19068
91192
91878
83957
32187
3487
75660
65626
94066
38696
21454
20469
32453
31421
95130
21747
23280
67480
75526
73957
79888
46791
77925
64919
1201
1989
75757
16348
23715
89773
82342
26967
65944
38645
33951
69927
61351
84100
26470
10266
97489
82059
45148
20911
26445
90963
25591
78721
89690
86674
20116
14954
47278
72402
756
23887
3328
41120
62309
88240
91909
12433
59811
5928
87769
11299
94906
37628
51197
58121
80409
1632
70277
36364
15204
39145
1526
26818
11300
3795
82478
19769
77229
22048
62140
77027
91767
63973
68116
25681
82118
2454
92077
10407
38094
76703
6905
27624
84460
67695
22941
77085
32409
13099
56061
56913
60053
21579
364
70741
70455
63262
16699
19214
85472
9945
75009
18233
15104
21203
45390
92132
50956
58508
23341
34932
80259
82170
33456
51624
5447
86092
35656
40814
77530
97135
63832
50296
63234
90451
80161
14594
94610
85598
67710
36046
49526
58365
29013
50121
42696
29815
85661
53757
4242
48392
97387
77311
30913
55444
43908
64703
47351
34869
73690
49014
81938
84929
28867
43279
42218
10993
7154
47866
1492
59444
59083
98440
60346
9572
15968
81633
25478
29593
83269
44795
54130
53202
68625
95716
53023
62527
52586
25685
11253
93706
9927
37201
60332
71790
62261
8616
4337
21097
28758
45696
63980
57262
78337
42862
82923
71870
84385
37985
89814
74667
18060
2962
51059
57388
24197
86200
95573
75691
78805
2015
59528
75950
27163
73875
90269
39342
68171
47420
99038
61836
79176
48663
35656
99562
2696
74421
43114
41783
2814
48265
36255
836
64383
55437
79713
14251
4886
31840
37439
36687
15064
88814
32837
87743
42472
47059
38484
79708
22480
8765
48915
21624
86243
60168
27097
81141
85248
49814
2673
2302
80920
67862
99243
39550
21186
76151
15502
11813
68771
28075
36674
43783
88342
88477
84102
11331
10220
77914
24389
8166
50404
1448
48405
62728
43538
20224
18592
56714
15044
16621
24418
76282
53488
18414
52517
29767
37040
27773
18616
95696
9166
36147
41041
49112
65947
33540
58156
19578
69266
17886
5002
74761
49631
4583
17841
50814
73607
22592
70928
20451
8398
52051
38592
25589
93348
13709
60736
6733
6574
31897
27843
78672
92630
75380
53727
26749
18826
88095
76304
63589
78289
93240
92047
16079
39779
89461
11306
96913
20173
42448
24879
76131
43000
97591
15545
38102
6152
69499
68374
71005
87545
71440
2857
78251
4604
1279
2390
84835
14429
70797
91285
41988
62994
41615
34071
2855
85768
22564
4893
73294
91874
21681
42708
32891
86989
38250
2891
62872
33890
65720
22860
50481
12735
70041
32192
73486
62438
27535
35016
4984
61603
63252
65468
1893
48116
74591
57363
51350
90050
46219
22676
43916
99595
56465
55535
82284
8617
11839
95406
48444
51993
39361
90854
2045
45661
17177
6345
37983
20488
61008
93709
32394
62126
73647
79270
45797
44884
21002
54925
32754
92346
10566
81912
43781
66298
45092
947
14461
90305
2721
50231
44095
28443
86534
13138
79443
46195
94310
71499
7166
54887
69370
48297
27671
6636
28057
71426
29727
55307
36860
52232
87609
67692
29243
75262
27876
38473
99098
78707
26825
2366
91058
93161
40652
92066
30555
85787
2384
70007
70288
17100
56881
58192
11876
98097
70075
53326
51479
76683
63704
27264
46396
27967
64618
45610
94872
4931
21519
71391
2839
19716
1426
76733
48482
22071
30153
79181
56698
31600
9666
91372
11966
36440
11386
24527
13784
5880
42334
90642
81722
85507
46478
95607
1776
62286
71367
54293
90924
84004
39129
28156
78484
13481
4997
73631
17480
44303
33101
60554
18396
78682
65639
86138
13384
66050
31630
39217
96150
72377
86136
6543
81596
13836
53321
33564
53638
56301
83754
69288
42679
80627
32535
33121
47063
57589
74413
45231
65236
59938
42095
9253
96403
64168
39143
76550
52634
52144
50117
83355
75764
38061
9001
42022
11726
54506
88574
52809
66192
66181
35690
95554
72269
39209
84546
5347
91056
7642
11938
97572
74570
51371
5674
21472
11645
62826
40150
39735
43029
10775
69452
95394
77625
23455
89961
61361
37711
16075
95959
41554
59581
16421
26890
97169
30953
31593
36413
21278
49916
97493
24874
46878
33105
80713
30899
7947
79119
88699
25733
30946
20623
82268
9969
57706
80116
33967
60492
87511
28223
40059
36518
53189
28740
30789
87330
26512
33595
49315
37523
42364
18004
8104
24656
47895
68774
22098
29736
17022
8721
82731
1885
11050
37411
19871
50587
45128
99784
47423
38921
16359
44100
17814
26426
66889
85481
73427
41733
29307
39987
18468
40967
33709
10087
5087
69179
35818
71491
45382
5604
30397
73548
2066
30066
51068
26365
10653
94381
67274
32826
11095
77076
52813
33489
91136
42726
44255
42470
68533
94653
14537
21968
14752
48103
84380
37276
16268
92924
47497
23011
81426
55902
97310
46198
70842
63090
56008
77366
30446
84008
62408
399
21830
58636
57211
90680
7737
37150
25380
38755
60118
5288
8189
77817
27080
45976
73962
26917
4413
48382
83939
82350
27114
64587
59409
55630
25518
87909
42930
39899
74951
89868
74593
39573
81920
56080
53430
36527
19422
7739
61718
35854
73383
62524
79082
29234
29297
54726
2783
31512
9285
71669
91128
57134
7737
69048
75081
10207
91968
56960
13976
50836
51692
49599
30902
11159
80105
57239
1478
11866
46095
32214
25052
8868
44980
23255
68574
90251
42895
15013
16074
29491
5466
21049
69960
63093
64286
94746
14194
93032
85655
20387
62364
40171
88193
14171
94302
45152
20914
77648
91964
32070
17170
87531
83883
18936
38132
15742
88134
96510
6171
49911
97176
91214
71798
3661
14070
48018
30735
27917
90774
68636
86977
82044
38510
33020
1771
59191
43915
74309
54740
67204
25438
35233
7059
46804
51069
1392
15668
62859
99192
71800
43650
97743
26051
36062
12646
60124
97413
31597
62203
19285
63654
40321
73535
91981
72802
51500
45990
72745
45631
56728
95388
61719
56431
18641
98229
61390
36960
51391
5418
10737
40096
33792
74514
1929
73016
52867
88247
58416
31152
61881
8478
70070
18197
15870
75865
78057
33795
36604
73185
35498
3093
36192
57588
79699
87666
38352
72887
87321
39081
57724
85107
52079
22042
44300
2156
72928
5368
73572
32231
70776
57908
91543
75392
54360
83616
32112
30631
95477
15573
28915
68082
97922
4439
68961
89843
16718
16285
17079
16888
91117
47085
80231
89884
40956
91175
37806
7263
94406
43285
5442
48634
69417
45203
50367
41531
5822
94406
82914
6471
33011
47065
34443
40201
6824
52538
57644
98111
5076
29359
71870
9754
86462
55552
51497
48004
91232
24843
26373
72039
57303
44368
55503
93500
68038
55265
49176
31132
50307
91833
74678
87422
25038
15157
56160
96622
35900
50211
50807
4446
63402
75168
63394
12055
54597
17255
77704
4830
65204
16759
86539
36958
13761
14191
66782
60899
42471
97743
22330
31702
24657
88278
83348
32159
9636
42454
83479
24303
25129
96622
14227
58224
19198
9454
61244
62295
21439
21383
68916
97062
34964
46763
96318
35091
91757
526
99287
99450
50404
65192
6597
96332
60428
4646
79793
75155
51313
43628
39833
2726
48870
19876
49221
19742
51328
67455
9649
95936
35469
657
32526
52991
1080
54016
19857
94736
17861
60509
51294
26610
38951
20435
69865
16697
77441
10041
82035
12783
52934
6886
18771
45416
20526
27795
9958
53326
77529
2239
91521
94940
21852
46453
47523
59206
62840
73948
17366
57788
25470
39787
10559
27383
6316
47327
29895
79726
78028
10803
94092
75210
8490
80246
81893
51285
63721
82
78393
33746
42793
48898
37787
711
63806
11815
75313
18366
72957
84092
67249
31601
53858
11619
10075
28913
31185
77480
25287
34425
7041
66028
43017
42682
8936
64969
13622
67054
60010
16111
17852
32877
2340
81422
19407
53581
63918
12665
79780
84493
26441
41073
76106
1402
62044
13965
95899
59115
50982
53093
64030
27998
4052
86352
94316
84889
51256
37239
44478
20733
34073
22678
33021
59937
17439
28092
87646
60682
4924
90884
20735
17704
32291
4428
56939
95375
79652
85469
865
47474
53431
87469
9573
67656
92589
41503
51625
34965
60443
83791
98585
99687
80352
48863
15560
75520
53237
69281
6883
8080
76959
39414
29826
65273
98110
26401
22592
82882
22636
69535
55191
49449
21304
78827
32847
48268
72022
9698
58423
15118
19854
98452
57757
53255
40977
63028
43229
73045
70144
39194
82450
58028
66426
10335
48678
15193
95193
33005
38000
53668
19266
38897
3102
4594
78854
54847
99251
96611
6871
1250
7804
63954
33472
13020
10906
2993
30711
89846
95661
79701
44692
47594
91218
48779
40093
77081
83556
18264
35870
41067
88392
34968
45274
77190
21936
85582
78142
33847
53302
60700
1748
36664
2611
801
96807
47846
45206
91872
67097
8739
84599
98860
89248
63374
5641
19331
50798
16234
30955
16686
57819
67049
62662
69732
19166
9533
41632
96220
62567
62520
81970
38556
87467
26219
28504
27636
64589
49129
24039
57216
34321
22707
2082
69609
61196
31277
65037
58983
6240
5160
57648
22212
45056
72561
97958
38136
92747
94191
24771
50919
98503
37667
21112
91269
27589
55548
43869
46883
77782
2352
56815
3930
7965
13465
39549
59071
35996
25519
31241
33711
40528
16132
47247
62523
99357
95226
83849
86339
26287
76140
30884
15828
94361
13028
7692
5519
45908
87341
74000
96793
35226
35639
20683
80474
81938
21599
2312
29472
95594
34105
32210
3572
23369
2549
78733
35540
72062
81382
97204
49060
64574
81283
34040
83935
14580
42510
84694
66470
65834
63890
34825
16231
12120
78982
88551
42084
98345
63952
36058
89381
77056
86296
1811
66184
71198
87571
75021
19948
66599
77523
33359
37982
17019
75215
75502
676
27249
90591
3685
93991
42003
2804
77469
83911
10269
10177
12608
63839
2815
26738
54192
89511
47258
70364
99973
31378
90903
54355
30702
68493
4542
48896
69946
42709
37451
37472
35028
87997
26132
13696
54688
38308
19385
31461
67262
9336
13597
2362
92099
33429
63669
65644
60886
82984
52239
86883
7608
98540
55561
74195
52879
87807
97156
39313
51849
25030
51945
88359
45648
57463
65232
87465
89953
60384
5268
31818
36498
29992
26594
78896
85983
60553
37994
23781
98659
22723
96427
92021
94166
87044
38798
1284
54732
75205
23078
20951
42512
23994
17604
98512
47188
12939
79551
45080
34694
43834
27061
45512
36677
33606
22053
22146
80954
65627
47011
57619
78283
56851
63845
65696
46771
6083
65860
15819
29887
7988
3847
28907
60429
33288
10840
30852
99132
43198
18050
2123
12255
18812
61456
11460
67608
8221
61654
71719
43181
81290
99505
28919
38543
92296
14662
65258
41377
71140
12979
82639
84536
96407
59824
91985
42537
68721
62476
70114
52759
31210
57710
10732
53477
204
47516
83650
1192
76315
10277
99653
85205
87495
52434
73096
76006
67369
15196
18428
60043
29587
59873
79959
33777
86777
51051
16920
64731
74099
85437
65771
72514
36777
24798
27357
1135
15468
47036
56148
51010
21701
50000
99286
54738
73219
3473
35048
60932
36990
89304
49713
27889
9989
71039
82951
90759
24392
27335
61403
31757
7958
51196
55048
74514
50464
55932
23538
80965
28434
37773
97066
85332
41105
70478
56865
33198
42851
24237
83304
45963
74610
98705
94252
76227
97520
47537
69982
28354
21392
24558
48713
68015
22325
96303
67745
45191
68893
97581
88986
3771
29253
33334
19611
55506
76278
73962
92149
15570
81049
58128
9271
49257
75458
66705
28051
10856
62176
81547
12833
3517
67275
94777
89934
57411
68066
39358
6030
33157
8665
11625
92223
80992
50475
17216
59741
11942
44506
44
353
71333
80148
78482
97217
73990
11960
39585
85796
6482
23732
92230
29134
62921
73415
61865
85210
46442
29740
56591
74635
5098
7378
16855
21968
48671
35559
8537
66138
77526
77297
39791
45786
95260
16164
58659
97599
96089
15858
97284
2042
64509
25096
92376
65580
60261
15102
70770
3399
45461
51522
76778
306
47216
8605
88256
61951
30343
20057
35556
62231
3656
50616
1982
32065
15641
5149
21922
46007
57481
85380
87196
52059
84819
41200
21668
68299
13232
43446
55512
59240
1028
89360
58036
35027
45538
11382
11516
31671
31842
6592
71728
75686
15887
94072
79583
16183
92663
45853
28834
18536
15734
4154
32995
30741
42066
14081
26520
68160
69862
84146
61237
74603
77277
84780
89552
67854
74335
9958
24316
45604
56363
45082
37431
69001
12323
49849
64815
6663
92726
85414
57620
31348
21912
59366
78705
74189
63745
24
37922
83648
87985
90558
94024
8405
70242
19143
56597
27339
62472
22032
11392
18899
7280
73803
59355
98536
51631
21902
19511
44669
88528
51800
7610
10521
35220
72030
46541
23738
84618
69244
63070
48549
88373
76346
44392
97534
35167
47855
71164
64941
89084
89261
97981
64568
49220
24296
2945
70160
63994
65274
34864
19365
46243
37717
95753
91846
26332
91144
56264
31578
77328
27971
876
50370
42246
83244
60649
58281
72661
22431
29836
57036
55911
80543
9032
63360
79577
41804
63358
50378
43581
27882
97959
77049
80193
43211
71058
37130
581
32148
35345
63578
2067
5039
21842
28320
88679
91586
13124
81101
11002
81608
3505
93189
95796
18120
34190
72137
60567
70332
97239
23487
90975
86970
77357
20736
98691
85007
22428
95333
39020
50695
50263
85985
49015
46998
61382
10161
71065
55663
80496
82993
9816
18714
97954
7014
43993
78503
89586
48967
38393
80273
58258
77020
20145
38435
25123
24564
2679
7108
72233
25319
25052
31995
75974
45531
21935
90087
94858
84663
61786
48734
53221
46313
7910
65277
94994
38171
75187
84176
79290
55041
35098
53838
13528
88025
64042
67693
58294
59327
91849
70597
66317
37224
4228
98718
50171
53040
6371
97803
19707
50439
37409
2983
43230
28286
41141
65283
22677
74248
24877
41954
50674
31081
58188
3485
53257
93251
72420
96462
92379
6271
52693
64687
97667
92972
77361
45386
29183
64832
72464
48876
17909
37610
63117
53540
24798
5381
9353
42857
14376
36046
73441
58700
60432
75660
58358
594
8457
74235
17503
25466
36821
2842
65613
8907
21544
42479
27198
76476
56699
33722
75719
19334
72396
96365
88417
78287
2859
36009
53770
18965
85260
68142
83771
19295
6828
54837
43104
78141
28013
24519
87760
42734
46316
77703
98615
99334
22428
85213
43038
3222
53252
8916
72235
21214
64567
28574
31249
1845
45364
47183
3527
38249
58297
7271
37373
17960
75384
79330
84186
74561
15339
81180
68171
61977
61656
40856
50735
48515
95817
69362
86773
43962
8419
74719
94226
16033
58432
22872
36369
3797
63034
18163
54668
93984
97856
80728
29676
84388
91849
76597
88259
33668
75342
75658
71087
75825
93765
21651
63669
3756
12687
91533
74694
10762
10972
60708
11517
29998
79269
48912
87897
61912
97245
76606
81730
56923
27416
14407
34640
11087
15067
73176
36641
62315
32010
10102
67812
26441
41865
12900
58291
71184
18993
82655
1193
2760
92049
85850
23116
58542
53521
15644
46357
14788
90005
39898
34594
83740
60729
28977
65430
60258
40200
16360
90022
63504
30101
82595
74158
48226
15981
89507
62324
92
93633
38449
87234
76331
35883
98452
64409
61809
7841
84822
23830
63988
13066
63900
74612
72586
19312
71150
64567
8147
98622
39313
38153
63001
49239
98543
86874
86044
16665
12216
64872
11359
53517
989
40759
9950
82334
5646
88179
69458
82225
12818
4599
31654
48078
64172
65364
9579
5771
68187
13768
26260
38111
79519
13741
39186
41333
21822
16479
8887
84057
25602
54578
66860
70997
60936
82928
93099
45880
46850
62298
2629
672
62101
9122
43670
222
38239
94948
69868
52481
99381
70760
76715
32696
28731
39213
3204
24679
77173
45959
29693
218
66954
72795
39713
21502
9127
66854
56444
69379
35641
90024
6848
12952
15007
46680
88051
55429
55715
7404
42360
18753
23997
53712
76610
50981
90922
81423
58713
47848
94395
62169
20928
17989
1920
16221
30755
57570
79535
30516
75916
27212
90431
90096
52657
53080
35503
43532
31229
84841
19448
54723
95330
83602
16572
71609
41193
21578
89138
37984
72180
10271
55619
61113
2186
24851
12072
38658
40252
16648
14835
30455
13056
66760
21686
95046
27147
71999
37130
81345
24741
88951
26040
50805
76270
22696
16961
28475
47178
65031
71397
95422
16223
29409
65076
47701
63600
26582
94412
76201
5049
75501
65680
19391
23
84826
16849
57537
55638
6729
40265
88143
28164
70918
45152
99351
75517
44224
50825
29246
65363
94326
94886
60769
12409
32060
33204
71534
47948
8947
32523
46194
60487
10426
21076
2945
35941
49060
52108
24056
5046
58016
68974
13656
18972
34787
28325
89277
82597
5697
11363
6330
93990
35967
7240
38745
69451
97188
76897
68858
80535
70315
19338
13700
15649
9258
90397
64158
36386
89651
77218
54849
60530
60091
14865
25022
3942
72243
94041
90112
92219
74267
33583
90833
72357
56072
15618
99315
10898
36532
1189
54709
8650
25421
95576
72097
99246
12122
76240
34433
80508
97542
90137
21960
19551
27554
57011
3976
38733
50268
5751
79608
51955
15911
84913
47195
42211
36416
38812
27124
39651
29716
21465
10703
375
45560
22570
49242
505
3119
33195
28915
56146
36376
52863
74487
71549
44097
73786
23292
36763
76353
88634
57191
6068
57036
92184
85812
81415
73217
87036
20956
44774
10927
30275
56872
83030
70455
31775
835
13914
60024
24291
41331
5352
25446
38046
68123
81113
35799
73922
83138
33578
393
49445
66106
34077
79969
3085
49744
7694
28891
48531
67563
81087
47253
40097
6389
29357
36943
76482
66474
11432
4785
43581
4128
81948
47970
87548
70268
50910
1182
45999
64772
88458
3897
94488
13445
68190
95283
13196
54044
73172
17846
65581
66272
8761
75379
33332
18887
33558
16345
65156
33480
67213
94493
36423
80117
21756
93771
24225
92861
60018
75489
50316
95097
21636
92175
51582
65371
77676
13735
68635
81567
35796
88681
59489
46872
36875
9623
96625
15213
64007
21294
47035
27022
43958
17126
26566
77226
67069
27778
55409
43148
79067
17760
9302
4986
19399
42371
58849
59030
57963
14956
34241
16546
83290
49399
26323
88852
82231
344
58288
94590
82491
39609
47198
11083
54874
47064
64229
72253
53167
2111
9760
26575
27642
23417
31791
99859
66423
63249
60395
50733
79328
14469
91803
37004
29843
41367
51765
13315
72743
69607
94575
12620
31017
47795
30466
71271
90732
23065
61456
54554
27274
69801
37412
30881
32653
27355
57472
80573
12726
22828
47870
9395
88041
29915
82678
47651
91250
21229
50882
69136
32843
70153
46631
99320
93394
73742
72159
13928
17779
83036
66241
70540
84996
56835
17050
71761
56444
15885
58209
75678
48597
55996
67941
96501
40733
89668
10287
51302
69431
6866
68686
19177
26950
63174
59425
8940
941
39148
28699
3457
67053
23114
27746
28851
34815
13117
5255
18727
22066
45027
13906
74451
92010
91515
47037
53932
92222
81109
71799
14631
92360
86809
11574
49047
17592
35017
63813
79269
93642
56830
65715
82516
99382
43015
54315
93237
47976
95736
26974
50822
71078
58284
25278
96079
47144
94117
28186
6945
27777
64085
28086
19042
40772
45088
3036
91568
6613
81518
12480
56226
73140
68052
35529
35920
95922
31871
84183
59223
73026
46564
98331
6217
97633
23969
38035
70120
18335
66077
27462
67951
61033
14145
64875
5097
18631
44102
16758
6108
18727
19825
40366
82624
41025
97998
76111
13081
96847
34491
85866
80281
89366
10001
50990
94141
60525
85089
65059
54947
99435
89804
45190
80296
62686
44570
20684
36879
84399
68552
16620
26904
5655
63327
65959
69194
32297
99314
95821
39141
59181
14636
28128
44516
38005
58191
94572
85480
39322
64079
13978
599
10595
99310
12508
20618
8624
81269
35581
51296
67749
68909
5893
23469
10676
32058
31652
8369
22697
46419
97787
8428
80619
72701
43617
40703
20085
75918
6890
83255
37684
26052
6015
43831
77017
58032
88184
11610
21071
97552
46551
79369
88450
2763
6157
58108
51884
46640
90196
20029
76901
26081
62010
33196
41891
97826
18285
60683
55962
1839
48205
61121
3801
66093
54320
5306
65983
90153
19819
5894
18653
80116
67967
50917
33887
6417
46887
59252
44396
95140
89696
85312
94998
45065
55173
31655
77114
48950
4394
5441
27378
5587
94972
761
14519
51239
71546
66007
28824
61692
18183
86272
716
44300
10127
78967
55128
51974
80758
22643
1686
4664
13733
85607
67904
85791
70266
82963
27255
65760
12819
83994
10267
15005
73020
78746
81308
26119
72966
62044
90790
5134
8270
51320
59190
65523
24003
11647
38406
93544
37632
59148
68718
99360
72120
17806
66717
39667
22893
4644
62686
87074
33092
5177
51753
55038
55670
6064
27337
10940
33054
73151
5399
90851
25203
13208
2037
98856
73746
86721
37029
168
86464
23951
65063
20360
70618
63060
69640
15992
73875
88984
83169
36922
79929
64469
33384
5999
4337
13040
87478
12189
76000
15837
4236
39985
76467
7618
17823
10367
38840
69886
60410
86835
51361
9315
61220
95994
54445
30673
74506
76550
34170
35262
99291
99936
19246
94112
2668
30308
4231
97721
22053
8082
76004
70641
32051
48950
68341
87291
67986
30305
37603
39915
42596
21448
64249
20744
77903
54705
87113
46370
79988
12598
2057
8665
36960
34445
75923
78266
37196
13582
78305
6173
71587
60838
98801
61630
16459
43027
93683
15112
59201
60149
60861
40232
93851
95756
10676
39947
23023
55176
2189
59273
57509
16272
76941
2210
1236
55045
45529
57310
20598
79117
79580
79184
83126
65161
4555
67883
32201
91469
76372
59888
79454
39543
42396
24056
77049
45460
58435
51794
13118
54481
53494
34428
84105
77547
87146
149
67885
95125
70048
48502
39077
79046
33708
81593
48171
27796
72027
69388
96557
45246
50823
45747
63050
80875
13575
90318
42787
33456
32054
70012
3712
8812
49583
89386
56918
75074
93727
17518
88727
25096
16992
59445
43129
76565
7275
71659
29129
35633
96732
25008
56455
54457
65909
94645
69371
52348
9100
42986
99320
13643
27623
14669
58344
80257
31202
61654
63398
19890
61553
41732
92939
95921
70664
70277
53002
56548
22892
82543
58036
55493
92226
97170
76673
28673
31024
11375
32475
26320
96625
78224
1722
25535
86747
98885
82089
75785
4744
97960
60029
18947
93041
28293
12829
77563
20049
90680
66658
91988
78070
84500
81789
66165
84658
31298
13944
28709
80229
19208
57729
95988
46393
48808
50196
81388
88282
70864
37031
57480
26916
68601
51673
89968
32857
94194
81060
96541
32401
6609
16173
77304
99079
38700
35190
631
4865
79926
72541
57481
93514
1703
68355
67428
12914
72674
14211
41700
73655
33014
50706
78396
92136
40264
40079
45594
84046
80449
87327
92602
17325
21168
19939
5966
57603
80995
9612
30910
14942
86078
22635
8696
90223
67930
91347
89835
49061
91204
76296
31996
56822
75588
12806
86113
24829
24787
59095
63254
99979
19364
63441
46019
87453
54013
85738
63054
1631
45106
1513
22575
500
47009
89379
41741
90949
61522
726
21982
42242
80627
95761
53781
6906
85008
12338
37998
37575
39385
2051
12361
60493
42938
62494
19855
67694
75426
38475
3727
65333
9462
6703
13439
17231
52263
89010
30950
18933
64352
4065
4652
3972
95366
63721
81157
92468
35210
82180
53471
47434
63617
217
73942
86832
9646
3311
87647
43685
96029
92374
63132
7713
73581
38285
61515
70052
91079
6043
19674
8128
7222
29379
71174
189
75349
66969
4885
22872
42466
46267
9532
48878
43745
17402
58159
58367
95783
25123
10593
47488
46934
29252
2975
64843
92383
41119
29802
27545
56863
42166
87149
31747
23981
69395
13245
78638
93634
37503
98186
66576
35352
40892
79778
69377
8895
77373
64917
28951
84187
54274
87529
46963
5295
96064
48291
55266
91882
40357
25291
90239
29295
56257
33402
20897
88223
34636
23051
80320
81063
46283
14610
85033
76965
70697
50589
79421
12194
48244
94789
86423
54516
72616
75975
29077
77285
99049
34417
98746
56514
20421
95206
72319
82002
80538
61884
19460
56912
72789
99696
71428
8294
60755
14838
75504
81136
37716
87385
81019
68187
42926
55126
80572
51480
95423
25127
99446
68173
48786
25122
32784
41591
83923
80750
85315
90873
41733
80323
92663
21226
42664
5829
68448
18752
14734
23728
8968
88792
60723
73331
50436
71254
40015
25395
12612
36914
68590
34700
64643
51262
42232
88526
46918
1251
93716
47494
20357
22019
319
35513
44883
7279
88653
63749
6586
312
12359
74932
73213
4495
19312
22677
46445
1179
77810
29078
94863
13302
97826
24961
20172
69274
55122
56720
14535
18400
14034
2645
22815
18203
44945
79906
76772
4379
84474
81240
33974
73456
76602
69290
51205
82535
81366
15654
47969
74861
81575
68205
84180
21343
1470
43698
63698
70314
31890
76973
92166
59062
53556
45893
96707
46624
52424
40860
79461
45787
83016
21085
91613
32704
87878
88915
39443
8470
91189
25571
76506
79535
95317
55373
59912
34460
14824
99933
18767
30438
54943
9576
6273
81603
82877
21001
59883
20818
69975
78363
48877
37228
80712
51278
6574
61780
30452
93107
29117
57536
96146
84222
43385
13740
7267
60394
89761
6899
79794
93170
28628
72636
28237
82674
98578
53049
40806
66346
89883
50023
35390
56792
58008
70988
74137
94660
19371
51543
33570
44176
57744
85353
4970
39325
31987
2553
27855
605
38150
41192
36784
63117
60527
80817
80885
7251
94959
49893
16594
72594
17934
43287
27892
24168
75594
45544
7966
69955
55252
32178
68952
70859
80608
22470
58041
25774
73090
47754
57160
25822
11999
36256
43705
17443
85402
85280
2143
2143
22460
72336
4839
39018
64882
86724
74102
48199
8575
95765
90563
23238
63224
95649
17172
85689
78304
99140
34418
15628
16911
98361
46391
17216
4808
85604
77646
77944
329
76889
56520
7297
3465
20323
44702
26758
44513
80147
68047
45578
83889
74057
96765
78655
96153
91748
49933
37774
70500
30570
56991
21971
96329
99592
82272
40714
69378
11725
63705
74667
50234
15838
81658
66973
8354
52643
16423
48509
8128
99116
25120
3646
51125
35267
53841
28006
23057
96509
65525
33841
810
91768
17732
56826
5605
22244
65784
8685
33545
67573
58121
28050
12766
51019
83920
22016
59561
98504
17671
11612
83817
66592
26692
73712
3362
14435
78253
13313
48225
68807
45922
80398
55142
97743
34083
74074
46746
55760
4006
16319
98238
65050
83136
98331
50515
94139
98865
80281
31685
881
70278
58337
41881
76622
75884
25757
57374
66854
85885
97312
475
19285
69989
9470
5252
80421
56332
61390
13079
88852
84419
9516
6690
21401
8361
28871
18609
16472
86884
48634
26826
95622
57433
40461
172
82203
53811
76105
6360
28794
17118
11707
97957
68968
79226
29826
68944
49197
17333
70984
86189
85229
11573
67070
81447
72288
32284
99549
36443
51119
62476
84663
94014
75932
31335
91287
54461
64870
52660
76470
75663
3130
49508
40782
55753
87165
66329
49156
5733
44239
71738
80923
41637
81011
9488
58604
50230
28587
61643
39355
85929
49076
24757
91676
53870
36134
37954
60635
38827
93106
70902
62954
42287
968
42200
987
11431
15998
11015
35825
80753
58294
47593
1676
72057
83132
18090
91826
99471
85543
66701
19288
3354
37632
33290
74772
95733
91022
79435
87700
74227
37171
9993
45264
1056
13307
20215
3542
10824
38928
59914
58256
14362
9340
57681
6745
98136
38218
68626
24587
97603
52530
52157
48463
29047
62194
45261
34360
81919
43229
89532
16658
68426
64377
25098
999
81445
64051
30703
82535
13835
28095
48944
95611
81714
94368
89472
11993
35566
34918
44981
44228
96252
17539
28831
98045
74492
50309
66120
87146
7763
85025
61157
66599
79133
5142
82896
41100
25787
92301
11087
69769
81649
36104
8974
42762
81600
38566
25036
18359
78365
62150
91448
23764
93111
60100
93403
48212
48599
93614
56180
71155
48333
90148
3901
22499
80582
98754
82989
35236
68029
95206
41304
10348
32562
92369
53386
27378
43394
71994
98614
51904
74838
47682
18179
88303
22078
41691
52680
45752
44666
39326
15021
36748
84643
34945
7172
59844
20800
5000
13130
54912
56717
62135
65943
74263
75750
13546
64919
7514
8458
75838
62002
90456
56080
32438
63848
70792
49011
49681
24099
739
38431
24706
31620
26524
47453
99523
9883
15765
71903
83818
55901
46195
52401
18139
94325
66684
90042
28736
86455
12093
33987
11544
13612
75656
15975
1195
71994
80246
48683
86327
26021
49779
96337
41193
70730
75197
83973
50860
35106
71737
48562
19424
33526
96612
69763
19962
94932
63210
82024
97405
28639
83274
41740
32313
61893
94484
97041
76978
51220
67583
79346
71182
95536
1215
81038
67957
31071
20973
82824
49755
75827
19385
72026
63846
14613
56775
92334
80379
26923
72772
3505
49163
9451
34156
34563
65934
21464
78347
2244
99638
92718
57636
62505
6886
82599
36153
90226
72689
38062
63721
99822
86053
83544
22750
5984
2678
37380
44634
18197
6735
4805
71673
75442
19201
35875
12577
64944
23728
63648
16958
39949
14124
46430
21974
63480
2901
67439
92734
50856
7108
91385
78274
80729
64113
6368
81805
51394
28112
92246
71222
69960
86570
82394
1982
13434
82319
93704
45363
31601
20729
54040
46979
57730
32934
50141
63881
24412
37591
48811
67328
1062
65598
4487
78030
94059
31757
39698
39098
25968
548
82641
98451
24538
2433
89956
35803
3141
50645
37511
6543
91262
30657
66614
72909
46019
67433
39913
24029
38508
98061
51135
80927
80232
23568
4335
87797
19689
94012
29953
76966
47723
84005
87696
64616
7184
64326
84145
31048
1497
89124
97987
6
46514
98609
68458
93210
316
81646
56928
73959
60654
52601
21213
91239
57872
47941
26519
28197
52127
89270
57228
75443
76120
13454
29279
76260
22681
87806
66138
45856
74580
70173
83144
11028
62608
50189
50661
22879
57219
39322
23093
15871
2617
16036
82761
34880
79135
71297
95246
30106
64482
19059
63566
33239
33817
77995
93483
61069
53483
82588
84421
71557
80128
42686
38559
49113
79703
3211
24567
88641
5237
97239
22698
45179
37694
63553
87938
88871
57414
25148
69455
82132
52566
94396
70246
86214
97086
71084
9021
36973
18492
89418
49213
65218
1968
86012
58134
14701
76275
64503
31497
29607
61243
96620
68672
37662
35565
77396
30812
7005
38679
81431
94684
10156
1673
78581
3090
75506
70522
52127
14644
1370
94312
18593
98182
77971
95085
61219
24989
21849
98318
81901
33643
87172
46884
26350
56629
81031
97590
13748
65833
70683
24663
9691
15310
84459
72143
31397
63939
92072
11225
20765
64615
69754
94617
10857
9868
71309
64906
14721
94817
21475
21607
73697
89979
68049
43588
14693
24842
8626
62163
94198
73442
2090
74486
75249
44945
58838
76926
96179
78795
86925
13369
92364
46529
75676
4947
41227
96115
13595
72434
9754
44956
24874
35168
82277
76039
79901
17348
4616
96481
86179
63424
70344
8129
29967
22575
65419
43459
10218
7495
36877
44365
80186
81937
30225
29929
38452
19274
6432
31638
19280
42567
45475
4250
83843
48041
52767
715
94361
80291
27635
8853
13426
11812
69776
21974
93538
93818
29445
3026
13954
80359
39544
23297
17869
65766
89228
3468
68957
48298
49933
33708
66145
80914
52980
96120
61540
97660
92607
242
95484
30009
56777
25051
82809
12213
61146
5111
1757
62185
11948
75238
20113
62998
80293
19351
79693
77124
86586
47710
57449
22736
20149
65391
72519
93762
25238
89949
90527
28472
79649
56101
75660
812
96016
53317
67851
70801
62300
13626
40381
66182
14247
90496
31643
14900
2616
86900
7574
77995
75074
28465
93981
69238
11143
62965
78688
90464
22731
76912
73739
86820
3878
46888
64525
60493
91289
42408
45728
57450
80910
28688
62149
33684
81637
65492
85667
72505
56640
71794
16502
51353
83159
48532
19205
52722
86198
10734
74385
95115
24039
36367
84172
48127
8423
19829
21111
10216
40898
15957
13986
86080
33235
16969
38628
57625
14922
51100
66503
35575
76569
59517
81529
82917
9687
8155
2403
10560
60752
60039
96709
3194
38198
60469
37246
59030
9934
15542
66493
81517
65651
99100
76641
71278
1360
65459
99978
66447
77075
81801
94347
19982
76874
25243
8485
32844
90751
50372
60014
85502
7217
99010
810
47566
29033
96103
77444
37521
26767
35502
32022
82122
49353
63147
25117
53091
97231
99334
9258
94364
47937
95666
11826
78321
53504
23078
61724
71844
15655
46376
19582
1470
65460
88754
57238
65384
45392
2079
23615
98830
50563
27999
28346
66191
36557
84951
16946
73583
85401
73490
94223
64682
51759
15551
77337
3622
20120
96030
93568
80865
8325
37837
56303
51272
44942
97860
22846
5706
9805
50457
56361
80983
68126
26379
91852
1101
32955
7870
39766
70110
91366
14126
77239
21748
44030
6983
16424
73586
89468
36776
74816
25188
16955
17732
68085
26931
40665
29144
72208
27968
81210
92950
20273
76169
84782
75275
23016
66236
67918
48498
95125
57391
62277
77901
50143
28494
25943
6880
17634
71764
20833
54466
25821
71327
52598
42234
21410
87115
32787
6106
56477
94229
87137
67273
17911
58233
37469
35156
80926
46946
43960
32449
25211
9045
55738
35600
35435
63035
46699
4130
37511
63431
61000
67109
10012
9415
70256
61275
44873
5288
87978
20350
88855
35993
85013
45153
6407
12601
44355
75017
98171
43437
14709
46123
8916
38683
4186
47415
36243
16994
98230
53766
55653
39721
20712
4668
33264
55913
15522
24907
52240
82974
88174
68591
30848
50466
37947
15689
70771
72189
86806
26842
39113
82416
28727
19227
70106
66252
49869
88840
80484
28850
34320
96584
15126
92927
37523
19892
43442
91508
69412
6360
56053
68324
44103
63774
62025
81696
81631
37230
8853
53645
95937
52496
42398
64502
57527
46412
48469
98965
66569
45777
46911
4453
86078
19951
92313
46757
11990
4382
29162
36027
97694
24614
97885
54764
93777
61231
2113
70116
44665
29148
58919
79121
20520
73886
8234
76946
45343
28339
57203
16139
59995
61724
67609
95763
2298
81983
53889
8262
93658
27698
6128
6118
7755
7275
77909
91415
89609
81290
27916
73818
68630
86826
22171
93777
56887
29020
76888
90911
16077
74369
14254
58982
81675
33089
85766
69680
72597
61774
25754
27000
51013
50844
27185
35764
50555
88819
97583
38056
93749
93957
61794
26876
69018
63430
69307
87093
42216
54210
39843
37387
22282
14622
79720
97746
39908
34967
69374
66124
60280
75441
69847
50085
37156
26480
66167
81562
92667
93691
44207
26771
46218
94348
11070
42638
62023
66832
73498
75681
22007
30460
42050
96919
67343
47237
50249
85600
34035
29705
2133
98280
35432
20340
78163
30302
143
83635
10029
10973
1801
70998
43139
79418
22790
9749
92532
91251
14603
97597
72453
19808
22407
33292
58578
81752
20951
87994
5952
31183
95254
99960
30500
52838
86699
92211
74028
3459
42356
47351
23141
19027
65043
26191
19386
26109
12144
16442
1357
51009
59630
44070
59600
68460
90471
77499
75451
72186
76287
56288
29115
34512
71416
76772
4020
28186
94728
96895
74904
38828
69013
17936
81673
2147
53818
89109
63591
89650
54271
84228
96726
83668
67384
531
52710
27471
83192
60295
54767
53064
36725
5389
26135
76094
51228
5186
96662
9801
60846
92888
98285
22474
74553
51272
70129
46436
87766
55148
42150
28334
63993
29715
59626
47965
48658
56583
80082
69085
59558
38663
99341
94483
330
64994
56483
73970
47425
27208
41687
43826
21070
72736
50400
24945
33128
72307
49670
18432
1561
21943
27926
71274
82308
74698
2678
81145
580
16983
8924
2853
5558
64990
86752
89935
98260
61183
49753
87187
24644
21255
2570
86392
99068
52767
67536
98574
36217
27849
89692
79915
4003
43070
59323
60943
54029
80337
20793
76946
85867
63560
96022
37104
61497
8441
94811
42536
63764
41677
38609
35732
75692
96283
68524
37219
54299
64052
70766
75301
72689
15149
89793
58618
63066
85278
999
2058
31959
94716
8716
30212
9911
42715
40521
50750
17643
70331
60173
47823
62412
59813
3165
35760
96351
69435
79361
61206
50635
41600
4528
14772
43192
45623
16585
52270
91639
71599
81575
13790
68058
77992
24934
24321
3700
92304
48636
73597
85083
72864
86592
30703
42334
36052
89337
37543
12716
21625
16625
50534
55577
94995
90463
4164
96110
40956
78459
1253
46463
24804
50584
84306
36108
31840
68323
88854
38312
5561
94946
84527
98678
29480
99200
88927
75830
94162
14181
61380
78193
74602
14069
14160
93513
65756
2875
74445
24360
30277
6656
16438
61553
62567
39823
11143
54257
4595
93540
74602
18585
22882
29973
3805
10740
61238
84734
67586
5281
47994
57287
22086
98845
61898
82171
62782
81928
18048
97160
28532
5225
15138
42451
13869
53198
58447
47540
26859
76874
68156
9769
86586
47743
36958
79240
67476
40402
71809
2354
63415
4704
92799
21459
15266
6533
96058
95711
4126
93548
54954
84055
97268
64694
55352
14376
39897
8738
97217
61049
84596
38665
79905
58954
26141
90652
7530
51695
19194
71780
67191
88818
94738
6364
77832
56842
74169
67236
83553
54211
115
10990
9169
85382
33036
58524
52008
58903
17709
21728
13059
58626
25702
61144
78442
30126
19281
34379
72021
44323
69310
55041
29816
30767
99013
5586
25434
77775
29772
74797
4194
67476
117
62435
50522
60869
66300
22701
71076
8897
52263
9687
49496
21212
18236
53679
43767
63584
69176
43897
57016
92110
68670
63063
88788
7052
80141
84408
35644
27579
64458
54551
30103
10180
20392
90778
95862
18604
82455
29102
39531
84569
36311
1838
6611
58904
75329
57849
77599
58664
72284
7321
3400
47386
38516
79968
90954
59713
77852
64381
50377
19441
35084
24166
44692
47463
85436
77787
80937
43309
22902
37657
70808
90225
48947
57989
99858
30270
78679
9815
77306
30084
77459
53801
81495
34514
64808
98863
22032
10434
986
92445
37424
789
56713
78942
54746
49422
53885
31106
48802
54530
70241
29510
2481
57382
45956
84208
45319
10982
52975
42274
83145
97457
68911
88115
91941
42249
17859
15187
52327
40393
56179
9133
57034
80948
43658
60519
69956
51402
49783
43152
94344
4353
3443
96898
87926
6514
33774
47546
35091
84639
26397
58882
35772
18815
54006
75501
15734
44533
60204
79753
85375
11588
2946
70074
29606
20410
37416
25202
87122
93359
59173
56588
66784
12882
89619
4336
47779
83298
84253
49980
88613
61441
1456
97329
23896
67627
22635
28210
37298
40068
57918
75485
37733
84303
95753
85845
20009
16359
10158
68888
56561
60219
40768
83566
78196
61215
63665
7392
84545
55534
42373
59652
95542
99848
91393
96596
23829
86580
93802
81457
78980
66212
4866
45721
97110
64103
97802
65841
36894
25983
93969
14684
50311
84880
92147
20214
3363
28
93878
55278
13204
47585
29615
50586
78755
24036
56538
23925
20181
55676
79798
58295
6187
59009
49187
80539
84366
63000
24856
8866
44705
26909
28708
95054
76479
21917
40213
56050
83532
93340
68521
72705
86353
60822
6801
96477
38538
55749
28546
16950
63976
54120
87510
1010
4854
17959
35396
21606
98450
45281
79221
31900
57361
91073
31761
27504
4747
51990
59571
36800
71616
33137
37571
46338
86793
56457
69087
11019
48583
43672
81146
26799
99129
70630
64482
73496
40548
91545
39318
30355
4108
83295
62647
23698
82945
31415
94632
7093
21554
19254
15907
52811
4816
39111
37743
7391
40943
10560
98203
84537
50333
4027
16146
26848
38073
22546
87406
37005
2671
47273
5714
89323
33026
2223
22061
56285
15410
36015
4391
44496
3647
22014
70208
73924
44922
20240
15014
26604
40360
5624
80555
22286
7041
39188
45784
76355
8931
45158
27601
72073
51030
43391
41225
96338
16752
72475
64301
71529
79875
72739
48097
14226
56978
94763
55098
41731
35932
10471
73641
23597
73580
56083
97248
72611
80199
77174
97932
7269
80683
43210
14820
7062
21818
91412
88835
71518
64221
48842
21139
78693
19500
51517
50000
41405
24549
60259
57097
11428
68045
97147
97588
74122
1811
64501
91312
75558
33726
8737
33840
46033
8756
94592
79002
68231
14357
47803
40822
37409
53071
23317
73118
95146
18655
41375
66330
90703
97813
28730
74031
60251
73736
79389
27309
28222
70276
50227
13810
19891
59853
41630
78993
98771
86480
80429
33574
58953
30365
53288
45920
41247
26800
19822
58027
33785
25419
42266
17591
2218
18912
40612
5762
68271
45477
40926
28339
84343
32586
87448
41429
52413
79598
9057
52445
11180
64098
2262
37847
19822
68963
88180
62042
58936
70413
52039
26175
69305
34910
97730
48357
60163
72619
60323
82910
74896
8404
22176
24679
22926
79433
86645
87916
18820
92532
39282
86970
37551
8131
2526
65980
58708
31874
70138
14604
68807
62140
41113
96850
54691
56880
83731
86115
2952
34434
938
23062
74825
96266
47466
62530
38639
50500
45140
43743
92009
74073
69359
70307
63767
81757
32397
54300
41817
69224
17114
63617
2195
36823
8614
99093
28544
12093
66304
47918
50021
31038
38295
88886
10122
92616
18905
28282
67299
19167
26812
92579
72155
85641
66863
55248
93113
64456
28605
61392
76379
98211
3783
15804
26136
7435
33641
29320
9200
24350
37459
65324
50827
56155
42191
7548
13707
63447
41836
61649
98633
70877
99299
6501
78952
65947
51056
71994
70375
55134
35823
29821
33534
56040
35203
29363
13528
4266
94560
6059
6166
8386
58679
61997
60306
85562
51291
71711
68071
49536
36022
54824
46715
96143
54315
53029
57532
88173
11874
27026
89930
21202
93518
65863
91951
60267
55494
45827
12158
20606
47262
45839
5741
68708
27224
64679
74485
55398
1508
62889
25171
85308
95569
30572
42767
2446
47100
33408
51746
97313
69163
17401
88205
80647
3261
78414
58913
37589
39248
87432
7911
98224
97663
73020
51584
45915
53834
22399
54602
57031
48264
70416
6008
95797
76506
38988
29468
60263
94131
24350
40989
55568
20264
48563
81751
42940
82137
58506
9947
97997
16454
34352
84677
63485
81711
90416
15145
91720
47921
69724
21126
43738
89526
35424
14631
892
53132
80237
35888
74175
93003
99562
55860
93654
83293
55452
22948
89614
63962
88283
302
45409
44273
86791
64449
67759
11909
53828
74234
38722
31102
173
63958
23596
50244
66377
6552
86210
11311
70129
46095
93759
17840
29251
52852
49492
36936
35522
30967
92504
91045
42721
66876
77464
38832
15018
47022
32710
58980
88640
13210
43497
50434
90157
30405
76741
91574
4168
25664
927
75839
16733
80080
57153
30392
61352
45915
35146
71794
50249
49914
17299
88506
51066
46800
24083
73031
21027
67040
79595
80943
59320
10232
36689
57770
16081
55926
86560
90983
4741
80069
73057
22934
97757
82900
54462
91060
57943
51863
20583
50927
8647
38851
94821
64522
45415
55504
73988
44994
72515
15768
34529
19730
33801
11142
46392
75120
8383
98984
87574
81352
91621
4806
4078
49824
28766
38597
25482
51146
54080
57556
59301
15629
48790
29951
2872
82814
36414
63125
17237
4174
6235
19485
53629
44409
80999
17982
59641
93306
16913
48920
34785
64266
71104
48826
85341
25713
16883
51598
7499
38793
24051
77908
41460
43114
54730
18259
18278
34477
97607
28299
30453
13105
19909
23842
6824
20704
30447
36984
81397
58652
24186
90386
74258
19712
26388
75926
3416
24129
40333
13190
95473
90657
22644
3302
39729
41122
73170
4670
62664
57841
55242
41634
88373
62096
64907
15163
69574
55629
75683
1391
18168
16762
30026
52259
1704
4067
11828
83700
39311
47724
17018
39079
36478
77604
60992
8727
12002
56194
82691
69843
76637
78163
94980
67830
48793
42956
64998
56436
85682
87770
48645
64738
10824
91943
28478
43946
87290
73325
70446
18597
88813
90139
49658
32226
41232
23163
59327
24658
34491
23332
12401
22916
39515
11573
45573
95847
12414
6218
98631
14468
88250
39715
53555
3779
37326
50960
37231
72371
82216
92761
44284
57761
82662
69804
44332
281
20762
79666
312
67821
60033
72188
71697
91981
5568
62196
98451
90301
36673
15569
36090
14752
33175
70996
24532
41373
62107
40609
65034
61051
41960
17324
50132
56473
43103
38532
80608
30202
41799
80358
93282
84339
36889
61278
73292
50428
85893
63988
77530
68591
67417
62233
7336
41973
8
26677
82484
1991
58851
66312
36663
32289
67970
74143
63046
25359
36522
93857
83606
28709
90225
76173
24969
45660
31902
96073
25588
69260
45391
60453
21234
20023
70432
71449
83072
48481
90367
26001
72065
99326
59206
29819
72321
35943
96590
9580
25742
39888
72944
30204
82721
62018
8210
40273
98045
12631
61251
42854
26976
97129
53721
12995
86730
2611
44658
96248
47925
96962
87076
3522
31509
91368
82016
81590
45807
25274
94936
98913
11588
43175
55169
35860
68343
33664
6157
75531
73148
91138
27506
87610
7919
94132
11366
89519
13463
60399
93271
74419
80897
67701
5435
49989
18560
90980
32181
67357
88801
33876
14159
47220
52178
41326
28403
93292
97251
71035
50060
55816
92689
81124
82274
737
36730
13724
28146
83694
42532
13313
3913
55429
26658
49303
82365
2785
9868
31207
66534
88637
37551
20024
20839
81172
66438
97102
10225
59117
21086
84150
27155
89644
66413
44727
57100
84715
92713
13319
1341
5982
75681
80885
87564
78240
81394
1959
79598
67270
85083
68484
75721
17803
98899
17173
67849
54204
82145
60128
29223
59078
85783
38266
32117
59305
15461
94118
12690
72814
78601
74799
83177
54550
10676
62627
34913
84845
58163
56918
70751
67724
89928
24998
33503
38686
38219
26971
15089
21509
5056
64925
30815
61284
54651
14832
92550
13536
49663
34844
65981
16172
37121
24597
87400
82379
59363
81430
8201
47716
73388
25550
48229
81028
40573
24190
89337
5665
25197
3531
21964
47903
21254
96610
55115
34139
85291
31923
79081
94230
38114
61830
19412
95558
97091
986
9252
16461
94213
92287
33714
39506
96196
94053
35539
7151
59887
39572
67124
49457
78725
56506
14222
52765
29084
64405
2545
63734
63476
83743
39137
19843
76008
94665
880
32240
87312
58835
29361
52851
16552
84372
39039
70059
89300
29577
29137
51959
5901
91243
12436
72773
64367
22350
30523
14069
2272
57335
44564
96864
30431
37373
73193
20428
63819
21070
6088
26190
75651
44431
33893
72649
75602
92321
87443
11523
34094
17049
62169
84524
58532
61872
15304
84173
6978
30904
93039
51785
48534
36954
53280
13233
71836
4639
14054
79258
66512
16038
46402
20554
93485
89004
33218
33092
63200
34591
90030
65966
30940
81515
29103
71468
82422
24382
44060
48859
61558
7646
24501
77384
694
7021
69787
53353
17477
50217
38483
6468
34513
80776
2950
39460
53313
43716
11627
20636
45407
57997
59150
66872
10757
2660
81376
91297
3010
54758
59474
43376
78853
4033
82501
73825
34536
55180
91313
93829
90452
30866
38261
29222
37868
79534
5225
32639
47613
4772
22355
54000
91277
60367
5342
7867
73158
41809
17319
19484
53848
15873
98899
12029
99492
27830
50899
9370
74245
83600
83224
4763
30820
90798
81207
10834
630
84449
8269
22141
62138
34802
18998
66341
24956
44264
78770
4293
77461
85948
80567
72599
4490
11836
46653
60334
92182
49845
36864
14201
51066
75713
87547
71134
37273
75916
34525
73288
9869
26206
21257
9561
92812
48445
22006
79748
26496
44779
30186
79245
50336
37725
57138
62404
81757
29929
56582
36077
37086
75392
8246
29411
87724
21175
60489
43927
66762
93418
14771
38272
4865
78654
21928
53432
85648
9412
11073
1948
78289
88452
8944
68532
45197
33419
69923
26868
42429
91632
22405
59311
86688
56306
16572
68685
49255
97458
53271
74327
32656
24928
13515
87759
43808
30751
75821
83847
63016
85285
57110
79799
75554
45600
65778
84416
39449
17985
68958
30674
45254
44584
35599
82011
32421
28722
23698
74837
64608
4071
8259
60350
77993
87925
93686
91940
32870
27839
40559
52570
59348
8455
61516
7462
42465
98890
35581
5371
80701
75187
47649
12981
93063
80963
34391
51302
92233
46848
40232
66605
39792
92992
38475
16750
86142
6182
3614
99215
92745
97619
47727
58639
53348
44974
70240
74370
30343
30616
33818
49809
69690
76885
65285
77675
63460
48128
12390
11770
36403
22540
35607
94988
24931
38330
80228
80349
35461
75379
31884
10057
83678
62428
58566
56305
63568
81718
88422
44702
51901
99335
88167
10263
89035
41203
79929
53617
425
88757
58098
66809
57972
68362
40793
84642
70057
67494
44710
57637
96357
58088
62690
17094
62982
27523
11587
41662
83794
75296
55939
32273
17717
72827
55134
81706
12469
92183
72378
99944
33828
67480
69315
79975
50533
71274
71218
31939
86199
26828
46430
5950
28445
38608
59531
73621
90611
99611
50990
83403
41298
61692
90899
3914
27964
56278
71068
76801
54183
68302
60506
56375
74167
79288
68733
71208
59137
19496
71443
82599
17942
51197
95947
37013
54432
12947
37635
76411
42451
49481
58459
11929
80342
31754
47328
55415
31721
70973
47977
66505
2470
69162
4743
79510
74676
91352
13744
50050
50448
47564
89971
85690
1648
18450
69882
84158
40346
69700
80299
52811
39978
38775
2075
56194
74872
22403
77069
73108
9686
80744
23891
58376
97447
63285
35767
44681
39582
51135
94757
8086
79510
75359
29064
62202
46273
82049
91421
39925
44977
1029
29230
30219
65098
84052
96413
1342
16421
95983
44949
1800
36170
67530
67568
54185
12619
43003
85741
52906
10911
65142
75169
5993
17590
6877
87361
65195
59922
31270
52560
5398
41616
62033
76911
59721
21565
59403
14606
98941
12969
4452
3478
18005
74062
94834
53372
62930
14215
27740
86656
8577
10178
73413
15900
20195
44707
22697
88974
65836
34772
57773
42671
9351
55924
90572
55730
55470
82288
8615
60892
34520
14918
80421
30137
72744
68000
33830
64243
42953
57172
50486
76026
40503
15303
12766
57492
99481
66732
22365
78578
66998
91201
76836
21431
91017
87604
25055
86817
32762
82177
92162
59293
87093
95520
50205
79026
46553
88713
37346
75736
45131
29415
17998
47892
43859
16238
68675
64941
29441
85480
82417
30510
98382
72701
22448
55850
51917
20601
81942
43246
40688
44541
25335
30291
39262
97003
14240
46015
8473
9325
63082
83554
13526
88318
56485
24379
88112
20071
16483
55676
93554
24765
20443
18379
23625
88452
39524
16423
814
52106
96115
18798
11488
15213
23107
48492
78864
97928
18531
464
93035
12409
91485
951
97621
60233
40623
57766
88060
37768
15142
37052
18636
99787
51448
8206
97747
17821
82799
99266
61464
4060
30603
1778
86091
38074
19540
51946
36341
3844
8822
43677
41166
6807
49079
93867
95144
47072
81779
37086
78874
91173
82341
46004
94022
16883
15248
6825
15598
4877
78943
33258
65565
52582
9385
82586
1252
30032
98866
7184
15102
58050
22953
12159
92116
67030
85152
3126
80671
18456
1082
45320
87212
35267
25137
99009
43392
39728
94131
4009
1833
21824
55985
84509
22951
78877
46758
64251
81474
95295
77360
35967
48529
56766
45217
14819
691
1139
92886
41107
90463
17239
29673
70682
72349
41516
61159
64432
53993
88298
67524
78045
9123
17807
16719
88768
99256
1447
26394
64633
26869
9007
85565
21463
83020
93800
89410
91097
71543
89217
98441
65196
43452
8444
70629
64884
62920
16618
66028
46770
13417
28815
94749
56062
45389
62640
64112
88846
89852
59795
45128
89263
82206
21440
24513
53879
37161
87753
77667
70731
38255
79616
9445
53145
99913
82260
44625
55368
23966
98823
95792
78135
40501
75660
45663
81104
75400
65814
10075
982
87050
57936
9292
72631
67945
33392
29138
88000
51378
1358
81139
4728
87351
19573
7560
35016
92154
18212
73718
30839
15865
74255
19442
95958
83198
17580
37747
26070
51553
56523
47129
84580
86313
57742
12444
37628
66842
35056
38688
68004
99530
94001
40263
55545
30645
95610
94368
85589
1543
97851
76734
89192
52187
52107
29113
82551
14696
55001
76769
48046
19400
37761
93872
46331
95198
22552
40042
25869
42884
70469
27169
22176
10352
24218
81972
74752
2535
81678
19116
77817
53124
95721
60004
86954
87127
28333
4083
66672
69629
65514
74778
26304
16094
2797
40539
24329
14767
42087
8696
66533
73609
22418
96820
44707
71151
83303
6716
22360
24869
69044
6698
58581
94391
8533
11884
4469
90737
36962
2567
70236
295
83142
27986
84960
13920
7675
33330
87820
31784
13544
20569
20814
50858
64706
11983
57264
43547
43025
81731
54712
81012
12622
11556
75225
91390
51331
5264
69221
57894
47532
69422
27377
68114
97952
21854
77957
51995
59787
38666
57075
14085
36913
34841
96849
36187
43869
88480
12271
31663
84531
79378
72979
43909
35641
89384
57864
22934
73210
16158
28834
62238
71224
34798
23026
44897
2371
12856
6593
59354
60333
73699
28823
21990
99806
93234
79744
10780
11489
24839
28254
58484
57358
83071
13707
89687
60075
9876
44749
62537
68673
33191
24201
44026
50105
1608
58060
654
38524
45491
28839
14609
29695
44227
45311
95462
78448
31136
22514
18533
14371
97592
4007
29262
94937
59741
60567
6801
58930
52310
18205
67462
60721
48098
80246
46375
53184
67630
63058
17612
65908
53072
21809
22707
77733
93045
98138
4212
88037
33192
2201
87671
91222
68610
90423
43883
63178
60599
10026
37592
3513
34157
6084
57826
90840
45854
37014
12363
66828
5467
42296
42358
44042
60284
10547
80787
89653
28804
51813
8659
52560
33613
75954
62057
37127
31377
97421
85511
57980
20548
46080
54687
97755
51102
68534
54358
46044
42379
77818
68907
57715
9423
68435
93530
17689
53414
66081
62974
67652
42093
52108
50128
34613
35462
75144
90258
22219
3507
3441
12381
32234
61817
27710
49635
35978
1544
20267
52976
63482
29374
87221
80145
36462
37879
33413
42750
44567
79615
24993
45516
5005
76485
61005
26441
13511
31560
66633
19048
14288
95475
13744
78528
99425
38623
96016
99132
93682
54454
53250
32272
83097
50454
25755
4002
15454
78611
84255
74457
16201
22099
13218
89528
53143
59536
19427
29764
7553
99452
31802
67271
8730
28203
45841
61435
90312
71789
80101
40265
46555
78622
48542
48611
26326
24161
93141
162
33895
34069
26615
1543
79794
2309
24182
98347
6894
70479
40471
25102
97509
81178
76531
55176
57795
31757
67218
19996
32631
96251
96436
31942
46086
86771
80890
27742
7013
3415
65950
46270
2014
39586
39627
38062
57219
50951
23156
34643
12741
17650
27318
29283
48290
7779
86489
33272
52927
45500
16209
93976
15513
10379
51275
24309
93271
27519
37686
10771
16047
14501
49903
69885
66301
2458
70041
28946
1543
42511
14558
70074
64335
13894
29038
50949
12804
20547
25861
49130
221
47234
53117
52027
83978
97
51259
94111
91098
12661
90813
16216
20955
3911
89016
84777
48756
74890
88492
79018
92355
19796
2345
35407
99342
37003
6989
26612
38119
14425
56012
53426
44757
66916
5325
77689
58900
31217
26851
45221
97565
21181
95878
41499
52043
47015
59446
50152
69532
75758
77517
14760
15198
40428
79734
306
35846
15292
48997
94698
48049
46290
62009
5594
88159
76401
77736
98222
42543
91910
49442
85542
38668
77701
803
85988
70754
25442
69438
70721
27453
1960
29928
47397
33111
80054
38301
82656
6209
42599
13413
38971
33399
77282
70525
88612
30794
231
98148
77965
73112
98988
25832
45372
35798
19307
94850
50405
27549
88564
67393
64229
58286
16886
29725
65404
25974
48696
1660
65539
94995
63421
4923
98369
43390
92017
53879
49290
19550
52800
32738
36559
72598
78760
36717
32067
96942
97777
4333
29081
8926
28545
16761
58656
98490
98852
65367
19928
17389
75912
64378
88164
26486
90867
47865
45249
48539
33118
94368
65685
27324
93070
43153
49512
49486
99106
65477
66659
61133
55377
95228
48887
13481
70493
24592
32570
82675
44458
9920
46421
37579
3505
60852
72561
32091
96349
53775
85002
66114
69366
71811
39284
94354
9857
55464
26282
84672
83846
13308
54757
61147
66809
3559
26251
54383
96329
36650
95962
48226
20475
36428
85821
21651
8261
55067
35245
8970
77419
75656
34123
50526
64319
12717
44334
83284
62328
56337
73921
3770
45384
41280
58673
21675
67467
24265
28579
92802
27470
43720
58507
95951
86766
14144
78588
88013
52017
46619
61432
69915
67764
81329
98485
11479
77363
36360
17363
20754
20042
20019
27505
30364
29805
25966
18694
29529
43780
9221
33176
14790
21876
54608
41922
46205
16493
75085
42242
82032
56598
27042
71422
21972
33004
1145
19299
6660
87992
65461
24273
19944
7831
1130
44615
53735
62043
40088
51884
38717
89509
87002
60781
50984
77517
87500
5015
74388
92696
56053
40118
83213
81911
47557
25918
30678
64314
86045
34205
66991
43523
48046
80675
2675
3906
13731
45333
29708
60476
89988
19748
35159
45211
74473
8728
94629
20301
77926
72374
72772
14756
28727
27338
2831
90382
67467
40011
18094
34796
61860
57078
70759
29118
69892
25297
98006
46965
50623
14309
90644
54973
52334
56973
51535
11608
6879
10269
98047
70347
81055
28997
89600
93920
32378
49807
75045
93403
82820
5903
29016
59784
46019
65974
24816
27242
81589
7616
45505
81451
95497
9023
19405
57384
21423
5159
58242
86398
42774
40674
85137
41749
2591
86787
21515
91828
89398
96294
10051
38166
42991
94956
46158
3308
56313
60477
71570
73451
34344
11282
28276
78207
19217
44040
58705
52699
16459
61120
11428
72384
85390
61723
52116
95620
13720
21682
51353
23141
48360
68872
47415
39151
26580
74009
54815
45530
62844
38939
13437
48437
17424
57851
9676
41479
40571
47482
92491
3997
26869
58272
292
92758
94601
10812
67537
59000
11900
26742
60987
61796
53323
51377
27875
46002
35379
74848
9670
28570
27187
71775
82055
46227
31085
38628
51330
56199
2019
72996
25778
16398
94889
60217
91489
87642
41435
69263
84687
75969
65808
56189
21934
5430
90850
37526
53823
45155
47628
90782
8259
92206
33276
28928
95475
15334
75090
70703
50659
29230
56957
48614
33175
143
82812
60473
70905
14637
93036
22785
18830
15277
20465
66671
99611
79840
33419
54780
8069
41768
53829
74633
27202
48512
89547
49101
81064
95133
89712
42189
15358
75419
91429
44732
29955
50434
39810
39113
82516
28031
62248
67691
18970
57988
66157
77093
28197
30626
94370
62092
83106
30043
35767
6012
4212
38535
49576
65254
99621
49409
84811
99293
12270
4036
39255
40454
45507
55495
31200
60911
18002
55687
19242
66443
33123
44973
63140
85767
547
76947
44598
76173
37358
55825
83652
81848
69635
71506
68701
6774
77936
45973
76793
99339
82742
14345
64575
57631
64074
12059
26507
26633
47220
70807
68093
35786
59128
10254
14359
84729
80575
6938
30534
34945
34459
45585
6044
38212
78286
98418
84370
74998
78330
22472
68602
21362
70926
2617
80674
11652
77625
18950
95341
65914
81233
74195
12812
46922
98228
96189
2290
23456
25419
8360
49286
545
31365
62477
68608
57286
91173
9984
27941
66613
14881
53039
70119
64530
51515
32812
32614
10810
95683
9110
55576
25456
57149
9725
57487
92480
17968
13597
78837
97305
90307
36579
75032
69729
95653
5892
25324
53295
53691
6368
7800
79911
6269
39088
2384
33601
36852
66928
393
36477
83339
81523
432
3109
90501
55822
91593
12910
46952
88226
39496
16746
25504
81876
46171
16884
44220
74275
96851
4105
67510
72
3253
17300
63429
83933
56499
58804
33156
46740
49340
83891
40195
97260
19978
13184
78161
63939
31424
7320
52067
99839
76480
11249
21243
81884
94492
41986
70275
8741
55710
74388
61456
9735
62428
28917
45839
65384
47422
30169
96556
23693
28445
94723
75973
39832
57243
98638
94892
79806
46968
16850
31916
4738
32829
20956
31888
14351
7063
70134
68268
25514
39533
76837
41475
92111
39196
88790
85413
42055
67521
3482
85423
73322
77583
53255
27938
27316
73120
93082
25124
45951
63339
88295
42712
81018
70772
12766
26647
45314
72092
73351
97898
53959
7416
61934
4453
40847
64574
98750
80304
38061
33610
52289
70841
18040
6787
63083
51818
41895
43657
82077
4250
74172
9312
81809
52919
27250
21878
70555
76124
21488
42784
80203
49929
43445
79737
51890
82786
4952
45161
78331
32045
29619
31572
58918
60554
57752
92884
4057
33627
69685
66780
41396
54661
67088
83564
68350
88599
26059
23584
92743
2294
75272
73571
98767
11524
24617
44459
18139
11610
76106
24599
27151
78128
74838
91130
77349
89412
30327
62170
24496
77449
18571
50589
26850
36336
65193
83375
53351
95830
57347
21109
19380
2754
97794
66088
92242
97242
53918
72380
60316
5667
89256
29847
55796
18703
55642
95508
91534
21240
20836
95708
21893
54806
96707
71193
17436
92284
12973
76378
21889
77886
61286
40162
56067
85457
3366
54647
84336
27555
26093
62164
24832
12567
81904
15252
20418
28977
89975
74885
93258
33590
34865
61072
10301
42276
3953
14335
72397
76552
55785
52077
39690
64547
53799
44047
87575
82415
53504
9699
4672
14707
55072
46270
91649
66767
73350
29578
83927
74746
41431
44773
77373
62076
88298
60347
10057
30008
80279
34026
19124
37808
59438
18977
43637
12751
30679
38453
88943
81393
52739
67620
7610
47329
34138
43029
62006
36765
61265
81112
17786
12854
76829
12338
26295
41697
20193
66258
48768
44634
97364
79612
35728
94432
6777
3353
95588
10233
72755
72126
78477
97138
99766
80237
67330
53992
18253
13999
98748
27541
6512
79307
56542
8513
78648
35536
83068
44795
45051
89378
86567
27931
49428
48867
91913
30357
11988
44757
66215
5635
24222
90162
98282
71661
17093
25398
97425
44426
50640
59941
68608
34216
58304
57619
60613
79489
43012
31689
8606
57450
42612
97518
77663
13579
8655
82113
50824
90861
59548
46639
16922
98203
71308
32143
8870
87616
69527
64247
1952
30013
26464
75194
58167
22284
42182
11247
75150
81893
88713
66831
43358
26939
59264
53607
29444
80975
70026
62268
39133
60263
27906
74712
68657
94124
49703
81159
46776
86318
86289
85862
79687
3570
61395
64348
4950
99990
29042
83149
54498
44872
36758
70068
60428
52401
7624
17588
3404
63658
66813
49326
37141
77287
45709
73293
16493
44437
32350
36354
9828
54527
3904
51927
1121
41049
38843
45316
13530
5463
47877
26908
18115
25472
54758
59990
94787
63702
12804
54370
49593
52811
17132
92493
71353
44520
8127
10105
92675
28823
9592
15235
55619
55448
26237
77982
70176
12454
51705
9364
69736
32032
43532
62356
43189
34334
21980
12197
35293
50661
76616
58741
51130
78771
97719
71769
58575
59776
8528
26329
63875
42292
11363
25762
31919
21130
85891
96318
84102
22221
39051
22963
9802
20796
62183
29630
71006
48315
46011
22034
67116
89203
67898
52532
59643
44301
51339
92378
20897
84612
2618
613
83708
34734
22624
80455
57458
21764
68753
45581
12191
44631
96749
61034
66921
92550
81590
47274
76035
93165
87128
68765
89045
4052
88501
52101
33630
86353
70033
11124
63781
33738
51574
59938
88003
73166
28583
61706
42400
83867
31424
41056
26705
6977
2878
70722
88079
43851
27774
92825
86875
45439
50132
72816
60273
19771
68821
129
80874
3270
39588
93920
85215
43568
29221
82785
12239
67483
43213
18361
7336
6742
29072
24385
77520
60734
80129
72863
49018
32610
99468
19670
85124
90951
33963
25165
79110
11772
36959
99243
52136
8725
49912
87666
93954
62382
83465
48629
14815
9210
91929
5622
76248
29020
84724
30034
21426
29489
22262
36735
76351
11129
96683
86488
60426
93034
75511
56138
20067
34373
53100
34333
93295
77996
61268
793
87300
13145
67824
92739
15264
66469
40281
30091
37432
82303
87756
53521
53063
34192
26079
4741
19233
39018
8105
45355
99156
1375
44168
11274
34688
41026
59225
54379
44302
12546
47913
66423
613
72137
3678
37937
47708
22634
47010
76881
61993
15472
85835
82861
82197
30311
77448
16087
49140
58889
84603
75232
67094
91886
9544
35487
77325
92768
91616
96739
51975
83226
48215
88258
82263
64178
43046
41934
76230
15982
85873
49236
50358
82699
85534
57022
1935
41523
62789
63126
55895
49398
16282
71809
55538
52887
81479
21546
93761
21880
67423
29338
4985
47177
60549
53322
83420
85942
32043
94715
2537
68198
4532
82964
50776
91527
24182
33089
15472
33755
86623
696
11117
51648
39344
97894
37710
19123
7293
38752
21806
95755
74522
60098
58907
9250
76206
69338
78096
7784
4181
89352
99998
8018
71342
18675
68620
9219
61813
15309
21092
9027
77963
8709
5685
91550
45024
53390
77520
42697
2899
58017
4570
65390
59051
74588
44742
58395
37351
74201
76457
53021
338
55897
57096
81358
67101
723
89642
59555
74867
78280
47974
30293
65517
61852
7534
69614
33329
89432
97858
60822
59618
13273
86358
91439
33933
94776
58328
72763
8879
96044
78411
28722
81883
4278
87062
28774
91039
89182
43110
6335
87926
16227
29512
81312
63008
38076
73982
83377
50729
32536
54119
31082
43707
49770
71364
36378
20322
49262
75943
34793
80223
38003
77118
77677
26672
32912
2020
14825
61853
91450
58089
71140
69412
9503
32090
64961
95604
57047
46348
38606
15547
30572
78775
39899
13684
34726
86369
44038
98931
71965
35597
18410
35291
79591
86502
54790
68471
53141
24331
76202
18951
53989
78831
3006
74760
38080
70758
34723
7869
29301
69638
25164
79085
90957
82932
33633
46157
18649
53266
55158
87783
95754
19767
56329
16306
51454
24816
25981
74642
76404
5546
53998
22492
55864
98335
27029
27929
27944
30477
84260
21739
96609
14851
80753
93166
2451
2800
96635
57043
7747
83427
81736
88609
81315
47732
8390
3707
16233
58620
34104
96941
52236
91393
57443
50622
48954
52971
69124
11063
99630
24362
2071
98611
2342
21797
44335
33932
92577
49386
12148
59211
84161
32860
79939
58198
79599
7672
84474
55091
87077
33512
71319
26816
64941
30507
21871
77359
59845
45119
40211
47085
23215
65495
7698
7688
10617
86522
2707
36146
7917
10244
94501
42762
95958
23459
80373
44245
72617
23838
4069
6783
5808
64401
11859
52460
11929
1289
32691
93765
89318
3486
50258
65046
53434
55107
43178
10404
51635
33459
2891
89656
16302
70224
93728
48536
33704
66472
56415
92464
33756
26410
9868
19588
80186
25686
8356
6179
79673
88371
85315
97401
94058
23511
70687
71730
41477
19406
7645
8446
4654
26271
25407
79127
99038
6727
33101
62553
88250
41107
6792
78711
40341
59556
34186
27920
27514
36308
84726
61769
96308
54805
93624
26321
95229
96621
41111
23265
74337
75274
31074
81237
91103
88278
82771
72469
55106
5572
44524
90005
52165
30308
93639
18857
88368
86686
57003
75917
2903
60431
44520
51387
99565
1100
72017
41415
47561
95928
87033
14338
88680
60664
76599
10060
51461
62980
62695
32607
75246
34382
40748
28151
75179
48572
34687
15261
1976
37380
71980
61174
20659
49304
85273
9125
70541
59994
86593
54468
12480
57683
62917
86858
83737
56704
29243
49217
1581
18296
83961
70711
3892
14291
25537
50870
46699
74382
63508
10860
78340
50969
86815
26081
31109
68155
99256
844
49639
48632
66278
58624
43542
86354
10861
35147
97218
28354
49209
74189
72463
18322
6871
76652
16444
61172
76766
24642
10959
16258
67613
43737
64774
69307
40969
59592
40280
90464
40358
99772
25913
89356
97338
83579
88285
9889
75499
52867
37377
39594
4189
15226
934
39113
40872
2742
34093
24917
6838
47364
60190
44370
98722
68275
48728
71189
20534
61645
93355
43846
98481
78264
60793
75967
2499
48736
34595
42336
90696
19088
62577
10547
14403
88779
64508
58536
32997
91872
92753
14707
41323
12440
68004
1434
15630
92475
26815
9963
31958
42835
34881
68842
81388
63630
59728
90227
70746
34725
63018
45081
55211
11358
63673
54315
11332
42564
1235
90768
46963
63253
95965
81981
91780
28878
37220
97995
3248
41462
18579
72616
22750
86754
97856
75237
31683
12013
89583
99002
70598
60994
67309
89684
6767
56295
53610
90335
54725
95046
87921
84703
35214
49678
42906
28895
52497
75683
37477
59786
25331
99704
57727
16429
44543
33323
9116
12134
86766
72628
82499
69541
55787
5831
11249
66734
19293
85752
35832
43414
13870
35712
51206
98593
69894
80024
25290
37860
95778
45872
41354
15862
18527
37865
24430
12727
79398
62772
75744
63387
92412
69486
25636
82529
2072
62242
15852
23728
7672
19460
99751
25520
18958
67503
98490
22961
58632
27968
20797
24715
59466
47888
54208
76831
37899
58630
40531
61493
325
22667
24478
6031
87500
78799
22298
63012
16681
24004
96745
2799
19839
63796
83918
83965
27417
41035
58633
46531
82741
69588
63475
94253
77354
48549
83219
52562
50665
29769
21733
31252
95823
58606
47050
94258
87826
66820
19898
42883
25364
26465
27187
71456
49256
72733
37122
5257
13482
36530
7574
83493
60044
71465
76893
46611
27455
25427
15299
16471
4775
15297
76885
33364
66033
58807
50128
58077
1207
28307
69340
54013
35809
54958
16989
1130
61731
92962
90354
97460
3809
41439
4986
12073
29793
36953
36499
92713
70842
50554
39221
51012
49408
17412
52021
94120
52693
2312
36918
13338
64496
61222
59201
48805
26713
1358
38037
7785
192
43134
51780
2023
61727
2403
27828
942
56162
81870
3702
22865
70340
77555
32509
41554
42577
4325
56234
46983
95218
35430
71091
91869
52212
62590
91649
267
31293
94293
47000
46796
14950
66584
28663
84922
81027
72157
48534
33583
61394
23101
98789
59661
42809
5874
96563
51127
38310
85180
18825
75726
58004
74922
75022
33074
23626
99213
47734
40765
35666
48213
96645
61489
19282
60301
68529
79263
30725
10639
23992
61969
5260
21659
40926
80461
1645
22092
44922
74798
87548
61638
76599
1521
99806
63439
86808
21332
59976
78830
64461
69917
97404
87898
72293
61662
35184
79861
42052
93212
25265
29037
44441
7470
34275
29101
8452
47180
98409
318
97723
10386
88744
75470
56691
55545
76033
72146
98546
40034
69396
31226
61394
24727
81062
4248
28217
98617
18337
43053
23348
99923
90639
36760
58353
3496
74336
4044
94861
33781
57004
6822
29166
52130
83671
30748
65369
75332
7977
80118
70271
41367
30168
43122
54775
86235
68268
20112
58771
67347
9966
43407
95952
1861
90978
55679
12698
32032
45992
70531
8304
31913
14552
69709
17423
44371
37809
3402
44595
4633
94318
93353
61587
63700
76524
1234
1210
4755
34113
51407
98475
44064
37534
37244
66631
9478
26225
10788
65832
8318
79367
29764
54856
64288
89754
79793
20098
52851
61997
23124
96432
44528
45408
82001
78391
62427
27157
47943
90337
53014
45631
54943
88100
38002
89604
83834
90965
98669
25151
53090
32994
36908
83505
45624
80842
6735
10840
44865
44330
89093
753
20682
67447
77524
88303
33833
45428
43329
31145
39098
7134
52615
46814
44608
49587
43633
47309
86115
66989
97448
92304
96053
13878
24625
12743
98274
66705
94166
72881
47673
84676
6410
73518
14025
17130
50287
67522
84236
83927
79036
73810
15284
10509
7325
75290
86149
89697
95408
50293
70225
68341
10156
75390
36787
74771
25040
94948
82301
12687
764
41346
96375
33180
5283
40631
39122
14435
24131
18073
31179
70719
71110
34674
97913
42709
74895
23455
81936
56237
95561
92243
63732
86304
2106
49236
8977
82538
78153
60165
61391
81918
17828
78186
50033
17194
81638
94055
43031
68804
85121
94551
88251
5400
35017
85547
11403
90784
20367
93169
14081
48267
45277
70957
5431
6270
42846
10723
43643
62898
94878
6978
3018
42177
49326
81382
56046
64050
95072
92637
41900
3199
16465
77459
30941
44922
78581
47767
25829
89396
14733
6307
7184
84263
69847
55277
88757
39599
52352
66620
63599
23053
52845
84889
37227
61411
78156
87254
4905
51299
88900
28241
94794
31442
90804
67293
15329
94822
69357
27455
48690
42217
72869
6282
82427
36601
96594
23128
53429
36972
52696
53441
24024
62882
42415
44451
83774
63877
13140
18367
10811
61809
8278
88179
46343
22968
34161
16997
90029
40970
11202
46814
36830
25290
9802
32250
73139
57350
99643
85643
3951
70831
62561
98100
91055
86957
42414
5287
43099
83718
10718
82922
27230
38939
65799
51377
23216
67475
14711
36434
14137
59715
10347
80475
5246
58379
27123
99716
19021
79070
67853
38891
53468
31388
37109
92528
93804
14175
88612
80551
88339
5213
73217
47915
86955
22930
26372
9871
47293
28344
44373
1290
65812
43022
65272
67163
74155
99276
93046
85115
24222
69790
93850
63063
20345
88266
61736
14506
66224
54675
53763
62984
47658
87142
56453
80776
27228
22859
88503
32483
3670
26404
26885
36481
73225
98312
34880
80968
1095
71419
80231
62953
68967
57664
56805
17716
89614
28950
18457
20316
93447
60652
90283
354
87116
33603
45363
59836
72906
16106
52062
27827
27092
28707
40415
41443
83759
94750
84814
87856
8350
49740
30033
98123
67267
71832
85849
76242
91327
78135
77952
71123
2955
93999
91143
50287
24815
60660
58826
30140
89090
9971
40988
10391
81473
19249
37824
81463
86735
79403
49607
28881
49483
15616
35571
32300
18035
62630
33497
70727
47186
36991
20287
49379
73388
45623
15015
70519
52005
56138
66001
71017
84606
2408
7446
72320
7848
82226
20643
56702
93658
12941
83105
47193
87025
74913
68577
8634
41378
75686
11205
87751
67624
30620
11486
47683
40932
45150
10974
84272
65565
42714
50123
77398
62808
16849
82794
12281
23728
59570
61607
20940
41323
75882
1158
65162
89301
84533
98250
92250
16557
78806
72696
2407
50422
29510
86461
60764
27586
7338
28167
6240
73671
35707
91454
84779
75103
94598
92482
7437
54426
23412
82617
59891
77724
12763
82490
93667
14160
1566
61918
88893
77046
18136
86526
75680
72792
85562
73671
9132
42990
93507
32973
45444
1493
5329
17324
21065
34435
12736
5837
56714
5915
72208
6728
90969
40138
65033
47101
28565
50920
98001
61017
58588
5334
72619
23938
67750
25324
89793
69334
79185
29111
32150
85866
61469
4507
44364
59094
56248
51915
39150
76086
20803
98086
11375
72373
39003
46636
47758
39912
89878
25627
21428
8823
4892
16837
14781
63833
9183
35829
18727
83268
83253
93919
7698
34589
86087
72808
11745
93393
1618
98448
99584
23775
51062
67146
18824
49982
85666
30381
99021
55883
70079
77123
32861
87786
66365
88646
88927
5762
16483
16132
40508
18391
92522
7581
90845
29206
56729
1306
13888
34923
4200
75383
93667
69773
37174
42597
96038
73280
18672
54873
48989
70357
70981
13708
28241
29921
31118
23904
52604
96111
70078
31929
59708
7002
26145
9624
64250
84450
60689
49489
87341
18046
77956
37561
47970
21548
13113
36995
66580
85316
21142
80439
57522
46494
41096
44387
36520
84601
22885
83475
48175
18042
54744
13032
44660
64427
72103
51880
43975
99038
93075
39615
73621
13803
63964
17592
9248
36463
23771
111
7576
9272
67405
31144
26342
94288
30446
76739
20159
54165
59690
37684
804
81932
13899
82134
30593
75973
45112
83976
63447
99867
72852
3926
467
96143
86916
67787
94404
97828
51788
34041
67849
40990
45605
44068
79252
77926
2775
87538
43202
23403
46673
43443
63271
58679
48662
96064
455
48284
53503
92795
75701
21124
23231
9650
99058
70589
57581
19213
85840
31056
72625
80585
6858
98186
10910
14332
64663
30098
81087
44651
39550
23617
46496
15027
489
66634
79994
49862
33348
96246
80222
84962
51371
66801
60551
20136
5174
16064
13492
39124
16696
92087
38222
93842
55011
47765
79484
58997
35756
92740
70738
6827
44624
478
87326
32681
66139
31923
34467
47902
73641
51351
71742
12476
41549
94175
21623
90483
94123
49635
63735
6647
52376
33937
32822
69777
17532
39324
64324
96577
88065
94293
94553
26677
86193
14311
69316
61945
68860
16697
46325
85709
99118
30136
27170
20
38425
66686
6708
93799
59197
26502
25935
69281
20984
63638
32618
68196
80843
87638
45271
85799
12813
90772
73779
15956
35912
11040
76427
80830
35988
55128
14294
93774
61985
16783
65291
95461
13986
22350
87829
88931
5785
15384
97065
98456
46352
74708
69499
15627
70934
94210
21438
32902
99335
68494
82072
1193
13731
36875
91161
14422
75235
88064
96228
67554
1972
91172
16921
75501
70886
78590
17686
22292
82358
14160
66637
24925
31600
93434
45939
79779
57972
75233
43615
15867
26197
10210
85293
58352
25290
27043
92579
80711
78341
53086
98073
17830
82145
94105
15827
61839
44835
79895
61083
59495
56877
64218
29374
26340
93133
25494
49012
17517
24919
11595
31868
11872
37982
73469
45801
77832
86832
88983
35645
81148
77506
59392
84457
85996
63990
8010
14287
77991
16671
583
25507
87077
90153
44648
74134
57617
56960
87779
45802
88242
16654
43507
36109
76493
91405
38300
89234
61903
40634
76284
93830
33620
95425
93859
52926
85774
22263
86969
70490
8669
15009
71116
94954
28444
33959
95065
34983
82951
28355
44239
95789
8754
76941
93678
9374
54420
18850
36798
82499
77041
2084
83646
29426
68915
17451
89036
24743
56273
78272
12368
99382
21735
27297
16876
50703
18721
16168
91530
70956
51603
33516
19944
91579
39239
93345
53339
62545
55181
73225
91469
35128
37231
10659
21283
65376
70289
64816
77342
70966
58836
78577
19695
35395
8777
41972
75808
49121
20537
46473
21915
72021
30027
22492
5042
3700
73076
88354
12456
93296
76326
25034
44354
81494
93398
4993
42102
62798
30699
22788
75879
49772
56743
79493
8668
35702
26529
31496
60769
38423
22546
15179
90067
32133
77739
10417
37041
90127
85445
88700
1832
71719
60133
97208
48539
26209
51611
95435
11659
6668
65943
53385
9890
72319
70606
63833
77825
2673
48776
37418
31253
19944
40545
11767
35184
18732
67083
71166
76871
48628
40638
17911
77893
5739
87824
88291
39361
29747
44247
15106
84830
60329
39017
46646
57645
19540
90997
66522
62868
11720
41312
31059
96052
89704
39614
98139
73011
24609
90936
12566
68329
15682
83744
66961
88041
83037
83281
94892
92904
12519
91688
41743
58237
78617
74751
99844
91774
20067
33658
65346
53353
71413
46133
88317
46165
10652
45708
68687
29358
95710
41282
7912
7278
92983
24583
6948
84858
8468
25251
34394
59203
78940
99259
70075
3839
95483
44776
91304
4348
44924
73479
10840
74828
69422
58847
18682
48381
12773
77402
31539
29281
70798
36844
11110
10184
53127
59192
46996
18672
94446
82079
6373
26312
53645
43178
16732
92138
44449
64893
781
10026
59508
48654
4660
95281
40113
79699
39226
26836
37473
66600
84312
83318
67540
78118
77564
58338
86900
74419
42925
83753
9867
89280
54671
66810
83275
13194
86966
44130
31697
12871
47187
82672
75122
53766
78909
57971
16349
68051
89440
51721
37659
14143
81349
12020
72995
45262
945
72332
24326
76004
13900
5871
85867
54603
80449
59493
25588
50712
31981
69749
1364
5514
95082
58465
68760
1094
1801
20140
7485
30854
20910
89160
30105
6718
4409
88028
75687
13642
19545
10511
42565
50248
7808
87420
38527
60127
54544
2411
27567
5711
18597
47671
88152
54551
9392
46385
66756
68124
80608
61557
23867
15454
63887
24490
75725
2678
44024
5775
50473
61798
31084
42631
97653
97375
34445
29215
99030
49084
85307
87877
94081
42953
44242
44886
66666
20272
20339
47722
81396
89549
17764
23483
92746
78098
11795
55632
46114
45874
63405
79409
68663
34588
22516
23170
58254
92365
86399
61187
54221
15914
21970
29869
41535
3701
33709
76098
9343
84583
10371
7685
75289
37458
75870
54495
62422
31005
27013
91959
44044
21869
54652
9470
19052
4275
63270
44350
16143
9107
92211
31411
11659
71928
63016
11703
80121
30690
76038
14589
15392
39835
99336
69324
20662
95175
24980
29669
6167
96498
42649
93742
15146
35165
26309
15517
87901
8038
80727
97572
62749
73807
38695
14121
68166
72862
40116
43265
88254
24025
92683
1086
91150
59833
28796
55920
37410
58312
94698
52177
24297
2179
98880
73876
33016
17719
92556
87904
80408
87050
15123
47692
52688
43857
51347
44603
96571
85627
47757
65112
65402
49525
74336
63872
46200
18682
919
15871
81649
75842
6555
13783
37134
60006
15712
1563
34356
79088
68852
45443
94626
36359
68128
55205
44450
42942
1320
59438
32674
89890
35922
85434
45236
8914
25078
78920
92504
4209
12525
46063
70000
35697
26698
2417
16564
26734
61585
81738
65462
94345
78457
51810
81763
47164
14930
79549
37581
67330
53210
78109
40098
56341
63725
62645
76867
72439
78290
92051
27487
20216
44581
5870
76962
58270
55759
36384
25424
99198
45025
44079
96143
51655
45534
7002
37504
57165
89665
89573
62560
80305
7196
11929
36683
30602
15908
667
25913
687
37833
29247
13302
69788
26477
97170
35182
11757
54561
30728
97887
34331
59005
41063
5101
12154
56390
23226
11468
494
46645
7041
77884
87996
40386
21932
75031
2390
61703
86764
43154
6700
50658
96100
28425
10633
54681
90605
684
6382
66485
51662
72126
3719
62980
38711
90051
72303
23362
62748
93788
93117
39979
15105
28133
24213
1337
5294
44834
82701
7891
55321
44417
50685
12954
45896
27073
95220
96857
88473
71790
59920
32400
43033
4647
56709
58827
22445
18660
67315
25498
48413
78201
53153
35869
66878
87740
56861
77139
39137
47318
45823
65253
37043
44634
30787
73621
8663
55444
96476
77571
2008
23285
65489
17680
75708
47814
15840
66447
3741
62751
15394
35015
63151
89154
20161
55247
75762
4846
87668
34511
84043
78775
15134
43333
81852
40370
88613
68699
46317
33469
19881
39317
66793
61865
96869
83748
67194
57419
83312
1585
97639
12078
32020
65701
47544
33031
3427
20516
75424
51557
88028
90208
27571
24761
39598
1075
87764
78524
28011
15182
35275
16425
82988
69143
57201
74809
70538
97919
77141
89486
5788
74771
11747
69089
90461
33487
64226
43423
89510
12401
99434
63103
98651
13274
67532
11785
26085
55608
88055
35327
79448
78591
86333
39960
51454
51131
44112
22043
83356
89014
98354
39484
15126
17201
74867
88810
65345
64359
89980
72239
50790
29816
49067
6582
83661
70319
99432
63134
40200
90459
41379
8351
49622
34261
38098
78513
18058
74024
53312
64647
66199
51639
25225
568
46130
48684
33799
31853
1349
65368
20142
44365
36660
19641
3605
29135
27298
64966
31421
38842
48563
75040
70509
17451
85048
67272
45686
87918
86809
49918
28193
95506
2679
1691
73887
85691
88972
85608
32028
52889
48402
13413
61756
30625
70609
17955
34326
89458
76559
35805
21597
41581
62312
42979
97156
53908
45559
54977
22404
22075
34963
4058
351
21341
74872
78947
2193
41796
35608
89366
63899
99105
8690
50437
78193
59665
24870
33055
73736
17185
73996
60076
63811
78669
2697
39828
80485
72249
16588
66341
28912
67021
26421
7229
62095
79032
5333
35262
3485
57307
40529
26576
86977
66077
21508
60265
15142
65977
30165
61963
7867
65191
30639
86001
97687
13911
6006
46969
81132
68912
82679
92681
41465
99716
88943
21081
52338
14696
56852
17064
84700
27656
46911
61732
91151
13919
35113
49459
45212
79201
50087
16186
83752
85305
85736
38387
67005
92549
13490
8648
42817
78014
24059
69714
24007
37676
71445
41366
59906
5724
53513
16625
88988
27332
87593
24989
67389
89716
84138
60449
19551
75272
54888
95460
36255
24401
13208
36189
5577
86846
48251
9113
9435
4702
31937
47867
62957
26774
90348
67367
23988
56223
86121
64383
78407
54136
84709
86892
9820
84299
82776
57143
49190
90425
14758
84592
74889
48754
19383
64126
89787
3847
21576
92795
11844
64547
78918
15615
86127
45796
26152
58690
96926
90239
96587
57205
19796
1645
32539
69023
37357
86910
51614
80670
80663
62192
84714
85892
48745
99880
31206
26637
75671
87463
21167
89098
8364
10631
42766
70672
95748
90609
96127
327
75849
76409
25199
23983
18912
27485
40209
3932
4913
59513
66302
84352
2359
63824
74984
83215
80436
92641
98492
16923
43666
45232
10259
81503
45491
9900
33048
16339
68068
3376
92898
67614
94432
89112
83993
83831
52663
91990
32882
64450
5499
18654
47069
4630
58433
16551
3228
57484
66321
80827
54355
18830
40243
51834
99534
41074
68608
58763
45783
2316
16271
52849
18517
37117
92345
44448
6104
78310
94857
58601
42665
28120
94608
2967
49940
72055
36713
38630
9932
88509
10447
33242
30807
92724
15897
39297
28385
16559
66881
52171
46591
80746
90893
37021
66584
18304
1286
53089
35329
15511
71047
62033
8127
31165
81629
63833
6082
67836
36028
4463
12340
6653
41348
12177
40540
82148
16959
63131
92168
46691
79950
87669
93735
59575
64003
1479
14520
85749
86085
31695
95632
10241
1110
83781
32541
91612
87310
44067
52023
97984
96166
11390
20597
61510
54273
4529
75874
81963
7779
46941
77149
12675
77476
21293
94914
25217
77983
64983
11435
63379
6833
27677
2680
2515
89917
49281
92496
32090
92320
41388
50056
18085
95015
89248
41043
59299
37492
38304
83751
45781
75063
25486
70521
71669
13880
81399
18830
27049
19038
399
67135
42676
30245
92404
79775
92588
39433
67304
44314
88162
58786
14
41290
97835
56821
22130
90127
65571
96256
91782
23550
14767
42524
79595
70882
71913
30744
50387
96485
4737
39045
38447
11857
40650
92456
32717
28082
2370
20576
78562
46135
69047
11843
73040
85240
75242
9741
5602
87535
45970
13926
19775
69888
10233
2597
52072
64282
73629
75588
18661
43617
65270
67452
36373
22341
45571
46097
46957
95807
96083
14631
13945
33759
41996
44206
22812
49833
36694
63709
87445
54345
65466
56021
11303
39297
7111
69214
6559
93195
96640
58379
41450
87361
97777
60450
14040
92255
32419
46077
69562
13865
12203
48015
26524
53158
43604
58310
46379
11871
48222
72532
61002
16414
42622
66367
55932
33652
92874
44085
46392
19216
42999
31736
70718
95369
9438
93899
15517
98483
27235
18183
10683
72493
94999
99560
10357
18402
73274
93068
14228
98545
19764
32940
45361
75616
97433
94365
31431
41497
42207
25708
2742
47909
48768
10269
59789
81882
51168
62734
86680
84361
38789
98521
62201
31237
73320
63670
7836
9009
17643
95586
41843
8071
12088
93341
47014
49034
68173
18795
68607
19199
7612
95892
76326
12100
22832
94495
53985
30530
50465
47742
9334
435
64064
36010
64108
8924
66172
66788
779
52903
37698
61598
8101
75929
43477
56551
81356
37590
6049
14219
73154
65096
37348
66545
39047
85393
86241
82677
97072
73335
69031
36669
79700
53361
52925
42224
86390
67640
74788
72123
69101
76460
900
16376
62775
90189
3318
31645
17880
1706
20286
90603
41970
83453
95319
30047
96089
51631
76482
28645
35994
51623
10657
9294
45666
82346
62248
36993
42083
18362
66046
92411
30899
92666
56560
17643
20794
70717
35985
9162
10101
32952
62418
26369
69979
93440
4525
46098
46256
97170
69125
28571
35052
16691
92172
14789
65613
58836
92452
4887
71956
89659
39433
75641
12741
5076
84232
26084
94661
66844
78400
85455
26861
21260
89425
65761
91112
583
19418
17632
51339
368
77386
50367
24642
55527
18809
40213
78272
84142
4842
500
99836
53275
74231
22408
87435
56131
27884
77187
33478
78776
67458
67019
51012
3604
30657
83488
25853
56369
44030
20326
76890
30724
259
29076
32172
59836
48239
70073
21484
93036
63435
84789
27189
85340
94162
65528
69744
36081
5825
3928
13973
47260
33561
28903
40527
71781
72312
76251
86963
88595
18431
76112
65793
16494
67374
88047
42278
87691
71323
57006
75201
57897
45708
16645
3626
32122
56991
85239
78421
29337
43074
57473
52942
94568
62890
97747
61308
76868
87423
34451
53245
93435
82812
34797
26946
73818
44115
93619
21947
84305
70621
36629
93199
64706
81060
46289
69411
11409
16995
1675
15120
68149
24453
32648
38859
88936
92313
47022
4231
64042
86818
59015
81241
72101
85232
32451
42241
46528
46042
86051
17951
19065
93599
9003
70689
23608
38479
81674
26241
79406
5522
84195
75252
28982
50082
64546
9192
96063
25084
15986
96504
78786
78409
25576
19453
27021
60189
22767
29286
67065
33148
5500
28575
12455
61308
80690
28751
78667
69381
94198
35665
96921
19354
84463
67980
62848
34804
84938
53446
65934
32109
52663
77476
25557
60176
49317
60991
46196
17806
244
27548
23135
33049
85624
19044
22984
53429
9532
84737
78244
91928
12259
20583
7067
60700
45659
50218
38010
8382
58141
2423
88016
35175
14390
93109
6543
87441
13115
18159
69756
51314
96661
55314
30317
92525
82586
73247
91968
50790
95055
46670
23302
74933
95599
22335
77098
72579
74844
24889
88300
18486
61235
25078
91717
22818
32629
95669
57739
51924
63179
17768
53626
53433
21228
5031
33577
90664
34509
2214
34266
50431
96693
32772
68435
82484
7918
66515
83652
78495
93636
62625
24496
59472
45371
34887
98013
12072
7627
47804
16416
64372
51824
54476
71394
41876
89051
82269
81332
12049
43405
22761
5304
62286
34019
96589
52319
51897
82955
85379
32128
81549
73159
40826
93567
91317
15406
25339
97556
83326
691
68920
1384
35824
39042
44587
44457
66525
81338
90525
74822
35685
4101
77318
89363
50706
63075
65725
27631
54639
23600
59820
23358
49586
39197
85832
63379
68387
78160
66709
11973
27967
69586
48866
35356
68100
99931
14435
53143
63809
77806
22999
20764
61765
6313
85166
29870
42160
74384
77664
79325
64307
24078
20282
78746
68534
8192
4052
46062
69978
16481
64128
56948
16276
90587
61210
77289
96511
36230
28801
28894
38129
72489
84424
73491
66653
77533
86676
59759
46656
59029
30044
34543
36048
33586
93020
57789
67661
18966
30986
97963
89613
1901
70993
67104
57970
97211
91959
70142
72435
46179
17488
4265
13556
24941
35229
19238
4519
90054
44120
14804
86826
77049
84506
92335
40233
94091
62546
39930
71847
45488
19490
35069
36871
26645
7413
29950
20873
81421
6758
5384
77981
92542
56440
34008
17608
96386
32046
20342
82184
32657
34669
6476
56026
70213
9158
5074
55346
40477
63518
85396
54917
15639
44014
71611
46516
24841
63205
68366
81826
15480
95709
60290
71812
72527
78673
6012
85636
71190
60453
74155
71648
64886
3370
64041
69179
46583
57015
12475
60577
90001
52555
20574
93899
71546
46513
88419
73697
66793
82371
52514
80715
6641
9235
35712
64221
27269
85462
10929
79164
97023
79373
52601
47881
25891
20727
40399
37107
58161
84919
33071
80236
9106
54453
95975
13436
26762
70432
85483
70497
87385
38664
91678
59539
9982
57237
82816
98113
24323
54095
84677
28585
75938
93861
45546
79257
9062
14827
82257
46459
30500
89906
81220
54721
70753
65111
66425
43264
17026
8946
94995
95808
98915
5140
97048
30675
67735
23324
48370
60252
99921
36563
54715
16003
51058
31857
40034
55783
41664
97230
94024
19150
74091
42392
19286
68113
17021
89470
25896
47723
75438
40954
16120
66557
38783
32451
25771
81521
26914
96757
8828
84030
67124
30241
49354
13357
32389
82160
31918
45206
25012
52681
10930
67546
14467
7182
55348
5402
77288
20847
89468
88235
74455
87031
56970
18647
98518
39480
32357
65428
3450
42302
66102
74793
2142
66294
94892
72166
41428
66716
6415
75143
20933
44608
44041
46425
16231
19733
42035
14660
38198
4587
10101
36720
77268
51739
86706
55419
85421
28976
59166
42419
17610
96682
87730
71358
16539
63215
90617
97546
81667
84344
92978
401
57266
35189
80649
69931
45693
33441
39394
76689
85487
69414
64836
91653
87403
28082
36102
29302
69951
77927
57177
48168
17056
72800
30907
31513
15656
35681
8383
6887
40140
42286
7302
98637
1933
8910
7126
47936
34011
19791
96377
93989
39963
68794
1638
30110
48274
64871
93502
95780
23763
91245
4575
85948
95625
95801
62366
6005
51843
26692
60152
86885
48623
86640
30074
62350
92160
89401
66349
85187
67411
15494
13140
79458
42705
22094
51220
15059
64194
99335
5519
34617
14894
73957
32799
51367
75119
82513
59393
72295
53026
80306
29400
94362
67321
5806
95710
17869
59520
11608
63241
71625
46740
63182
34119
84834
12251
36549
3067
41977
86971
39668
81219
35377
87603
48384
30484
12304
65239
29771
58924
76055
45603
25169
51538
11166
95556
76835
26929
38506
2752
88795
6862
58863
53881
28049
98993
68307
87154
41429
87997
39892
61527
59301
87952
15594
64839
52133
91572
77083
69989
12179
23854
45427
33951
44247
32946
18368
54064
35192
50932
58994
45355
35173
47709
31821
21454
80157
62164
56122
88351
91298
45284
6471
28063
11006
98987
43856
85419
2674
63889
64911
63359
60244
11221
39694
33469
62445
56920
15381
42407
52941
89722
93104
97651
43276
2526
29073
13784
17666
89373
64939
67943
75290
53664
16093
40939
97780
9017
76816
23980
49820
51222
50938
39709
46986
48705
75972
38863
33264
64401
21769
40682
28010
57269
62003
38454
50357
72438
910
37740
59325
44230
37578
46035
1164
57103
55419
83835
34325
60382
73771
81196
57691
74308
77190
71734
52956
89357
9027
77876
61357
4149
87715
95156
68190
2689
76406
57180
37954
11470
92636
34366
95701
57110
47828
7365
44832
27089
78217
10
47021
69409
46345
59119
96265
40652
48484
39086
3884
52967
73376
61264
9546
53060
26955
82444
12175
76142
84923
76009
83715
29390
14772
6761
68268
69861
90150
55901
51780
63078
71713
63072
20821
67057
82930
70928
56855
13883
81992
46077
55460
80035
1581
33636
98345
60561
26286
83292
92070
78631
56341
22935
84891
57013
9091
64065
64121
92604
66638
66984
27389
25076
10010
58137
56160
59689
84175
64517
97182
81123
53364
74774
26311
58468
20458
11234
30420
57486
9663
68415
53125
58813
54559
3837
31171
32450
83767
79050
22532
8743
41251
19449
11893
95706
83144
65218
77185
77347
35159
76533
68584
54569
42176
77738
85780
47275
24569
22241
27603
75226
29922
39943
93860
33321
4617
64238
96614
54026
51953
43870
62018
39787
71377
82898
80353
77036
92165
56772
20586
36313
64554
1561
80682
30706
89228
39059
80734
43125
67537
47791
24048
33257
3375
11588
82357
86380
594
54384
7200
92625
89738
94108
64700
10770
26051
76604
12807
86708
12657
17511
37824
11967
33281
29150
2048
4742
41245
72283
82665
28497
70866
78839
10866
43186
70318
38897
88565
22189
70396
72517
79956
36650
5466
96432
77731
81926
37917
52314
11581
63971
33537
44418
21547
59289
53179
61346
74341
63751
78651
51337
55390
39272
34508
40239
49958
4084
1705
69649
28745
31596
65369
16791
74027
97886
68923
93461
21466
14518
29293
95187
30092
39171
29058
84639
38668
88567
93482
63339
66095
49982
49900
59500
86808
53242
75419
40905
74253
80076
96716
78111
96457
19220
62454
3212
39628
59456
54197
85102
29231
81472
94000
2471
45097
45359
28595
31726
27238
13894
66689
59312
14913
67545
9014
78234
71359
81271
3809
87047
28796
4702
25545
78171
71328
84360
5998
19105
7196
72083
61526
17163
96770
20920
6336
51493
99257
73190
66450
29856
83820
55998
98852
15252
69141
50564
43499
29908
39096
87976
23752
7599
44161
1893
35098
9208
70199
65940
52626
75865
96726
7557
47041
5930
44074
2700
75408
94565
17568
39461
4095
45396
44150
36845
52232
33322
36802
23322
12809
54882
6179
36869
32649
72679
93309
9384
26786
43496
24455
43300
24244
96523
47147
56596
6532
79658
87927
53375
1742
15881
44680
24632
92941
41421
62065
17323
17646
77861
11058
5141
7722
98960
3966
87471
3625
82651
73980
23448
91121
49916
23957
66946
15170
61468
98005
43758
82288
4105
81279
45203
37930
9172
19620
2750
52645
12617
86519
36151
20548
40716
72656
51438
85823
76985
73757
59687
51894
44089
22796
41354
44964
51627
89172
76244
88214
39299
30546
47434
49300
67917
34858
50073
5908
48665
56995
28340
64893
38740
5125
51734
67418
36002
78277
99697
90841
83677
96244
82736
85180
23314
57991
20333
87557
87979
37099
44813
63169
53059
55979
91723
15969
79316
69098
18731
99402
69636
28101
20680
52634
27677
77494
28251
97589
10977
56258
73488
37486
96549
50108
6473
46916
57666
30935
42198
67378
68196
51272
66601
57446
4345
56235
79040
3226
94148
67166
44440
86450
14430
86701
23614
59750
18337
64409
23628
30158
64467
1882
47769
84055
35468
36510
30645
73563
86840
25186
96415
46103
994
73820
86985
68692
94211
25887
79954
12476
93526
6611
78942
81430
85404
36660
98194
74986
95937
71484
84044
94219
58507
68985
18915
75411
23801
91555
15842
99112
71507
73278
10394
56960
95416
23511
19074
559
6160
87550
22361
20378
19446
86603
81073
74943
34533
48771
90282
58546
13161
38276
96017
65588
17005
52544
18670
12331
68447
41616
91560
72284
97211
87750
28712
30072
36833
63387
33329
86355
12834
94052
87789
5405
91017
65658
27341
54963
46121
93598
48794
65043
9798
61206
20231
94824
34989
91162
90884
62509
99289
61920
43520
43066
92781
83237
91890
75126
89638
98060
27387
26497
25687
3683
74527
5948
73022
7836
56517
89866
97502
47421
53074
64580
11204
2694
6743
14608
74335
8079
17118
79199
31680
80326
58911
57771
37048
41366
19751
15447
75133
12760
54866
73178
64133
16341
83851
1676
91229
23164
22214
73365
89924
122
76616
53636
8860
996
889
6002
38675
70063
56417
55141
68054
40668
26828
30096
74142
57420
58116
31851
24675
47309
65753
14291
47939
16686
53008
57247
34086
17165
12926
38727
58218
55888
10473
34592
16465
58680
73199
79476
46163
597
74741
4842
68333
81164
36610
6755
87944
53867
37472
49652
96348
76272
64274
89849
39803
74927
15692
30060
88617
92305
87993
16888
70412
31933
71373
89609
3794
67726
41620
63086
83907
34752
34468
13038
81257
54607
85191
53138
25131
76128
6859
77105
21979
378
73456
44461
69402
86517
91836
18620
31181
3731
59016
31164
48024
17269
59736
47944
29915
35013
19136
87511
45479
47910
63062
83923
47096
55078
51785
91542
45193
16652
37834
44138
51178
84265
34866
41284
26305
3265
96257
87362
72139
15777
9088
89407
88404
91622
73485
75162
99624
18940
8218
69756
74088
50057
25938
87074
64525
89476
86887
37699
46456
77458
1706
5203
4882
97594
86404
49941
31308
41978
21670
68002
98864
12150
50008
90587
88813
49602
35136
36939
24357
38974
42671
62482
4513
21122
85025
27538
64956
84552
46945
24805
24177
24107
3104
52042
64185
24001
6829
84415
20273
93320
34819
61210
28971
21565
75947
74431
88501
65831
83474
37397
34160
82343
51932
4232
95211
9401
88676
8270
34865
62042
74387
37418
18352
92115
21727
58531
46013
15322
1643
8042
6843
74016
16490
70692
87993
22913
80851
7455
46496
47923
59583
79672
38357
16845
73930
63873
11613
1380
60177
54988
8063
42911
75781
10059
5062
34278
17939
46099
36676
36671
16394
55209
24721
47473
91402
37178
58904
51954
76131
94841
12837
43148
10157
10797
81056
27958
60061
52926
9493
73109
97230
16221
3602
77257
77564
60927
7053
44139
64648
70678
80437
89487
67284
3050
64919
25480
99774
1174
59999
73870
90563
65790
34525
90254
65265
31761
32624
41929
65654
48156
36706
79023
34291
23796
60946
65613
46291
13531
2015
16133
42031
13698
40991
59280
53549
5207
44109
38222
54062
44311
1524
38899
20945
8710
33282
30711
62818
14453
448
80002
22629
9612
8397
86151
21290
72120
58975
20563
30873
49934
8096
44379
57659
6932
34749
87346
42412
93452
17181
27099
61985
90997
53705
7238
79987
96174
71925
16612
4421
34644
5775
99307
84151
30061
16018
74227
67994
36598
165
83662
99064
57440
1644
21730
5137
5513
29649
24540
299
12767
80045
84015
72376
3011
12707
45600
73769
45927
66075
74657
86744
10112
75978
15510
4225
51413
35021
31201
66867
64993
54190
74401
89942
70313
92041
3078
54539
14350
84825
11297
204
18539
54643
80778
56246
61948
88778
1406
88407
73477
23896
84781
79089
58277
51095
28404
46266
35204
66674
30823
68082
98467
11953
37304
99531
56954
11355
58484
14258
9168
82932
10840
71495
71807
74151
42000
30061
74372
29085
5310
86992
48728
66254
85548
92531
53088
42168
31267
60243
6300
17263
71577
34028
60192
82637
42714
88209
60704
85590
46880
79074
2758
69875
55202
39341
97062
34648
60437
83882
75442
57744
17218
13890
37270
48560
64350
65153
4677
8801
88128
89234
56097
32442
53326
63979
53386
12292
77631
53745
48831
48422
35833
20548
82552
92214
31306
39239
64145
84852
67653
37684
38689
98915
30841
87885
8767
86755
58108
56635
30734
16908
84643
39952
24181
46098
6383
10991
54397
84253
28869
80165
29870
83891
67598
64156
27377
46719
54435
77787
9824
13876
86650
24349
88787
62294
81543
3521
91928
23767
38482
37622
60232
65835
84681
11494
69709
91125
42185
2047
7863
56995
1770
16073
8034
13010
29636
63316
20259
37123
25748
20754
51305
15399
27124
93475
64687
94261
12633
93803
77902
1368
93466
8585
1001
13431
1646
57468
3632
58238
56744
48422
95882
10168
24805
91702
744
3409
48524
81521
11382
23651
72009
899
91123
15036
76054
27641
14001
60239
327
66969
76150
62224
1270
30600
39106
67498
76556
57126
50135
41163
77766
24274
67283
13930
55584
58593
49471
31926
8576
74097
60578
31721
98504
28863
6795
4317
72001
77131
80424
77944
77481
48659
33234
1047
91120
23284
86314
25720
3238
76669
88229
31200
63480
88401
74900
26755
28637
84065
5963
62619
52747
37920
76395
87923
65523
47279
63387
75076
54745
82712
69729
6347
32278
10170
78318
54322
13865
13238
51101
94057
98648
91718
70565
25435
15041
32003
15819
27772
45835
94738
25803
28009
43720
51053
8510
19096
81538
28256
55742
32502
30397
97168
67017
98777
22765
19502
72961
70536
21265
72967
12090
7582
17309
78665
9277
15032
37087
26546
57804
52105
51423
52412
33037
95631
34870
94475
46559
19121
31660
59432
34755
40959
25555
70467
70498
81828
98684
77283
93130
58521
37373
1183
18330
69479
91974
71374
28304
38111
30476
17249
93346
82306
15500
60254
65671
39406
64678
54352
2972
86597
86309
26074
99184
45152
76172
73247
41847
82384
84654
98610
33510
9272
52100
72429
60936
52924
12809
67248
17266
12079
9921
11526
91954
42543
84578
15969
12542
93723
4000
45671
6329
3708
15312
40094
19558
90988
77340
84971
86076
72787
49954
80701
52655
72592
65707
75144
87409
51797
43982
75282
12802
86579
29819
66319
22586
94561
77903
42722
58660
31515
19882
94605
79637
49740
10020
94455
37069
1962
16859
61657
27530
12682
7575
35643
57519
30544
79593
46540
99252
42728
15334
12495
99272
957
92167
65333
89296
88773
10078
57572
79025
37175
39978
72548
56378
38748
12843
92246
9980
76132
26316
12328
12688
44305
87374
57495
96243
10257
15237
27018
71520
2936
47526
28628
20464
59107
49228
96843
49092
49822
71450
83579
73689
4207
82574
6500
7620
93890
68152
79797
74756
52323
64741
23015
60542
81880
80865
97894
30403
80484
95166
16337
22400
46446
21930
20202
1527
61233
58929
6193
50709
53139
26952
343
8220
14284
86646
9101
75569
93998
876
74298
85920
50420
76686
80212
44953
9302
98131
7999
61289
48960
54956
36614
28920
91247
60901
8594
53109
51358
91372
80643
37688
64094
49404
62412
48815
24165
63719
15601
49260
14638
82326
51061
1756
30040
91263
48766
49371
65557
48789
23834
85814
75636
34915
20195
27453
1662
14029
89014
65853
6488
97416
58207
24241
95122
4499
70314
88918
22637
1516
66977
36555
41477
81541
45857
11069
39567
38035
73341
73863
28372
29098
62401
11104
51334
47437
85309
15528
75276
65791
91904
83387
64257
46163
20751
38884
60059
55342
30906
66179
21394
91406
70324
18790
65279
99445
20444
75002
77246
86906
94536
11173
86716
57615
85449
25676
37367
62392
58189
26605
33065
34364
64319
48204
59328
36307
92898
61450
22968
3965
71252
96165
40172
34008
13779
59971
44112
11292
62796
64063
38672
12040
20492
29265
1556
57921
24196
55430
61836
46031
37053
8638
96344
55712
70065
64221
96608
13759
18289
84531
39047
3900
95630
93720
1514
79299
53125
3103
62521
19751
71620
55870
9452
42180
82039
35769
57236
22995
22976
89311
77359
45648
10948
46747
1295
75470
97427
64872
9439
25018
94610
23201
43401
29870
75698
48281
12362
62018
36826
42246
66128
40653
15793
93298
35458
45828
47990
52571
99581
25104
52566
64103
34507
9256
11281
30045
46366
20016
15493
83557
4445
85507
6421
99413
73379
75429
54577
71379
18554
79919
650
38975
73732
21840
23438
73728
89224
45931
39100
43932
38870
43840
28964
1208
73091
1032
12213
73762
55093
2905
87648
10264
96583
41347
95645
49130
84508
57822
43491
26255
85014
18886
58744
73693
32777
33627
95950
30367
44880
38805
16059
65877
24337
89165
84013
21774
3074
33300
1748
90553
3508
55220
39695
26173
37062
25170
37302
12195
74264
17871
45675
66670
92122
15337
51776
23108
70195
28899
26520
89727
96098
33299
90516
9565
57521
74993
14129
5477
80968
98387
16341
10038
26807
81528
79422
47055
4045
89603
61681
1369
25282
18733
60316
48807
99735
92226
43931
99204
95946
40240
73916
3772
3590
82856
77679
49781
67553
87956
57039
36828
98294
26438
6943
9875
8793
84342
58281
45191
90063
65556
38149
27297
88844
58552
10768
73663
70057
72010
40147
8823
7560
30680
13866
21281
75662
33842
2696
9566
81068
40494
30510
8572
99109
39395
53222
24452
39303
13803
93268
99805
64110
62615
75946
67914
87810
11201
21358
5899
80647
47348
40507
95787
95198
67855
33515
19584
12541
82938
38744
93560
53344
49392
25426
74918
62147
72207
8905
98680
85232
85466
38618
83761
84910
21850
77003
79407
6025
17263
19177
56108
1531
42595
75543
64128
56054
57096
86064
85786
1246
10018
23793
17367
919
42452
15251
59050
28103
7662
45884
21374
37775
26502
54000
65633
87075
34449
76748
25513
14383
42992
32962
75503
57954
25595
92052
68658
72156
16086
98216
2199
74961
26352
7305
23767
44733
21190
35193
40959
35073
35812
61325
14597
95931
65502
28677
30955
27948
59371
36205
49300
4044
72095
10104
69762
45570
71461
95843
79740
27375
34435
57786
39416
9345
43933
88541
42758
60167
37959
11517
89329
99498
17003
99292
72156
69638
46131
57835
45821
51988
23569
13062
98042
75526
69365
77017
41595
63728
67492
62118
56656
18500
51078
37727
37872
44986
73623
64238
98221
65804
39110
21227
3508
57497
14120
89351
16691
64462
40457
21582
92860
17121
98381
88036
68267
56262
84031
93065
26395
35835
83254
5511
25689
76475
24582
58496
7980
7464
1710
32631
29105
60226
35868
28022
64834
54240
9294
25032
27893
33373
81994
19179
349
46313
31669
36803
87666
43013
42885
40955
52209
43701
79403
92158
32801
31861
2643
19051
34487
88314
22854
18850
31209
55155
47282
98794
72667
31531
31282
77336
21051
93730
3523
7321
90296
23801
20080
20559
38929
48253
10247
69180
91636
80960
35586
52828
33730
60620
47573
43328
60471
97207
68325
93857
86063
8166
52218
19826
26156
27623
10496
50009
6123
44314
90878
87695
7315
90329
65372
65780
29322
63873
67419
79807
64536
94796
76533
55247
46545
48529
16447
10781
32431
8674
98871
98298
83427
95769
53038
79703
70248
99317
26423
38426
52794
28834
51653
2166
88860
77413
5997
34321
28088
73855
44361
84480
36355
2918
51337
75071
58671
95896
67802
83191
6181
30595
25091
97080
54243
75078
53334
98303
75104
44018
71287
15803
56939
81532
50327
26733
86485
91981
55944
99533
50752
32660
55833
34753
19179
42923
99474
32529
68126
50342
84713
26065
34718
31422
96287
50036
96494
62792
46428
92403
12155
42371
13362
17155
20197
31290
65331
61872
43492
45432
51562
18152
21472
44095
15081
53028
96592
35483
19360
77695
74620
92806
76859
44010
85641
59422
65368
56417
44544
80234
77201
36438
36974
44914
41732
83900
62433
56884
18327
1183
76136
97822
21988
70858
94960
89821
84908
63879
8220
4972
68292
1209
66503
60728
87464
65881
34720
87070
83869
21233
25928
45576
74787
63810
94381
56144
21644
48759
56885
38044
41071
17859
90507
67513
73099
39404
38163
53540
16799
14158
25206
64703
61993
6566
83949
21712
20690
94035
32718
68240
28294
26750
52456
38392
13909
4724
39547
62015
81002
57558
85016
43975
25966
14128
10759
21803
75598
36628
70924
41315
97361
65481
87707
45297
80501
21030
13376
83670
28915
55171
20002
2201
69001
60965
16259
97077
29967
29894
26357
60492
19476
29835
95951
81800
27107
34974
73081
9859
62154
64955
83150
91765
83168
71453
48259
22860
96414
542
31757
14055
21616
7266
93188
95596
14137
19894
91249
45963
87780
99108
52150
20178
27938
55022
54023
97009
78015
8027
70872
3586
66179
42744
96363
1511
11771
99307
21589
57003
25599
45387
42889
38356
27072
58609
59410
55555
92952
83974
37804
97407
24166
7855
34566
85268
70912
63426
82451
22926
67019
58571
81430
66615
55944
40070
73888
86454
79473
2884
4615
71877
58549
57356
60946
53313
76676
69087
66184
23975
453
2811
39823
7453
34463
28788
8544
1624
71939
29868
89656
94006
34330
69423
7648
74623
44810
18424
34780
58896
65511
57012
52636
40449
39016
66617
82776
56351
78834
48140
17229
75131
66205
16289
3366
87700
24907
30500
65415
70183
50365
63194
21127
9489
98353
71327
7270
61601
86584
4231
32712
4461
88644
3132
37087
47597
57847
71564
12892
46468
21781
14082
48661
50782
61329
94740
72039
16929
38096
78486
52441
66719
89598
14229
23792
46793
21840
8714
63317
23298
50376
46831
26755
48769
49263
62079
98808
38394
2843
52289
95778
66386
78307
4695
59542
24299
26518
41156
82513
51399
70559
84801
36669
29610
420
26531
83904
94180
80140
53599
23946
60010
15760
51626
39782
24719
39519
37620
75902
29102
94321
38731
15005
86496
55659
14514
42125
17558
11472
93815
72397
3629
43404
98855
31820
60538
40564
84109
88278
24367
9538
32343
90043
78779
66192
72514
31260
55993
82150
60399
71257
44809
81397
97695
66142
5526
38625
23166
54438
53459
59209
69925
92576
42389
22585
32937
37191
20036
90219
30154
27961
27853
22312
37922
1334
80372
84390
98892
75
42095
64328
48787
8562
26047
77560
63053
4333
99895
88360
37430
66970
77660
34730
9500
25418
56878
88836
85801
48415
36474
27881
44264
18093
78518
56920
93518
36572
30281
63959
97834
40827
17707
21564
8761
6072
33948
38343
77302
18774
76737
52281
48555
73186
86909
6477
73589
83063
64543
16656
98399
54116
77218
6119
21744
32812
98737
64721
66596
71209
59763
90349
11025
83868
63653
45860
67718
9482
28969
4359
28235
93297
59357
40252
94921
3240
75937
89572
55345
67181
7967
3235
8176
35720
59793
82597
89144
12880
43262
16989
24082
32851
71659
39048
92458
24395
2208
27478
16121
13517
76861
4310
49017
99043
41405
78868
34657
12874
45411
67759
35772
6119
33463
92188
43367
90292
87249
17350
28926
10261
51814
85852
5663
19636
66149
1617
78992
33149
85094
15572
97859
63122
13531
65933
12543
9590
20908
12957
96791
43302
79479
38666
5147
57962
42685
6051
57027
44563
98997
93853
18024
7503
46440
4989
93568
49073
33443
15046
99746
96508
46251
17907
47017
91078
36548
30746
39309
42233
21404
16839
24610
46524
3797
96649
33070
60639
37525
88131
37489
38879
27856
42719
40784
49193
43485
75105
81001
25196
63014
31382
42724
25099
14119
88084
23353
57242
17736
66619
94922
17224
26459
78574
25901
43249
68845
96175
45012
40172
76689
29396
74629
15760
80066
40081
33596
12393
16855
2104
42497
82078
11733
22490
4132
30729
801
59668
30650
73481
58417
30836
35727
34509
86085
69110
83063
41648
94496
51061
24709
97506
86555
90651
90385
62041
52141
63867
72257
77003
27215
51019
60119
23093
1236
11478
56862
65662
76369
8109
24832
95654
36951
52097
85804
91292
31296
55439
32434
41929
76577
70592
46251
744
44204
24385
24080
10908
48942
66313
65894
14700
60711
76722
44813
5459
3435
68002
90131
51971
84896
25547
9305
78471
32349
71937
15552
29291
20081
27167
30859
97630
75923
42331
77689
73597
16461
23113
70647
49283
75932
5288
11171
7447
487
54870
29726
18864
91946
75260
23321
19513
23983
85245
17819
66456
19840
74688
21496
76054
38104
57693
95811
97685
95863
61613
49053
82472
8746
28
80408
9208
95674
1158
99864
2471
52546
10940
78816
62982
34852
34134
81126
78897
7199
76470
37621
97240
13789
84300
94604
81869
89714
35561
62935
5772
4924
89652
86623
20778
52098
88814
21880
94439
49696
73191
55421
64015
82809
99603
33129
67556
51994
17883
67550
25675
34970
12829
13864
85645
63626
80802
41265
98418
97467
86306
64666
87107
41508
13268
33073
59717
15355
98593
88969
79337
75413
83151
23412
7249
53531
32789
66102
34430
1111
38852
68446
20755
50045
78817
27641
7263
13223
23303
72412
93812
1186
9969
72830
38880
46716
76034
50525
17042
64117
90288
19825
47586
2774
459
16554
12647
54346
87328
65354
74409
32090
31076
53208
94815
80088
86628
84409
85350
26096
57001
15805
14340
67465
54627
15547
29676
49898
40317
47189
62090
44598
9852
71323
67160
19826
79251
89732
57441
43457
73307
91395
6686
92077
31271
61659
63083
59591
55935
98033
65146
95540
43361
71643
91714
71663
36114
75364
31742
51420
24577
88355
38344
27580
49155
47853
37394
29264
20826
21066
208
117
57724
69122
56555
28543
47169
45530
22432
99965
36656
72311
17736
63318
24991
48711
50961
77942
1519
23973
44857
32861
84160
70974
38471
4724
50585
34703
99426
12986
9779
11403
24809
17677
39406
94105
59942
15316
83676
74671
36239
13303
88412
730
49455
77359
72418
15257
60404
56292
53858
34760
92828
29561
93996
65389
80249
48888
16805
29425
75590
76455
74703
23001
50623
49326
17201
28983
10551
88324
56201
35423
18154
56495
15010
13253
58274
26448
42956
64381
80205
17027
37268
55325
51163
46382
40300
88807
13900
22490
14785
96357
74524
71664
42437
33459
76109
14100
85467
15931
63980
45340
95851
22850
6043
98245
54340
94829
51251
88264
47255
30944
44939
33751
82096
76273
42290
73797
1647
1235
93087
48064
75343
16321
85405
83004
95157
19972
68385
95334
33182
9593
72091
8946
87135
42267
86879
70906
36485
51713
83068
88947
87750
68877
13752
66154
90179
96243
13917
1493
18079
91636
31745
26347
38185
91518
89809
48908
40158
74992
48770
66101
68786
64140
17462
93613
78676
20748
69211
30452
62417
91652
1188
4128
77043
89419
83558
78986
939
17750
30059
59409
89472
81925
59554
95775
85466
64955
28814
20058
90397
12246
26049
46718
1139
22730
47836
52023
48057
14680
38484
91435
82583
49238
84108
6663
80317
76282
71922
59872
21646
56276
57787
15156
44205
16379
10675
97998
65281
86800
18673
13205
91469
30177
34681
28333
3797
93535
59038
50761
63571
38973
31856
59151
45688
44266
20629
57709
6095
70182
26930
7247
29942
26129
59855
16395
49303
83905
13934
13277
62164
192
30591
19443
77094
21498
33302
87961
53584
99220
2853
70484
24960
86305
18791
61859
78827
52646
5598
3315
19650
57722
44219
98867
28343
17137
97093
6071
90971
85403
83490
15954
98540
57070
44200
91462
64622
9144
67743
7638
92233
30402
91952
85316
8721
34476
73226
94771
70102
20230
81947
38171
31803
43518
58036
91843
51458
84605
80008
40896
59670
8168
41028
88195
16025
97570
74128
13919
56109
44317
29061
61245
49215
49028
46835
81703
39757
22461
94892
81129
84305
18490
36175
41950
19942
14683
97436
39254
13508
1726
98102
15931
46710
979
92012
84207
74688
41299
66193
61095
76488
5465
20034
3833
12408
8767
39096
97166
85210
6695
47993
11807
17082
35765
61421
95140
50821
67079
35660
78386
5330
76359
88682
94119
46824
75596
66265
48129
47536
14507
11526
40423
37825
11951
40893
5849
62108
5304
31019
9196
4152
66733
50581
6116
68346
53603
43651
69592
93744
98644
42689
20603
80698
9450
63498
62017
76792
3961
35608
56967
56390
77406
21164
90302
12945
84961
16264
69486
93003
49173
67326
2798
28520
43836
81936
71473
2727
16268
64670
3736
16039
79427
34821
26498
64131
16090
98840
42569
89185
55213
66175
72877
20442
2202
79907
61824
95966
80615
12396
26076
12105
11015
30918
93354
21980
57406
21608
33362
87422
98161
59582
36430
57099
90725
44114
4237
59805
21810
39003
28311
91837
8768
75889
47148
97337
52794
67320
72920
11889
22102
25984
41549
78495
77438
36626
55963
75718
31751
36207
22180
25388
5843
43212
59269
26021
69068
47260
24612
20592
74269
38058
41475
79927
76185
9411
92389
12683
96310
14070
74459
77686
92567
47090
55403
48799
47474
67676
15596
33742
84077
67682
3861
34230
40368
68017
48712
41378
41166
66089
56099
33127
59391
53815
81580
91801
88358
93737
84487
84176
34679
21266
79190
28880
1885
82975
56447
13360
28703
26264
95394
1964
32942
36542
46509
61275
12612
39416
81263
34418
65645
16643
52466
51472
61998
83802
62140
2662
32137
45606
6742
63119
54752
22943
98779
83566
72745
72017
49059
98301
88547
40586
24908
97700
87335
34408
28275
80440
22219
27327
25567
59382
79237
19231
90323
58787
21709
48063
33213
76462
30779
22785
92916
55129
41195
59428
77385
12031
25369
70697
25592
10524
71643
85869
51371
96914
64945
1710
97037
86212
12651
59882
31935
99087
7407
39560
25463
34316
78310
35353
82603
31719
18519
99134
63340
32192
72820
94720
97535
94128
8786
47162
96361
76387
49448
60281
41072
56854
19245
97872
77556
10423
12938
63263
97365
53774
40069
77261
23261
24335
64393
5112
80237
35051
42552
10655
7761
60043
64323
26285
64090
19111
82494
55666
79526
92267
78504
64212
57416
21343
38645
23656
98990
16382
69524
56468
64185
38911
8743
59631
32234
37887
7623
49504
50524
4929
37386
47252
6204
19111
15759
2333
8741
19227
27790
9438
52865
58180
24390
59613
86296
51085
92771
52685
20895
20504
98094
19376
4447
62701
17314
29972
86036
19245
45413
85872
93231
53350
29116
25109
76025
21772
2936
67172
18076
76249
91796
68306
93000
97888
39159
8419
70592
24238
28468
97318
90889
88905
46412
68785
32728
67319
50602
39034
91391
5909
25376
2739
60564
88615
68814
8058
99204
18177
52838
16916
30378
84693
24311
63900
22748
61739
21264
10788
71682
33356
47450
80426
55439
52108
45186
17052
51257
55519
10440
45048
30575
43625
70456
48368
87253
34640
12560
31413
74854
31636
36621
84533
46577
45848
605
49336
93778
5713
93215
37533
60692
92574
67878
92310
9232
62575
93386
79648
31755
27373
14416
68605
65855
29573
93162
20997
25166
54828
62114
9870
15268
44406
53008
88516
29848
59197
4944
26986
87644
24182
18960
31299
75337
99309
11311
9405
86089
66193
39554
36642
27572
59286
39847
10492
30360
99710
31576
78667
30523
66701
96665
82264
69526
34635
68566
83119
54805
28818
83137
18123
25654
82309
58228
41535
5733
31919
71954
60131
75928
47907
53272
41061
43536
28944
33652
80645
22681
77172
1927
23756
52494
49180
22442
62804
24643
57739
58723
76032
14255
56542
5964
76850
32561
48710
72675
22922
99874
60554
25437
15876
77624
39910
68639
72515
66983
10871
60355
68822
34814
6232
29948
28393
69762
77004
57893
82661
91846
17423
91152
59424
88642
17783
75328
89343
82395
30896
8257
31419
70795
38403
87583
65072
69585
51261
85721
96437
74436
28481
71870
86196
32284
51263
7578
30797
13574
43469
5880
36915
68390
16035
6866
30729
79337
27069
21192
78197
68069
57622
29028
15827
26517
22039
46910
32762
27625
64075
58692
15650
26066
16166
56733
50281
35517
61564
34114
25143
30310
45583
28463
41706
14171
9126
47856
44451
99648
45703
30926
20984
54707
29723
7969
661
89675
13426
78355
15841
3057
98952
84628
38980
98684
67605
66770
76962
74248
52239
13548
33869
58448
55593
42131
40316
20101
12549
65374
20563
46754
89156
93765
21983
8078
32085
17957
32027
6162
50986
13382
86481
43095
39266
69178
48009
38468
31939
33462
77920
54367
16336
92443
30848
57673
52507
58164
48480
10248
79385
58749
35610
47971
79528
38442
22973
29920
5843
24167
70049
56560
88779
75674
84197
42788
21372
18475
51405
17676
86842
78749
15191
44041
59988
92450
12065
24443
36860
10237
62595
65060
55686
7529
27671
5153
73314
10630
5117
94626
4135
13044
14108
68569
9242
57816
62666
82802
42787
82967
12348
64233
96571
7857
51414
28349
92049
93840
74894
12723
34918
76197
83698
49107
11839
33513
62475
66950
30058
62773
78133
72737
63420
42876
42455
26981
25291
67914
9274
95990
65799
29923
25643
9673
66982
91968
8857
82824
69446
59992
24051
4523
38459
37214
44392
92644
44441
48930
25684
20798
79518
72130
5998
49480
8232
51332
94840
60412
52051
90322
14389
16730
57932
22884
60355
80669
34414
89934
89354
58196
98190
30994
32818
11803
7301
12564
68478
12131
39186
15269
3901
41724
79153
78785
8877
65407
12226
83432
4404
64329
60801
16210
84515
59927
57005
54201
11102
45190
29336
73923
81379
80658
93171
72080
6863
74626
61069
89404
35179
26387
94226
45335
87781
39778
73035
37309
29618
82613
42351
99838
92179
92909
46848
92460
9273
28068
75681
37309
27375
83914
55738
48968
83072
24536
13522
48205
7588
32800
13438
92288
33026
46394
76044
89608
37100
36084
28788
33282
99578
71397
21677
63517
71830
33433
86127
16453
32808
86709
45569
73689
59836
74346
80652
60152
74191
23697
94785
84423
56054
14932
74061
94731
63186
56140
83186
66619
71501
86638
86473
73805
74524
69632
64826
92758
43694
57098
21656
21147
5787
39997
57369
54900
38259
13274
26632
43125
84234
45557
640
46724
8298
24134
54325
71169
96442
8437
63128
19752
93495
28460
8979
20333
7834
99467
59146
11375
19433
23199
88822
40704
92272
70020
23809
90020
92417
5830
60274
2175
60749
25864
25695
79564
39890
19219
6765
78618
7737
25776
41999
91065
99746
12709
96839
58476
44356
99309
60961
98522
21731
87041
62413
43358
59650
36656
20833
51380
6691
67629
90493
28573
90005
1959
24300
70831
4876
854
36001
60762
73559
16777
72470
9318
83771
69545
1614
8013
34194
39211
62713
55608
57644
41835
78535
45296
6100
11795
98123
5796
14979
14564
14650
52433
26380
30182
83344
8478
1242
63339
74666
54131
9184
33772
22965
26930
92276
79487
53084
47121
92068
71438
65141
32413
51677
95485
71111
84721
53042
28287
15575
99985
50375
21658
57512
21134
23095
4508
96354
85418
48958
51644
91609
48613
53548
71296
37216
76364
73432
3150
99923
67207
31377
90251
62526
9892
15618
49849
11617
95626
17753
26401
64478
48103
37540
96404
50460
39196
5929
79462
3039
39463
59356
16919
84507
56060
19438
7286
73667
10022
16025
68453
1401
51248
45285
48328
41191
64429
63139
82359
82938
73082
49339
76560
89118
47268
27057
17355
10255
67228
17505
80092
71172
58321
76698
50393
7569
25313
63686
90320
72939
67348
53296
61584
45265
30427
65854
91019
61929
56371
12473
14278
9910
74780
22215
99555
29953
35671
85508
8048
51702
87664
36281
53699
81042
62314
73655
96104
77950
80499
46775
49513
99292
48803
10364
57668
38147
7032
58695
23954
46455
35496
13416
33411
32157
52757
66945
95252
36094
29038
18296
64152
4099
60429
68669
75537
49442
25149
14969
67888
56364
68662
19640
94054
8229
92861
81523
2596
25596
97439
5114
78329
80348
44320
12628
33031
398
99345
80812
55126
94717
49000
54867
48459
23915
63011
96177
97290
10991
56700
98447
55604
97614
67708
9022
60264
77923
22636
68506
73164
93022
88118
28410
6475
31392
40759
99069
52974
98150
76551
39607
96832
1758
68191
25977
88774
74536
31466
48772
51381
47927
27106
52141
75323
48711
90433
46564
53371
67024
5959
66090
34090
11222
98750
25389
52629
36759
64951
29496
82406
14691
12360
57098
99866
79525
17237
75803
42637
97923
88108
2
84276
6455
13203
36371
18357
37064
63434
32958
87071
41158
82835
55030
86782
37137
28571
52948
34686
74699
30668
40002
77844
18751
92471
9718
63013
12314
68867
15626
30449
14492
93795
5401
75017
73576
74656
76657
64175
35844
47372
16250
35468
77903
7064
13171
81347
91982
10979
80689
80761
13728
48620
80373
61431
47115
95808
43781
63967
72159
55718
6697
52614
10928
20914
6243
73856
82241
18444
37584
71436
99584
56604
9443
59649
59467
62751
41255
51946
2053
4997
59532
64976
93305
62591
15286
73180
31964
52529
76063
87044
80579
41691
15881
67884
75962
79402
76522
17319
61661
60100
35229
55192
97931
11336
10370
31445
40251
13202
28406
49839
10755
30423
29670
30417
89237
99761
48980
27979
53723
64987
48516
77716
89759
22241
88175
61876
92778
349
94200
23795
92416
99339
33617
6038
81177
78527
23187
59072
45181
48557
21993
50238
69505
49677
89465
43039
69700
17975
7432
63942
38534
18283
74087
97119
39059
79615
5922
68565
84058
23484
96478
3802
64817
95161
83357
41754
2232
39181
15177
3663
79199
99053
19218
23
52732
92391
55738
28495
82244
11055
68705
43404
13674
88106
75689
37171
23488
83598
54309
91419
93072
70697
58888
98893
74549
66102
43732
84629
64549
61942
14588
51439
63494
72748
17150
19927
72611
26112
35470
82970
52988
261
53369
95956
86707
37631
82373
17672
70222
54656
18878
65678
33055
78974
479
82589
1495
38456
68027
57542
99965
77841
13343
84797
65745
70019
51565
93198
51058
59077
98541
11547
43947
29309
89939
37449
92720
60296
78817
94909
88681
47721
85350
83495
13686
31246
21453
69650
84970
19642
60692
59338
35665
97766
74900
59543
82070
86138
63358
30537
20270
5507
48145
65130
98774
49407
48614
23174
14012
60947
8641
43503
34852
4235
39953
50255
46628
27615
66766
6391
43232
26689
80972
8158
58963
11400
98130
23829
48936
98423
41329
48135
14617
62272
52444
8358
92719
51746
86899
50554
98034
78211
16539
22968
39509
36457
65875
77
2846
49104
91581
51255
13377
13107
15210
97846
63800
51717
81964
31345
73074
58977
22535
49145
52306
99896
73259
1228
43123
41865
60548
75392
16314
47380
42292
1558
36650
73072
13598
54288
39960
85344
62309
47411
69407
36689
79460
78282
9217
6122
18026
31041
2114
25485
84341
39375
10941
9984
20489
79064
71576
39925
47751
84869
59710
79460
30902
63490
67968
26921
12435
34299
20803
28411
9419
60555
67546
34495
78039
39891
95
3634
72957
69110
5296
51259
28257
8855
262
35529
62015
16807
51830
1110
24412
46161
94317
32938
64162
78874
2738
50095
18116
48624
7608
87013
36225
66616
76545
13002
88994
92711
90444
91607
89578
30072
93100
59734
9199
8857
24290
45513
52966
21065
841
48481
31811
44124
86496
70840
61887
10212
77727
42786
59434
20658
55416
75193
32939
98348
37444
58291
29134
67208
6516
48045
24850
41523
84462
33303
26453
1583
89176
68476
97293
26912
31299
35169
98511
19879
57623
55811
27133
73441
2028
93219
20710
19932
21882
60234
9060
67470
53455
34281
67263
66777
22282
24580
57031
52109
52526
37079
49828
13328
96593
3766
71753
81050
61469
94259
94531
21605
50578
50976
2859
76544
46009
16548
77747
97451
64649
5807
80070
70555
26770
93248
3983
46641
97748
48988
25274
51596
327
52724
17798
47342
27269
2457
14650
84037
27157
13874
54654
34143
6226
3696
90816
97190
24871
41753
13413
73177
97958
21106
40933
96245
93378
72650
90652
36339
79099
1213
32307
59510
74733
80536
6271
87106
28188
9538
80319
62555
12279
48726
62235
45083
62187
66821
14511
50564
6805
57182
94976
39739
25553
62312
54475
35246
1994
52918
23873
834
60697
70623
58909
46507
59572
70194
26734
49174
18273
24915
16637
31927
99024
23718
86826
83195
4353
9019
53127
93577
74523
6787
45337
99892
41167
69440
71177
18034
13120
56571
78583
97972
35281
11985
58493
3303
86104
41491
92075
47511
50205
58282
70247
44085
84489
39227
24814
55607
92022
99925
66799
81510
15340
92010
48729
81594
98864
13224
90528
3178
18516
74965
96322
76265
19570
89791
35524
40749
67848
41735
60614
12533
3557
38675
979
40281
35628
3938
3309
5634
27176
82170
51610
73894
44614
12819
67995
38025
37789
56817
26270
210
36253
86453
78668
13802
13919
34322
98066
53107
99582
15802
85669
16197
90536
26790
54165
46867
88799
71618
28921
81491
83321
19979
94524
42487
1986
94953
47336
39356
52475
14982
15695
15238
27877
78544
68959
82827
14080
56533
53061
76575
48564
27432
36633
73339
74684
52856
23579
67813
75000
6958
51190
47759
75571
58799
14486
92313
28935
12493
12952
60782
67444
13686
29449
33122
78057
32715
43961
58722
26191
44106
73177
57328
88992
79945
57251
8905
34839
79775
12126
3692
5203
85875
98963
85822
13309
61146
96789
33358
38481
79223
7085
79654
90462
28572
35212
18813
66619
75418
22391
93838
92145
24535
25312
7504
70045
41162
50829
28269
48981
5207
5739
49183
13929
93964
7137
65175
24376
94700
85168
52467
2819
15265
50467
76816
17050
31532
1648
65083
3690
96927
99988
32746
46429
65195
81222
62333
54625
68728
58799
58919
11689
76579
98595
456
96430
66902
80933
75098
32988
89680
46038
6871
88104
43513
47011
45219
48924
31930
62358
53015
43630
45423
22754
62594
55360
99209
52814
52023
44728
855
89782
59321
65769
58638
14623
72399
66271
51383
15760
55784
65508
55664
52826
53593
58891
57173
23843
80870
6124
59462
37307
24335
9387
86580
19629
94141
96041
64842
34226
92100
93395
73768
81656
21212
65754
64189
48594
93552
71706
1770
18969
76505
5277
26501
8167
92656
12135
1774
10812
61847
75274
13386
10987
195
57859
9828
37664
93952
98469
15372
76935
45579
90881
23217
58353
13766
87609
83840
48437
51146
22543
59688
90024
38485
32111
16280
48501
45370
4501
49410
90237
60309
96366
66665
76784
38369
28286
60841
66266
80262
32165
81943
59306
36924
77776
31680
11650
99721
60413
78005
3433
62442
7396
40117
78592
85527
61049
53609
59386
13891
93636
69088
11953
96912
32923
35862
72519
56421
95998
43805
17117
7918
54749
70760
41085
22300
40535
46925
67802
76542
90123
68969
39371
26753
7490
97667
97010
92679
19972
29721
93833
69350
75493
76267
43702
83697
42021
38910
33292
18376
5768
54456
87249
6231
91525
10975
79570
47109
39104
69958
69935
26488
23028
6168
85558
69919
32046
72325
80606
18975
92087
50705
29623
36631
9849
6738
55513
55817
94331
39793
58494
21062
48303
74869
67245
98810
21849
86931
93885
52335
4263
54129
7531
8673
82540
55048
73730
88863
51584
19351
50532
9855
84106
30586
23524
51497
19145
3164
12360
6557
88997
60948
83716
86625
49664
10997
31728
83509
88395
56296
25547
51702
63007
19831
9857
99023
92332
73355
9414
41715
45005
99665
66631
96952
98140
63165
68057
29453
15939
21816
84800
99949
39763
7682
85513
98784
57677
68244
75992
86682
34976
67226
93450
26280
56345
29159
363
84119
9320
71083
82442
68058
58493
96006
78803
76801
84935
22798
70079
75948
59710
72121
39382
29876
28327
16226
81884
71278
90319
89262
94577
15922
20103
28665
95128
56589
30818
45402
12622
77568
53577
67757
19536
85147
66427
75838
22653
88902
28199
98317
7453
38951
72797
87651
83308
5986
5502
25175
63627
99374
53040
17587
58145
33459
67997
73652
98590
84769
20167
71491
63632
79030
95339
61173
87334
34461
71064
12665
20183
67340
76182
4428
43272
4577
68772
58056
82967
54445
25787
26105
53038
37283
91804
44046
24781
20827
28676
48077
56325
41504
19614
71109
87584
64921
65995
52844
72322
62000
79919
43753
63670
61110
54276
26063
52743
3729
64076
70406
8065
86447
64495
8074
12363
41540
60876
55910
70234
72779
1338
14026
32483
61345
80685
67047
96230
1133
5115
12109
20095
69934
76197
91493
50205
55357
86698
12232
96553
33325
15576
55304
32190
6628
33091
42005
22024
59196
90017
86832
6018
70121
79272
4249
92595
40559
47308
88655
93422
54868
70145
73708
10121
61657
25975
36682
90287
15843
20241
83151
4557
21702
54495
50641
92422
18012
88945
3823
21809
71112
50460
19128
18596
65770
9451
10357
59450
20813
79468
67406
86731
1585
18717
70754
57654
69633
47806
33770
29016
18629
9318
59112
86159
86864
51921
79259
86493
79329
32852
99678
90401
88547
980
95269
10395
21199
50528
79357
80925
49548
65374
980
68264
44480
11772
50113
16424
71468
82860
33783
94686
74424
18516
85821
13800
32258
15313
40717
90176
15727
99254
58784
50843
19825
38954
42319
56956
53545
80732
41542
60253
97109
42074
69129
33314
95257
92480
15757
73433
34153
48647
86591
90915
26787
76789
24000
35461
77498
89212
85345
57531
92729
48677
50372
51971
24382
63546
82696
99189
88265
69455
73117
87092
7825
8356
84044
38788
76070
42712
12506
9960
31370
98873
51290
5122
33890
41836
95926
55437
81470
84548
26641
59678
86532
36063
40292
70973
60869
39605
49388
56502
24737
8073
1105
18690
17435
81078
90581
39890
55230
97923
14610
80108
65558
59919
1471
42802
30775
88401
10851
1589
39150
24640
10387
4557
23933
67927
83130
69569
99013
90699
63985
12419
62824
34106
87678
86652
15140
290
3228
46546
13543
82765
99892
44377
88213
57094
79984
76141
99118
80619
37668
95987
71715
28631
12284
32733
17270
49410
49804
45128
17130
75371
60664
91547
79463
28806
93006
67465
32055
92407
15278
53647
4934
24541
94661
43753
84409
90647
34390
96996
78428
97149
94926
87464
61197
44898
13740
66097
90314
67094
53269
25259
91328
75043
42701
67108
22246
81888
62410
15729
59983
98729
90704
7267
20833
84674
70476
23490
38713
68935
72400
89048
74182
34183
80595
59826
84982
81640
83466
87318
68125
32562
49576
93958
50867
53217
84131
53696
69982
53085
8170
48681
27387
44658
25494
2997
21634
60091
17557
79685
19850
36216
68707
95375
32069
62737
97274
71596
11798
73444
21988
20847
28026
11594
38207
84060
11457
13430
70892
7153
52722
98248
18325
20971
74604
20526
58106
45441
90592
38063
2775
2256
88248
76305
22134
46202
89142
88663
73776
56059
81211
73399
15922
72822
35588
6923
77840
90162
37401
48905
89519
26678
71761
386
37126
60927
35227
64400
94710
72260
62472
37715
97470
64257
76895
89288
24743
70985
67522
10773
27281
23597
43682
80705
89580
36340
49306
24273
1965
94573
74442
13646
97402
38985
44965
68364
91851
30913
92802
37716
7349
69766
2252
99368
89307
43524
61312
36939
31465
3564
52805
4280
54862
3491
94604
63640
81689
21650
9630
88870
78407
76906
19750
33446
35090
59514
14590
34799
38442
73394
60709
83217
35439
92441
43265
39419
70771
80181
35915
79360
45546
30321
56934
94675
75409
13960
26453
63347
13426
92717
9003
49297
5557
15039
23277
87605
59087
74519
31943
41876
55289
89868
88463
73940
38623
12202
94405
24796
59081
79145
5575
90592
29464
69527
25900
33962
57077
79358
64855
45499
14113
19729
45144
97875
63174
44415
60774
87366
23504
27989
54769
88817
37756
60346
40417
75623
16028
72421
24868
41555
8313
47197
92869
62049
42875
71570
83079
14445
45429
5701
19583
89478
16281
12346
34394
44296
22366
12899
80543
28613
58883
3689
71953
36991
99006
36860
37398
79446
86241
34536
61442
36754
52365
88703
53929
23737
32459
95652
26719
19154
29233
95618
65390
4320
90042
27117
89005
29908
9039
93684
60946
745
56026
78660
98792
77019
29126
76478
40868
6147
24878
90828
52942
30952
19512
686
6402
38678
11213
90316
49770
15226
73526
16945
20057
68431
7092
47729
68357
92547
78170
78691
37235
77828
11591
72590
97489
92771
63687
1284
46950
14880
77805
37323
70371
60956
31002
46862
25583
94597
33342
97688
86748
55662
71981
59918
22996
31176
80729
79159
5704
97988
47485
98740
43793
79700
68212
54387
34468
48937
15205
54231
65541
8962
83885
52650
62420
25185
98023
29661
83934
64415
48068
17519
6430
41508
23844
93001
66373
383
18029
27391
71302
72049
23830
1941
9385
18497
8237
26627
90010
92552
14628
64384
33537
78587
68540
93537
15094
27655
85750
75083
182
77101
40865
17561
17959
60794
71651
45352
34910
22626
51785
23317
16236
28975
79164
30629
90058
57586
4853
28616
19763
54200
84499
44837
36222
74745
59791
68280
1470
71638
54995
83986
14911
29137
4903
40107
99650
69822
78332
71611
26914
40550
16004
77169
12623
51323
73138
85450
93092
49340
12070
80397
14761
68688
70261
36500
94695
55382
65728
3468
25272
66249
77981
5954
48467
15317
85241
40469
31518
28221
16936
9930
30748
70855
90359
28616
55129
26065
22669
37721
57396
1535
51887
65429
2938
28104
66664
10556
83204
58616
78794
34498
83370
232
74381
55624
43092
67336
74781
71925
96406
13755
10848
49486
3828
16786
41567
97693
18076
7538
75810
26616
64479
45518
81762
41743
51108
30628
83712
69214
11259
81354
36624
63287
10619
30015
7164
83087
37458
27482
79936
59796
214
71010
69833
2665
22007
4197
279
96159
96349
91018
40952
57314
88055
84714
26439
17170
96669
19903
10200
80889
52775
32485
84264
97511
87920
80325
83632
30024
71147
83354
9726
78091
1283
50000
31909
60245
8278
32185
69865
42884
54612
34268
5795
98066
74096
24786
97720
34307
14781
29655
72305
47325
27451
27723
27713
38097
22616
41190
99918
37260
9865
12857
12038
69555
94533
99632
31644
85820
28946
81358
51767
28033
85298
61754
51979
45281
70883
47623
76730
82497
46876
27598
54319
25849
48585
74361
66292
37683
47813
76420
34451
59303
87891
91004
43072
54174
68243
44089
69719
40569
78778
94064
19099
34828
2340
25131
66761
82973
79352
67354
91712
77185
72121
17710
40840
70207
99079
71227
40525
54014
48780
2452
1597
96533
12902
80236
69223
80555
94449
18670
8073
3953
9497
15592
77901
53801
29246
32177
85758
86438
48236
99579
18936
52635
11929
44134
41391
83542
42745
80269
94076
28618
47457
97111
29662
18023
56198
3670
11242
48978
67272
28543
50718
87320
50407
1153
18073
72266
95817
95505
47211
75150
20188
9446
10076
16500
17020
30567
50092
90706
70186
26992
39865
95301
23608
46434
48142
63362
14031
94308
67721
40226
45169
46101
92570
31339
69812
59959
8940
420
93431
47731
91274
61237
72587
94690
63961
9741
90332
54372
91940
28573
91399
10415
73744
49820
30613
83714
46896
62004
53020
10323
61006
87880
16018
19004
76193
74021
3603
70298
89185
11215
7251
811
24603
58113
87374
51291
35464
91689
2707
17254
38040
32352
89144
49608
23184
33910
14945
71614
43875
37719
85551
66039
93695
34924
84329
67116
29055
66217
41810
17469
86172
37370
1215
13801
99842
20577
10030
63864
59946
11573
53597
74430
87063
2933
8391
61412
73795
88008
55227
52636
95254
48767
77704
28677
24585
83166
3378
78267
56768
22464
66827
45764
51562
88336
38115
85876
57640
30096
57135
72221
20916
73188
20079
35294
13015
47407
52091
60733
40712
15069
16287
25126
75686
94905
78767
45714
91631
18584
70078
14081
25233
48874
78613
2525
78851
78965
20549
8587
65035
33811
77054
36043
96657
73135
40032
78946
37336
69697
76831
63153
32892
37414
1215
67303
99686
5390
70172
32924
64048
14135
18996
57578
97923
14485
9
43958
32480
3828
72035
48222
32166
28596
66477
62762
40979
19702
49629
98464
43863
42862
80305
5918
87715
43464
8531
58356
3693
87395
86229
42372
70970
63054
70228
44479
15546
23814
87085
12217
19728
61604
86176
70874
94980
65311
67
89163
1387
21412
70606
80243
75435
2323
10387
99983
62079
69944
15778
76376
79575
35490
50628
33818
92470
62776
58820
39285
10386
89511
2520
60322
65904
16248
10797
74867
84944
16730
72770
32362
87299
75501
33706
8795
8032
90198
89743
98008
49030
373
58211
46352
13603
42757
43295
41289
38509
98324
35081
51720
78294
37380
71667
53804
68818
75260
24135
27698
51520
44073
21621
57687
54655
92057
35737
12036
42553
83136
71619
70442
36820
72898
26152
76433
95739
25597
2871
67863
11710
6749
32416
2261
84679
12011
70990
17196
22024
84228
31067
70154
18205
99392
31033
17164
99059
36352
42465
44177
74726
37959
25982
96125
25617
78855
72776
45694
71763
97303
28487
94156
18390
46097
54056
66279
10520
88200
46914
70611
50017
28734
1701
9729
91463
91192
13647
53167
39685
85786
38163
58909
97096
44061
64322
33014
62954
77934
19023
97565
66353
61663
5021
59519
3161
65728
47943
81985
56566
46122
64858
51494
18421
39760
97867
99678
42365
28778
29846
22424
45537
97289
66543
4343
50512
46844
10251
46092
81082
95605
73280
75018
64353
8032
5678
61420
29736
25990
49444
53799
10737
58907
44
16540
60073
71153
76278
10980
69431
17890
89942
43274
38026
3891
16094
12580
2748
55686
28427
99842
15212
23628
97769
51649
18985
85706
43183
52760
25805
13469
84343
12685
8323
66261
73541
25474
86366
55060
81955
90757
73769
31661
86218
87326
32806
58764
80321
56427
19021
68479
10591
81722
93964
93541
66880
51955
56828
12415
40711
12912
39040
22979
99737
56860
45927
34213
79380
6296
90177
50925
69882
56348
61765
29882
29055
84827
73768
61865
24933
19907
61777
16647
69315
93543
49777
58413
40621
47896
57899
7567
34495
82648
32608
22940
34604
61155
65962
23504
4213
4848
44346
46615
66273
69235
82565
74909
94186
1899
49778
58930
16606
52772
63862
87935
56642
28934
82925
86808
46617
83263
12539
1745
18998
25139
18584
60132
64272
59108
68657
12052
37475
6268
22807
77954
22177
1558
34994
17458
37534
87048
12600
40693
34408
21664
51886
7331
89821
37214
77083
11285
78754
98554
42311
68265
14271
56014
83840
71260
75172
73967
5992
33391
3745
23271
32276
40495
210
96968
349
37843
44887
26973
86270
80448
51582
47351
2249
33507
11660
59419
39633
53218
64650
20117
45869
32619
62782
1131
27756
53408
21468
16400
77761
97861
25575
82406
35044
60478
31885
73239
86529
43598
18229
35858
77857
12280
94987
72414
46182
28892
80322
84357
83498
1019
29289
73580
36593
30029
61024
19892
40862
38446
47090
46430
70430
72386
64553
86328
74150
32334
16212
90254
47799
27762
63371
19283
67757
64077
35068
47751
19706
32801
39915
14416
4006
68217
66416
9117
27740
80993
60403
50051
19098
1083
92613
85648
77182
92260
24963
34555
5442
82186
86258
12257
14987
97409
52288
99235
83738
30755
43176
13562
3634
34321
13039
34800
68726
89571
73865
14996
79382
27152
7014
84003
52616
75400
86077
98224
16014
67127
77165
91437
521
35231
75647
4228
51234
71427
27259
56357
17859
76549
70745
23452
61102
94710
23042
17491
20057
54994
89750
56953
89742
68315
81856
58885
49938
47612
95894
93037
52491
35161
14364
27440
65406
54443
54057
13709
76764
9642
24979
63942
95249
31018
52359
5603
76964
4514
43763
51394
56723
18517
70159
73831
53681
55605
26558
13216
73165
25701
5874
58895
61500
15832
48155
21317
69394
68604
31366
98746
9883
81068
8503
94857
54004
96601
53532
42867
11979
68407
71756
1333
91763
21903
47139
13460
80667
23196
91044
25677
96871
86665
26239
4282
48123
22872
98695
12194
53778
55937
50213
65083
97212
18856
56743
45494
67564
60274
2312
31508
68462
6641
89289
8909
79060
83205
51418
7985
95227
28615
20376
90521
27579
1145
60103
6527
68569
23666
99861
1649
56926
39213
50507
67278
18045
89005
51654
69061
54486
58055
54829
6165
30212
88904
30460
5997
57688
20029
33832
77409
85195
35822
19978
7880
3423
60759
49006
71223
6037
96889
71606
25773
83148
61284
76075
77797
29215
33451
45650
9114
89876
50810
17852
2764
47565
55892
52483
18306
64354
57901
98227
75167
21873
44665
2587
17551
16067
56480
78499
26943
12140
21130
73721
40629
75065
14950
6057
263
95911
50473
45639
70376
12478
44123
51688
14424
15067
97950
95063
85160
89524
48598
77362
97777
67231
96295
94273
84626
53173
5099
22343
30417
11428
80108
80307
84712
62315
48714
60985
86350
76869
43741
87934
41517
63062
53342
9727
72979
72561
71567
28958
99568
85073
99339
82401
11079
85994
23138
30503
77421
70947
23710
46067
76671
19277
5607
98884
7599
5922
40413
25542
13555
58847
93926
64754
50292
2207
64482
43276
63087
16657
3649
41021
90666
52437
85929
31823
32848
26988
54143
46104
14202
8317
23544
86092
22886
93531
54139
46027
364
40177
78621
52890
41635
54144
77489
20650
20635
16235
65192
84485
67329
83593
58710
50958
71769
13450
92800
68795
63344
22491
72981
5185
92714
2253
73601
72777
40936
7186
19945
60894
6654
99680
5418
28238
20178
63403
95137
17280
19860
86996
81754
30767
42310
38544
60875
4924
19115
18812
54379
96812
40947
7662
49189
89082
86527
88903
92726
60236
13028
47270
62742
35367
87214
26470
65353
13665
12536
48971
66382
28888
22806
4198
27007
56486
90889
27082
53770
39938
25241
16158
46415
45065
14761
22672
48977
14173
94819
61077
28878
5213
86365
42632
3031
63498
49134
62907
64178
97477
93409
60033
66087
36764
89087
72637
22473
62943
91217
38669
66271
81467
45304
11550
9085
88713
84531
92206
98910
3564
96811
16421
15133
27113
17903
67247
45137
66323
77815
98179
66132
65732
14389
90848
7153
65579
7201
83134
66958
74896
72276
24827
45983
71140
7596
36108
25542
32538
54550
5612
35065
41486
15228
57224
56980
6088
27693
61199
69294
67341
4428
74993
41536
55651
77334
88027
60596
97772
61454
31157
24836
86794
41712
52234
59259
68608
78897
82101
14302
27285
19423
86281
883
34186
41555
84222
16084
1077
14947
55655
67118
16065
45503
86595
91408
25765
40413
99879
75203
86846
13228
3259
45557
24369
54907
7418
37566
96342
26410
48207
6740
78613
26633
94663
67442
1479
12981
23613
39747
96804
14124
12527
61905
96268
83019
31774
57286
8758
46606
59619
59887
10225
36299
99601
72509
21835
95104
62130
54107
89121
34665
69697
43331
7363
44317
60449
63586
65565
80047
73866
1311
52523
48508
87334
55484
84450
14240
17094
28011
63227
64979
28411
38929
49369
54363
16820
42091
55859
1540
9011
19851
76295
98527
91224
16032
85001
17631
34713
93116
46408
60660
14540
83890
53283
24905
81714
37881
20393
28655
29162
8470
5998
80988
91240
64463
33027
12619
40745
46549
48457
48002
98905
33416
1349
38256
85980
88407
39349
41275
37330
56854
12341
54251
47605
88756
61608
76743
97892
12317
68295
43372
52216
87921
58532
76446
82323
669
35158
91337
507
40474
57774
34471
32437
15490
61862
8976
44507
84951
9182
52586
67600
78682
80059
87466
39707
7157
61587
21240
37330
82329
62406
84076
70822
84706
38943
69309
76718
62429
95960
34795
80486
76112
20711
33770
13062
23236
64644
46639
80227
56756
22934
97149
66569
40792
32025
5053
19291
5682
29427
9629
84763
48860
64326
74163
25175
67375
98591
55006
48709
89976
83115
723
3337
54173
78519
64192
77187
35403
78407
56563
54683
58164
21035
61060
15514
47361
36466
96634
15089
64790
78141
28176
69549
76059
23274
56886
76442
26042
14565
47702
16372
30241
15241
49211
67308
7762
69544
12853
58125
29427
32835
87355
51791
98005
2702
27501
35484
6145
72739
74330
73569
21026
27691
38697
23860
86260
46256
2327
74162
69461
62402
6837
96455
20194
28256
26180
79983
95936
9074
26035
11584
28615
37628
51150
35699
73852
1431
96195
14235
3607
93459
29993
38477
88212
48198
62415
26880
44877
63174
38949
39048
73093
23640
6679
49954
12781
18118
4659
70767
67136
36268
40757
37393
81509
27902
2233
43145
82044
11856
48430
89703
65348
75863
75140
84667
49324
58636
77068
17721
568
90955
28600
9329
12448
24535
89512
34421
22231
84802
83712
99712
22908
590
65522
80325
76575
73554
77112
25092
54521
3800
64457
47890
28755
61966
55995
37475
47100
51213
85028
45018
68019
79058
98535
89491
56194
33832
47276
81216
99367
75347
58932
92253
88949
84601
12453
35764
1381
28409
38970
12750
18176
92180
35655
66538
4879
57722
80358
4603
54105
12874
34505
81448
65053
86061
62458
52988
64584
5460
24828
86152
74700
77272
9115
84468
54431
94136
56999
38528
73144
41801
19019
86983
29726
6465
87246
96710
80983
16957
34583
36369
80807
57146
62903
32371
22197
29252
26736
31853
46108
76923
11344
47068
43386
92500
18454
10159
58385
58223
32928
14124
34648
75552
55642
89305
55153
49606
73744
29453
2978
74683
83902
1048
29936
30477
5588
38659
84775
27019
94922
428
39725
44186
77644
15271
22837
93910
8066
998
90926
20520
91623
45764
75356
27120
24534
17555
14227
16389
27254
8899
96808
75815
53253
46974
26139
71978
68078
30449
55321
36999
64102
75429
95512
17227
10744
32183
70782
88477
99780
23457
14130
78259
18760
19870
13142
76800
50528
96934
31918
88580
53294
71522
44726
24793
58855
48994
79089
77521
38412
43966
62366
87650
99662
8248
45081
87585
48550
12898
29801
9119
85113
34306
42889
76740
76298
89102
69518
1239
986
24666
92238
90068
59266
72487
63550
35674
92764
28523
96364
16604
54219
67082
39687
60445
15963
39273
91720
65564
41522
20503
34943
35970
11372
22756
35938
84911
83869
84737
39872
91591
1387
71740
61059
68104
60038
36049
67229
3363
83841
65522
39448
56010
482
76517
91608
95149
15769
46043
18046
13787
69147
1405
71042
68653
48849
98922
11532
5268
38725
42138
30315
33077
48851
50911
15297
84069
42033
76252
31964
25843
24993
35755
84012
41735
181
63488
53486
11390
37473
37852
5798
38003
38358
74794
74524
56390
48637
70893
75867
3755
67718
70260
5364
5668
26599
23072
7247
10885
63904
40149
91682
40126
97466
67175
80911
36720
85555
64488
75937
2262
46006
78794
83807
79137
69579
99973
13289
47369
68597
81728
75668
93435
16748
34284
99181
54150
25145
46969
22459
78836
83913
99278
66678
63971
83025
44848
36301
79555
61537
25103
11619
67944
63847
43519
72303
31188
51776
65508
93044
43410
13450
56204
2868
9201
67787
42065
3654
27091
44511
20329
94520
6193
24493
26726
95318
45334
49149
89192
38616
53867
50332
17146
84963
71136
26065
8932
36011
46427
73422
18178
28036
79654
43143
46300
46856
58480
86769
5377
89783
13621
99634
59748
34413
9684
82409
78533
24859
1475
94730
32551
75753
51886
54256
60640
84398
59471
23048
59173
81290
24060
56722
33153
95139
72573
29912
81759
75884
31013
1315
85181
69086
4898
72076
4883
78977
53931
9180
23481
81127
18905
17217
50219
70499
9226
58825
13702
71489
52974
1988
8035
74114
39473
59764
58211
71454
32903
14016
60237
56520
94727
30210
11985
65974
40814
27727
21429
14002
66157
5925
73539
6592
13721
19219
55090
8430
49831
74637
29579
41840
39227
83266
49810
38195
1117
99028
55256
43203
35582
93769
43230
69514
60407
52187
56212
41506
83914
98133
25229
24393
70697
61891
84244
63422
77243
38948
95170
17970
61767
9638
34012
77733
61903
47553
33876
79738
20376
71251
70385
54571
52261
92814
51732
55299
61644
98742
3609
54366
97616
34274
70764
20649
66139
5315
16794
10798
15761
58165
56398
90705
75259
42052
40708
18826
3092
1722
76128
8199
23620
99080
13906
18489
97382
31131
88493
65821
61630
93099
99988
45773
67687
69082
95026
49983
52438
14356
5927
76346
68794
9414
42526
83374
90649
25722
52830
24933
53306
42022
4983
33467
58756
46019
85539
41912
55776
61295
16220
72583
53734
77124
49057
52211
94647
17070
34942
46982
42422
78658
20545
43985
91194
97440
4492
6377
97604
26141
9409
94535
85616
61206
69073
84637
62759
1481
15024
64879
37897
54138
15268
14153
60164
47625
32178
63861
42118
98772
40723
79963
83421
42503
28185
8252
60720
28274
43856
50475
64390
16801
68972
95162
52469
38317
71230
14292
30432
34274
30193
89508
85941
86087
86637
84617
53138
44042
55166
90633
21545
35830
56833
62288
22262
52165
89187
69484
37529
20740
62291
79695
20756
58425
77938
19213
64345
8312
59479
65181
3511
72745
137
10909
81324
58100
95977
8447
13436
48686
65950
60273
96367
84349
88538
38696
81115
94585
32736
89555
33836
6521
97124
10592
92040
15091
45407
22001
39597
51272
55680
37899
68015
59328
70170
63771
56382
76751
66858
72025
42077
45210
8019
76969
43309
82694
45674
44253
74572
18396
26012
95513
5149
25475
58193
41563
9202
15553
21075
24786
6641
59621
49058
5809
45621
80046
99746
45426
67157
91232
36997
82589
91206
33433
89628
87656
31306
55593
84179
81867
74347
65377
47669
96506
4391
6830
90691
68965
66678
94628
63324
80629
8284
4158
15637
77739
87104
19136
32121
83236
81937
63968
30510
97845
74495
81597
31567
70597
40532
16963
40647
67086
2596
87284
48896
12364
18572
23210
56902
99057
8213
2392
47459
5457
55497
3846
29623
4384
55423
34110
53645
44292
28237
68907
93254
93
72481
35145
8561
46795
86012
61504
74240
22940
33592
73592
53408
65703
6851
22875
25018
22103
20923
92558
14092
92640
97747
6151
602
25200
98349
83599
91612
73135
40247
27635
51433
98897
25891
23642
78226
31344
50414
35743
60145
27924
30496
91011
97224
47909
88942
18036
70047
63885
62153
13632
58003
56262
31403
41128
68733
98330
47705
91425
67841
44953
57116
1338
87017
93746
34754
54114
23530
21350
59649
98092
42454
42152
55991
78908
93958
96650
79155
74331
80055
72256
77552
80752
10158
46585
61774
9132
26705
49709
9181
96729
81755
20201
9621
6671
66344
77864
83171
60335
90247
39714
55754
1222
30503
92638
18825
28880
67610
45520
50569
39033
20950
87709
91576
8588
8922
9335
32461
87347
72796
27239
77780
48180
17700
4206
51596
83690
18550
34733
89019
43605
75779
42758
62432
49584
20683
96371
18898
87001
77133
52915
12196
54357
10924
95098
26999
94753
93050
71218
7818
68428
11460
89458
60896
48832
23670
80502
39798
80693
96460
67345
75751
96540
866
85036
565
69654
94136
59405
31273
88239
9520
69868
36916
71418
91926
75660
40797
89234
58957
11238
39255
10918
19813
80845
31003
30258
9982
48225
60024
82200
39458
84641
64446
9442
21429
96036
66995
85882
61142
95152
50634
46892
51910
50720
22380
10732
72957
25145
26757
35278
299
67115
45433
55957
23911
75182
37197
20257
6653
58043
77100
74569
38892
42990
91960
77716
78228
77021
11184
8005
54567
49504
65955
85577
33453
11375
1397
21689
49637
33060
32923
3829
75132
57663
2530
45030
90653
44199
70618
31142
60177
10603
83437
30363
54725
77103
42191
61939
49849
7872
37646
11627
44720
6008
61435
42290
50755
45089
34607
38444
74597
37565
10372
93103
47055
73785
2762
25131
33161
1829
87731
72724
60331
62682
89237
59584
82338
11838
93768
55291
76374
17799
93131
71094
89323
99520
21512
6600
76822
92119
85296
64278
77795
20039
54262
9375
99155
52804
97441
5419
10851
73747
86335
40782
39793
27261
52233
89098
30745
22132
32699
18480
47334
39254
49291
66341
53973
35364
38900
86079
9437
4854
64794
76825
93668
99063
69521
96921
47003
42451
59540
60491
12831
83582
77943
38644
31269
9306
5211
71648
68072
50522
47259
88432
61198
24437
83396
7425
77686
25477
84557
2410
7305
90341
37834
2964
46237
47288
86268
9422
69064
22511
11560
82138
9959
96860
95412
9062
8208
5977
11599
81154
12351
31296
42220
81259
45529
71383
89174
48883
74944
75994
92706
90438
81673
73270
1381
45321
46413
92776
26505
87226
33474
16249
81307
33442
97861
34022
8950
10680
74451
10304
31499
63312
2002
6952
45845
54640
82883
56655
94872
58855
76574
51268
50796
57763
33606
2516
16568
50237
3310
75103
98816
16809
41791
41326
26194
35928
98313
92232
92459
10124
30502
61840
54216
80721
777
87656
6697
16581
80653
73184
78787
726
63316
51784
84476
80602
50784
39160
34276
88064
48884
70890
46984
95825
51228
91048
15087
22245
34494
30832
36780
1190
66772
74751
12742
13651
28767
37157
73747
84004
78494
86034
71072
27262
41039
15171
76826
47809
57768
77923
22781
35365
89194
9938
22379
76377
51986
39934
1062
2342
99599
84727
34731
18476
56250
23302
76922
36753
89897
39970
51732
10833
46448
74530
32316
68291
23325
479
40605
4783
52428
21058
3274
87426
23286
3755
93209
99615
95005
68925
39945
83488
29285
62646
36747
89829
91342
86878
65274
66131
26282
56892
96021
17747
54800
81910
97280
83827
96824
6167
24786
98618
26552
6047
7736
44285
32118
34720
18182
61160
29394
32399
91387
97578
28089
82853
14764
72031
23365
77110
65353
88545
40902
24869
25221
31211
9494
52357
57890
91739
83228
73250
25188
42724
82817
70974
61815
10473
71574
94723
82308
27182
17513
61018
11602
71095
37142
53569
87895
56132
60176
71106
13513
87423
97337
87094
3711
20202
60687
97506
53648
54125
98794
99550
44109
10115
91920
58571
17655
14720
55067
30682
5045
28141
92611
48419
6359
70963
62129
27747
74875
25624
95693
8955
46943
89478
58751
18601
50400
66023
44220
80654
11986
93387
44835
85069
63828
5892
13796
84119
92208
37909
4659
9973
21757
4620
60466
30388
19057
53992
61424
19168
71758
91142
6796
69605
73402
22412
4827
57605
64898
66107
80280
26017
58696
78056
56804
11632
59010
56068
25282
62077
30778
31975
98575
9692
99696
79662
12244
82213
13325
79605
3487
57918
44078
88479
50688
65259
83911
10486
50308
22560
98091
58723
31911
74291
21637
37363
17101
44724
26093
79328
92770
51533
91366
95600
12843
77963
83132
82961
60927
46904
38264
93966
98822
79604
67060
36374
9627
49350
67980
40445
79265
59892
2668
73788
72533
18970
60405
91331
35440
3100
14449
41563
45661
66086
79751
13324
59222
12444
75430
36255
48824
52710
82529
29588
61922
97603
18333
96472
34718
74038
58822
42828
410
74258
11780
50389
38697
43408
88328
66439
68369
98206
28889
11597
96729
13874
64702
72856
56541
9467
20435
14090
42903
56103
90247
81333
27625
17850
25580
21651
34056
84668
70442
16527
11320
3059
34582
40990
18200
57743
87139
78408
35299
43408
44956
91442
57583
84922
54941
59856
2933
10742
83266
84755
63884
26753
34384
84766
46818
38026
4500
24123
88682
55874
47422
30060
6316
88709
65896
67668
7559
1566
95623
94042
11269
66001
75071
86608
50752
77207
26475
35038
71007
31268
84024
49946
87619
15923
69170
11137
44338
90556
61377
88268
77225
97971
65066
59318
78611
44349
80654
85146
12205
96923
82631
4771
42388
53666
78476
43052
75853
1413
60232
12348
45606
92457
26589
29335
14829
64439
41096
78276
71769
435
92088
52009
33664
53236
3919
48182
61281
43120
44736
49666
81001
51350
654
5492
35307
49852
39677
17117
21373
14328
74223
27420
36206
39056
36515
49828
88831
75623
82519
6855
29206
44288
20
93626
37965
91129
33458
82483
14060
6889
89811
25325
12839
40400
86966
75762
56837
38832
72889
90132
51352
72762
76781
50734
9758
29692
800
40613
38093
38247
10018
89657
96506
92581
48137
10667
17106
40343
22738
52814
49710
68756
38449
85463
73642
45668
85706
34812
50239
5855
23734
74712
32250
545
91343
70762
18070
94517
63781
95799
54345
34627
97940
1028
64403
68848
60477
72976
32122
88617
526
62582
34752
7489
97373
1516
51187
8799
517
48106
6530
72598
43458
12459
91492
10063
22492
28476
12067
62006
54111
99415
91149
9645
48410
85401
97185
572
47138
62758
22684
64103
16065
76429
39893
47815
4750
98430
37020
45738
2513
70766
58467
75093
46582
31524
75542
8589
32664
89383
4273
8973
66595
98082
1179
38705
79079
64290
96443
72760
37018
84737
21716
43534
46976
17717
53541
71377
80248
683
79189
91685
37707
798
40603
29392
95362
97686
46638
42211
6132
82097
70450
19356
6078
70228
5059
38552
70630
73174
13466
92892
93096
7985
18539
49348
94665
61946
91017
71784
80734
7515
9757
29809
12602
69106
93568
64152
52203
30338
17186
32986
74446
31384
61383
21259
85803
94696
17963
34511
14202
2805
87269
90555
42875
828
51960
51759
17781
9738
75692
31422
71424
95435
11502
62985
92942
96388
77790
30032
55818
83157
52504
28174
70644
15276
86796
85037
54713
91979
92479
15562
43502
79608
18560
32417
47760
52610
81591
50956
26924
96808
13141
66362
24795
16176
49342
51617
90411
9288
48395
49935
31817
43851
64413
18837
57665
12807
65863
29494
30472
76748
14158
88173
91661
24625
9139
43967
44382
68131
47537
35857
50799
15478
28802
21194
88250
97967
75097
47648
23210
40811
97113
94005
71587
36269
23697
2386
82555
63807
99107
39571
3617
43617
46860
23004
22849
2120
63807
34020
66382
668
13351
78224
1402
17007
6611
9398
4021
24990
68340
16285
96866
86289
17727
78196
82249
82318
61940
20165
20828
96910
33258
55212
47564
88053
2603
36671
18267
82326
82497
21188
88546
25395
17167
6648
47241
45327
94311
53048
73325
82491
90971
59060
33639
83204
62111
11694
18914
86472
31885
47383
18731
18913
63095
5913
81112
4328
94057
33859
92899
73
39489
93206
5341
78948
27396
82354
16264
57812
51005
6559
8267
26
52729
36311
79231
63115
71244
35516
79714
89382
41462
68947
68627
9354
79192
96899
75949
3360
21953
51116
47764
42041
46442
10518
80295
96949
81576
89925
72830
82484
13067
69562
95726
26867
1072
59083
88665
19127
82632
79175
64597
57029
53558
73900
62125
74900
25763
71649
26770
34134
86020
18916
70725
72563
68070
73054
32415
22264
39024
48538
984
57222
45464
38005
17059
10442
66716
30121
67157
94698
4249
25334
89794
38039
64309
87137
47535
59013
62714
64521
51645
53258
70556
13661
6493
44821
63592
11271
16764
57853
33216
50099
29031
71396
36105
68397
39496
84603
22492
81913
17425
57470
73639
98831
30083
150
67189
97434
45527
34630
9567
13935
96556
1576
79371
81884
3937
18142
53171
38877
65074
14278
75948
31806
28174
85838
22247
49059
22280
11262
49150
58209
17756
15194
43437
2602
33134
36832
76070
32957
28756
12946
45580
31080
71437
52952
9271
51617
4910
5427
66936
25715
48262
30103
86989
32229
36462
20764
78223
11846
29861
63095
30942
52869
75848
85511
44467
40556
39705
21103
36763
18421
83937
42465
69467
98785
13109
57135
19372
92730
15528
26971
53477
85573
66981
27357
72624
94295
47748
68292
15759
26572
78803
19673
46287
47405
15339
89659
53980
5942
42942
41360
21100
2523
26650
31720
7912
55293
86321
42252
81825
55365
49574
4289
62316
18290
8897
3778
26623
2821
56089
90454
10244
85419
2686
78096
56991
19301
99278
50675
4493
51471
24690
97822
35036
59125
88336
5621
29379
45991
30030
47841
34993
85737
4500
31902
60978
41553
28357
10437
26565
96436
2966
64680
37326
23787
62053
62967
10970
29009
82231
42239
54860
5030
69649
81938
48660
53828
77908
11321
1046
82656
8591
23946
60359
98162
69333
70839
46576
7665
62921
63345
81006
96460
67050
25636
96380
72981
72861
78914
42750
98907
60642
25082
40494
83375
19581
32709
9144
52490
46561
31144
64026
46430
81444
55257
6433
13084
96802
82229
94450
17101
90589
26655
46312
63734
6567
99862
80800
40165
24974
94002
47394
94428
52169
85705
97790
82069
4373
78240
25784
55709
22937
95924
663
76578
3913
43850
41561
19307
2550
94988
20430
98449
5930
70053
72805
38019
6515
24062
4469
19428
10518
44933
35209
74995
30683
83986
75571
99099
22075
48245
22470
15114
65889
81825
18681
46548
32608
7628
17431
22412
20396
48629
58913
88172
5116
30664
43237
3533
14159
37257
79936
19510
59149
37211
41146
85758
61317
49727
59875
83013
19196
48187
10778
7695
4505
51941
27186
77198
21136
57864
79307
95627
32307
67048
87942
97438
66291
42537
80921
73811
15614
73316
98708
81429
58604
25611
37800
12038
5676
82911
99355
61174
82939
47294
24135
34640
17604
60505
42633
18414
73269
48325
55829
82313
16141
98601
10125
31658
29104
54565
67677
32351
5718
81548
82042
46054
91239
65365
32326
41727
8553
24472
39848
74537
35562
27689
86330
90215
75528
64683
95055
88610
80142
97815
22874
82739
55921
11789
44843
32076
44786
71553
6479
46982
42531
36864
66803
13837
69402
63100
54832
83883
68816
74569
81718
7930
59766
4931
79494
93830
72377
91577
43302
22748
95399
94499
88594
77449
61916
54445
55597
15415
60365
88977
38803
62
69665
91812
26831
31390
84295
763
17258
529
26451
85532
41637
76404
10421
84340
33869
75513
32223
58377
17382
49692
51473
56957
8924
79882
13189
74315
98280
12165
89806
8730
43966
50049
92050
14383
7351
84635
50216
12653
85831
13114
58130
33190
47416
30289
53268
4473
68911
51357
835
28395
48792
82139
84742
51983
97992
39618
32101
42459
32937
24204
57148
16404
14337
76336
57842
21649
14104
33618
53442
39687
28119
35540
16121
81209
59564
43739
88904
94994
56493
15162
27757
97460
36343
36732
33605
42525
98236
45487
43437
20616
51207
34745
99998
47601
89238
49976
29242
73384
96898
4215
78063
62055
35253
7664
45379
66842
42109
18770
38470
33632
56326
32294
19322
31277
97973
26146
89661
16560
39046
99195
94959
10915
74290
72854
26506
67919
33150
73539
85899
24989
51544
8667
22865
32570
20332
7099
76470
78356
2992
81212
85752
81232
31565
37613
36572
7149
93995
84434
37568
79212
96393
23459
66487
22530
22805
19261
14342
42689
15928
2054
89247
16817
46610
11930
63966
81904
78762
47180
55932
82772
66696
25315
15030
85885
27450
46632
24741
34555
36563
96038
56050
39510
16908
28255
61241
58387
63440
12140
73039
19821
19989
630
96635
51265
64404
143
93986
41360
59172
68150
97962
3956
50767
97198
15115
24351
66926
22751
78466
99661
27356
20621
12015
53761
40319
41738
75207
28757
28884
53458
92778
61165
16720
63919
68263
22828
14044
26026
30838
19450
23424
77467
14133
68081
40981
88559
7072
48107
90726
26581
68497
65929
10845
38921
46624
6940
48220
73958
66832
22459
38174
9830
8422
72368
53547
29741
50314
11533
87394
6760
2039
87847
99937
15688
72646
99411
12298
1797
46449
94849
14956
2974
95568
4352
55855
46022
2919
12048
16545
24526
5301
57997
21887
71092
34105
10835
65277
76332
64852
52205
3407
19201
81926
57399
3069
33775
25346
88396
66186
79728
96758
64518
79987
88339
78596
44683
78811
2698
65899
60204
12904
20533
58094
65728
96464
98544
91220
72408
77451
47649
11982
87437
79974
84314
81053
71104
38216
73351
90288
65416
30355
88341
67180
14107
24113
57415
30838
40924
99162
15864
54346
46065
2066
43474
2699
63185
69311
47842
97039
15897
44900
93632
22118
20841
72324
16192
73345
42229
22853
79051
71151
64168
11888
89560
87077
54354
33615
56450
51229
95151
9824
36685
22261
70729
58705
76220
14890
12382
8221
3066
19745
76520
89860
61840
28031
73971
35189
78768
8011
24354
3143
81100
95947
57407
33197
4957
10484
23150
24886
24274
18243
19354
82118
50136
18141
28790
55761
59185
66643
97889
63007
98536
114
64072
25313
68410
28808
33857
49323
3838
67906
21647
20989
25880
45302
26227
53978
3663
61471
32796
34478
46999
48185
13309
46697
53985
61396
23160
33898
90198
68527
39296
56209
42987
78218
70093
321
93494
23526
91230
96795
61658
87163
80411
70602
55596
56558
53546
90308
68658
42859
80584
40449
51585
41627
79757
2047
55628
48227
97755
56311
2328
53121
18766
84129
99625
82246
95263
88268
90715
38268
56987
16776
20
38687
7741
21675
21405
16381
10013
74711
83451
12911
37776
85226
90053
73047
29466
85645
79887
90108
98516
22064
18179
72344
11531
3980
69167
55078
26951
89737
87280
53119
25575
94044
87756
37581
1357
75353
64359
14503
43931
60617
67853
4958
44030
57451
58042
71939
5914
60029
15135
42530
97990
82011
29261
6759
24552
69707
29039
98697
78409
54266
86355
6244
86584
22939
25494
18842
22346
4009
5004
1928
32632
27714
88391
93515
30520
82899
57779
74616
8233
98837
51431
47352
64214
6232
3233
85262
3765
60570
26265
63659
75599
34283
51239
77027
18876
72359
2125
14237
75607
31239
46185
54809
26209
37362
47397
20813
49683
12684
41616
6749
31478
83181
66457
41999
93652
42472
79424
20303
59789
73363
16723
86610
97958
5599
42519
54150
84631
36373
33795
69095
47498
6999
566
86751
27268
95952
69217
16884
92031
49126
75083
4360
96013
64046
30203
93619
22754
19628
69021
31852
74944
69427
57495
11504
94779
73410
15300
18692
46858
86931
10535
75694
66990
85959
78593
66609
44389
83125
48498
2987
22682
73492
16257
60730
29741
78764
81443
28112
59738
85160
28957
56066
22693
80444
46423
48769
65996
92416
87081
13393
52548
41231
77680
50883
19720
46360
47114
58306
58805
94985
23339
28301
38499
44023
23924
2680
1602
46652
73464
12547
19486
76006
60521
85175
42153
93602
33546
57015
54762
28617
39148
92365
21608
50795
9864
9620
69029
5660
74127
76384
46601
99999
4127
46246
2790
83132
64989
54208
29992
15942
24137
44816
40017
82696
76735
18879
38636
92339
14657
23818
78910
34162
72516
90889
81220
67569
75448
11820
38741
9183
28067
5812
75259
69174
8838
21148
13981
75469
10877
4158
14543
23786
80026
33887
62992
59879
2518
39120
63926
31128
62167
32963
99553
55643
6925
62400
27800
11209
7683
58106
42274
18141
38121
50463
86492
47024
17373
2726
95430
41982
59645
58943
72951
32680
33229
91432
8063
35402
4279
32565
76496
27664
66372
48736
83210
4238
18494
14540
81155
78884
53043
33355
67235
40122
6903
10310
38639
96146
69219
71507
30223
98797
62521
11565
62720
22765
22710
22379
86887
96543
90158
69944
38954
18031
64193
51472
92096
66817
89788
31752
2553
14341
77889
33134
29214
23975
51956
31672
34138
29331
86116
16396
22727
20062
16621
8684
90316
87075
55197
79084
38955
37007
24238
31518
79767
56876
28974
5375
47980
30054
77748
45013
59154
34480
17123
80976
41029
68010
98293
1828
86304
61999
55751
40830
10448
18408
83786
82871
60417
42439
41085
93831
7144
67608
79946
50728
50068
57343
27081
88045
79180
68457
51525
63558
83883
68639
23270
37012
93349
98435
94947
12769
30917
6605
99873
20307
3914
57282
71889
44980
64379
5178
17054
46850
94426
98686
87683
18079
22183
33534
42690
39384
37610
95234
63702
49361
88328
70335
42771
23026
71513
64554
16947
85828
94143
21136
92718
18299
75883
82310
70105
43675
97206
14905
93995
91170
84193
20166
11622
63362
67901
25004
35191
64799
64819
16879
81459
75066
60010
34539
78921
29466
85883
78200
16951
12345
17037
70915
57338
44925
89948
67050
95307
53328
66520
89220
42067
59575
33445
14489
71870
44529
29729
61137
11027
93365
91285
39555
12934
80475
78485
35998
16719
44368
99553
69245
47543
61997
35295
28995
609
27588
5045
73873
20949
74870
98614
73683
30164
89930
97188
51439
64263
59643
94438
69627
61444
35201
67865
75648
93524
32538
68691
13732
43144
59974
2382
47627
17881
79366
37677
81937
70330
69550
11495
69408
8777
8169
25471
19112
74506
78865
41592
9437
31481
55855
64167
32587
90128
24427
95249
44621
45855
43319
2604
38648
59087
25229
29269
46241
7891
70204
96361
43860
6351
71500
7812
71873
48200
62152
57742
13189
22287
17663
91496
92533
95593
90284
35757
54741
79734
92476
72012
44496
82257
35265
3344
15942
60207
28824
58430
8656
65789
5534
12165
67208
72371
48960
84106
40383
1475
68177
2560
8120
56995
18684
30910
21671
55899
89495
46054
61687
63943
39916
65738
50739
60739
31198
75741
96552
28906
32806
4313
47113
81826
96429
96707
23604
2943
50251
6080
50840
48725
32923
41544
99572
69985
64391
95929
4162
65660
71467
227
98279
1935
90220
49638
17849
24653
57127
70703
97721
97936
38724
33288
55739
54053
27478
37127
15978
98667
4785
1881
2183
70712
25137
30978
74478
79320
50913
37367
219
98608
33762
38958
72239
92725
40237
59209
62167
35192
57950
31734
75080
2450
64493
44157
34633
44890
71579
83280
72755
96540
56249
61353
22804
26556
73289
4504
76534
13666
72096
14033
72045
10158
22310
42028
17237
23780
4989
33323
12164
1231
73303
70578
25132
82461
69258
15261
67648
15113
48423
80174
32928
37337
80056
77415
89684
36375
76378
23981
3890
68929
43564
96970
77012
38803
61696
65576
41238
61145
31134
93593
62516
58217
5439
24220
22477
74594
66572
31845
72266
72757
78772
14600
17410
62049
66474
96899
69528
67283
20491
16783
9893
90753
12643
86655
41572
37282
92853
72999
92564
18169
34783
93260
62110
60107
46383
66277
50586
67467
97327
70281
34861
72778
46555
22498
36624
15678
40588
62760
41082
33225
94668
50394
32326
21411
32436
34291
64978
85337
13424
82228
43100
57666
47081
70845
21226
2239
7250
29467
45102
4023
8502
54225
71536
65585
65313
27079
40431
41109
24442
67469
19935
46072
78692
67273
15773
71995
93400
22411
46267
82477
36933
90604
42605
87785
44237
69985
4011
68371
80862
63364
61952
24647
74465
63547
1381
8660
18879
94899
54859
43683
27110
72614
3096
45014
67536
90423
29676
33851
2097
55545
63963
53154
58027
19045
61964
43732
98986
21901
58723
99496
71720
90785
15803
32439
66477
95201
42219
51447
2929
26579
35238
39933
37037
26177
83901
66308
10094
25559
59575
97884
50440
45605
24999
72624
13326
93930
9992
1551
71383
8912
41152
85813
97463
87863
97826
68019
34947
95848
539
97222
73967
9669
87797
15917
16881
67082
82654
92031
99559
74773
39600
38075
76921
57839
83878
15168
12414
76617
21345
91943
98771
54950
72443
70117
72546
71201
27749
35402
56508
61523
66053
38843
56531
7878
74112
21041
44458
41463
50739
78921
65240
24474
72507
73247
64599
1460
8472
68196
93557
35877
20802
79170
94323
17143
11778
93465
9153
72133
65763
77767
9731
81125
71239
10121
18131
84692
79502
11989
53853
36491
31791
74204
88039
71822
24628
46768
18362
72457
72334
68111
1797
43538
80147
71611
51901
86529
28592
68304
99640
84264
24663
31543
4672
34913
12561
71431
16313
21347
18869
37940
48644
27815
77006
90592
13351
21509
53608
19236
61651
13011
48774
23747
70697
72743
14367
33173
83420
95932
79754
61238
68840
73151
11792
26906
44875
9770
80147
95944
94381
48146
35685
80312
4288
66109
8638
48676
58382
76847
28635
39936
20583
93892
51789
91905
38416
47763
55812
89568
45203
48294
43216
92267
13815
79737
23386
73969
38847
81919
86085
70744
12804
59825
51873
99021
30470
4757
29647
89759
45189
48929
52050
91869
10672
71083
48269
31119
72843
19565
81752
56651
7340
62635
92954
36504
93609
52901
19163
58286
79597
9004
12649
64537
95692
92013
17414
34684
69776
4516
781
11229
49665
10480
3591
68000
14482
22343
23219
28068
21121
14433
23227
5145
12035
27155
66342
11959
385
1357
96838
85867
91278
23435
46487
3330
79892
19162
39283
1978
54033
55876
3839
35976
44459
22583
21876
76288
18481
19948
15518
32833
78972
169
5989
14827
24480
4873
89907
12798
87401
57128
56561
23779
67568
30107
94190
69728
40420
29658
51822
34172
64338
73130
77814
85892
86426
64601
64903
28370
83716
44136
35120
23424
48426
4088
20745
73934
11666
88681
55540
53321
15746
36676
57622
50705
57938
17133
11927
61733
31991
62639
59936
77109
42661
69165
33023
17672
18357
50068
33270
83528
35420
44886
57545
21718
27407
26448
38903
41029
18959
23643
2825
95059
94523
82203
49985
34085
87794
87595
94534
54255
20729
12292
11614
53116
42072
65023
2082
30315
49226
93710
70879
48107
14520
51849
23627
7932
23364
3078
50834
35735
15852
72899
2430
34647
24920
85159
70037
61775
5862
49704
4123
53157
67778
47348
19502
42048
59149
39367
96747
31832
80982
46121
24808
78127
37004
87936
97753
4267
86212
90267
65113
94593
62676
10495
79639
8632
30590
12823
13389
28138
63311
7220
83922
83100
13343
8427
69748
5154
46841
68602
14220
75670
20300
34960
78614
43906
26808
77956
28818
13132
83111
90804
10441
41193
72180
95278
30007
60942
50948
41002
25791
90254
87820
7510
67649
38953
90156
19814
69979
24731
54212
79784
27655
43056
37764
89121
91211
61790
24275
32476
65363
70801
77787
87064
31704
93235
76465
95091
88427
52971
77753
14575
3640
25884
8989
38618
30285
92624
45462
62660
40648
65335
14686
36286
48281
53355
63467
29243
60851
63558
98771
30333
70173
60923
25621
41461
10495
10376
3905
41686
41878
72382
43762
65910
74844
51966
5348
60824
83872
23388
30304
78497
70415
88268
20630
65905
94084
6711
76332
33103
35225
81730
70713
23844
95074
94938
75121
68344
31243
71450
71302
59508
17604
2112
94472
3636
77471
54193
97880
66941
13543
82459
69519
85192
33150
31093
27074
64813
92156
21088
11269
72327
7105
11179
97537
95313
12302
83595
30951
91710
49578
79584
10157
73405
94584
40470
17193
29161
50662
7087
55759
87411
26769
68961
54439
79729
27098
37675
78604
75688
21925
88833
8915
37642
7041
64571
64758
92183
27140
89753
2323
99303
72076
11179
65384
23319
16402
60005
97371
96694
39062
88050
96934
2186
89888
91755
39836
26613
27325
3299
78020
53958
1988
23329
15986
75490
6597
93839
24235
91939
2262
85350
28919
69661
97269
33937
35417
56978
2861
10065
74972
78904
2322
89315
17859
61234
28636
24912
10907
30053
90735
24001
34618
69278
65110
45135
49155
96108
77708
13121
35611
62747
1635
38699
83027
41789
77435
66911
81266
37607
22516
50090
34244
87614
17419
80740
75765
69984
7153
96030
23743
41588
97558
43869
74721
35687
20244
13489
83543
53609
32664
79787
59510
71898
76237
64010
56391
61379
69956
22874
14726
28885
1978
4982
72238
85364
67494
22256
95359
11796
31384
7563
32052
60678
40480
58779
76891
18109
18881
50467
82121
89686
95567
32929
35300
40930
75859
33300
92406
22596
14431
14407
47869
22880
24930
42511
89653
26229
49610
3241
14544
24375
23288
86976
99587
8583
88762
91984
90924
20416
4839
6525
72177
76383
42811
85676
78947
61924
61444
57245
42170
10272
33209
28723
37288
10095
88068
59958
47103
70953
407
41380
21107
70870
19064
24180
82831
63897
21699
42471
13366
87750
32691
78049
17428
64440
70894
6939
27679
43892
41721
57272
84863
60447
97793
85660
52160
19303
6104
50539
42703
93853
4116
36423
99788
74196
56026
3902
11299
10501
26206
65823
92562
80946
57440
6672
1840
30060
11725
76411
62651
41442
7380
59568
85263
57397
82353
49007
81813
97306
14720
27073
64355
65550
64473
13926
28439
39344
33825
35642
33378
19425
5353
38659
785
37407
79173
53102
23594
73179
37051
13103
31665
90540
54888
2175
79900
61734
3862
13823
7655
68852
68955
34175
24725
28333
55658
8250
49069
30204
83387
10558
28311
28129
7793
35314
7867
97115
34545
24069
71529
44700
31019
28288
36710
77604
38133
10694
56645
26093
82719
74697
82906
76374
1780
43032
194
25830
73934
34714
41133
92617
66502
80580
35671
42150
69595
97120
33406
28969
72052
23649
98733
95458
54736
60318
74696
41597
96196
76792
70063
91628
5845
58637
20214
57419
59630
75678
53432
81625
67271
9990
75638
93876
91712
77651
70799
59416
16515
92496
32151
64624
58604
56097
84408
7508
42575
18637
38117
69138
73078
5945
9158
76067
70247
18907
99760
89503
73885
39632
78111
52848
55105
96848
90658
83906
40802
94091
55870
71072
27521
4636
53709
34217
4207
19308
15151
43993
55069
22885
61664
17917
59775
58509
48247
46241
53580
86747
27153
49165
2205
52367
21267
29617
31095
42767
49228
93061
4956
1384
42807
25991
78653
80402
71297
47116
60456
72804
68154
81775
39060
52173
339
97882
54801
69363
54529
2894
61007
26306
33032
4354
78660
32966
69795
39105
22441
21607
78744
2080
40359
9579
82618
24270
63154
51546
63332
68617
68946
84806
22555
44235
91445
98180
59220
5525
87413
78984
78015
4542
70301
77847
82169
82621
6439
94555
21183
28786
62257
37544
82827
23747
65909
94156
67634
37833
67043
13323
76567
25859
17574
87854
65164
98442
53092
90898
511
21538
8756
99632
92824
67081
91330
86159
33697
12342
45851
89372
16133
33751
67768
76668
3752
2512
49785
24155
19955
36653
68728
79899
68044
23981
90844
26421
37407
89198
89879
36326
92429
84544
994
7993
39403
70257
73362
40555
97920
56880
60824
1365
98083
57573
15684
30786
93196
46214
73660
25273
59591
5018
80550
83328
25396
99739
79181
60453
18584
77714
44407
73077
30697
928
60494
86100
90205
92607
87568
33987
2933
77422
51918
83322
99173
61064
18106
47417
21528
99392
48724
22607
31339
4932
9711
26733
30458
55540
61057
79824
14764
52748
75574
46597
73133
94662
53591
88363
47959
10822
11586
99050
86961
61910
49812
59752
38530
95531
28065
17179
54255
3681
3059
52887
46506
9790
60093
90443
67044
95084
55803
45670
38294
866
74154
45601
10088
19473
29985
39919
72138
68877
67582
12572
8524
15985
6987
83260
58554
40062
968
86576
6932
11996
59022
18786
63381
89081
52496
22416
3204
23133
77959
700
52407
19732
26944
4919
19729
28638
80309
29393
34787
38603
13044
52932
57062
84056
63083
98704
12118
16808
21894
70935
91929
33499
63918
68725
83681
19620
71001
69835
37062
44068
27290
87169
75222
93154
32232
37886
21270
5892
85290
94121
67542
91912
71942
89314
14920
58797
49701
91047
84517
18784
61297
28335
22635
77180
39982
40802
44091
99414
90334
99557
85210
47778
68344
8451
44918
23973
95284
31573
19459
56704
10742
79718
59974
67010
21545
41189
4965
22351
44443
3028
31766
52687
56732
70999
22663
55006
66576
82025
80442
51089
76936
6122
51401
3571
33574
6083
55452
58909
83576
86958
28723
62110
13255
5201
51628
89147
79752
33242
53479
97548
88235
96430
42302
18286
61249
62914
59312
69131
39852
75628
97672
34555
93521
9098
35692
64650
13857
93257
25122
36510
31204
14366
36830
6663
49287
38353
47515
61652
66483
56559
96838
63870
56844
19978
95897
17741
20365
15417
80264
92456
5705
9501
43877
90729
78066
36687
99463
20050
39473
47430
335
67805
33808
50395
31918
11399
18605
40846
68714
60475
96625
78562
36757
4287
63496
94795
16312
33222
77253
83447
67969
45920
42652
38649
14319
77883
50246
85470
90060
91964
58679
91261
31154
9013
16025
50852
92004
73311
5921
66743
32287
80428
42738
74271
25491
86936
3029
12718
46840
88958
92341
99251
65760
77533
43494
37245
68638
82313
73785
48337
53046
56930
66310
88275
95531
22901
41552
99190
54776
59784
76554
94247
31834
92096
61104
90523
86258
15277
99428
48828
53027
38653
27030
52830
30145
84165
67542
39411
8735
51306
16373
45778
21216
48308
2330
82203
22509
55640
11390
87495
20693
3313
13844
97161
76497
79290
88798
22807
74547
5308
76157
24819
8266
94554
5549
25041
43801
3202
68419
7273
51819
67822
18396
38124
57824
94016
89710
68091
6950
41514
74974
53029
48745
49059
68273
78580
75542
99387
37112
30888
99127
13870
71027
48430
42743
95738
81774
55254
53026
31386
49541
96850
25560
262
95392
23736
72152
69302
33425
58773
58325
84012
83758
69646
10058
53880
17820
63794
88981
71761
43532
29242
50886
80863
9757
36886
44807
31771
33815
12198
94358
5442
23765
34620
17356
31369
97420
78911
71200
43406
55842
54130
90858
53629
74797
11097
62431
70558
25782
65217
10451
45294
16753
84628
7824
65944
26549
61307
83925
73388
11352
34608
77963
62495
90747
16552
2989
58052
94691
56343
41060
52512
53802
46546
52376
16873
97668
25047
95867
17674
21514
97886
73636
24210
3569
48768
21633
61348
77951
26367
56566
63487
96353
56618
64245
90661
28538
26394
51428
34864
49727
47156
68909
20167
77979
30334
71520
3596
70845
85118
2097
88625
450
6245
95213
93535
89835
18779
14734
10164
26991
47635
5846
5834
597
48586
35384
89508
80588
38345
57238
97470
58957
89428
94797
19754
68796
91259
40287
80497
67321
86505
36720
63844
5018
94951
31488
34205
13648
90924
53887
1767
8733
49252
25168
74718
57635
40803
89574
87148
68908
75116
37700
11405
23819
47011
23231
36692
23221
53453
9370
7092
74888
46233
9608
35103
88850
26663
41677
25698
82205
36055
72125
43175
58818
10834
53762
37670
6010
5926
83204
12965
46279
98620
10057
33942
18717
21481
96352
20862
52980
31377
96113
60079
56187
68370
86087
21246
41280
29902
62290
41359
60470
92928
7834
12781
31894
90657
65171
65992
59454
10773
83903
29252
90212
32815
44543
99610
65768
57128
18292
41949
12976
82766
12584
2920
49604
34101
55
9772
34992
530
34014
14591
61271
94418
85228
72926
15648
75337
48690
98799
18732
75915
33877
23551
39605
55789
123
93636
97321
31856
69458
78700
81120
95975
41167
35288
3376
59162
80043
16256
46237
92938
73038
60232
75666
83776
70952
62167
50640
49653
86859
80076
1079
12493
30689
95016
91365
31218
75462
48236
21496
93154
2821
87216
93269
23316
46866
4033
94789
95084
54976
33755
54652
27288
13112
87101
62293
71917
61255
7246
77449
99137
31654
91458
55860
82971
35814
83386
79484
65711
52589
61121
86004
80498
4047
3358
24378
11601
96193
60583
84209
3493
21178
39429
6154
58253
71838
26762
47468
14094
48158
25851
77908
40176
59380
5593
19414
25180
67082
71620
33937
84736
14407
44758
23660
84185
65185
54542
24828
16107
98544
58131
16646
5266
61184
78954
88784
83905
47841
71213
48332
78659
93951
62198
63264
20080
90150
90423
69930
95573
92399
26498
36583
53455
32094
15853
77941
95199
30933
5541
82466
97916
26846
99529
86196
86112
71713
11570
16924
81953
11368
79056
77750
50845
59311
26240
11857
74064
83221
53172
624
52544
27766
65172
37948
37303
6619
5277
18912
11533
13439
88518
88971
23628
11482
38749
38450
96465
37570
64364
90742
13305
47652
80487
44651
73696
60185
40946
67540
26509
28218
51860
39862
47959
64952
97353
49489
96561
72993
17255
64083
87610
91586
45612
76060
40151
76026
16026
27511
97019
75723
95876
41772
88328
50600
64320
40162
72137
5395
22434
88815
98660
58700
26952
56072
42561
6395
99020
55004
81468
34714
50572
5388
39067
47110
41076
69062
57116
99210
55479
48467
7548
30676
48919
85239
96664
49631
83928
14666
24432
16825
98703
50695
85594
29640
64575
45681
83773
73059
99545
91363
75000
66459
44621
59038
12905
80506
92652
95864
51703
97696
22337
1503
42061
38526
65651
17825
21846
47826
88681
76907
61299
14752
35249
62346
40022
5166
12464
2900
71650
2203
19987
14215
69899
1232
61067
9631
79422
97222
4786
6433
17559
33530
59394
56253
2771
12715
60323
31215
81504
81013
82626
19821
78435
36340
87909
51231
48316
38550
30140
5752
66069
57858
94538
69242
17554
82928
5822
13838
78717
55247
5735
55520
10833
81550
67824
15394
36345
60631
90817
77694
32236
23027
8040
61339
27720
44349
24507
77871
23893
40236
38360
19373
66916
53078
28515
60194
86514
98883
30092
91590
14749
10805
20248
71220
61770
4586
88492
58523
93544
45689
3651
44681
45059
61846
57226
78622
49650
73535
90963
12302
93870
17799
56777
85061
82492
93697
78089
1533
44389
19435
14553
75749
15151
6159
4966
54185
84551
90200
63643
9399
74142
93720
78420
32965
46869
7791
64069
85104
57460
72310
57832
60000
46723
19475
51811
8822
69421
42928
81026
94677
76001
44532
37488
85344
88408
53184
86189
76545
40142
48772
77590
63988
72147
72660
73582
2992
10038
26615
50989
71260
4378
34990
67744
91490
99758
36473
67864
96599
7469
45257
13168
22490
2725
6465
55327
48135
72653
25646
5535
49293
45228
39213
5954
45354
20144
87223
17505
94812
81144
93929
59962
87474
44925
52078
75761
65601
89874
29825
19788
7279
97275
55086
5982
65345
28874
65366
5066
44173
32881
18912
90740
77376
23536
20441
29116
13223
26789
51442
52263
9830
83743
71462
95621
99448
17754
99952
98580
43501
63936
92365
19475
4978
79887
11295
59278
32889
32484
43504
54013
71898
61918
34273
85956
58682
75730
99919
87918
36067
13173
10413
22577
71576
20165
46259
72986
61287
36185
76425
769
79612
63541
28352
88551
87922
90916
56049
85874
75062
17666
94642
86189
7058
35740
79217
50865
59339
34328
99962
48086
84195
80278
6920
88498
95481
94107
80292
5087
29969
34006
7440
70964
11149
93913
61835
98903
68994
73683
38301
96436
79037
85549
85579
43762
76496
9456
64001
46789
13956
83598
66904
6934
9598
46802
76493
58098
11511
72436
60087
71651
98788
82863
12990
34149
96874
46928
86529
95342
53945
60609
4209
86586
3308
63333
52320
39653
4942
31575
99888
36366
90866
68882
28205
52903
92105
39516
8413
86723
25100
34676
94875
52405
54871
26283
19541
12058
28233
19407
92561
29763
35103
48375
3909
93417
63756
93848
89899
76904
12675
93276
12243
75170
87915
72608
33437
67455
80548
87632
2280
19819
15930
48413
2434
63851
18561
45122
51375
36574
55944
28568
44279
38755
47426
31670
18712
73996
95633
93681
59642
41025
23159
27580
36966
64848
22068
16791
97816
7621
49916
86579
1183
63751
13191
94484
30242
71434
19088
9753
20551
3640
91624
77705
30674
13822
70694
39678
66718
27026
35990
77262
4778
98773
21378
96431
66756
25462
8720
93582
85153
49366
73982
33839
75880
80013
30813
39809
92370
81268
59427
37246
28359
63653
18826
91625
23088
70261
9120
38736
93427
9336
33438
14225
86349
27824
74896
72965
70290
67885
22819
62132
66482
52949
95850
75825
7544
91403
45305
9290
22620
39717
7103
73921
18850
40200
64496
84991
33229
55602
49346
12239
84425
27689
44171
22573
33114
83346
76588
99051
37184
77591
61069
32610
70760
4989
64930
49127
85483
34408
67749
43192
62388
48403
39177
52323
11836
61146
21558
63380
31158
56420
72651
72626
47848
65843
90552
76104
32429
59353
97401
94461
66409
14593
94466
31730
31614
28331
25663
93514
69878
64177
14060
62705
85183
1435
69341
97235
38528
35627
70260
594
50687
11682
79249
34204
32863
80411
92830
66487
52388
72452
74675
36238
8641
62694
81654
25488
27259
73902
45888
72688
66221
31372
87320
70125
45022
73538
10564
67400
55772
84654
39411
83608
52945
41611
45604
63230
60512
80353
3258
90479
99963
88261
64182
7917
75093
41883
12045
45235
87821
15634
8447
2647
77487
56542
81598
90052
96230
17056
20777
50546
91293
54167
49713
47035
72280
11832
67681
65611
80001
35603
29893
33455
27278
9711
96135
95785
33622
8126
80882
71106
78102
59724
33706
52666
91353
70353
80560
75287
50777
35691
22189
44714
60388
59117
38963
84416
75664
94992
1490
89730
11843
98862
66012
22975
81289
63049
74880
73014
87055
81827
47096
80507
27081
45523
29219
74566
542
43107
44129
89987
78931
61862
18582
64366
38324
50965
15331
50124
83008
54
96151
34297
97805
28740
44946
71681
68374
42662
16674
93570
98338
72416
1098
8030
92226
14594
74262
96910
30106
83140
71081
91041
20321
6636
77743
75996
68255
45767
78439
27176
36448
97521
53759
28573
62669
58971
22800
72170
18591
6736
85556
43030
48043
91040
49797
79745
65878
3973
88263
68656
86480
12866
4391
93669
65570
70059
5237
15203
29177
93945
74505
18663
30993
33262
22823
20623
107
10774
69846
56792
29240
5584
67455
16504
68652
11387
34977
32620
13591
1042
53869
41166
72622
35912
86788
74760
35319
73295
10706
60485
48235
44483
40995
91167
88702
86011
13531
54771
11600
57961
89403
40978
47472
66515
93761
17874
48728
40625
18506
18410
37044
53731
69326
46715
1019
84283
73748
33280
62590
7272
31388
72035
90851
81396
34245
4892
69865
68336
78021
710
78122
45710
63086
77561
61922
25974
64260
83216
923
8849
32938
12151
60138
48939
44698
92648
16233
97950
88305
83369
2276
57620
22783
83043
48699
69566
68370
63013
32009
38069
28953
87484
88678
96046
45896
62479
3831
73766
75756
4131
37088
9574
64665
91708
30591
30384
86531
15221
3548
21516
1159
14661
50503
86803
93750
50040
54275
62014
85712
60573
38167
97079
87386
9406
19143
50162
51129
4034
76618
18768
39070
26364
2167
50012
72211
65586
28214
95898
75810
47406
60579
7928
10219
59576
52425
74441
16652
65778
38814
44940
1437
99757
1252
35869
73766
81644
85627
52263
96736
80824
32781
74330
159
62260
65409
24801
96683
29699
19838
92372
13609
21101
87138
63699
68542
68524
93096
90998
96757
57612
49584
55177
54732
31866
97742
23085
17072
94841
56508
52937
55164
85029
48633
55163
19927
38180
72100
52441
87792
44374
97640
89163
41923
27217
80009
29497
94974
49459
22428
42457
73035
51294
81291
59552
68994
55161
64736
11535
1928
590
26325
97004
5138
11388
40081
48882
53438
9871
46715
24263
35570
17737
4379
29258
48885
46303
10090
55740
76009
14207
18036
48118
53107
74550
30731
75280
704
91012
26342
84879
50169
84769
33549
740
51822
38832
22942
39310
79727
32005
43390
87012
50017
64944
86072
78800
34970
39040
65295
41661
54985
96638
93943
14830
53023
48055
94763
72417
44700
40657
97030
3377
73650
25977
54030
46979
72200
99567
96668
8483
61923
6704
48938
76224
32668
65624
90479
24738
72449
89530
17807
64655
5791
50583
56580
84770
46799
47168
8466
82804
89451
5390
31566
49454
60065
89355
99924
11779
1569
6309
96164
5582
8854
3723
51976
99431
45268
29232
62444
50178
10941
25021
11131
77659
91743
69208
7743
76588
79742
73301
69328
94441
47356
77381
2786
70185
18476
70971
47714
19392
29759
289
1739
12282
81245
77891
18212
962
10650
42780
92771
20739
28069
76551
52288
57379
57992
27700
49761
91322
47213
92283
64984
7342
93296
37232
403
10935
46991
4721
17462
92552
69436
96839
24387
49409
71787
12693
67774
14332
41216
71928
67317
32580
6524
72643
66858
98988
51894
18793
27613
93034
1913
14259
115
1665
65200
82645
4799
81291
74141
55683
45911
39798
46058
96555
45290
25311
70252
88533
97009
95904
40099
35531
15771
43649
19592
57996
67845
29097
61428
91046
93917
32884
62066
43966
24564
71582
51604
40526
86889
90637
88145
52421
86763
61136
48224
51330
37841
89979
35648
3105
89941
92270
65411
97777
82520
30030
94496
44353
13266
7986
49243
56941
9647
71405
43404
50245
69620
70832
48691
58988
26465
58550
98412
79217
71286
25767
15654
61234
8421
73926
24545
89784
60140
74090
31095
45137
97891
39161
40276
19844
99981
57396
83392
41145
78870
94185
16821
63736
16080
55210
87886
99321
9718
4616
51974
20660
93921
51467
90788
56148
45507
6636
37647
38986
74508
57947
32896
37257
17322
68211
73075
16986
34272
90893
78639
99814
75515
5831
75423
55103
36083
48556
46441
94093
61747
94155
73167
56510
66534
15766
1646
18421
31331
79666
84649
85231
48598
81744
66381
66946
81978
40766
77199
36016
59458
49824
59970
57512
8248
83670
50518
95569
3007
60988
39648
12730
16574
74202
59566
65967
5874
96394
82964
53139
78026
80622
57669
26690
20631
38867
48858
43935
47296
14318
51990
95854
7566
81572
31137
85098
18617
94117
40618
66954
46325
51279
19004
38492
19427
78488
54869
15951
29128
70379
24450
47770
23867
36382
41787
16794
72637
57067
91179
93965
12647
25067
90144
77940
20333
56563
5897
58927
45299
48576
20746
8734
83225
30112
45014
10191
48153
80203
53302
34640
5578
95989
39200
77901
38042
90415
65756
59340
37494
70223
75166
76042
62263
28703
27782
15107
8195
17386
18744
85377
63275
65448
13785
87091
2925
68228
64099
22973
50471
31168
31320
91465
27794
12042
11542
42442
63
22469
51373
555
88690
83751
51438
27668
20227
26727
28580
39492
99544
25286
5637
88604
59972
69621
71340
83551
97491
81420
57458
10633
76644
43235
27662
3104
23890
63061
37877
60312
9077
66946
5177
10502
57376
67202
30730
31663
30295
1280
14329
88945
73374
31840
67405
39542
39306
71104
70156
57487
95665
22527
72836
54675
42982
26299
2761
76851
55650
9036
83365
67974
51613
80505
83372
50563
23122
99190
11668
32581
16032
52915
30331
49044
7015
54245
29798
87829
83350
33473
57928
28654
9338
36658
37875
85790
67061
43730
32247
88600
32370
70131
89590
43211
1303
51085
27862
88649
42949
16884
73750
82824
8304
49718
35691
93762
24572
584
98417
44413
17646
43011
33403
49923
26925
94809
10909
62334
54714
45627
90597
50477
90666
25419
18860
37362
43971
66999
86864
177
45317
88719
16635
52058
83848
18366
2008
68657
90118
30508
89603
82038
4187
8972
18638
18534
87049
34260
55914
46685
96742
37044
66508
33080
55560
2292
92899
33929
10512
5054
53433
71411
98940
36387
28733
65759
6720
15533
26899
70002
97579
3008
51832
39280
33397
31902
85348
34733
18090
22879
94059
26998
92229
44480
53247
58041
95252
6255
23037
89638
41055
80106
62607
1174
47959
12726
51795
84161
59577
79557
52545
73502
9374
40522
49483
54642
5684
59942
81962
67127
99716
55107
77713
92544
9811
63742
52551
41867
76668
4387
55763
17520
44476
19480
28155
54149
30
76490
86408
40636
43804
17872
46365
37732
84797
23853
76416
96833
93368
14214
39358
60803
53031
1242
70720
82789
81282
25680
79000
57791
16918
83848
36452
22563
47049
14172
35398
9276
34286
25741
99100
42577
57986
91368
50410
66720
54977
49951
55773
59403
8677
40997
55395
50127
46389
59391
9280
16692
93759
69219
68861
11500
94898
17326
84539
83851
42059
18121
43407
2714
99505
91057
93044
20353
583
3759
9053
56956
39804
31765
79115
90119
75545
45727
65544
97473
82801
47915
9627
87064
55805
73274
31559
44422
53115
97288
29194
64016
18122
12022
42182
76879
93371
30051
63533
19449
96326
31575
81437
8568
38335
50997
24133
82364
6105
31511
62389
10891
62656
30369
8820
42584
78028
51695
25456
92120
69982
26987
43477
40091
2132
42524
66386
10901
19904
92294
77879
43084
84555
21651
46051
9351
61493
80707
87670
60333
98755
41312
15856
38211
37934
48083
85307
49192
81679
68115
4072
18299
22901
56076
21466
15857
9362
88878
63721
95245
55405
48343
83763
14279
23408
75136
99868
34445
92631
6729
61876
19313
75199
12828
3548
18744
13664
21373
91803
48301
86325
36512
94206
62844
31335
1694
20824
7500
2563
85606
42248
58316
32746
65575
68137
94781
76808
30786
40186
43439
24313
67483
14804
3181
82396
25737
60251
183
38655
11246
44837
77999
24224
75674
57323
6530
6208
98064
21466
34205
33544
53161
68434
34814
74658
90100
80116
33298
33851
66442
22129
69167
75397
47324
28560
79440
51819
92421
16001
66267
87597
94768
53623
65389
69483
85850
21541
5133
59417
23347
94956
65664
85203
25984
62158
50410
43904
40692
52779
25541
61582
32619
26481
63102
28546
9484
8876
84294
89383
74892
73249
21254
40482
61086
8106
55904
87342
12600
79984
92601
30568
15871
78894
35283
65489
27162
91955
13957
9230
84739
3764
29690
66575
32980
76627
70293
74181
80442
38207
50337
4699
46674
35689
14927
96285
8582
67215
21835
19010
86225
20742
94789
40589
59385
6312
87446
54635
25879
46440
66765
42772
67860
58128
18688
93633
58713
80418
73554
76250
95837
85120
91049
99705
33786
36054
71440
70928
41975
68420
22639
32749
44541
93014
54844
98171
16437
15494
6995
45825
68647
18657
49809
90345
76897
88385
11334
23720
44973
24321
41162
61368
41087
21196
75403
87480
71266
98386
41748
28135
12676
9428
39627
82110
86891
90096
39731
38677
37538
20604
21886
58452
93084
87921
44308
49670
36321
1607
33898
21605
66152
96168
74824
73809
66590
63633
48513
92647
51973
31892
82800
38891
98624
69833
91214
70227
98153
79268
21875
67393
45687
92322
63069
1688
64577
58570
83998
9134
75708
26485
93615
81771
89050
70775
59746
95909
22135
13760
16815
8782
34017
96393
58457
39376
54344
78291
14395
18379
92223
94294
69218
17571
76409
77407
47369
53453
9641
6855
95137
44678
69516
21435
74570
37809
32506
42741
25748
88695
73375
15189
9492
14991
85569
78170
67667
37891
57773
72004
17439
48914
4932
57225
90856
22701
81581
43675
25072
64736
94026
6724
7690
58282
8301
35673
83334
83899
67754
99743
46154
91837
60281
49824
41591
88719
50068
79798
78298
98243
8629
26608
73872
64380
62402
61032
28336
32496
51131
36847
40258
80266
27351
39551
22630
56563
90753
48031
54093
74138
86647
41741
60177
52224
3466
15298
67391
84767
11619
26395
25518
59865
49922
45019
81661
55143
89559
5341
89242
42531
23200
7550
70572
39737
89503
86600
8430
29853
38671
87330
65958
51359
16482
98245
45543
33043
93022
59643
4921
95279
85688
49791
50833
17170
18517
23134
20181
56191
12425
3749
67147
6475
27243
2037
54335
70469
25842
99756
19782
15473
14584
80385
72557
32115
37815
31524
46716
36781
74940
4404
2670
37751
42626
91122
46445
71545
17590
55907
89979
58758
18118
47414
79043
68234
86892
38296
82816
38460
2106
19830
5675
95789
27905
92535
74788
52704
71497
46412
86809
94543
93228
93530
7177
20239
69831
58261
86912
51427
84950
69862
53115
98491
72688
61836
57527
5156
53464
46236
73085
91929
84196
40445
82159
96399
87709
79279
16786
16013
22415
73419
55646
89250
7677
17918
41152
97904
16079
15765
8193
45391
27619
90089
91036
80451
99198
94632
31814
68208
69003
35778
54953
47805
48193
24177
51808
90662
26552
9579
55260
22653
74352
71765
65748
75048
85426
81800
79969
20388
82485
13519
47556
39625
1340
63192
24876
71369
84791
10652
98030
88520
77853
91498
80814
10887
78858
86980
81878
62830
85258
42630
68316
74127
48276
754
32205
5821
30759
95129
48296
52777
45116
96823
88273
86904
90492
27294
55505
89271
4685
93707
62450
55484
81763
25960
52865
77066
35094
2463
86569
12024
45451
50089
51924
70295
88048
4005
10331
6064
35350
28108
26453
84560
34852
57309
7941
18428
99533
81525
61148
66220
51643
77885
8617
86836
2385
63763
92620
36891
45681
8963
72250
22275
2740
25956
65374
81574
61628
60804
80402
72699
90356
59204
83021
85832
56562
6299
64466
12975
35352
89221
61610
95135
76369
95832
70898
90954
46063
97636
91512
30413
48164
47510
39500
77389
23849
14820
72486
91746
22590
85892
66233
85659
84925
78297
73350
60050
26260
58671
24980
19960
61423
17268
87818
10214
55816
15670
8234
94397
80198
78374
20252
28146
99342
36179
46959
71926
81033
80776
96842
5894
49135
61646
9904
62462
72868
14648
66821
72733
57138
66903
91683
83181
68032
28283
46605
21501
54816
87186
24847
27677
96386
33425
86868
9664
12998
98826
97125
40579
5089
24692
19694
26865
17839
39809
87501
38139
74752
60173
91958
79279
87999
75931
92996
99510
44200
84426
7233
27099
18743
50177
53768
10661
99890
87546
81361
45472
40633
33445
44917
36592
38971
78946
97602
54921
97050
47925
23920
24275
55375
88385
54360
41709
13025
30358
86373
65066
55740
94470
60776
47215
19508
5495
58961
99066
47324
8546
68180
56813
41980
58295
70817
79038
25672
58941
63141
27238
28138
17893
25351
87238
76945
33542
29401
12588
23541
34171
68239
18909
86679
79244
92327
4315
97370
40116
1281
73179
85903
32780
44703
29458
7882
13691
91783
70096
25026
70891
44386
22811
3956
37271
46455
4614
59406
75315
91763
29982
92494
7984
23613
37883
80147
82773
30169
76748
70697
97561
39174
76291
82673
91774
12272
7885
54699
72721
93871
33542
89027
60118
48469
90383
68552
27026
9999
56286
55110
44442
20925
8420
99178
84389
63203
94856
86968
99937
74539
20070
90365
62659
50615
83414
22957
5836
97063
41344
89492
98228
66962
79541
70384
83527
38841
46980
89285
55305
7452
4785
30288
92288
12673
56310
52369
98533
66044
95596
99337
73476
99863
3812
80695
94523
3557
99664
30979
69743
4816
47963
10530
29013
43721
56594
43772
50765
37658
68360
42421
1173
64677
79470
35844
32759
58233
56129
97693
56675
31005
98499
80166
55016
72888
42702
76531
93818
27412
22711
68065
22461
38139
12631
63158
6202
29055
67253
16780
72416
45525
5408
43209
75703
25692
86505
70397
32041
53717
1429
17423
81010
31900
97422
11709
94941
88008
50884
28512
41123
33401
96983
64315
78555
20218
21915
13779
99037
52182
47572
56815
26744
63588
86009
78476
10568
76063
67038
35657
58867
44672
77177
52535
132
42052
65502
25935
36430
52574
55028
15954
13628
44825
58435
77432
76772
94900
79351
76326
97697
44321
6494
47527
73767
24316
45395
11900
27403
88122
67025
73203
6528
76096
54798
29192
27427
22147
2267
76046
6252
51752
34652
96979
28701
90251
94292
17068
83221
86370
10130
44606
86414
79933
7808
50197
699
2873
99801
71938
58302
75970
12935
91650
77183
85300
74726
78093
6302
61736
22351
53073
10599
27929
9641
72383
18997
23445
64705
22645
95861
55102
47044
6739
10575
99391
72092
67814
39804
20741
82696
289
76792
93323
62492
8007
65886
60268
34069
79851
12884
95681
57414
1072
35820
86040
84701
86344
40264
2829
34859
35310
72610
47030
40421
86702
67234
69981
75605
56501
55922
42369
72248
35153
19362
48241
66171
46520
97171
98701
50154
78782
16087
94710
972
51113
35879
45252
90179
40854
8661
54274
50489
77785
92617
67118
58506
50812
2653
42188
56935
82915
67012
90034
79918
58480
9213
68034
88226
28166
95864
34147
82339
46634
46491
40
97537
43145
6024
1939
7184
89166
9654
49440
93416
67134
70797
61831
46528
98379
59944
26774
5018
88676
89902
46971
48908
35860
57011
35322
60396
57495
77109
45135
87628
50325
88395
90476
35668
81060
84841
3195
85288
74923
51128
78108
59375
89482
81449
21641
55446
57155
81098
49308
30558
30723
40723
28116
48703
37681
95627
39175
47953
1195
73663
63487
65493
10834
49801
33150
6147
91987
87305
91749
47244
41954
97696
44746
85426
56388
7768
66738
26158
91186
61786
52695
34602
44446
44178
28624
79829
78000
57527
75519
18847
47750
52409
77103
68253
82251
1257
59844
64389
80804
45738
44198
41996
16658
45144
820
50670
60357
38122
38092
7774
28119
56313
27053
82822
66480
92762
65898
65570
15717
96394
56120
48104
80480
23944
28687
33286
70499
44864
99423
79639
5175
17792
94766
57347
37977
23649
23163
45635
12958
99270
55590
99603
60786
98567
30832
54023
2068
11559
60412
1034
29162
89274
88414
62497
86960
70709
21405
18236
66063
20366
37047
63964
92338
9625
94475
53240
89466
41460
50005
170
81941
12044
44654
11975
37374
84965
77007
19243
51874
30464
26177
55667
65349
85943
40513
82323
85634
43033
29283
15426
13634
40193
12803
58590
60824
23645
85011
33863
27647
14090
35491
17447
26284
14431
99597
65685
76576
6795
79680
96733
26614
48548
84515
2860
21259
80057
4041
67161
20286
52003
59304
58336
98332
2239
65260
71468
11679
52500
77629
74181
194
66365
98892
8264
83302
90464
76921
57606
61689
34491
27218
53581
78308
41695
86509
79804
1960
52365
63101
50362
20525
51335
52333
79520
18703
56585
53816
55960
13628
63697
22018
20771
15619
21744
41977
53598
89272
43540
58556
43802
24578
52313
96567
81133
42062
13501
59653
56216
37203
1753
94059
70632
76442
68996
56582
86379
10041
14536
33708
42674
69457
96663
95813
38350
4451
47627
14490
14121
1167
57956
74855
39189
86383
62435
47030
11295
74091
25702
52727
81059
64796
77763
12572
68225
52703
83830
40179
37019
9095
76718
12551
92342
51511
20593
82915
33851
62027
4213
27194
97562
58078
10435
23433
98747
37770
46471
26423
89016
56039
54929
37391
73394
48664
89218
17109
99956
93899
72912
64888
41091
21754
15098
49013
88430
75971
43197
39634
96493
14526
79662
11457
65549
79917
91231
64704
34796
8046
28362
63092
21064
37255
68723
34976
39789
78982
57866
60168
37640
20959
81343
57857
63484
21931
78564
60115
92008
55794
7132
30103
33079
41533
2947
53026
74203
30252
73175
34676
81439
51829
83199
49120
79819
17165
30501
30347
56211
6603
45019
91512
55256
19691
20844
76677
67057
11582
98480
16667
69830
28296
90626
3824
63421
4380
82443
45349
20582
70110
68738
37413
20379
16246
84289
23726
14799
82779
2249
82822
54556
7682
56009
97500
47550
29084
28021
69567
95750
81281
74492
56314
36859
70790
68284
48520
36756
48211
76531
12939
88658
41932
25350
35767
51255
66457
95488
97727
308
79220
36890
42767
58733
8155
17431
88450
73489
55341
60380
27675
82890
93216
73852
7874
91128
82918
97237
62747
17751
56601
59902
96354
53891
62507
4688
27404
61324
42441
92974
53644
59595
5616
23333
56463
1203
40693
86311
26036
46932
30342
19143
58622
60031
8610
60541
85305
97853
72086
90447
44590
14328
43347
1575
85205
63418
84829
20637
35512
53375
53430
85513
63887
78362
24178
94276
32290
60260
28723
23913
59880
48048
34434
7265
66133
93476
24440
1282
75029
22997
45211
51338
15499
64702
12809
40854
94789
24939
51031
50002
71674
50993
80574
73807
50913
38773
12315
24301
58649
21223
90533
53423
90080
62469
93753
24357
4606
8116
91699
56011
89234
36316
99350
16826
57046
77719
92826
1113
6858
85736
6840
42107
19122
71838
1153
65193
56175
59789
92869
12423
59980
24760
43654
25994
2361
39640
91926
67529
90236
12646
24727
3385
25009
44278
24038
83051
19805
3441
36114
67765
72987
95645
18410
89358
52328
5551
47209
41044
82189
86848
64626
94048
60687
33986
53965
92314
8300
38491
74997
25305
26760
56095
48082
82145
24149
7242
52094
52055
62803
13918
22872
44505
61468
78396
88462
21178
81352
7403
29051
83652
94554
81661
15515
30258
88802
5504
8168
16403
14615
30810
34448
99131
93989
33671
62720
75568
84628
28416
19908
16302
69485
50119
28142
24133
29165
63430
59593
98932
15230
64353
25661
26772
14577
56628
20138
1569
65764
27325
15948
54263
36759
63251
61864
27239
53002
95126
99996
78822
77483
37480
56575
37466
2226
42449
87215
42688
89311
72788
60713
13247
45817
51388
62921
70977
46158
50977
46272
90747
86820
5164
26305
37355
97150
73786
2209
36643
74009
73593
34870
38049
95457
4749
16756
21832
55738
55411
1806
46941
23443
71152
61784
94404
70714
49243
55656
22112
22993
52704
43819
41145
67798
73323
96343
98242
74953
83112
17707
7951
15148
87470
46810
19499
77205
47387
54482
43708
69209
50184
35135
40864
72338
58832
49776
40008
5258
56960
97349
92953
97012
60869
56484
23261
30111
86677
59505
12390
18275
62020
41428
63287
97603
84057
65052
72706
20886
16607
95475
3927
97629
13839
59070
9559
33022
72603
70155
98029
60699
68192
72567
1889
45264
24589
87536
71488
51085
26444
60610
77734
32125
28819
43914
90614
7560
65909
47065
52123
96184
17348
10406
20125
11214
31834
48730
78026
65676
67102
52699
93828
15364
11466
32145
49693
67338
65141
1865
43269
30030
65898
16219
28420
22349
25761
23862
10295
15075
69954
52862
98453
12196
41300
82543
37443
38489
35778
35750
34964
94768
93420
61988
65323
7941
9651
81605
86086
64043
95466
9662
94778
24634
91612
48874
46340
37245
81887
49542
92950
15183
84350
99564
41133
48316
7114
15089
9106
45909
56381
61361
62168
59308
9475
16763
58997
18883
1802
8530
39279
59040
57057
99176
86127
21127
16915
60837
27407
19577
5688
16660
79302
46980
64854
31444
55156
88310
42575
26658
11481
50162
82496
23406
32177
65502
61664
71685
77744
91198
4888
57108
67669
49416
9586
54111
59689
17280
22085
64708
11652
58730
33767
52369
24909
16682
71448
60750
72938
23394
96769
85965
48772
331
21271
27142
46331
5222
92670
1685
55768
15322
33231
1754
46077
88195
88377
81938
73121
12380
719
61954
13987
64297
10587
78439
51245
54155
30378
49510
13583
55019
81273
76612
4164
19701
24868
70018
45742
10795
64924
88290
61046
23043
96740
70888
31741
29798
70288
88337
90689
16341
64619
20707
37007
78967
70962
38547
30588
46854
47676
92639
85243
62517
78000
49982
77126
45206
34761
88085
92779
73343
36048
20454
99798
91639
35958
88818
41712
36739
97783
67622
74445
69304
41346
93839
87529
3766
88161
97277
62452
88687
3463
3032
84802
66333
27649
16416
76200
1152
19775
11082
70136
55300
8822
3157
84182
68925
70347
71491
80068
85060
33545
5448
8109
90527
42414
13189
19898
56533
92232
80093
38647
61632
25594
7464
45213
7382
30216
7247
85347
52387
45013
84223
19831
41528
91890
53422
43159
10505
29171
50717
94203
86367
98279
54982
10915
84086
93014
37324
57854
2062
66451
72615
4537
55061
46206
51936
77948
53857
17244
97089
58822
50789
88898
54196
12256
71108
9288
18484
16190
49065
61352
8131
10050
93711
66851
10409
58901
84716
1633
37694
55350
4171
94093
91479
97201
27998
46078
97995
71576
81806
14002
80838
65816
33870
25344
80108
85988
72557
18099
94717
94647
22809
62180
40637
63476
25263
97776
1882
53090
62212
98308
18670
51036
29851
83620
33783
92176
85940
2641
83966
25024
38594
70149
44052
44419
2289
12413
25320
16655
79298
65882
91260
34878
57943
93547
21777
29569
76701
98369
22135
61718
81692
23243
62077
92407
53526
30576
92491
57138
62902
78856
17085
13742
16348
75954
89827
24151
61109
73530
84344
7970
8117
71302
59622
4552
60436
15652
42706
94706
51262
10842
70795
98491
18290
53746
64196
48362
91332
80452
29825
12581
44620
29505
74290
45772
35934
68539
71051
81911
2972
55769
61022
92311
75232
11023
51066
87774
34708
53459
58702
10678
30018
34179
66631
19920
920
12367
81033
21911
2772
32051
70690
85919
7455
78247
96157
25439
62955
39543
39140
63980
39588
19205
87929
53145
47065
80602
54207
97316
90322
52975
91778
94375
13042
88183
6025
87273
6723
17984
8597
71125
10524
11793
80445
52714
6012
80125
94257
90179
12581
60296
49461
99801
75700
32541
51260
88249
44456
80125
90020
84505
68347
13667
59165
45974
47568
14702
11042
78213
81098
59637
5283
22574
85555
28591
60237
55124
20768
24008
10963
24192
2246
16867
28787
85836
75055
75552
43007
53437
74266
94210
43565
40217
26244
16378
30959
87917
4965
61530
22543
82250
82970
21328
38596
30122
87261
80727
40830
43614
62405
73643
90304
67166
63020
88288
10091
56989
80315
2236
49684
32107
47245
43491
43754
19541
29262
81518
77592
7881
77216
73681
69989
59674
72665
56574
18851
47621
73215
93532
48644
51531
65465
13710
89727
92137
71298
45740
45096
44103
9045
21988
61244
85309
45229
71149
9556
85109
27815
90634
39129
32886
6222
85272
73539
61532
85474
94025
18264
53420
18683
30328
88926
23911
63466
87277
80413
3406
49372
69597
42846
79073
93805
10271
65303
66817
6616
52154
13318
38157
81622
96481
30441
78457
33802
18994
14515
88098
28465
39015
9724
2906
31427
85858
20611
67911
18977
41636
70857
47276
30406
47956
14060
12047
43985
95882
62377
93016
14817
53087
92683
81461
40565
74076
94510
28121
37317
23253
52930
6292
87657
1257
15661
87252
25333
79147
28152
74344
27952
99464
26247
58739
44405
57678
86637
27277
47125
28071
50967
2949
82871
85740
61786
24562
23065
51818
94027
23927
48003
65647
68655
33875
96638
22634
21740
77710
54620
62917
68757
54030
22439
26957
54836
1754
18000
62029
9517
76441
32517
89362
56279
23601
17171
47403
46496
94103
8037
64278
9288
48776
48044
31499
68424
45250
19243
1730
73097
60411
25238
41040
35211
18531
32411
24905
20645
42454
71752
60220
94063
78788
10559
16353
88515
50051
70884
44607
3073
80464
48215
29920
98193
65988
47360
8070
18010
6893
86558
25291
26076
1468
13576
23507
5281
36691
51438
88659
83160
55829
64113
30176
66021
48973
9379
88953
77296
28301
27157
28388
23908
11453
15296
71478
33439
41171
57940
57367
71180
98532
43230
1405
47411
20127
44945
29966
74724
51535
79664
44045
86593
99748
19413
43435
14041
17903
10681
13799
44056
95019
63500
59716
19071
82495
22854
46223
35487
50765
50295
17872
48390
5116
93055
64105
77161
20082
14503
51422
45140
1434
70389
29575
92076
62383
2922
38564
40578
39346
63625
76130
90172
77493
46355
36333
77641
15330
39882
46208
71417
62456
59686
14932
21054
45273
33761
94188
95370
24058
49525
70651
62738
89582
41033
9809
43718
8262
43028
8507
645
21866
43532
90546
95149
33572
60369
91030
28721
77782
20496
44567
44406
69289
32272
27723
12982
81187
73868
56277
94725
46208
73770
83145
28859
70162
24975
69910
88657
90937
71706
919
8203
57843
10442
19182
536
20010
57347
86571
95487
63352
88488
558
60963
76920
98501
11752
14003
14481
56373
86578
33648
36195
9969
36123
34221
81914
8303
46873
67609
22036
4544
77501
56322
8187
94316
83677
1793
727
36911
45347
73613
74263
56381
52746
70448
67213
36069
92677
18102
68177
62264
47945
72237
47662
21618
24364
44620
8764
51324
65311
55297
6028
93929
91841
76297
80616
67542
21905
63607
83456
66499
27149
94761
28314
40241
38004
26518
68787
30038
96260
37296
38255
89611
83299
64345
79057
25182
1163
89272
69525
74272
23951
7390
36196
64846
10388
34669
7886
29019
51856
18569
27901
73658
68087
97902
91729
751
33014
21012
14670
68527
16
87168
54900
97224
94639
85631
34324
32117
93601
48674
80321
33473
70112
24423
23303
98627
68009
53612
93466
80040
15744
17922
26382
50752
32252
69208
97275
46207
42479
66440
77891
97857
58852
14384
30669
15768
65720
47033
92471
83313
57407
74690
55764
61612
13621
96719
85080
27549
62762
52651
63094
97421
89392
84833
35248
82198
79244
50983
96575
85737
10472
21993
11617
64161
27402
96146
47616
55811
55227
13815
2750
55553
91417
28116
50548
4718
55029
80526
6969
67729
72265
51075
41435
43192
70614
53791
84184
3970
70738
20619
74897
64103
12842
28280
2692
28995
15445
25016
4266
41870
63111
37019
33657
2791
22314
75784
56320
62213
43906
90318
459
86698
38694
52361
86618
36877
48220
61196
13034
21767
47306
7051
59325
53501
51451
49582
45174
92135
89466
6214
23657
14002
49618
82885
86718
47029
92096
27224
85503
38393
94056
22420
525
71802
90832
83653
72780
96028
31273
47332
27347
17766
19456
57179
6666
77822
45764
84874
21837
55684
76894
91977
1056
15116
9010
11195
96781
64668
27046
9593
8988
76956
93953
54312
13273
85959
52723
87963
15017
85069
35687
67272
35844
66421
33445
88662
58850
18390
31873
46549
6774
2136
48495
28127
22928
8168
7027
13902
68951
22973
81625
91467
65968
87455
58773
68471
27981
78161
23754
34359
66194
73123
7662
21113
98964
52557
44381
54950
67946
10562
87502
47434
68438
30617
46977
80013
59106
55186
57954
3194
10465
14715
45157
78526
71689
89004
8272
85449
51740
77966
20205
58013
79714
30272
80509
73861
99422
8296
28327
63065
73894
89863
71938
71412
95446
28675
59699
61429
9908
72186
94073
20797
36427
22147
52795
88747
40657
22256
94946
75986
34430
66006
27444
63539
92968
60046
91972
17807
95526
33547
77262
54324
26136
58772
4781
68231
49747
67798
89418
96451
58243
84284
302
80440
95882
23893
54841
20153
73979
18607
46627
73463
47533
52996
54803
71296
69638
78020
18773
11058
76231
98011
74955
56776
38247
51645
70180
82449
51256
27021
1303
54126
1521
84420
56367
98426
12179
19399
70230
1985
87794
47224
85631
21026
9519
4887
31282
67242
25233
91308
30145
87897
43722
18519
89204
34326
76601
48590
4225
77734
42850
12627
66141
2419
57801
84525
65104
26297
10980
19710
57189
60525
10873
53038
14660
25642
18940
36869
10578
52362
15195
94252
29614
28389
34581
45851
95744
6599
71336
3291
62601
87070
96397
6235
1107
46527
47745
9221
30680
41750
38799
90894
6110
18460
79875
7732
5111
77436
59184
2661
66637
84735
26136
67034
46781
79114
47034
10349
27187
82531
65554
65486
23628
86410
38601
44879
25820
70255
67596
64254
57599
55247
20101
93705
97249
5580
87286
2405
87359
31740
19469
79705
327
73628
94239
97907
51874
16411
4581
41837
19250
66401
64315
78042
81327
27612
58988
12100
99626
63996
16181
13605
95004
72127
64393
81544
58919
97294
87552
55847
70403
49637
63726
87178
70623
56292
4000
15425
67719
54335
82531
96747
99814
65955
92219
96000
89607
92176
43675
3448
67200
22133
18314
26120
30242
83292
54512
72523
27267
34154
3591
29353
83199
57770
42829
64854
82707
76908
19682
24728
37350
19566
16038
26486
82948
77424
28722
36585
10315
45626
91216
63207
92437
20460
65088
60263
60102
91679
96627
37179
53819
31780
44345
28924
55360
22747
64861
54129
36913
19115
68500
16358
78423
77492
33397
40362
83052
26151
39063
86016
79322
53887
2212
85686
4385
70942
88596
77022
84501
60132
70994
77975
47068
92709
88889
1824
94431
93252
79183
21965
67093
89830
41157
58487
6512
49778
71817
79158
6007
40910
85089
46971
6184
79646
86386
29830
62782
17954
86116
42554
29234
50113
27560
72333
76654
86836
82760
36169
89358
90758
3443
49698
61354
45469
2701
91770
74586
87588
97390
58669
67722
49083
86625
44306
81657
77367
8863
5277
39793
60553
89826
24026
29206
87277
13274
67011
83039
28936
76160
87479
51655
75567
31930
15303
52518
34096
50961
26007
38564
48779
75197
45039
80433
35128
44033
5522
62447
916
78144
66333
56477
63856
96
94952
23080
68202
80619
94860
15270
38708
31168
69650
46079
26071
44781
41827
81821
42053
43832
21571
17586
46680
83393
73164
50328
8907
21525
90484
51813
86617
15374
2502
57988
89674
71504
29011
66465
73984
9309
66953
17197
23252
22513
38924
34031
98348
1382
49507
30474
3032
34687
65209
38893
64615
22669
82933
33492
59687
90056
34424
6652
23038
48921
95826
39431
34300
56756
72430
82930
31959
91003
5471
74345
65693
92547
66201
16933
33298
60684
25789
68924
36404
4789
75881
24838
57613
9142
61876
38971
78291
84968
28592
23209
96512
91474
70562
53406
5179
37391
72517
76551
81508
95372
63038
58877
9973
38033
92014
51182
54210
18680
87213
76593
30175
9024
63226
43509
65078
6308
50862
28863
31203
60694
61581
64396
75415
41036
50846
7472
13014
77776
78359
42205
46911
75236
43218
89483
5598
36818
52144
64762
39048
30238
28027
68446
67206
12379
77803
87760
54676
91873
71242
12668
56495
73293
97634
97073
84109
41396
47313
23731
52988
36958
77591
83524
16970
58438
78099
56174
84704
2520
56092
41720
27930
41466
70003
51391
98810
12966
84752
11249
20029
15133
75552
71056
51431
67150
17858
38650
68388
51311
16707
75182
5436
53584
72061
24785
4840
71169
55006
37966
46448
3062
51592
29543
25909
94239
61615
60006
26881
1416
40958
68722
9638
30166
10395
3682
3998
11237
19529
84433
1418
30510
97755
84057
24995
82607
77694
45255
53299
14054
74688
84897
62995
89322
46004
79785
28122
24805
16834
5365
18171
2169
63481
47834
76372
50233
66019
98479
49885
80676
84813
92213
38579
51018
46351
85477
15318
17775
32894
96730
60151
51163
11252
72539
73891
7818
66654
99869
15078
65170
45623
32053
99240
78483
27015
20022
8397
15530
57984
57359
75646
42803
36919
19179
42938
22193
99276
78513
13029
86626
84726
91360
53593
62187
48857
63409
7981
18077
34479
1100
20809
36902
36174
76919
65457
69541
76674
12844
90605
70319
28761
95730
32500
78441
80580
16109
29201
39498
71409
21998
87150
99221
90621
85011
17860
46211
90381
27029
35660
34864
43376
30402
50752
46663
16990
90194
22222
86237
93708
87705
15212
89159
85975
53980
18994
4166
5963
63187
61702
80766
97940
88778
27703
14369
14847
97247
9167
50081
86096
95129
9005
89877
45325
11919
26482
54184
44312
66214
24785
64213
34761
7727
79379
43223
3076
90045
36273
34117
64527
81517
36384
66087
77274
19070
5196
19000
76536
6998
96367
79262
20407
36948
86255
95543
66879
48353
57288
56610
85476
14034
56708
15985
50221
54592
58251
54470
54018
31046
38012
60514
78618
33259
24127
4509
93246
7257
30715
41125
92225
59497
28492
14195
53079
38816
22058
81720
57325
1209
34156
48288
6523
44211
43987
85554
59662
17734
80618
94809
5641
28514
27747
24497
87862
85496
63536
7777
69399
88921
81924
52763
87708
33511
86430
77008
46095
47101
86220
10036
34273
84924
2738
75175
13801
94793
80923
23324
74245
28200
99396
50550
71707
3117
89560
45816
44515
23230
28070
95737
74521
45289
23209
13977
536
26470
91430
71570
38507
65786
12154
76190
26433
69213
81086
7499
3717
46379
53413
55888
27779
12675
77160
37072
90771
64228
29593
36592
13089
51002
86934
14483
16501
6769
80229
92417
14866
82391
59578
11194
6144
17279
58825
90782
66544
88510
9166
28084
58230
72529
7451
15914
25074
84902
23761
24980
81171
97100
58459
47691
67912
44032
25759
45208
80601
45043
88721
26184
29175
20263
65526
11036
53758
82344
82107
71972
64417
95285
61624
76731
70551
40366
57237
21519
69164
60970
8262
82857
92602
40983
83810
13973
83047
2766
4793
15593
45337
84502
22264
91670
79088
58689
19678
33697
81646
96210
85666
86767
87608
82938
66643
10028
86847
64057
11084
51471
6084
79206
72936
49434
80414
49567
81604
7868
67349
92581
44324
41102
79037
70782
47766
43916
22225
7734
3355
9279
38712
46496
26621
45427
29011
66290
99679
71100
50755
95917
58806
1625
35653
91943
11623
11642
87110
35885
22813
94798
72129
32107
84264
67910
72372
49824
67880
21394
52196
85686
26787
65132
91870
8581
82231
79932
52542
8521
79669
11271
43745
71646
3051
85201
33290
18161
79816
3413
67236
66557
13673
79786
87654
17266
98210
69464
72419
9404
9571
87316
39452
22450
39155
89578
31507
22571
91696
42875
90854
91759
9107
56586
96548
28336
20452
61790
53182
21411
87650
70438
71096
12357
14283
43611
86987
90782
32515
76148
54540
35937
66623
47238
95469
18605
99791
51105
91953
369
98997
49904
73848
4839
29159
15693
83091
1622
19316
61999
21383
22651
73009
92535
94367
2193
12300
42165
14307
23147
45036
18163
846
75339
99004
28654
93843
25552
56643
37258
81212
5046
68097
1081
70107
898
81975
68693
79281
32238
41296
59226
34120
49642
3767
55960
7838
54288
98272
8778
31443
88017
67143
95060
6758
33828
28049
70280
26411
7779
73445
78166
13304
87178
99627
48134
63338
51737
9515
32657
82777
46206
54607
87000
27914
20604
17303
14134
44065
44906
37992
87348
79779
76201
51424
73015
95814
49900
60749
15447
69461
23192
21852
23323
79548
42336
58945
37802
53458
40513
67797
47715
62648
52496
12126
2673
55537
31570
9773
2115
52692
30240
91925
44576
99027
1076
81354
55826
92375
84221
22626
96902
71560
86922
91785
7965
18942
91423
15165
58859
31638
99925
49287
3275
93000
48309
10582
73396
33431
16712
46800
87491
88308
85835
65384
3318
56250
49953
5730
62613
50791
12836
46106
96888
69001
18623
91471
41473
12761
27116
74338
58869
80890
46386
1881
36544
96382
36075
53503
7926
49244
33393
93173
67133
30331
11544
26435
94860
59889
6551
29404
45793
29465
52746
40755
29862
65196
78477
41458
6370
50204
62902
11834
58871
56842
80864
66004
81273
53376
29836
1459
91286
15764
93882
18452
75369
13865
66763
12766
43074
67176
73675
54301
12114
1927
19212
59377
23534
93854
87982
12092
3901
57563
21978
15382
61312
30984
75563
65223
7700
15134
46689
35261
19799
82510
8372
83458
63299
21299
66008
18195
50812
74496
83214
57829
57856
40736
83040
87656
50843
85078
82804
25628
48243
71706
70873
15150
65075
61928
24609
7440
78299
86489
7386
49969
37065
9973
91545
67120
79343
79066
31773
48802
35257
17999
10506
93924
13351
84479
56768
84748
66803
50362
90703
80527
73477
8536
75797
77637
75393
65087
79840
94486
82300
73346
60437
50764
95736
70247
57991
10851
28922
40489
76675
62790
13502
35816
52699
65559
86146
94574
73149
26867
84119
70246
9436
50880
57696
22440
93709
73032
46987
31691
36826
15579
41286
67424
65018
92601
84979
19036
34768
25966
62615
69212
46886
5647
81444
53994
74241
37563
30559
50086
75663
78460
56691
38385
60551
68493
14587
94825
51596
82987
3624
51452
38216
60310
6589
75452
2750
15059
61147
30339
65056
38067
26606
50228
51403
99157
30842
30954
80884
18032
20984
3944
94214
76151
88710
61769
98804
12862
96433
52760
37914
67149
4873
53860
55939
77530
94967
87434
98608
79738
7954
75974
24434
43484
63344
61652
6131
24768
73958
12207
10159
57543
61898
87819
5318
29712
31647
15004
21256
93985
48485
79542
46838
75288
54089
42326
53270
70365
75222
30099
77204
48705
36280
76063
34222
80395
43775
88258
6254
94030
98114
21446
73647
95120
41555
18253
58942
68492
33056
91070
16641
86651
62809
27841
80401
39457
354
49668
40607
35351
73615
88721
53701
19281
51499
31420
93484
46656
85482
76181
78049
16789
52351
91860
90282
43935
7037
4845
63579
70004
25714
19307
39372
80876
2079
52107
75310
75625
18220
51834
43783
91585
31860
45649
26385
39809
90421
37946
49971
65291
57692
20398
45555
62479
93401
35326
58283
67298
59920
93815
66496
27416
50682
92493
99931
72077
72079
59900
81095
52276
78270
26349
26040
22079
7414
65126
97944
85887
55693
16213
74612
13863
87003
53568
53233
73298
21930
82996
26477
8091
52977
9787
23678
7843
22633
20360
31329
23497
48639
1485
51808
99976
25768
93562
44079
21645
30051
88761
81960
90081
36181
74344
20405
25906
75881
67587
91894
91938
84485
7546
49037
77499
91943
30762
1759
84587
19216
38405
9260
74283
4343
91195
64835
29430
47961
469
23822
39265
55242
74473
4575
37998
56299
78259
72215
20516
46706
18013
42182
39637
44605
79402
37473
55357
71286
98859
21736
82508
39404
64973
25466
51319
77904
35418
88596
51017
78154
48653
71332
83322
79688
41947
78584
77740
75020
88267
11381
33535
40613
98761
31081
59849
57574
54079
2615
11558
82255
72242
62694
35113
43001
57836
48179
86454
77609
29565
88178
33382
2238
21234
61829
48676
62103
16366
98795
79351
59609
45502
74003
58349
81124
94284
18290
87699
77993
58398
20512
62070
97755
9668
13063
17811
21861
76611
31536
12327
56382
36201
30363
85833
65716
94362
99260
34264
16340
99759
75316
66632
4045
15310
70776
80991
92100
6442
92985
19890
75775
49309
82169
89059
283
9812
67158
60971
61026
67287
65504
3429
11231
23824
97057
76888
6711
6064
51237
17114
13435
91082
40438
55827
79774
84766
69224
65122
9828
20453
49793
33112
88257
56380
69045
26621
3025
99775
83180
97082
92867
31815
87416
57712
13087
36330
3343
68440
49749
39205
68938
18374
80123
23337
92261
366
24487
59845
42047
54698
25749
65277
43082
72309
18223
21085
28633
62076
97784
22990
27241
27492
96034
38758
66787
94744
4356
21519
7884
81694
48195
23384
9146
52141
49430
2244
93090
87726
2686
84800
60675
67923
54821
60288
80384
55768
79582
91391
19440
67300
85704
65075
67754
72891
27018
74653
31032
7030
24950
88470
8056
28294
24022
60173
94490
53122
97280
28898
96883
63619
92526
4412
10496
57054
8845
48613
91058
57763
16512
40137
42281
5268
71264
59686
30111
27002
43620
42838
76841
57170
86228
75809
73330
24906
60188
74917
98059
2921
10818
88528
95407
11435
64294
12329
57966
61665
75372
25568
87639
1610
36421
33593
28386
90519
49514
89827
4942
11371
64049
42504
65787
52602
52692
65998
17950
40820
79527
61446
33588
96791
79980
70219
12384
74902
52662
41317
28150
19081
56179
88935
44424
59322
12289
43266
73878
89863
38718
61819
4178
55623
39077
91498
22225
92707
63314
73426
47211
24146
1340
33404
65748
69166
38620
85372
42494
61877
56673
17773
4835
15295
88670
43132
82939
2392
50890
52142
86435
41103
47757
74548
16180
58526
88074
52461
18352
13150
25606
65643
76126
39919
90133
30579
92345
59461
73783
35904
94593
37066
73544
40767
61627
33240
7284
81930
38502
3164
2439
55774
78765
41197
80928
7636
47127
23904
20652
76896
50202
39894
8200
39693
65628
57259
30018
92633
68105
96740
96933
19301
16597
22805
18980
13415
63530
96185
19879
2346
60225
70410
91018
30545
66247
18914
49740
5966
67248
20414
69046
41572
74676
25313
32598
65640
61860
530
80101
90368
27331
7694
64059
10145
72492
45801
88769
88418
14298
55605
70404
75838
88076
17971
25440
45337
34629
41644
85860
30730
44592
47853
38460
88508
48075
74265
51404
70257
34876
47386
80103
61242
45372
52551
35541
29126
87455
62462
9886
37561
60303
71213
35406
46998
93757
6445
9045
74878
62898
32957
60
83295
6844
43952
28245
55056
10114
46067
77728
56673
66990
73973
5758
55406
29329
12425
90415
88268
76056
33815
2194
69567
11314
38370
86618
99147
92786
13478
21827
86971
32816
46212
44821
74682
52938
22000
23722
90787
89977
82881
3063
81732
53781
81561
92394
1922
95281
49187
76858
6160
70526
38587
6771
36181
54967
98272
34606
8287
11192
28620
95214
26266
7592
1611
42995
52232
1891
31227
64704
29197
5030
32650
77155
57879
13647
61919
53809
4282
63912
1832
37262
85328
13538
34586
82962
89074
13280
63716
87374
799
91113
55063
21620
11107
3688
61490
2553
9578
99692
84310
9322
96171
81020
59018
35936
85633
56679
24325
15431
87341
68904
74589
29646
86730
14175
86048
61231
53263
60867
2665
86127
8163
29447
96241
18382
85553
52315
13821
41522
14841
68645
92829
49639
30891
79971
6145
85127
58424
90594
28670
41806
51904
51953
47544
16059
30893
882
72034
64080
2343
18856
97660
4465
15123
58447
93621
54485
34564
92142
93288
58686
36697
24972
90350
3172
93912
25032
33549
2269
87593
20966
50894
7939
48139
89108
64026
97687
2575
71867
25004
14677
70129
77903
55895
6967
68537
25868
32228
79612
46476
43689
81842
38215
72736
54415
14244
18570
51959
14968
54420
2785
40633
22518
48981
6272
88069
93894
93665
70764
49487
45568
3545
18657
84596
13891
74340
14430
60801
85169
46447
87887
61885
72804
22850
2706
42217
34026
122
96652
6544
36978
33090
31607
74122
57559
64330
17840
95397
15036
59256
30259
33116
82189
54788
44437
4885
86015
2791
69610
95774
75969
20234
70352
63265
57328
17484
13083
68269
64207
45230
45117
59558
13016
31401
97573
86525
27160
11129
66616
59952
90439
84133
80281
96226
34986
32550
16981
87889
46114
30287
23499
53364
16164
46772
17020
80672
95739
86725
50939
93619
28769
27839
39573
88418
27646
54661
87452
92383
30422
1975
63738
67936
35098
63231
53896
4520
22146
11939
74509
99378
12015
21666
31578
18335
22989
52179
97269
43628
29464
47746
30976
80639
41313
59700
83837
5584
20649
36488
45263
54583
29749
23806
86487
75575
55565
99215
49040
35176
28836
3920
96192
91358
11282
40494
20966
74834
34447
75555
91829
54565
87576
88470
98963
45209
93396
29127
53399
6441
58503
80535
22862
43516
94802
24317
76167
84796
14335
42471
22318
54695
98776
51668
73089
37774
55640
78791
19538
36348
74149
32205
97207
38460
25622
14769
54950
58817
46714
3725
94983
32986
63918
40885
35866
45376
66597
8056
56015
50079
17680
23363
40846
49564
19834
65591
98676
23616
65968
36242
79788
43
24013
42228
31946
55748
97271
60688
74943
28228
22865
47654
51574
33795
78471
16909
46042
73418
48649
93376
13673
80428
7371
31952
16205
6831
45743
15746
93345
83908
57399
40114
45377
42948
14245
28380
46611
79967
46880
82207
74163
21255
32629
61649
15235
7612
48736
92023
58001
85074
21589
47118
34145
72154
89529
25186
34557
83631
45574
76242
84318
49295
37030
98242
53380
19553
53127
36603
2707
70467
29936
35441
83730
17659
2663
21233
75285
3155
15667
1108
29383
30020
30807
58664
48447
619
15874
8409
51070
23581
77645
53717
61123
38606
20034
95967
58301
26848
85047
22898
14560
48584
70756
98912
12506
94714
48175
22118
92908
66049
15865
32880
16240
58152
14346
788
21089
84852
87684
91472
93191
80754
56216
62173
99925
6283
43687
1652
21515
57861
4230
96541
57674
50499
92928
55986
22633
76076
86930
11160
73561
41640
25369
96964
26389
18333
37216
84815
60839
85500
66831
66334
91230
2199
41254
21643
86140
25818
12583
50377
71111
63385
25809
73474
95509
62555
15791
75440
703
606
35496
49528
12464
84933
50024
54171
8677
1239
45024
68347
88878
3545
6792
92189
95211
75681
76594
84171
39968
14199
48159
66338
24847
74992
78587
81874
54538
20067
63166
78041
96306
83237
32882
78616
38531
7120
75267
84511
25637
40011
20563
77335
4754
7860
75700
15468
50984
29167
89443
84899
70292
36168
81779
48466
63944
31783
67512
90369
24330
44811
96782
60362
69851
31442
85010
96059
20393
25065
91306
21388
68577
12003
76496
42895
89314
76187
16511
10686
79653
76180
90710
84361
13579
2458
11504
94106
59091
39594
36586
7467
11183
13873
49027
9780
47213
6164
40635
59461
12707
2055
57534
21800
49766
88514
3023
11111
53746
40090
96637
94355
53571
79248
54966
1232
70226
48859
45623
17547
86000
25868
9443
61377
94244
56441
84319
69515
27882
49069
57203
22149
38324
44158
34088
89723
23359
28048
40844
26871
52031
16312
32468
35279
90987
82137
20496
87034
42795
17697
31344
56279
81191
45034
63894
57561
64067
56073
57013
17425
97456
19656
41328
47146
17008
90713
51118
53126
4251
85370
29045
50593
4590
28355
55585
97057
98010
44069
10723
67039
75612
84111
44837
5379
90694
19030
59102
72760
68493
98307
32725
92968
75991
43459
87103
56922
16653
46657
87217
98000
44789
442
71198
13460
18047
73045
38872
97280
59736
65556
22626
97676
40030
3624
93968
75200
27762
8031
21179
45831
33618
35915
59678
59427
77901
358
18988
63647
66665
41031
98336
3867
38718
63732
58516
53357
87466
53185
49270
41431
49908
28111
80183
78005
2045
22009
5806
12859
37847
35474
75947
22431
30745
27698
3207
30795
7502
5386
3906
67013
35581
14277
10945
2568
20040
33577
4341
76514
47498
35883
50696
27033
15503
41909
29551
39129
77755
36253
6411
43684
87633
72862
97633
93048
24881
6020
77754
41567
94961
63421
82495
73581
96093
17946
82622
8535
16515
72846
51312
40889
2200
53439
68401
41560
38506
92961
2932
4130
49895
54770
80346
10218
43064
86847
45959
75667
96227
85439
72750
97539
29779
87413
20047
93932
48268
84837
99018
87930
60067
32195
61803
45892
79548
3233
15397
91545
11622
95175
35964
36109
20473
89858
25445
88873
33181
85036
70119
45267
23579
19715
94371
83287
69908
69856
4299
67078
76702
42898
81800
47796
37724
34707
28943
58491
26155
81602
69495
65422
97521
36550
87566
42105
24637
44061
57948
57160
57399
72641
24475
89896
3162
5268
10959
99302
75510
76243
66603
4290
1885
67969
48825
43815
50592
13104
44375
69720
13679
45428
8624
31783
53261
70452
11675
44002
83250
4672
94588
21917
53191
71942
27765
25691
58238
48188
58832
54280
49383
54693
65238
16751
5572
6313
57161
64780
528
75606
58493
91590
71829
43541
80439
56063
93549
85627
30637
71712
30113
77204
54353
70631
84220
13868
95579
83561
41453
1001
86204
64281
79695
85544
79307
67877
63452
1125
16391
17219
90462
97878
62784
63292
54264
80571
7260
81779
21230
84518
13513
28943
14265
81170
58380
28877
50589
486
20399
14333
7359
14041
7105
19081
32168
43662
25229
39319
46998
94262
54579
40351
93798
24750
48170
80139
1226
53480
92711
94858
20217
34648
20649
39912
21346
24109
88791
2591
28689
79382
40619
26554
75538
60745
41688
37825
93693
5485
15002
51866
36786
54088
51713
71103
50607
59225
41609
71536
94762
19371
19591
9469
33020
63180
65244
57859
73551
66113
67262
72576
86418
24518
48275
4667
25394
31283
23542
28206
7199
53880
14476
35203
35536
54050
6609
91297
661
38847
7469
10669
68986
23091
93684
79346
50215
60882
74466
61572
46951
88102
72279
62128
55715
17066
52603
84553
18344
39717
91757
57751
28266
91059
31669
625
33622
32423
69
47815
40499
73568
87724
23850
97866
86210
28745
35513
35445
37636
39233
95117
49746
1252
35621
53168
422
89272
93737
76549
41051
46166
31385
99004
66874
75849
56636
56454
67606
73567
69833
19162
48604
81998
6867
64729
16756
29691
7199
9013
46616
45932
17430
55734
37246
55897
82787
94772
99485
35374
10516
24510
85346
57086
61300
87082
48589
32640
30225
8609
57211
73545
5454
493
7004
67422
23792
61189
4336
20879
67715
46151
5203
49709
93865
70692
56412
68760
11783
63939
23033
18138
34325
92323
82403
96595
23543
12550
1598
22984
27866
3512
20451
53399
46212
511
67366
98929
54990
34266
85540
31909
67086
22240
1130
72069
77076
96245
3621
30145
53962
51724
98182
87050
43203
92479
98280
49036
64680
46567
90258
3548
11155
92540
76978
5983
40408
31529
3926
73639
17110
32190
75345
72296
93863
4884
71608
1990
14370
89128
5396
58402
8049
23735
66380
94589
78916
89156
83111
17215
26635
6862
39857
86858
31582
5923
6793
2911
55434
29755
93768
91782
75136
55418
55389
71572
78636
95286
98271
26266
88547
73286
58975
25159
46221
17895
67731
12436
24658
26088
32108
55634
20715
7870
94317
67645
72170
42060
45320
86211
5409
24038
75090
36322
78975
38652
12644
92222
44126
60344
23652
80097
27288
1504
25212
38200
73831
41239
56454
97678
6825
4683
988
98986
33317
74758
41016
18781
21120
42795
42879
4607
15459
5242
81177
30069
7281
40383
23863
67354
92186
94581
65239
74293
17275
73760
39686
32827
1754
64191
8514
11994
30516
47843
99500
23286
75514
91293
55885
3734
84132
29741
72034
3347
58008
19806
79143
25501
91357
85284
65681
48899
1983
1271
56603
3670
15073
21579
18666
38946
73338
16095
73734
7233
22386
70534
38989
28448
93448
31937
50584
68377
51871
62514
58031
22397
96714
48469
46564
10339
62209
24715
71970
68859
9992
75193
15384
64166
80341
87239
47997
33755
7466
82299
31785
83023
34684
85286
60578
72449
97961
53666
53952
93004
70832
81975
66867
80984
48737
46563
3760
63092
58267
3127
10270
41447
44921
75350
88551
40748
50755
50581
6155
61149
15353
66163
49631
22624
18172
15346
7759
18678
36929
27399
91337
56789
92809
55974
82250
10157
70030
16806
78733
97014
15457
18304
33195
65699
89773
96764
95662
38897
62083
17655
2829
60748
56279
86953
49500
36150
17391
43552
89549
96048
62761
34013
50765
31012
81481
58745
14359
79166
33947
88431
27017
8324
44385
68610
86949
89336
64135
49713
87482
78793
51671
62809
49793
55330
16391
18202
87170
62928
21113
67430
88089
87813
25733
8868
32253
47503
71245
79416
88839
31136
11719
9110
65346
52095
73814
30445
30952
77569
71303
18125
55179
50946
1975
71674
22359
44700
92244
45799
63018
54940
12529
19092
55316
90866
40486
42154
21481
93505
80160
9958
88618
88124
23261
96460
80556
98570
84014
31093
40415
60350
99722
71751
51484
89641
46491
86979
27547
48214
13129
4260
59115
68091
63411
58225
1383
16479
75124
91095
73996
25728
17480
73
82868
66752
46795
94470
47106
67752
79916
97830
46475
39526
77207
36691
44979
88530
14770
12238
8241
23152
20732
87227
86488
61559
62599
54679
16470
52526
64951
85746
98474
28959
7384
88090
18267
32150
78503
67154
15395
32171
17281
87680
29636
44974
6973
65494
34666
48281
11348
68362
43047
43845
10072
71299
27971
67357
25927
39913
88252
87598
7652
49063
32792
57441
47847
25587
78305
85014
35744
40861
59515
91802
29464
42883
95098
26335
44213
56689
1329
15648
45725
18733
72246
94154
73514
60168
50283
90062
60500
47216
90681
55452
5612
89352
90042
99512
49161
67738
10287
49081
24837
32148
82161
79513
64459
26034
219
70243
2828
9279
9393
96685
43863
30616
75236
89750
32159
15694
63577
85404
29417
57837
38196
93447
4086
42875
99266
32780
71119
69184
60847
80082
63963
78268
25205
53920
55532
2333
66150
30746
84919
6802
72040
25991
18206
86741
68916
51622
26050
14088
93534
8917
11671
30660
13739
73023
10342
28806
86674
6566
40756
6046
944
73098
42587
48855
60753
96475
62052
8910
82358
59334
20904
7345
59336
36846
98997
58606
22459
25881
22399
30804
96889
95711
76358
51985
90664
7031
59412
49414
71418
14842
75454
79358
265
35461
48796
8583
33955
2657
6469
23831
70115
69891
74477
95462
78833
55017
57216
34004
41077
98944
17142
92830
43770
82299
31910
46367
78895
21274
65873
24303
78839
38842
55432
54340
23538
24751
50690
71638
51941
28726
82113
51660
1774
20040
7531
41089
28606
17119
90965
43605
98977
34175
69327
13700
15047
78883
39956
20183
54838
19976
69199
20327
71676
64231
87087
60930
64305
27192
46401
78436
72600
23352
29834
97640
9892
66495
35223
19504
17231
60598
27780
76326
45965
43699
17127
65833
4948
26728
29182
14689
79520
39813
79761
197
54337
2452
71520
93870
60960
89323
71235
29055
73260
19519
65782
3685
88334
59229
487
9249
36907
52093
93357
74962
59139
46707
22721
6096
37997
86449
84241
36106
96165
52640
60959
39317
35221
45196
33218
19319
32362
34432
19774
47876
3630
79999
54468
66934
38392
87317
26530
77405
36465
88841
30701
43984
42922
16521
30846
29536
84334
31711
68148
43227
1009
15509
96860
1823
88982
80081
51962
58935
12282
1205
85653
79497
10161
99168
88744
5232
57637
56015
79467
66465
67703
19308
27456
92630
59256
41471
15119
69229
74792
28979
39675
68239
88528
69813
6578
5743
74157
70902
94574
30286
74103
26243
15943
75684
83973
1236
64826
53230
53904
82432
78149
22534
35465
40827
38166
3829
78197
34319
41869
50493
2768
61614
13434
44975
14139
94458
36295
95693
14806
76606
46885
64935
11930
68713
90110
59971
89515
36059
31830
1700
5262
43397
61092
4489
44270
99196
64730
55236
54856
24619
91807
28104
14716
49997
49733
42547
33928
76263
55477
56362
26699
26068
266
51241
14695
1958
57737
32060
73108
76274
66321
66121
72585
29847
52831
37219
34694
32800
63698
89692
90542
82190
24774
90982
76562
88769
19249
77782
50095
38039
55117
93073
67174
40278
50894
97684
11803
29706
10547
65438
15900
69468
53520
66487
9389
22005
47824
82963
35977
27616
9378
30566
68018
35538
84272
6984
27756
70533
94579
36193
54567
71977
94675
73950
98755
17844
62409
95314
72497
54202
53671
59656
78846
24374
38430
96023
36308
12527
82198
21117
58685
18512
47361
71526
60636
83899
48722
71070
35253
42400
93937
99385
45483
70993
96011
85662
55492
22364
27614
82613
92914
20271
55780
89784
2397
11963
31317
42976
80324
19116
99602
42042
7176
18269
34371
45616
75877
22052
74769
9885
73205
2447
59106
23365
47562
10670
43646
19619
82001
33766
97117
21994
48995
90585
32736
81972
24499
1135
72051
67675
30390
41289
1087
81562
90737
57275
32833
91747
64800
52515
88510
91818
44782
59267
4473
51930
60555
59670
92060
92094
26231
45060
14408
57387
1275
94187
89384
68813
51369
86727
18562
64806
57029
65673
54093
9580
48220
44572
11931
46452
73875
64888
85343
73265
64569
86744
21327
47007
66342
12644
62469
45616
78225
1430
14401
7521
58873
11083
12707
10250
66469
97975
26242
50176
40027
2909
29256
73040
17433
32609
51284
22933
90024
85440
1665
38438
36608
99433
79364
39322
17589
69192
25002
60061
829
22057
81978
31895
32563
57553
66610
28102
67821
62490
65184
70122
16749
80238
29536
82746
81890
78014
66511
23162
57746
28935
77703
2319
67694
45837
9270
64973
91691
86941
9965
75930
29996
47051
18671
85885
69355
98606
79789
75297
7837
64349
9763
43300
83150
51707
54579
71202
54627
14165
98929
22619
37912
77236
52351
85885
55408
69155
61572
45669
76939
64722
81029
17772
34386
45886
51526
62604
41433
21265
2020
77521
4111
83312
60633
16277
36939
65790
18710
49951
17075
10323
17535
81431
42654
72020
30502
46963
42917
6872
30685
16451
64766
23221
549
21637
47020
44707
60783
56350
45192
21674
90142
61709
47472
35779
79192
28193
73934
54078
98348
46964
59639
18833
76900
28010
5985
94344
89181
67097
91564
20690
85202
87714
73223
13063
86449
10684
14763
8137
17723
51713
25010
85794
49860
56964
57773
83761
31763
73834
10424
85270
14954
38329
6728
29444
78260
41812
37116
83759
34424
70860
78796
13387
28282
64146
36933
8247
47613
22076
68261
24834
11809
81804
63746
60335
57825
81112
19839
229
91929
60217
87073
72417
319
82258
10086
95074
74551
94718
80223
11782
98819
9704
85421
82583
45310
77804
97166
21853
90119
73353
22060
73672
19971
49138
75120
82307
13569
61519
95751
58574
26211
16757
37779
96736
40388
68670
44022
42037
91383
79135
8739
88241
27601
57292
27505
13059
32290
34084
13740
27306
16323
97888
40597
43338
80344
525
62235
88637
25477
52496
45589
22931
18510
19031
52871
15734
756
64518
83361
39077
3540
76992
78490
43435
52484
17757
8343
18206
47885
73988
52439
39785
16013
18604
84419
64683
27716
55500
72214
2042
97815
70317
14313
57970
62498
56512
8677
73502
72972
17092
55168
91409
40407
56752
80711
76598
13355
25953
71740
8795
4655
24160
16725
96597
97717
19018
36230
5954
9591
82016
82164
22981
57925
47963
33730
86054
79990
89279
16147
50253
44233
28912
26470
70783
15381
71539
19661
85220
48408
79918
13394
19139
25735
66604
36598
47502
28592
92170
56226
7098
39853
57309
82958
56877
30768
21665
19517
63634
17502
72122
35678
30259
29651
37602
95581
41301
20998
70550
33111
91447
78964
88034
26688
21174
5643
63373
27525
33108
66264
47988
74486
7188
1768
89357
32680
56803
68553
51901
23405
7956
86716
88419
19789
89302
26630
86705
16512
4846
24841
37737
14741
55334
5456
3406
3521
36139
40990
6715
42707
36773
73235
86365
6751
61171
65184
82622
54329
42467
60315
69068
41639
83032
64301
98534
58977
42264
28438
38587
15213
6565
14865
26712
1283
8300
68903
10663
82401
70873
73711
20068
89143
8629
24653
51640
46595
15381
38817
16230
42025
32351
88458
24721
75716
93335
40265
4114
62171
65
92868
24268
97020
86590
55810
20744
85933
88622
84507
93092
39005
58721
60356
7462
96491
42817
21725
33916
39843
16970
46232
38004
42872
48973
71928
13891
70573
29255
57351
78154
23529
34191
6974
93461
40366
26218
72771
926
52640
23933
7321
679
23189
34992
36657
97526
52621
59455
39286
91085
84931
78525
60032
20318
47273
99813
7562
88540
62442
89089
50943
33655
24151
58631
8396
35610
244
90975
33561
58934
86881
46944
67714
40076
66495
22205
69913
42138
25159
27546
74801
35795
24632
23761
46149
29838
99903
7863
68402
80385
95303
28262
2806
62073
36935
64330
86985
26127
50216
78170
94615
67310
57135
83355
95103
72369
92819
11907
69106
22520
21269
39139
49188
25835
10407
9251
5287
534
77479
28865
69302
47012
97309
24264
77885
93081
21895
39238
41408
20694
78467
77961
4605
92693
58643
12205
88323
64313
96690
81394
67901
59829
63301
39406
8063
79252
18459
8500
64407
85632
82532
23017
24908
86122
23859
59540
62591
65293
37877
67007
67352
72902
43680
2077
48930
27512
64004
30489
76929
8964
80331
48686
45467
99993
39910
34569
35406
81603
44324
70916
4539
17157
58101
58160
75023
40013
87730
38720
54444
3436
88775
40093
82776
43869
86553
25352
62101
40060
62120
29326
96196
68325
48484
27263
52527
35343
46902
99386
36594
81605
6405
94978
78699
65840
42531
81643
11848
70117
29676
10138
36888
88362
54823
57529
43328
11012
43504
28808
4145
51121
74819
52519
31389
73510
44049
39008
56661
43969
692
58284
12021
97272
90507
44384
46535
88162
52460
33560
6267
6897
11563
97813
18728
51457
40826
78600
47716
82990
39757
98802
83383
43858
58156
54661
81624
52158
62668
82265
10872
84474
98101
1253
47360
310
34031
88646
72180
50571
63258
72568
66493
6681
25381
93748
29058
80097
8133
44540
83671
27158
70001
30999
39084
29500
30130
4480
64545
31017
74671
4679
58626
83496
53377
60798
25791
37661
66683
48045
88011
73590
45276
52144
26096
99775
54355
57795
16322
51236
10753
51784
89579
28767
257
17722
29556
58364
65008
39878
14249
60486
77640
83858
87598
49957
13516
75122
75427
78943
77548
31617
69114
46508
30968
10477
6270
3205
19252
75402
92709
62397
75508
76921
43981
21949
73681
89094
59932
529
66786
46660
22929
12905
72943
90816
57766
91703
99748
74935
71429
65046
47144
39976
38834
77971
3732
99813
7316
75456
25208
69347
9339
26353
79781
15111
77232
1281
28486
55848
91902
80088
94368
87868
13206
13378
65884
32037
63263
52589
89010
53865
3800
36025
72511
60130
63558
79415
3474
16343
95291
9923
76594
88622
78303
67639
62681
24802
83348
6915
58050
10639
25550
57515
10390
21365
83867
47694
84711
1156
13381
66144
73367
32206
12459
52157
3970
48208
67237
50993
49323
8533
59543
90824
50504
79902
22963
45341
48104
52954
81973
20085
11911
37619
26509
72143
2773
72266
88067
94518
88063
54265
46987
75630
41968
61099
72383
76319
28421
60536
40763
40710
32769
47209
73577
30594
41120
87226
17408
4629
83780
95488
15852
65750
1595
59962
28528
80962
17598
722
83090
14877
18677
63440
34756
49358
26921
70506
20498
66057
44736
92632
39793
33160
58292
2333
63453
44095
89260
47496
37312
16414
11575
40365
47861
59154
11795
71808
40160
78171
83712
67603
61928
32498
5100
42276
7627
30696
12606
77425
80618
52186
95412
45043
18019
29181
35508
55146
24366
15012
95249
48070
67541
30786
24591
96165
41561
73065
77339
3956
54299
99055
44532
42955
57732
80852
56463
19560
27533
47661
96141
86761
69855
45968
32997
61599
26753
83460
79573
884
26278
50502
51540
61343
75325
79674
46602
63292
28144
82113
93168
18837
72217
95335
23968
89637
11961
42281
86946
56138
18686
42659
28386
74348
79392
9211
31130
43041
75965
50456
43803
39055
96198
89670
97186
15226
14243
81916
59325
27157
33792
47623
4627
11772
16146
92833
99
54091
71008
12610
42265
99549
7497
76568
50318
48972
36132
1091
67461
26444
16153
65108
63165
91859
87842
75825
4585
42127
49041
20444
39869
33176
27860
58385
98390
79200
71814
71734
2165
17362
50503
59979
78192
99394
7421
24857
73441
49308
43523
12260
65567
26556
15405
64926
96930
48681
78610
87360
42253
10434
14830
19702
20851
19930
88681
5188
9839
25654
76905
32617
25795
84312
64211
27978
52856
43055
41827
9037
33302
10551
65294
27934
81303
39701
7267
35055
42740
60083
60119
99917
6465
83020
9247
44960
92646
14253
57243
35348
83319
62805
68794
58632
59895
61828
6063
73646
9540
84223
17344
71852
1878
38550
19063
61435
7405
11908
44190
73563
25797
49802
97504
14135
24061
65907
22032
41500
51325
67921
28088
98631
1248
85774
21295
49154
20412
44169
86257
83745
34702
9155
36823
2311
54383
71052
43334
69517
56502
76623
96135
83663
97238
73347
95913
80844
89338
29960
54044
54828
32435
88084
96116
7338
91175
39643
42227
53094
58051
79878
96475
32535
35691
40421
55879
57784
78710
74379
39955
29762
20746
35408
98982
14884
68650
65577
84668
3743
65383
35474
9290
15805
36763
60744
872
32087
48512
16465
28832
41001
74911
21510
16380
4039
48146
72635
94627
41406
21056
35250
52503
25859
88487
52373
24848
91061
52012
84998
42398
77712
74420
55017
73324
59722
49368
51678
80398
82181
5434
38629
59791
75942
28197
43640
53989
71892
26257
99119
78221
52230
87138
68928
95680
31722
3092
15813
32238
56048
58698
16452
49428
65252
12375
40158
13120
92310
93615
93485
51539
78499
37937
18162
83498
61322
36873
77634
68077
64824
4871
53883
56800
10523
84163
20064
61129
71147
24536
36788
29303
61034
86232
39328
4306
91561
21185
81972
61090
57383
60300
17215
21464
12972
78396
34932
99607
28856
72089
76111
29498
61854
71761
83856
85475
91296
32643
69876
44159
18967
12528
60372
79023
73191
88445
57539
68542
62862
63688
28494
11204
90291
24631
70728
83099
99887
8953
701
36684
18393
82414
99715
99744
55224
96023
90001
61457
42525
96854
88806
62117
63350
36001
7540
42122
10358
29474
89018
30256
70095
94165
86431
24470
96934
99246
36249
68396
63581
20975
74439
87596
22625
961
38459
94601
43305
66208
19819
54813
18402
92375
83369
37295
678
84555
70370
60261
27146
24228
63369
63113
43684
57726
73582
31825
57862
58580
72060
92161
79336
53306
92689
61748
85838
6889
44954
86140
92541
6758
99853
38915
85506
36933
36676
55576
19397
47589
85140
26786
31689
30446
59246
76238
13677
21170
20393
27619
36092
48438
34174
48385
75548
8208
60689
9695
66801
29165
3195
43833
78081
35064
41404
14396
47076
72045
74963
79348
97855
95509
13789
83966
44909
66778
31819
24191
88189
77363
51121
24359
45954
10766
59619
14151
36553
6672
24810
17727
83834
86814
91778
34958
93344
18666
80805
941
15225
38168
12828
9234
20160
47432
1771
69213
62506
55830
94656
71892
71944
26969
97700
72229
70378
40022
99540
3153
61729
20914
26651
90892
88591
17702
32547
73123
51935
15406
85557
27221
73835
32567
30934
24526
54978
55491
12061
68410
50287
18067
94789
18833
173
23247
27891
47361
81300
97236
55176
71519
81881
39815
76666
39101
46638
92443
14000
15741
56201
49640
25034
80709
84946
61030
8303
2141
85231
13230
74803
12570
32466
81130
31776
6638
1072
85042
56785
77527
91972
17242
99642
98641
26008
40828
62432
12061
41139
88586
51150
81989
24034
40423
29525
34092
84868
53998
3448
32237
93026
31785
7441
52560
37677
82647
51541
43911
3541
94300
11870
2909
41952
65863
2253
40227
73617
49692
78231
24474
55575
91786
89799
61242
1859
76941
78598
77371
20405
83384
71907
87897
1215
46290
72508
1665
77190
61252
59604
89354
87710
37145
84915
71177
47602
46016
86742
18053
16488
3818
91731
98679
69659
21226
75937
37214
57542
57694
94088
90955
31049
28037
76340
39397
2835
20028
41945
7443
78227
79416
46853
23501
67859
87251
75033
32333
77113
46917
41805
33249
87140
1912
1939
64211
37052
99815
4894
2240
97531
37114
26582
46106
21306
69499
79723
84509
71423
52072
24680
64582
84209
21483
37442
5426
44368
81886
58066
29116
22309
56917
72004
48172
99636
1406
13562
40681
36773
67858
81319
23531
28251
67701
93071
3768
22209
92446
51566
56115
60864
58958
74400
24569
32373
63759
96537
800
21020
87340
8123
51557
54729
67498
46194
65423
1748
93788
32047
20641
74474
37393
78523
51137
11092
2380
36735
86724
55097
16405
81023
15282
20003
34775
28215
14522
11690
66117
685
43887
82355
38861
72194
10410
73929
60903
27077
59535
47949
20229
92843
42919
17858
62757
33073
64487
56202
54659
50190
39421
43583
23726
15491
26073
37151
5065
75983
26892
48367
98103
2723
92271
76421
42683
37624
3146
21944
13129
40969
20137
34858
33145
91115
10023
45937
8161
40520
17011
55613
35981
34899
73419
59282
9548
33958
42707
53953
70698
77413
89696
9957
45821
94389
9289
50064
71172
6354
65726
22140
4889
32591
20072
21881
17813
87029
30912
33384
62284
81792
71973
19948
52511
31001
84987
95595
67814
47648
32888
50737
22493
23587
59044
23853
56307
73415
85845
91963
66275
53136
21240
742
71462
47461
57881
53408
12730
82369
2874
71095
43163
17878
33766
5926
73918
22895
76113
21019
46759
18072
18051
82947
70060
19251
75558
78968
66422
63378
44738
61165
85650
27669
58746
56088
39445
68481
60787
45495
2633
89536
66301
65559
45825
4010
93084
95097
59458
87809
49721
82454
22572
17536
57786
48689
98529
9131
83445
4851
38180
73883
63379
69460
87946
61296
92886
51025
7718
77850
3769
93339
99490
36984
36699
13021
74616
83020
81365
71572
81342
63231
49973
14857
96609
74801
20603
83725
2825
43364
32087
87703
42210
84124
61774
39206
17557
41989
25757
26077
16117
32169
79884
83846
30652
74060
76843
62249
27285
49768
65076
59167
83724
35247
84331
82262
61800
38784
70850
79671
57380
60100
4189
52795
11629
63320
3343
87173
15748
10354
79266
60973
28941
16866
26806
17885
86125
88347
9654
18345
62141
11641
51774
27885
17908
57213
51569
23981
21808
3058
3200
54222
38698
57803
34905
34242
76113
2543
55445
31508
95408
1254
22994
12923
76320
84655
16124
11064
25529
75050
85922
93829
76625
7826
87292
11883
71577
3468
29556
8073
13134
43104
11424
27664
1252
62974
22149
76892
3511
13462
39641
35762
5355
87261
82741
99536
24738
1581
89942
3584
83027
3426
2085
90020
72791
36389
71804
86085
65381
32662
76603
23869
32124
77352
1041
43900
6650
66520
28820
72363
77956
4660
44064
17981
11951
34287
41300
36343
58084
65344
15947
13804
71938
99794
68109
23755
73433
12167
92937
44150
11531
98222
77883
71208
6716
81601
83635
87650
79450
61766
37465
24706
27032
69758
20381
70203
28927
31802
78512
68176
11622
39593
93800
90388
29336
98553
86646
32080
24005
63501
88621
6570
75965
12290
60192
70696
2248
49971
4268
87894
60113
81867
92317
71476
44025
13611
96668
68236
69587
7065
98400
61447
19492
81035
12621
72947
94897
64964
42369
26927
83450
57994
7967
97837
66131
61893
22445
30139
31629
8438
95162
14175
9709
69889
42892
61313
95873
93618
5630
23301
5923
70930
69037
96430
71981
54603
40848
42451
26270
13916
57461
86836
91456
7993
7602
7127
75317
18922
11433
6727
69354
77630
53895
86943
98077
3174
394
92097
4882
51379
9551
42842
45049
66472
8119
8239
17236
98330
82951
5361
98687
85436
99505
91299
65919
6075
48970
77201
80840
35649
3764
54479
414
45329
10410
9822
84007
86571
79389
48870
63165
96795
84229
38241
62531
28952
64710
46954
65197
49110
65285
22978
88881
64560
96261
60381
14818
66311
20682
77961
94697
5514
13147
73619
60813
34762
85881
7118
46215
28756
22275
57171
53569
53147
57279
1356
54765
16248
32519
11206
74493
74512
88512
70920
94241
66008
53822
70328
88962
2995
37869
63771
42384
16863
77995
44657
50867
62828
27682
96013
94035
2740
32497
34668
57486
80886
68679
39963
32511
6622
78574
71963
48068
67642
26779
20682
96675
34965
42192
72699
43302
24879
94518
74447
15970
88013
88709
52198
47930
17926
63754
9862
42609
6675
5596
20078
44834
13759
87036
45187
60851
53938
9134
51222
53393
37193
79058
34822
1668
52758
89088
81459
19235
43021
15736
7139
63801
24366
76857
9537
53002
15080
35103
94285
38605
4015
49390
76007
91822
37813
93965
49195
92676
58942
10436
2834
71703
37591
17968
54714
8121
64379
13979
74555
52665
50660
14265
95777
25626
48382
58525
48047
16461
7995
56010
10596
76478
45797
2724
9631
83309
25068
37706
92218
29264
44955
55873
6599
90471
31512
79634
32334
24049
31217
89021
87766
14192
65437
4960
27021
82212
57534
29116
54719
81552
8072
40782
58700
97023
52879
69032
26694
9886
560
20458
60925
77899
5250
74957
19047
43806
60858
97330
75833
68099
4825
54288
11680
67659
87924
47584
40881
78606
76377
32047
91488
95054
24211
84785
57028
75727
65964
27932
37955
11364
77134
47935
72768
78692
41171
44803
19486
45669
10583
71341
95949
27410
74797
54902
6222
72743
90810
58556
75775
33202
9095
13964
98376
351
89887
25942
52142
67967
64452
49707
78544
30344
82741
7325
27528
76651
83347
90071
65360
58716
9777
9551
72208
68659
78357
45966
97863
53208
82476
76563
48856
26257
10170
19252
84602
42907
16856
86176
51769
91082
25248
70749
31815
62268
14233
75249
22681
90755
69974
32331
27304
45719
51393
44723
18420
76076
52678
14445
42124
12458
76135
68626
32231
348
56692
85132
59096
55439
37734
41825
90106
50258
54228
23102
48398
25578
89432
40055
52992
4996
28153
53472
6661
27826
76759
6784
95965
58534
11183
61268
12834
52250
58155
44183
36154
80999
77876
39175
45610
37011
80155
88489
58703
52901
21685
43612
74223
61070
4403
35132
31063
13633
74491
66879
18853
23997
54833
39079
95552
280
44993
60377
20790
69425
79232
26517
97338
61699
95159
29709
95367
37292
93836
81018
10582
10126
52623
83431
15593
28486
60858
90069
83516
8598
74776
54758
56782
29332
84247
3416
57186
33178
56852
46036
88347
26511
90667
44332
14634
67434
62194
55054
37778
2907
98348
97510
50395
28231
39010
88756
42657
43472
64497
15043
11716
67620
31965
88538
41622
72953
6962
86631
76091
16203
53523
59807
82515
24871
13616
57602
31006
89398
52072
37731
98598
15586
66802
37874
75773
64577
45966
259
59646
50174
60229
79807
50378
691
44699
32576
42174
41322
29627
2329
92506
31093
64780
55557
46997
28677
12006
81451
50970
73892
70843
31531
34296
67438
58958
67383
4549
51172
38373
75884
33603
33878
6464
86949
63596
89520
77448
14686
53538
35896
92048
19794
53585
17309
44065
73372
40850
20241
37226
24029
27660
52276
7416
54383
32995
81569
74902
85975
21037
95290
44986
72379
99406
71544
85423
17646
26210
69495
25796
89006
94038
62613
92963
15449
55032
20419
56769
81240
45499
97529
67645
17505
2925
50195
5570
82672
77751
59808
25986
74716
49223
15960
52945
63613
69942
93058
27003
13218
93523
70094
18104
40788
9222
33640
36469
28796
59610
13662
72969
56089
66759
76861
67638
98098
47452
1794
53308
24282
26543
27514
2511
47436
19002
89640
19705
27110
67694
32576
85453
10601
24075
50104
13383
53823
94718
71476
26078
43336
39227
87399
98010
19621
14483
53083
94867
57257
84639
55105
37044
42236
54053
66452
13732
63030
52938
69461
366
74271
86935
57081
33576
13167
8427
46868
35982
62125
30986
38796
73834
16198
49139
36369
9281
50799
75127
16593
95761
53405
16560
96604
11873
15471
6055
14495
51323
75698
16261
86495
13005
39312
93445
50753
56387
9717
24436
1906
94307
94311
44003
83177
65281
72939
45651
79573
95150
36238
76603
37161
31184
83560
87731
93432
12825
10620
73852
50625
11915
74128
81633
8214
74992
57454
89203
47688
8212
58342
30103
85578
14512
43188
88638
49687
4201
68695
37363
97888
27747
52616
75944
37991
15128
74444
33692
65045
1093
68381
493
99342
29137
97666
45439
54148
17168
22329
80473
86473
89958
61716
85226
44609
5385
84534
42912
62418
30644
37673
52465
29574
95401
76419
62081
69903
22496
18433
1556
20232
71533
98849
53789
37906
91736
76946
29916
43525
87908
72140
92084
9046
32755
1738
7675
78662
88700
77246
20117
21181
54567
73509
90759
89003
184
16355
20683
5912
14783
12433
40228
54024
45956
77257
76092
82913
60164
45270
9750
53245
72973
53209
52242
22415
83793
26446
93363
19516
62997
77243
47093
17473
62465
3552
33933
94541
65227
57927
21697
42475
54781
86058
29543
5908
95314
58035
90557
23948
4161
5054
48215
3315
8817
66946
15208
24290
63919
43515
84982
93712
29085
15032
24456
28870
70155
60297
23059
66345
72855
25194
27906
10229
90920
28813
78498
69802
49170
38896
57522
2774
92686
60363
41407
43048
6707
82945
82386
9015
96914
71304
77826
16401
90214
61868
31833
26137
34129
82106
76050
28815
21557
96494
61800
35212
56866
9843
58513
4124
99910
50065
24280
22283
75276
60730
99514
20727
33795
59720
98579
78235
71814
59891
67207
34597
65294
58407
28540
25648
57786
79990
41505
25550
85150
96556
6317
99667
12059
73341
26378
17084
52642
37006
63006
29581
63709
48370
98061
95353
58337
55031
20235
96297
98549
45590
45815
92813
28852
90249
47816
70506
50885
67429
72082
49072
29449
97355
64363
66242
79006
449
13988
82112
96340
16303
20584
85963
25798
38292
90772
86351
38721
94389
72044
31900
11609
55296
80883
90324
57881
29158
88236
51034
2776
99713
93451
27779
24836
76047
96373
56753
39211
66421
36498
33235
32952
64068
92750
45858
60345
1544
65098
39620
29424
56047
18077
7003
16438
41598
85994
33961
5989
57906
93925
62880
85954
8031
13797
35596
76073
26485
94189
97955
10176
91480
58042
91937
99923
25911
82338
43376
59063
58926
13365
43344
30565
83063
62160
53860
55230
81815
35914
38369
22486
32336
93846
32649
65452
89673
37025
75717
61453
63959
25439
59513
50891
59705
572
3169
94148
32904
10500
51886
71907
42163
22688
49486
15889
58342
41589
60287
81954
80898
56966
28779
24593
49649
57995
10340
73397
33061
89454
38132
22742
41847
16344
60004
71055
87161
66912
14578
69954
4803
8944
57945
2532
4286
62374
27254
78971
12340
59129
53892
69099
52918
72311
77912
29536
27270
71529
73028
71480
79702
16632
15682
66309
40449
68522
84523
64771
26887
57373
65206
66832
65754
6054
94394
744
48172
79033
14251
19298
14103
26806
39399
30751
12595
57342
3531
12851
16646
74685
75001
40754
45163
84574
26637
1997
57652
15456
84927
54664
7930
67261
85158
78410
89884
57530
31044
88728
8032
62026
56310
66682
1989
69830
22597
59910
80027
7884
54314
8367
26632
46623
5115
23248
8990
71474
73603
13732
34528
92031
68313
69800
78902
20417
14744
39150
37500
62602
45760
22959
28359
10730
52367
42700
80531
42500
5164
698
68283
7592
32281
39497
77715
6560
43474
74313
24937
96095
76479
72102
58435
43649
70406
41456
51895
83396
770
19627
22230
28296
97759
43201
81178
89352
53079
57283
91766
91750
10860
16428
432
22803
11225
49535
81720
89002
67810
8521
91866
49643
89275
62861
52694
66547
74024
14610
23781
90717
65766
25097
3852
41113
42868
724
42473
34135
38305
95152
68764
12408
15818
38257
17959
8687
91144
85764
91051
69620
55177
65558
76573
74020
17558
15101
72919
28293
52972
39302
86806
76498
39991
36222
17026
26461
37832
37769
33244
49115
81423
64566
81495
84750
28404
80542
15844
73898
69197
57660
91151
4308
27452
71350
13538
56871
56412
68994
44834
21013
46422
62277
5869
29311
19848
52410
91706
24619
50674
86070
82577
50479
26425
11706
72478
79401
16264
44617
3167
86623
44860
99937
94651
90784
94664
86942
93829
51675
12641
8157
62679
15610
66237
98582
59504
82537
10779
24763
65164
49345
21964
75581
73033
75283
81237
15841
61916
25972
80786
19580
38533
799
99720
44262
75705
15146
31456
22500
60562
63048
26108
38961
33573
99480
15048
64603
96880
21287
92694
97216
65668
1831
55996
11470
82269
80493
61172
37819
94364
95761
55612
69584
72040
93975
8382
49165
24651
57904
90824
92704
4388
17575
13650
11059
47832
30977
98299
26834
64474
92765
591
98289
45041
98613
13440
11971
79003
69438
6832
39595
64527
93226
61337
16647
88646
43335
64231
21030
4067
49486
81103
98346
1203
89697
56515
39439
13968
4606
32814
47902
77385
94997
37204
69994
11141
1616
9321
74287
36041
11206
10334
93967
27553
70906
32628
53012
45625
98799
20804
33971
25571
58126
45362
12681
31270
49931
7964
57880
25309
94878
82141
76990
71606
58689
45077
24481
5285
95647
75042
13573
22676
46518
91837
43593
36576
91562
21444
71943
207
8080
31573
45508
99879
98145
28845
42430
32243
5990
56452
94282
65661
29348
97314
79100
36351
61412
81176
70092
54400
38710
81351
50228
2025
84376
30194
588
51220
99394
53126
38755
95542
33069
88830
65505
70106
93969
48048
2398
43316
78581
31321
64380
20896
2649
79384
85538
55873
15008
53562
55737
26535
48594
64384
46626
80022
63341
1076
17230
91807
89968
34713
73205
33154
53192
57404
65009
3087
45273
44517
53014
55740
26924
18727
83610
80025
2127
37733
59820
96862
6152
8475
20993
85328
80321
57889
27699
66375
56234
28675
18915
90097
31156
76420
13022
12390
72178
24221
34515
23909
38741
20459
65516
20882
5642
16222
15527
41878
50015
80359
7805
4802
49766
63901
98982
28625
25615
71472
50672
75078
61557
52752
91137
71911
70458
38451
84164
71732
2400
58538
79235
3887
20184
50407
27822
28908
9796
67465
35876
94891
12126
20597
49379
27340
61506
67713
54839
71944
20142
61280
458
86530
52931
96626
99425
31844
88700
69003
44057
4543
67465
28355
86764
68125
5838
94253
30098
56951
64868
43228
28973
12493
6409
79638
41428
17571
7460
21878
56979
63746
61606
18283
80665
73780
40026
61523
83821
82947
13104
30668
91477
93767
77479
5483
29807
91913
94430
35070
91616
50202
34773
36165
63919
79956
45078
25602
38074
31218
28218
1966
25576
45153
53916
98321
32975
64329
54722
86975
13739
69029
41635
47420
63979
29900
99666
78961
13445
58577
85462
43004
19175
85660
45247
31130
26015
30360
87040
95380
74549
2470
602
18106
2301
98479
42950
87261
2916
50182
41523
47195
21216
27229
43281
7905
32232
50484
87411
63193
52917
24728
27003
3482
18247
35722
92994
37715
94200
60523
83943
51869
37819
43316
79016
19887
63674
88691
11791
66643
33784
82340
9491
8931
45928
53620
76026
3604
24069
12014
42714
59184
91327
38118
74541
71609
83918
9645
82711
46617
19494
46502
45809
30648
65654
72318
70855
94772
26163
56794
48693
18635
28418
85499
20673
56178
46075
84770
36824
33201
30970
33054
89933
91447
3155
54078
92146
72027
69502
93767
84593
56662
53919
98983
42729
86064
84147
88372
56126
69177
90424
63254
38577
60682
89132
74147
21950
74907
5653
64528
66532
3604
75472
58473
95377
88976
17480
42866
29092
58883
88118
47063
92679
69777
73613
12590
46767
72135
91654
44215
8289
66611
62272
11976
40425
36786
54251
15644
62276
5842
96025
18586
74136
47158
51989
6827
71686
42597
92915
56235
37804
29124
76934
17212
75305
86810
82380
68305
90917
77380
44758
25150
95116
79456
34540
30385
18336
60769
86868
59177
73917
79322
52170
34121
5632
26674
5947
41127
44584
79831
2396
66134
70169
40877
41693
5355
49463
963
70167
73067
73131
103
53859
13367
38142
79590
21263
69086
46519
50244
52653
62000
7826
44836
15394
9378
50126
90374
14556
44440
38328
19782
26577
56798
63870
76997
63320
64046
67839
28738
18118
65762
5126
17071
11204
81861
73970
44400
51270
5270
78032
94093
55301
74619
16920
85708
69300
69767
633
92908
4125
55132
48739
36668
68377
64942
26941
50008
25696
70933
46120
99141
41092
36550
99291
69975
74953
19624
62935
58067
77898
76410
1619
58644
73344
46778
33712
40746
97429
85959
68532
29421
78589
53769
87280
79898
33411
71449
82213
92596
91818
27486
79557
23965
17819
91255
95036
82158
42664
68846
11436
42189
41428
27405
58694
5521
97970
84514
17077
6689
29213
36828
26426
3830
43108
93480
51948
14747
97360
49423
2082
19135
82138
94688
4380
65421
59387
10970
85622
85714
25971
43981
37488
1665
23527
57379
8284
40590
18974
38700
2203
29452
21802
47053
72478
37547
23067
97236
68912
37378
60580
60206
26512
78691
79567
72290
32025
32183
30763
26940
69368
42247
8156
60087
28822
28261
45228
69648
49666
74373
17737
58029
70927
25987
87767
42375
4268
69394
94256
15441
24421
19917
26628
39908
4703
53137
75713
51353
7267
17744
3893
92460
2783
18255
59180
69053
63887
3624
85150
8614
74361
50945
53554
7964
29156
22045
12608
36491
84497
79194
88404
41676
4388
17645
92281
95102
68327
11319
47172
32309
97931
43258
12074
78819
69036
35689
70010
26859
48598
8017
86187
79271
83195
63714
35994
73689
30873
60032
55654
1579
51741
705
51006
6062
22189
1401
74117
37541
34399
23047
41529
77623
15800
74948
82843
19762
1413
91684
11184
38942
36984
11060
89918
91875
59127
82924
27523
62832
23614
53791
32790
35726
6942
82685
66551
54067
27712
28843
57523
8310
15493
56705
77703
67149
97043
90145
46035
20329
44154
50893
27583
31320
21992
63076
87880
15848
15563
17820
39127
96636
26149
70597
38099
29243
98206
47251
83099
49550
15878
65972
48645
69689
4974
17212
13260
7228
48914
99861
13230
39786
25899
41623
97217
83642
3853
42355
53326
69467
71253
59920
43611
20277
97430
57233
1190
49538
33989
49150
69302
49303
82120
74530
48282
85584
71893
17241
15436
16445
84809
10628
92604
64464
65672
86295
57447
30034
65650
20945
44378
5438
35095
3721
42279
60233
88458
86123
3951
83027
69247
19004
47732
79817
73556
42485
31167
77882
63144
98425
35480
76037
87609
32267
25785
32370
5916
59666
37777
15151
52091
22032
1553
4699
83023
29138
26194
22311
3367
56915
87156
14581
18279
96474
29313
11308
41540
12213
40783
50453
20230
69864
40459
94928
53566
40521
22964
84723
48679
28549
8983
39834
25390
62556
50655
21072
21854
91003
74038
72611
4070
1107
67854
5060
18915
44121
63373
1970
2755
8716
29388
85861
25711
10760
44997
31676
63751
9503
76692
70630
25030
44336
60794
91892
40573
84943
69100
6429
16914
50607
99457
62446
43116
99789
69677
91489
23583
50962
6045
51468
52036
17079
22991
59271
94849
46983
45876
32933
68339
7627
90869
27387
13910
7660
11072
40916
40018
70259
48079
785
16105
7996
23728
34335
80964
97442
83912
22135
63041
48491
83508
12018
10838
62276
32250
55837
74588
95
21693
46216
7682
90209
92235
20450
63212
27273
40045
40288
98492
53868
69297
6219
79769
79299
88029
33270
77485
36103
58573
38244
66846
54696
45035
40269
96160
75317
39325
34582
186
69737
98008
99680
42158
69847
26473
80121
72046
37128
77537
47652
25134
66954
33208
45529
15325
93089
81502
20149
14142
63128
6075
6618
73616
11999
72276
23830
84842
87258
75562
19690
94102
7585
9412
14155
79883
40017
11507
17522
7856
51366
75855
75357
9476
39120
57029
71508
97280
49640
3355
13176
83536
16704
77573
1449
40846
41488
72490
77786
14722
45053
32239
91034
94405
49032
71375
68416
56833
15092
57842
16345
24230
55402
98061
45985
82988
75354
98062
77904
34581
22501
20277
67866
80535
26537
99182
28487
24278
86629
50101
85666
59332
8682
48793
96840
7117
8921
32742
81484
33087
23102
20813
51436
81591
26248
1303
31406
96294
84584
37837
81309
40443
54570
48908
36743
56195
70098
3089
2228
48941
88574
67888
63485
94230
40058
42539
31372
41759
79786
75944
22014
15756
93810
13583
85848
91736
84530
20410
27990
73511
59152
53360
40413
58978
32791
14239
76025
12428
83433
78721
60599
81710
31417
13416
12760
53778
81993
13397
47801
33545
11349
90345
36009
78473
40526
31331
50411
35803
84053
19507
762
43010
88880
4739
38207
23736
78323
85224
91445
10141
71333
86842
72314
91187
11559
47657
54132
65305
34396
90491
47089
31930
23209
53081
56390
58848
2975
10289
29793
47113
82443
65092
7130
71106
46023
31075
72814
12682
67470
31251
23405
43532
85610
55160
84994
50334
70397
50938
20628
53969
18530
82618
82297
18643
13007
39281
70729
22490
45653
77553
53546
59665
6843
50086
93522
86703
67780
86473
64380
5987
85352
51861
6523
83350
53623
78229
88305
1312
66964
27117
38062
57131
75948
32825
31527
63328
10787
11596
99532
43858
26683
401
96822
36211
87316
8698
87722
85565
51430
22515
9493
63731
71345
81056
88244
89376
20833
35076
94641
65685
76618
71185
64991
16380
41518
81871
32241
82751
64563
43382
92539
10104
24974
53694
20594
28044
66626
12156
6626
46770
16026
93450
74194
49466
71843
6372
6575
85603
65787
8190
58886
96890
64674
6810
31397
23258
24547
54635
73667
27484
78016
45717
50715
97984
90310
742
91756
79365
19192
86074
68431
35614
22622
76012
18424
97012
35312
63248
42135
63471
7540
42771
99452
10531
25
22770
61819
60516
57627
85027
77269
55341
26718
3045
16448
54776
1790
566
60882
51689
88832
36438
55215
39232
13324
93168
49107
9362
47663
31218
7968
82253
22258
11724
2345
8674
87747
56560
37935
1355
38314
45445
59301
57349
5290
98260
10697
43274
81790
32654
56778
70879
38723
9829
22083
45129
74973
24234
12559
86362
73024
31290
38553
91607
43427
82506
47209
50698
634
63962
61217
19431
74046
71362
20730
89603
14060
26961
81945
8125
91369
45417
42798
91279
95355
22700
87180
71438
96147
44107
64836
65856
73622
7077
98085
20542
99423
23696
43915
51916
41692
27318
85616
7606
49718
70934
76385
5074
58184
55380
72983
58453
35703
54162
61552
45612
30663
49662
94869
87202
7856
26523
25214
90018
48940
90305
29350
43159
27558
95673
41820
85264
51824
14495
99330
41
63677
65879
12521
68769
62922
98170
76751
38536
53704
45143
46544
15214
82901
66616
40783
94006
77194
3674
25937
22228
94754
50174
99585
92702
31541
25219
86330
60555
91764
56409
90380
95623
13323
91544
86242
11874
47633
79726
80537
68810
32362
34347
83356
42135
70207
90161
9719
531
6012
13642
52199
55195
75916
29826
34107
55950
39421
6698
43345
59043
42616
96852
74178
3683
38198
74337
32
86202
22424
6159
84416
75003
26274
74381
78422
43821
6037
68884
59654
46805
96857
52683
49067
40463
22460
93870
46335
25007
16063
79968
34707
21040
63405
34168
3775
20150
32337
41158
65265
65773
26282
15644
65637
61079
45564
99293
4066
98790
29395
24181
38062
24102
21168
47618
18999
79637
96403
12821
72790
10449
52815
63453
30050
37687
41205
56125
7543
17841
21609
17730
73978
73919
8293
99332
79037
66587
34825
4018
26018
47683
37708
92932
35198
51563
32703
67133
87603
92233
52414
99220
87923
26345
74075
49163
40166
45554
1813
58397
91352
615
6621
96244
30396
17115
58391
58429
44107
91312
89077
27412
65044
3295
73075
79242
24145
66591
78733
33768
88740
42576
76303
58839
81281
30163
68764
24800
25431
65752
2861
66946
75506
35452
56798
71554
10519
42422
31880
11447
63443
35330
66992
10711
13452
36985
68277
80333
85410
55663
73711
77131
12793
63660
5973
47412
89202
53463
17489
79781
73394
85034
30692
28239
28174
53189
18643
96252
89021
87732
18570
82909
3351
40122
8795
84546
70133
43455
37844
40376
28700
31206
87039
20488
53533
14426
41764
93459
99044
39123
83534
84468
64879
67512
53779
66179
16450
83917
62959
96437
17067
12718
52242
86841
68559
90847
99680
98005
46425
50322
56776
65505
46251
47360
48837
56989
22629
37746
74496
67804
20750
18526
33101
13121
71875
38898
59817
64667
25220
3555
80629
96425
59272
59895
25039
15592
31216
58247
50549
57976
52216
11093
35671
14431
3382
31614
32077
8967
9461
27823
30308
18281
91530
76679
5870
57362
62461
20479
43750
66760
7870
21502
97412
46729
12282
59548
84116
47611
51156
55125
17893
78215
34134
48607
55875
75307
55609
91334
26864
7698
63353
74891
97994
49291
46863
80481
5641
1063
39743
13694
39932
97714
92826
21259
14334
13755
99080
94978
87706
10161
96445
45786
56321
79903
99619
25422
90816
95830
93395
86615
62736
49174
8592
20763
63637
23826
90069
9958
76538
15884
24038
20069
17271
5118
30538
89678
95667
33797
2527
82642
81473
4512
75326
65356
32940
49269
22312
25947
69359
58748
81205
73894
71477
86401
13389
87915
87376
98933
29565
65076
60684
69686
89919
53698
24868
4729
9277
34531
62773
18445
20275
60925
87826
33523
79487
22625
54173
9511
61710
3181
82935
87768
5176
50572
74396
11931
40195
4843
62164
25502
38692
26072
56274
27915
96287
82616
67363
751
10813
14637
46052
93807
18802
16929
29499
89279
34437
29265
9699
55234
38766
29269
55231
48851
13741
70047
99355
99335
88334
89062
58565
75738
35988
99959
52165
7695
20833
67433
14130
31276
60070
61387
37794
72421
78258
67983
13712
81772
10578
7619
42461
27534
4020
27054
70187
15061
28273
70983
50333
5025
5874
13863
38398
92120
64487
25414
8313
41554
88361
54101
2048
87571
97204
33937
33110
7215
71906
81621
50795
38587
96186
23528
60333
80213
40174
87637
40341
56831
13270
60298
22544
84833
59671
31649
65324
67725
11990
33274
7526
72641
72023
12989
47342
83829
16078
91857
93171
82213
16773
59143
40161
23322
82019
46928
73613
71127
63861
48087
39383
63646
87634
69297
19209
98336
14891
43441
19641
43185
80433
43940
35601
66102
32664
15600
58491
23147
92369
46063
67142
59046
69186
55446
49234
19474
79842
4339
33796
25724
23696
67058
60733
24187
70570
46008
89241
77562
81850
28756
2441
70730
11249
89265
35925
90172
58928
80112
40324
17855
70411
7883
7306
85432
19138
41524
88189
66355
63516
23766
99702
40536
32071
81595
83090
86288
65558
48377
853
34982
19697
72112
58238
94547
78633
50145
77907
78469
33890
51583
5488
67209
99311
70302
1793
48298
23956
97792
70702
97619
9535
94277
54212
65525
27293
14526
45111
96593
95614
83389
5875
446
58064
39941
83701
97216
49981
67717
37449
6032
84248
42026
46368
42370
53480
49110
91659
38198
69194
44093
89887
99362
68596
15258
1701
20486
30076
44521
1984
24098
66828
31971
94647
43621
70166
44009
12945
51369
59786
36502
76583
19524
64645
60744
33092
43451
98624
99335
46237
26741
64952
9420
5221
19875
74216
80925
79970
10960
76071
95902
70619
92357
41930
10280
31734
86407
86203
42899
13788
24987
94983
97112
890
43829
23844
85788
48050
9672
4986
75129
38656
77008
82171
66324
63346
41584
49215
60594
64083
95452
13712
1401
89608
80074
42469
25320
70625
94461
36356
79002
48881
10155
88224
96813
28027
28757
40201
67806
57501
40036
99772
64067
89203
50116
87638
90386
32743
29884
30614
99787
48373
4257
12361
75478
37767
14758
48511
217
21171
60780
16439
78367
13070
15938
66614
60164
7979
11589
98518
43597
12395
60027
18350
7214
28598
21979
67486
55003
9233
23084
60967
49870
47749
30562
70364
28132
92369
89155
45882
54609
98287
45025
86838
48104
14387
15854
26664
20144
18131
8683
25971
38800
18944
18224
30900
45895
81448
41076
61825
82117
12859
95353
63601
60820
79050
651
10500
17170
74636
98056
6063
80120
7145
34242
10227
33872
87434
3733
65454
65631
21548
68694
30326
52293
117
98931
16876
59630
66345
36159
10359
50353
77750
11692
25366
16278
96796
50704
25224
24910
11510
65190
60407
33827
69097
70461
6675
29958
33815
40975
47673
26395
40287
86359
15594
76701
43076
96682
77178
37482
31780
33555
33849
6507
10918
5299
21323
52192
3599
6522
70696
17389
61336
62653
4869
33771
81989
46432
1792
94350
25308
84220
7379
4997
79273
35747
87392
31275
21746
72316
64803
41839
33691
74718
6247
30006
91906
37866
1686
32656
46193
56165
25717
30299
91104
13946
77614
49926
50395
98193
28899
6180
89415
72813
74645
26289
35963
55012
2939
25623
96758
2821
9695
26673
22993
71413
51043
64622
91731
65900
81517
30735
70460
29051
73377
46664
40871
75275
12174
1578
36169
38353
43877
30588
97205
55861
11372
96872
93328
51572
8611
13606
44572
78639
42639
41307
6872
12073
1213
28899
91923
40208
59467
32313
84959
14113
96121
59857
22653
78765
17533
21570
54965
87757
62541
60934
9979
55940
57628
29050
40000
17768
39441
10404
60249
9977
16456
42575
18366
34254
28615
58388
63316
38322
39303
56859
39652
13822
46423
40379
56273
52559
72697
32532
75764
99303
69167
15172
65266
22090
40207
67075
21852
25673
78264
70029
46906
25178
98840
95650
21371
68053
24255
1545
12978
47111
4663
19152
5956
8925
33239
35964
9305
76254
14052
74464
18967
92687
66874
57370
85076
24152
25713
36829
73186
92733
19830
32971
27620
15580
18050
55718
35178
52646
3776
78689
51097
75799
56314
7019
77666
90001
42277
55882
23269
67589
53649
10665
48952
78452
8716
69123
24583
77365
81006
90311
60616
56300
53649
85024
7688
88646
76765
22056
81044
95317
95052
22832
37441
45671
19948
34422
29587
63684
17422
60478
13398
87212
87429
78360
19431
33239
2989
31230
26426
77770
23976
85605
91731
6555
91514
47650
58601
71598
99872
91976
36185
11784
15116
39594
93198
30027
97085
98250
36062
29895
75860
81031
21629
31268
49318
45920
99556
16204
87882
92113
25077
52420
16675
55159
23421
46439
52930
67540
58313
40875
98292
76044
42216
48878
55691
89736
13455
25092
19499
38164
43402
20172
16082
24583
97196
92303
41316
71195
35719
65351
51442
66008
51059
90248
23299
796
56862
63435
53902
57135
32759
95793
79583
1491
27749
40966
51503
81062
76825
12393
91960
20954
91606
63945
97170
7004
89334
89567
33470
97336
86101
42129
90508
62720
79485
2441
71031
17726
79554
20376
49854
35688
40709
35661
99629
95907
33875
52086
7019
4766
27315
55952
55011
91843
64555
28885
49347
25082
5193
46406
69892
58940
22360
36217
89251
47614
66796
26773
94147
16685
44507
56331
7284
69888
39821
41839
97508
646
32952
14188
56649
24970
51527
80544
86313
3376
20542
81988
37208
5941
25566
63147
70807
91460
23748
52116
77217
49121
7614
87106
51708
62650
78076
95483
10314
69114
62237
65417
23055
59539
220
53875
64013
17244
57150
50081
25117
34771
97717
19473
93289
45071
15900
76808
8050
43953
70140
88535
4653
78067
1382
70304
48207
86418
23604
59214
42373
70793
41605
97734
2951
68232
1850
50020
96715
87694
24020
1582
52889
13315
51081
33970
39075
51120
40545
11950
55488
217
68961
26838
76332
26161
89198
20892
48339
5903
91610
49388
22529
38310
4864
75936
14388
62600
63562
16058
29585
68352
60981
70505
70133
14686
23367
92109
55565
45519
8625
2376
38793
87145
48617
56873
37096
31132
51872
26895
78108
67916
98355
52527
62297
37644
17892
15444
16307
98785
72144
609
10116
55772
26501
3070
32165
97080
94997
19055
81297
76478
17977
59711
16679
39275
42547
71783
99632
10891
37023
49938
42732
77776
58475
69451
56134
17457
19142
64241
56868
89775
71250
33355
71629
98433
62990
71209
74932
5082
87944
61451
71414
71487
48090
37932
33495
7091
73620
16411
71350
59649
32777
33493
87367
50013
35542
783
17969
57577
47890
29131
28060
44332
66334
15963
46313
18473
80050
476
4026
89591
7428
23776
62948
87436
43613
47692
13482
29612
35259
8906
93376
29837
86839
53232
61446
84327
18438
47397
53713
92622
65880
90429
61600
25396
63815
95152
99245
22071
78514
7875
56752
45972
55371
24770
38907
92246
71708
2027
44123
20444
46061
20840
63835
67365
75448
56649
25803
83269
75715
9802
17388
81576
84079
10206
83520
76809
48630
39471
95014
87358
21156
59365
69375
61792
10469
82883
79632
95212
99258
93458
15274
90956
11310
26492
67967
57348
24238
88464
57717
51481
89291
88099
12795
50321
95741
11567
24548
50905
7004
88714
42019
62938
57965
3661
98979
55755
77973
30859
42512
53639
20793
17598
87502
68143
76995
7596
34079
79474
62175
30412
54454
12181
56980
726
96031
74594
81858
69586
36142
68673
78410
98885
62622
11523
20671
46318
97820
35616
91781
57302
12982
25384
38141
60937
66997
86602
57943
78179
98124
16076
95381
13136
6543
49727
11617
88486
45853
90730
5172
78966
71364
61223
30904
30190
82290
68217
67641
48989
87295
7968
64397
71625
40810
83830
21797
19149
16568
33448
11373
15753
31037
34194
63801
1005
32476
47420
83891
23862
59761
23315
9070
38193
47047
51588
16265
83715
83557
33049
10291
18112
17226
35332
32799
67147
42413
73437
1755
69931
64665
49777
81302
18454
60508
54231
43469
82303
80002
32722
55948
15263
42014
79413
54642
4081
72795
58086
77150
93383
85672
49948
68846
49790
19463
63167
67181
75651
61849
51105
26217
32797
66523
43039
17498
52559
27132
99687
88139
6569
29487
38729
24115
71750
64396
19487
32717
78416
22452
48823
20572
95630
67962
61908
29625
66110
84185
48597
88538
28909
33635
27571
87303
25354
50479
31004
60027
49468
5602
72921
70996
39481
31675
14091
97570
99232
90976
65892
89959
89322
92602
2341
2798
62041
26416
11180
40307
26674
51306
30619
78452
57085
93796
98754
15606
54297
9281
12030
95998
39899
57605
20011
98983
39269
43211
92255
93407
74839
54405
90639
19784
88649
47260
58621
30343
93031
56516
97227
30710
46104
74701
31879
8221
99554
63013
39878
41750
4090
30781
77008
90627
58989
31536
90839
97516
76159
13886
14032
86572
84502
95799
5072
46568
17631
29762
74876
97647
76200
91654
60912
28052
49000
70848
44640
94283
77076
79956
37862
67841
80653
94123
34066
43953
18291
57753
17318
82689
72720
64308
21743
38110
81304
51057
74950
6554
57617
23202
35517
14987
61361
43099
23457
62973
19943
30908
19967
39061
14053
2523
49233
21796
88289
41674
79638
22055
76558
56293
84641
19008
58156
35603
27979
72336
53016
54314
24679
36558
65654
29648
58377
23340
2859
5926
46094
93924
15770
76958
37533
15418
6292
64336
82505
28007
9018
55891
64855
97079
36819
81494
83304
46147
10257
44457
47810
95580
82659
79845
98171
77432
99672
2585
50032
1092
48006
42845
16709
36905
31740
66886
18321
62628
96049
14440
58504
55104
25536
88909
48446
4846
29465
91830
41647
13339
86680
71122
92160
37340
30470
81173
34758
26276
20049
31492
81550
15250
71750
46328
37728
66370
69826
82369
84885
74346
89650
75536
37020
25579
23541
68226
78238
33423
58456
50552
20272
47356
58907
11794
93240
96882
82151
78055
11800
78417
62605
90243
32046
38456
56226
85684
25158
12304
5644
18088
20826
59947
91169
52634
89186
17035
52445
78709
82218
82869
73554
99855
21823
58314
86185
71783
51351
87062
34254
96666
28654
46377
36643
65063
37568
88700
57778
97774
73337
7967
50391
55038
30273
57197
67096
14483
82118
24490
94354
31564
8526
23261
7086
58657
1919
10219
63045
26950
19078
68092
76055
3926
84803
58360
59824
46079
18960
38493
1532
68017
42790
29689
86904
34538
44460
45607
72881
79508
34230
12138
56486
96173
18399
26204
86655
68517
23332
90357
90877
16943
84688
52413
22795
60561
45115
89893
65541
22203
54463
56192
14441
18234
18054
85689
18856
95668
93041
24064
69538
51277
79345
97005
61123
7545
71821
9038
3227
36948
10287
94142
40780
55470
85352
18006
78847
11531
37858
45795
34020
18317
33497
28160
29434
86105
30267
15091
49057
19049
93685
21589
40092
50256
39058
74641
61841
32826
86961
65749
27581
9253
38604
18663
84473
32740
99455
87449
73235
3309
27004
4544
91012
84101
93895
56920
36099
61300
31614
7792
33375
89862
60794
8818
39041
54987
61818
12370
75372
45756
40087
98853
84510
2421
37255
78072
95991
66799
41596
32447
31563
54552
65196
3375
21315
8507
60562
17833
80645
1006
58192
10142
22594
15311
62459
49011
84044
33535
6384
68688
25887
27401
66828
26499
75870
76835
78129
32968
74832
86529
88817
42571
81214
88681
31430
89973
47562
76633
33597
22222
76732
46073
42884
53396
90733
83430
52891
95589
91223
83537
63530
91224
87124
7865
77612
43205
8882
39473
37368
1671
83023
8476
1234
88762
41775
73185
13298
47337
93109
9419
68435
3713
26011
84866
40398
31554
56171
20979
65956
32808
5811
26147
99103
32455
91450
77295
12681
55218
9878
70143
67279
90516
44450
79775
88372
1678
4451
80637
56343
60894
72272
4368
41159
27723
45762
20120
76874
40459
89450
6479
47934
68584
57088
2483
89669
5601
7486
74959
20810
35454
54320
37943
98255
89231
31355
88023
50687
9124
97333
69264
83380
962
87402
63369
33575
93865
5953
46896
86529
69217
38967
46663
37705
91449
85417
31296
17669
59698
31053
46259
55543
4195
74316
65486
4350
15368
62189
99093
85477
56042
59168
28738
71075
68043
51767
34396
71722
55671
29552
12651
68210
64199
9021
50237
33746
2052
68346
95369
26120
26484
51163
36109
37527
72281
75947
31739
96527
94484
51982
21141
61739
13052
23765
51682
48574
77449
81197
63695
24360
6233
94958
11523
80607
40907
7712
45674
78981
25980
20972
54367
98807
89573
43283
5956
2949
7257
60544
9250
65731
98267
65212
2451
57467
65509
86873
67671
28741
30504
41635
85825
54847
81984
33774
46661
1587
37200
32940
30006
31150
80135
74227
57242
39131
5998
89325
4204
45453
46111
12651
99870
79445
37899
28881
49938
52234
85872
31488
80213
22911
89579
42568
34194
46141
40735
96366
62461
61068
18776
87025
553
68234
41216
72126
59814
57223
76515
17070
20281
21961
53662
59420
19788
57610
21855
30419
96636
26465
36926
64877
7384
24048
95913
92002
49580
9960
55519
10380
81286
1050
70251
99611
52593
97911
62499
851
72374
35765
43225
32086
19092
18899
95815
14702
83409
883
48687
30689
20144
53525
60859
78660
4773
28397
42659
11268
83644
20922
29687
91296
92714
21377
54598
11186
77565
88302
46761
94040
24615
51789
43153
72374
9776
60245
31802
5424
79983
57606
24112
56107
24410
29859
89636
4752
10439
37654
15823
28023
16742
46029
77142
37001
67716
89667
72696
83286
79076
10124
74432
87243
76279
76211
45495
25054
96428
69007
23517
83590
18047
62136
14735
5709
15011
33560
47159
71071
56952
7875
79281
11828
29918
32628
23630
48838
46821
90371
47476
57003
41903
26397
34652
62222
58393
75014
33759
30487
29601
74725
43898
77538
11406
16272
99761
27558
7104
23735
57440
93500
39312
29230
7662
10552
76026
79824
48652
55422
1905
61069
79773
46646
50227
25229
43855
41301
39510
77192
36860
36252
79618
9722
42828
57117
91774
73038
76590
30716
36917
20936
58939
91795
85012
72770
51437
42254
67611
87627
32741
96522
42161
6247
76850
57140
732
13364
66020
63088
91060
56234
47736
41860
5476
83797
49810
66614
34889
56799
40143
82506
90257
63309
76899
6366
52477
48742
3843
79243
90973
16228
87429
84156
46768
3573
4330
64918
57376
19119
433
22955
93067
5537
68406
74193
73077
86126
17471
89214
26752
50246
34266
8278
21496
20082
58564
23222
41085
88258
49662
67195
87953
11911
20789
86431
32814
65826
61869
7960
45034
23544
81413
5824
95098
6901
62787
26132
3096
68303
6839
44240
39876
11073
64520
1652
11226
42451
90588
36159
3221
16489
82149
93494
18930
98231
11069
15097
80144
1358
98553
27715
91702
94326
21897
86263
42713
89658
44971
451
72895
17812
55998
55262
7727
81762
98787
37396
40809
90388
20125
83714
49078
19811
86240
88451
1230
15902
20118
47753
59874
62721
69461
56506
3805
14385
59716
58309
3898
52443
95703
56436
45007
94253
85546
75096
79469
46165
63631
61
26716
73058
29990
30980
29221
31098
85803
1871
6638
12666
16710
24142
74482
72116
55414
85845
15469
1795
46153
77820
25216
53591
49892
76103
46651
2199
95777
50225
25618
18959
26434
43845
83498
67404
70244
962
24713
47232
93053
88565
71064
27472
68994
83593
53735
76816
62081
559
2408
38806
82344
72639
12672
50551
29005
7808
75602
15978
96578
73628
48125
24474
88633
99107
39247
46954
26309
28887
67860
7667
900
15296
63171
25500
46670
69540
70742
95244
72764
87838
54352
98634
73222
81432
52081
71365
85470
51375
10938
29400
19774
9476
91275
89823
39301
31261
47647
28565
45024
55989
3753
89486
1313
96756
64074
47530
94490
98905
12389
80869
14561
59028
43359
32534
60430
5560
15433
40853
29103
22724
14789
74702
13591
29704
3190
33953
5362
30096
40274
98407
34755
74690
99486
45626
27279
58518
5360
53908
32914
66104
28884
87299
57977
81299
36878
85412
13196
83790
10951
4096
33813
83407
29572
13463
53867
45840
72547
86029
85825
31272
31806
90694
38452
68682
31958
73615
60238
33190
63990
81476
22145
13461
46137
63220
93922
80158
34247
92652
23730
60466
61340
25826
44454
93466
47543
93137
71931
88672
5049
24670
49091
99092
89048
68819
30510
82688
60038
9268
81127
32464
41552
24048
96755
66101
64545
12647
39806
66293
40158
72103
30067
93726
77209
27960
70686
72851
2427
85940
73485
10931
56133
68721
8769
23117
80585
49829
60606
99826
15356
87325
18620
42225
33358
35312
30849
78466
37261
23487
87203
66894
95469
96874
8301
56985
25848
16890
24523
73244
75324
40749
12673
18932
23546
62959
17136
64603
14235
53562
29919
66203
5409
80929
29244
82500
79533
30628
90711
86377
6588
37941
75756
90705
54456
86959
13066
95357
41912
40143
78636
47951
90075
896
73131
603
27830
37210
88612
51418
43213
45792
60421
60964
67909
88095
12929
16930
17933
88479
13448
62374
56366
24539
16421
77510
76277
73890
78632
36348
94549
63640
81443
33180
90430
82017
37339
61187
63883
23277
77790
58149
52657
11285
84097
96934
90965
13859
55922
78975
86424
36206
12390
36216
35063
63812
32019
23077
56676
88726
23058
45220
77810
2355
27677
913
21583
46327
16186
19135
76067
84385
21588
51140
78385
36019
85014
35571
41080
36992
92575
68948
94758
68201
51167
28690
76367
15137
25110
26202
60964
29511
26158
84376
33585
68053
92857
32817
79704
64394
77872
99296
53506
17798
99267
9870
47461
88046
68429
75279
13337
26291
46801
5178
72301
82353
32311
41518
38049
22303
35641
52177
10226
64242
27221
11575
21656
28295
64326
47689
66362
80106
47414
15836
56383
16254
99428
90069
87139
34133
70809
67081
40741
70195
6837
20774
23400
93794
85298
67460
91892
93475
9993
69114
46932
94755
61831
86137
26447
15601
66520
37306
50993
31446
14461
38265
59397
14481
90118
48214
82740
89546
59942
85429
47015
2328
8438
17205
11550
23398
88610
74304
565
91015
68545
26738
65745
43493
44042
68181
61677
2565
85802
93973
89867
1678
64877
46173
68956
55180
2530
5405
6222
66956
50938
10779
58435
30519
5327
52887
46151
19703
85250
54868
56052
5921
41188
63361
95400
84196
87541
90144
22453
29746
3201
69573
91960
63005
25042
8079
44858
50831
73516
49690
51097
96793
53491
95355
46311
23907
69937
41370
22290
71117
47273
90022
4344
65199
94128
33328
62037
27293
14391
10862
86134
32859
21154
8612
49557
98692
39163
35476
91552
22522
10935
44563
5090
26474
73640
97491
4092
50960
49135
67302
93739
42843
75772
3896
47903
9203
74662
72258
6377
30332
12287
12545
1441
91858
12004
21931
10494
84001
37289
41772
104
5950
57937
48908
87175
85456
54074
63668
97479
2860
12907
29164
30836
88677
92744
50832
24113
99080
36739
70222
61199
25709
60433
33472
84495
4177
36480
18936
90118
45909
3026
43787
26629
34298
13775
29868
69528
22846
21163
81788
21151
7225
8016
4523
1346
94696
67356
89757
58657
34033
24653
31930
72251
11911
2287
69237
99623
68504
14631
7360
77238
23410
36089
21724
41090
38098
68025
93601
38464
96408
34886
30794
62645
8111
92640
43291
14286
36562
11221
14794
86488
11555
4069
50069
89609
98287
47874
71164
94960
63248
37898
62680
82186
22447
47392
88033
3023
23827
40171
11855
96124
58128
89820
48439
22164
69251
87834
31983
75593
84912
81060
95268
66407
57698
33555
32792
54851
23361
50711
73530
31278
10922
74831
3108
52046
60050
62683
56197
26306
60466
23244
5901
20623
46643
13575
63552
11054
84732
63071
70993
42668
43149
64859
1778
75069
83930
26358
78647
36128
95013
78471
56489
56866
27226
23932
69565
74765
4557
32830
34362
55793
10289
21667
13180
40849
82345
75222
28431
57116
78625
320
4974
34446
64441
60272
67316
82440
78732
1009
73588
5490
95928
21543
98311
62367
93763
50960
76094
7466
16020
76640
11881
98962
49085
85558
81525
63297
20085
23942
92185
8127
64484
48558
94561
96891
57859
35156
62546
36599
17659
91704
86494
43555
6049
80198
88541
7938
77448
56131
35041
14967
47969
18142
67851
15300
99529
74385
36535
33380
69188
79154
93000
40684
59150
90880
76594
91038
34868
63330
79345
31577
28089
20689
79586
74876
62977
29553
63636
49412
963
71215
2157
97695
21337
54744
50234
48265
74006
72197
87177
55986
30868
68678
64837
24763
91804
69631
72757
74320
43595
62656
25647
63559
49092
8786
45600
47616
74606
92420
66614
80865
48520
52030
38671
90055
29200
46021
31908
81729
44235
41470
64411
95480
89784
55063
22343
54495
26532
27706
43055
9034
92369
5350
27187
46095
93692
86596
74432
94943
28379
59547
3307
95512
42346
11442
10492
20769
30748
13442
24181
60642
33285
82069
53078
3689
11350
9028
70272
10640
66188
80149
80215
32934
91028
66291
96934
86264
35667
74589
61012
31692
67351
83
5496
31411
43963
53953
95682
9863
94724
54882
27236
13640
3329
58983
35640
41651
88256
86844
46846
13491
66119
7236
85171
53654
27893
44126
89239
77457
67062
44638
444
31093
13346
19071
45876
2914
49089
56658
91272
35677
34081
23039
15377
49123
73305
16920
14767
56074
77062
87228
44887
63166
6252
72265
92924
27108
29175
27485
3378
92275
98882
49305
80714
14703
45190
70158
59515
73612
7573
21062
81574
80773
50231
81964
59262
45503
13979
57694
58912
47626
11368
21484
28307
57078
9317
31495
79591
50041
63627
72472
31949
65598
98111
66237
31327
62486
78352
8813
58063
64471
46066
16492
38440
41174
99384
92506
29660
79205
22956
65602
52548
29462
20296
25157
58411
38619
33269
71178
36346
67030
98581
35980
59957
84375
93380
81585
36613
69763
72056
28221
31636
57838
76724
78674
30850
59435
13555
75193
26690
67275
19169
55624
22380
77232
14753
26646
63145
54956
68011
56924
99214
17158
75553
74703
25958
42171
57566
41511
34281
59335
79410
30723
13417
43496
11236
95771
14601
53097
86381
17328
10891
577
10303
72134
1029
24864
82054
5517
16526
4496
46326
56993
2481
72656
37208
69924
17068
13221
78543
49421
86672
81977
48032
78452
6762
52448
36547
36604
22003
8028
41505
11935
43440
17444
3430
42489
49968
14036
9128
73401
65226
27271
6315
90865
6393
55344
42687
13121
96249
33575
41525
17117
10971
61133
39545
39125
19756
61199
15339
86132
58200
74347
50668
89047
5497
54036
61201
72147
80727
73069
18371
5614
34507
32197
88515
60020
29001
24274
15510
6828
29089
96810
16185
86497
18978
56082
89064
1005
44319
21692
63642
41203
78710
2819
72496
55886
68524
87857
52195
45161
52442
35067
15219
45817
77914
78006
63059
86576
24632
63022
94972
53377
81028
96839
77409
59094
9693
99802
19776
2467
2594
62648
93620
29433
63007
57298
6343
20300
12913
69987
95812
43452
53949
12864
54017
54212
73422
27180
63626
39320
72229
86363
6932
51869
7668
42854
6819
52718
18753
64888
6870
72248
79239
76375
51168
73565
18372
83869
83699
82842
9486
9075
52004
64302
55346
29584
81712
80706
28718
3635
14387
51266
58403
48824
82560
40453
61003
95553
28567
96683
4271
60508
63951
7203
92279
40197
27018
94584
56617
17521
86458
32825
161
59897
61932
21504
77839
52450
10405
26574
84630
56834
54522
24630
3818
45841
6923
10325
74917
26670
96030
45163
91947
41403
72123
7390
1703
42401
67676
10910
35412
53144
87482
15580
31633
45129
65063
39886
86459
27876
37330
57003
25241
6765
22706
5052
22864
53057
29297
70042
22574
37127
20648
22779
91073
6008
73009
43822
72380
61436
32604
21551
85947
80673
38185
36486
35297
39572
53841
25185
50405
20393
20290
87150
53411
29453
54265
14692
40156
82781
21378
96300
28898
12998
35788
3213
11720
70657
69365
49475
72941
41732
42489
88084
85741
81708
79371
77639
5655
10278
27676
80701
6553
94630
48325
21868
49989
34487
91254
56203
1963
48025
46672
44241
13856
51039
31815
37902
63004
25253
91606
4487
56542
19338
33805
92661
88178
77078
20865
41300
37726
61228
86721
3640
80982
52127
45772
95305
92853
98415
3546
23827
90452
22000
59156
41694
47563
50531
9109
42176
42398
26431
70354
8168
44760
58428
39661
20894
64440
41258
46993
49505
33715
84381
23181
37902
20280
99466
98393
83771
34692
96514
36878
65998
1704
69774
60371
19696
22411
20312
24205
20811
45790
61966
19997
9550
22218
222
57373
23290
27659
13978
13821
88390
7460
78641
63219
40978
87900
42381
79810
84043
33674
70420
60901
49664
91721
13839
61655
97676
74031
11673
81137
12273
88747
65944
40239
56158
98967
77737
89055
67679
31912
87223
33064
48094
61594
66494
50427
51722
37220
73298
32921
98674
82213
99425
71946
69224
83260
51525
18388
40451
38471
79017
47967
50666
54866
9167
42870
37769
8604
64011
57070
72665
93878
57814
98782
28029
61009
49517
27203
84687
47795
51040
82565
98413
54435
55934
7118
27855
9789
35306
25040
39483
93489
22579
54015
61528
74781
33561
38929
10720
99330
49580
70018
85693
66732
93256
68288
10321
98820
59290
41683
49053
80481
79004
16424
96312
40768
8048
28775
25705
27076
51362
52625
47570
3536
47457
60546
53120
37963
54621
86773
71178
85558
39766
20169
24559
40962
74621
66303
6685
86407
49526
2538
23659
61829
95939
45028
63746
24903
74729
97493
17553
18848
85152
36311
82981
17273
58082
53446
27520
65428
78336
63193
34727
21052
75163
5002
11271
3872
2324
690
44636
52822
14440
30068
63924
45746
14975
83153
70244
61249
25409
52797
92608
22413
66545
58408
30170
8440
80332
93128
45159
21857
45446
17452
7501
51421
98249
12033
15460
21949
12606
66213
21162
1565
64924
25826
13332
39683
36061
41754
20484
42736
24900
37682
53069
74928
45452
57259
89177
3567
14747
7198
35174
72486
32639
8664
86062
64572
18436
13965
70974
39775
35717
4457
56702
38624
73407
87282
41114
963
37264
44655
22294
66825
33089
15836
94162
55339
27423
34896
16960
67966
33359
17085
82009
28261
7558
72984
89039
80774
72995
64764
54772
2417
45562
17099
18872
52801
35436
70394
71097
81714
66540
59039
55998
23991
26379
60184
90076
98169
62438
56714
18038
31316
44408
96507
86210
65562
99487
29714
17688
6013
5762
37514
83093
66676
35579
52042
3096
72510
23572
1909
90469
31430
84409
82962
42060
28618
41390
2877
65756
19709
59269
82089
18829
97990
5601
62178
22234
25758
16562
39150
88126
74416
14496
22570
93198
14617
81113
6158
68764
70958
41635
97800
63845
21146
2983
79119
11403
71844
15436
39633
36991
60233
18728
64668
56706
22579
66397
517
52021
51889
13490
44179
77100
24081
55594
85481
89019
75870
59527
57652
42408
10375
37981
88124
52737
75170
25702
40558
87160
53321
29548
9659
19111
1935
19548
59748
76809
46042
4499
43378
23681
86973
95266
10995
83261
33772
45673
67584
10216
96950
46970
2754
98088
9907
96073
38220
84839
81124
32408
28625
51594
71577
84192
98078
868
29741
3351
55735
37297
73707
83878
12695
14143
14581
90533
3692
26290
6789
46
17104
76915
33113
86175
13543
73138
21893
46691
8409
85707
84453
24555
91951
50845
10347
9437
37261
67945
6919
62127
98649
12824
68931
67
4797
88291
9608
7163
69117
18245
91755
82218
92944
80141
88937
79158
490
43571
81015
18881
56362
88943
80173
67987
81565
66716
77709
45373
94739
99404
44305
68286
97990
49769
58233
52628
30247
47019
96090
67399
78461
94518
51768
3653
57262
55711
97690
2948
4277
87102
97919
28270
55081
79814
12543
81674
25006
45021
70391
65780
77556
7587
79366
36678
97675
80198
7602
58050
10335
70921
69217
58764
2126
6921
27225
46298
25674
94348
32129
25575
54079
69230
77528
88867
96166
74484
60312
34040
65130
17288
18963
54317
57781
46915
80202
76228
5099
97447
58042
68817
42264
86284
46215
29424
66625
97189
83110
52098
92817
18197
23248
42623
70098
80643
45510
10867
14225
86980
49768
52794
56881
76812
78121
48249
67414
90150
66360
66500
28383
89677
29864
94508
53422
87501
6720
9767
3318
92422
75010
40409
38677
40363
29912
80115
26865
97234
9733
55338
52355
89244
19555
12278
86108
50250
70680
57162
74627
68484
72996
25014
29562
64883
69402
9865
92566
31170
72218
21948
99814
44260
54131
37812
72728
5107
39103
90121
57769
94409
2160
80430
7214
6862
89574
76006
88965
12002
70306
59443
47068
51968
91195
86763
39983
54857
79689
10433
43253
13032
79885
58917
98123
5580
68637
25238
3703
39415
61784
11219
54684
67342
52148
39374
23056
63276
68485
22585
39148
1252
53393
31514
61207
2563
12485
50368
90017
8538
89660
57208
60597
52409
21628
94896
97036
37773
27148
73508
5797
12275
61743
83971
68021
62293
95431
47756
24762
87418
97070
71534
68169
23507
57855
33278
17249
3714
65348
64970
64825
25577
45102
34157
63033
11782
9486
20947
83311
53800
11057
6158
21704
76697
7747
54696
89527
71269
40058
85491
49028
70632
28559
76351
77619
49042
66780
15714
73070
81004
65293
11428
62041
30701
83328
35398
74363
82242
743
97749
92501
72736
43555
27745
87429
89809
64651
40301
16151
75945
98633
45667
53826
69152
24376
45182
13919
48400
22399
94729
75879
29529
66489
62410
51544
72618
98814
12267
32498
50112
65405
33109
83840
39482
86624
31712
68419
65507
89972
48741
27135
12337
46263
12049
27006
27262
4305
52474
91640
83452
26663
41900
77943
92478
3944
46821
76906
69322
23382
27586
73761
4275
1662
59002
3146
40877
73429
20538
53202
41374
71200
14335
34680
30514
81110
2911
61537
13170
58860
34891
95243
47212
4885
96657
44826
50914
19585
25809
61333
46189
7304
51422
90982
96724
6332
70071
91749
2434
44668
14653
51734
34280
83906
27492
28342
42645
21312
33393
49080
59498
30488
94551
47524
56221
23323
55595
52295
70952
27143
42904
54691
83585
4538
9232
67092
18260
40617
52262
90630
50751
48574
46652
35393
32179
13889
42337
17380
5088
83541
60698
80985
23889
45656
50169
6949
5304
39973
14203
99879
59681
25225
46608
40163
65155
49916
89195
35126
3971
13834
34885
5386
78510
92933
90243
3117
45940
8616
13929
63678
50706
40447
19591
26736
71392
56460
77984
47744
18986
9419
11083
42116
67152
61154
31150
60556
16099
43613
8045
3757
32725
50289
18902
61863
47712
11959
59845
36867
95368
13582
15397
31989
85768
64775
40168
53600
16268
39820
26143
68990
3542
30358
45708
38467
5321
46520
60832
87532
78898
57891
46486
29628
24269
11797
49963
61646
9287
56493
13469
23350
31658
46601
58866
34034
66173
76502
14597
61450
59168
73803
32921
5635
33664
33478
9867
98915
95358
24265
43231
6230
89600
3399
7785
30065
12687
92177
87344
45892
8962
77673
80881
88516
2499
73690
2560
81974
93104
3138
81444
49140
50626
7856
99154
25820
53037
62633
21308
72938
71309
71461
13158
92794
45968
23182
65061
91885
82888
2776
3462
85000
86641
96880
64874
21163
10077
94011
92467
43635
63716
36505
79092
10186
38339
76283
42630
82413
17113
96070
22219
63600
66090
9782
9016
76016
30760
91508
50969
42712
6756
33412
38174
82300
27102
93253
61425
76099
61930
68528
12134
82196
91942
47044
99515
41512
74136
73912
6879
81509
82408
10615
34037
68848
12292
64018
75658
98138
8335
23737
8730
51503
92101
96490
15642
72517
97092
75189
64343
57650
83770
52694
25995
3303
85199
64147
13064
51502
83009
37493
27518
69211
55123
57090
11935
67845
50982
64534
22651
36550
91877
23790
90117
86244
74186
58708
89613
4703
73200
78735
1105
93360
71147
70864
56438
41266
92232
57340
33921
47879
53363
59605
44483
4586
43171
24621
27898
31885
19053
50987
72394
58377
55066
41908
81473
37184
21408
42374
28514
87302
71840
99051
215
68509
30963
44206
8160
93786
27487
71225
16908
17142
32880
8757
59860
21518
42467
67961
41417
8310
39125
51137
71349
52135
87054
98194
74584
2091
97962
7253
66789
16478
30974
18385
30487
35599
88439
88499
48306
28085
76128
53738
92138
39507
38188
4317
50433
85438
34936
33344
52322
15014
98388
34860
10634
90363
95920
58793
74670
44758
40184
21348
76657
5474
96630
11649
15065
78248
80958
90612
9130
7645
56081
31701
56300
17511
5558
90652
52708
30799
94413
95185
91035
10945
33014
23091
16067
89841
61892
97185
60550
25418
17833
29854
67101
10166
52429
39515
45049
49984
68371
89942
29141
42807
63179
96476
89699
59916
93336
8136
58845
99974
56896
50382
10739
36739
94226
27483
32756
68731
89688
44067
28681
17547
68486
65398
681
74901
51816
96541
57917
96414
1080
41166
74884
6224
91812
30042
61207
91339
33870
20982
94644
98534
53160
16872
69813
97316
65750
59999
99947
53578
48964
69082
32048
25524
95512
91737
14601
29244
39443
30328
3272
14082
28606
91160
32055
22685
29649
16107
93238
55678
35011
19342
31907
1543
66858
21263
68039
10278
34806
54089
25523
69632
47442
1089
82503
54926
716
72801
46063
75509
67219
66884
28290
85364
393
989
4783
62007
38435
51323
37509
16296
32336
57837
96568
87973
549
12079
17996
30905
41296
28702
52598
71679
16945
7291
74708
29087
54150
62231
79414
83250
86948
13660
8577
31253
35703
35995
14257
63384
88169
47757
36937
46583
11429
66857
9874
79392
37811
70116
44552
82733
41193
87270
34197
18179
41012
79944
18046
9292
46546
37134
79424
13145
7781
30796
17970
92020
95156
25462
48898
6207
33448
49289
50034
50269
37994
60379
11941
20743
22174
99653
56367
46059
35409
99812
36518
70682
95007
32362
44436
39283
6310
53178
16787
18449
22218
85923
78499
78431
17293
41160
19733
89061
87814
65368
80687
96254
91745
21540
62967
42319
63283
25000
67339
47507
54658
77818
67386
58541
56734
57147
56593
18630
66503
51849
91431
84838
6443
85029
60147
26221
45019
46249
4989
52882
9839
34184
4197
56896
79735
61344
32044
59675
88537
55051
65568
95483
74271
68082
8177
85380
95450
89281
80557
79745
43625
45509
48359
11687
72883
72872
63869
39754
9695
11999
87637
38576
1237
40191
43109
6630
9532
4278
3695
76826
14207
8437
6984
53281
11789
87892
90001
73105
45306
23389
48822
8147
38318
52351
61417
42793
26888
91207
35450
72862
50420
38521
95056
9990
81233
29834
20772
26907
27800
78756
89989
25627
87390
63065
98747
78663
73798
36656
89097
62734
93164
86730
73507
96861
14395
71369
21855
36994
18334
92767
21631
85258
24975
83195
47157
56038
63302
93968
5488
44084
73598
54511
74979
82316
91256
26705
80891
32971
54121
17052
56672
33496
58474
53368
78466
41062
12112
12389
90287
19887
65695
63737
2918
88890
30213
22647
76831
73856
90183
49243
11984
56798
94738
90333
31325
89882
45938
78515
12306
38489
24471
28724
13819
68942
66902
20198
76690
31361
34217
37325
81139
57113
93107
23085
11248
27296
30091
24919
58106
8254
25977
57444
69922
83227
6424
76807
7436
2533
36129
96623
42368
24681
77521
26270
38460
90948
62547
9594
3695
89979
7370
38078
32688
24246
52380
46486
51163
96066
46121
89130
96740
96874
21696
54327
67698
68318
229
42821
63819
44257
74167
69882
65466
38396
52255
57935
45332
54417
76345
47079
63666
95802
95249
12954
48308
10345
4992
40898
58052
68393
44272
17059
69836
66747
92705
91500
20954
93100
9276
36765
78212
27289
86094
63339
30713
27993
29648
80938
58818
85792
25993
2968
27170
21053
95363
81599
38431
98622
28195
28880
59243
72903
42598
64127
88578
86726
10492
47265
71957
82981
12804
56429
51269
8709
76695
66005
19664
65698
74488
12305
36376
11667
91426
98981
39001
10988
2055
65023
17164
4844
83679
81385
2341
3356
73713
65489
59007
859
53743
16218
24515
69238
70234
40985
57189
64741
89356
70048
76189
46308
80695
75916
3544
30361
73567
56579
63582
49031
29055
12937
26019
51032
51753
44865
62336
72329
26200
50962
52981
33296
33132
73663
23140
55667
71053
1274
87600
19933
41423
433
68673
73762
73075
27175
47288
7321
33136
52442
14874
54622
49504
89365
64563
47734
42380
44510
63111
96610
58670
87681
32499
21814
89061
84402
98139
93388
70438
13493
45110
34706
65822
98793
28165
83855
16652
2412
33295
6663
52218
91017
44641
21546
34522
57004
24623
52289
11679
65463
34703
39841
33151
65300
41959
90596
92483
96850
98494
7221
82790
50150
40160
97307
18777
87943
43490
720
48287
40200
39399
85767
13868
270
75015
68668
67803
30163
14777
71162
48825
43314
98878
57125
45655
22210
27158
98040
58719
50685
28940
75815
42541
87102
9756
67005
45409
64954
12550
72155
98652
9538
73074
40782
22969
37552
80861
6841
92269
2748
23570
55651
99823
50296
74945
52485
43546
44294
61583
43633
93264
89397
25506
71664
78897
15067
10613
54821
54920
39980
29179
44434
55732
33217
62190
1661
73199
83687
44281
53128
45885
15859
56813
46743
88548
3044
57354
99740
39044
18307
73164
13737
29674
28009
55435
29663
78730
18822
75045
84168
4302
94531
34069
66758
8465
34607
19409
12312
79874
55853
35514
32290
72914
97996
95815
21066
5755
25337
17511
56286
10749
94396
42385
99121
56227
33387
51904
59612
13976
45688
67740
58275
17485
81273
80495
76839
15471
64925
78341
1390
41416
45972
98736
9061
95643
85275
99753
97707
3532
50993
39021
19832
60734
3988
4488
51153
54194
32269
43487
12537
91783
16422
249
9055
98326
51456
68774
65075
24677
40688
75474
18294
85199
79510
5632
32513
19035
41503
26477
31077
77372
65044
48181
90932
66896
91829
43234
45324
26806
55493
79990
781
19225
67187
34657
94055
56796
54989
27755
50817
91802
49437
77504
75574
14871
93884
39227
94803
67347
19501
12022
15770
22114
59861
81769
88963
18106
33627
93118
53770
81586
12364
55281
11823
11394
53474
64409
23344
35389
5460
41886
26089
74129
20159
16157
62541
99755
83411
62046
42334
49576
96994
26018
44874
89794
33778
65986
77592
20789
62527
29662
86365
83296
54873
35719
55379
41354
6171
76674
14527
85036
93965
59325
40817
60812
72233
81770
96176
74155
28709
73527
18108
43053
31782
18120
53458
56809
13339
90306
60543
92520
85026
8879
66748
51327
27836
40755
21460
30014
75092
2234
22193
98759
76359
9299
27301
6697
14388
43823
55275
30188
12350
97033
43771
97362
28967
15120
71375
78987
57149
31223
26050
27721
41840
90683
62518
68922
17790
80601
76396
93389
89225
25950
7501
97428
19911
37488
16389
48961
74563
51894
71948
11699
6069
32267
73440
70116
85444
53376
73250
49249
2604
75790
56554
67612
49623
62205
24922
62400
69581
10622
59265
55266
82021
85394
40872
65524
13467
77963
37047
95992
7417
61140
47323
39506
97006
16377
97245
1030
69425
65285
87316
11515
2883
19660
57038
81203
11856
90805
28435
43651
30789
39587
90936
60892
36686
94850
43266
67581
44015
16163
81736
41995
18664
69652
552
48971
47077
40342
95457
71570
57454
41406
9984
44971
65973
52167
18673
80432
62072
30731
92969
76899
10465
86561
95694
50299
17846
51275
13030
24975
58489
56087
94540
74572
68861
43040
7688
52445
15736
78865
48515
15798
86462
90001
88098
10718
81304
52683
17252
7305
96189
68258
12379
81388
58403
46697
56723
78477
9753
23349
67821
90360
36890
96266
81589
76485
14535
22673
94378
97391
15613
64979
3143
85822
24338
25319
48703
10076
39885
96735
14318
27520
38687
60136
7476
3462
40928
24312
24842
75745
97860
71562
89130
29029
39943
26447
19181
21664
96765
75598
40161
17775
53544
88684
87415
63702
99480
19346
34199
59582
337
22386
30143
49701
67540
66821
21968
75833
52104
34746
99069
59956
16644
6413
34200
95132
56775
48389
3340
50214
4671
28212
71547
49206
29294
18726
64879
41743
17866
16732
61274
74728
94938
10809
8783
99279
11377
60918
34718
83547
61979
74239
96045
58734
57275
63962
12434
60142
50354
91242
98669
52596
28244
46141
2532
54477
64891
67894
48474
61617
45367
654
15793
33390
31901
49396
60948
39685
18448
84711
8717
28281
9758
30852
74008
23848
6169
42329
77141
72403
55733
39094
75573
32693
26343
53402
71441
10791
80318
51631
45774
1414
97490
17966
82256
97451
84886
15369
83520
21698
2913
62068
74590
93584
84726
51818
42746
44434
37823
55425
45908
43887
22268
77416
44831
98752
8445
83258
7916
94388
31174
78083
45310
99162
76123
86898
97299
10302
65944
88012
91701
3741
18206
55014
56537
34016
71461
48906
83999
24960
23312
39157
97830
65132
83800
38694
52674
82193
71564
94704
72994
45036
27503
73961
35104
86811
65865
69570
5319
66991
20461
84914
5147
78049
74251
74725
92518
80283
94013
38254
57480
85440
96159
4160
97895
19104
7786
56045
22326
86086
37835
37932
72132
64714
23907
50604
92759
87420
20641
25762
52845
77513
30208
68783
55113
96615
86381
28234
15817
96443
40254
60611
74150
44319
82178
37660
375
42779
99365
65653
49279
26379
39215
85413
18865
1841
72592
54250
87844
36563
49826
47464
76413
58266
80603
64850
55863
22285
95955
47670
11861
65063
60168
28027
18530
47695
26047
85691
15661
40888
64346
74963
67392
80587
97768
32597
19235
11435
51367
82670
12792
8170
26317
77432
67138
16273
94442
24295
10814
1220
52695
57304
36543
74863
37744
72775
44075
32892
80955
15543
42026
44902
17445
24027
86065
19642
32194
37710
93226
43884
49601
22376
85946
71028
19819
55801
465
19449
34705
55611
64607
77263
5573
57049
42685
81232
29582
70109
5093
15769
6554
9441
34059
83751
83207
61961
9704
78082
34512
79916
65523
14524
93086
41564
50715
36014
24835
59213
90290
90983
36957
96669
74394
39442
56407
8040
46761
34113
2034
9182
67110
1441
85290
50968
93756
90543
27742
18028
16860
68450
12307
15891
44096
10422
59519
83402
30627
62738
60885
3161
99178
94260
57985
79478
87450
66711
20404
43157
35162
54580
27576
89643
31382
90126
56570
77399
54020
18031
39329
95507
439
56663
78618
16199
16102
38641
308
31998
34476
80265
25052
43365
30992
76078
10221
94744
14177
55394
3243
84499
40968
94939
36874
43567
63802
97389
72538
85822
89847
77942
82644
22075
31485
65293
61741
43244
73684
16288
21807
52733
21811
53721
47790
69053
36018
17195
53267
93849
85295
48761
95974
83298
64060
58534
20376
4271
22263
9767
6848
76291
70767
47463
21962
6539
73789
70563
46777
46324
7922
89077
78557
77690
39015
36986
48542
40902
70587
56925
74771
23874
76300
70885
85591
29713
2199
86531
27751
46766
18028
95887
34449
62033
95769
24744
46583
61703
45589
95854
64371
38450
12585
22769
80314
98664
39327
14726
42142
31916
78070
454
39028
28552
13468
97202
2766
42236
27824
38752
4835
59082
29762
54079
48658
26008
87425
99274
52829
16631
49095
54148
52582
14780
53429
28689
56308
27071
64237
96530
78243
64452
77208
59722
65952
54519
32157
49166
82171
66519
14718
15831
93776
50769
45432
14309
7599
42892
6779
53468
21807
47463
10847
16277
8849
85993
31159
38768
5493
71675
73913
38874
42047
18036
96525
74633
98650
71254
78532
10012
41156
91761
24512
29619
3010
13922
21600
61075
93885
31014
40343
59219
41647
59942
45647
65353
55697
4934
71101
68524
67350
63481
93916
52473
76482
23857
44881
43583
64219
69606
17357
91955
65886
69474
21522
93573
57473
20173
68651
41386
37527
15518
51229
40854
55857
98886
15016
99288
85342
30420
8564
4588
91583
33143
30187
88728
65356
97167
14362
67071
28242
94576
18077
39033
23911
11701
13314
28346
44758
48789
52344
25623
33363
65683
11090
42533
82025
37625
59295
25968
77743
37724
47962
28972
70497
45777
17424
37958
66314
40532
55941
82786
77903
32485
18968
68718
25250
58422
20450
74750
57695
34097
3443
57415
43972
78062
44363
26263
28286
99471
56039
5898
27466
99896
16019
31114
19065
70230
32176
22510
64468
23061
42787
89336
88911
62480
11886
26296
32011
84862
12690
72972
18705
50737
34695
53098
51295
50506
13615
45537
21297
86971
89811
56153
31226
79200
65036
13047
46092
84709
60390
32778
11363
13058
16067
81925
19046
77848
60671
38948
95042
33026
33795
88031
25058
77129
92644
19789
78576
66294
83142
18874
68556
80468
88440
32733
90814
10353
42412
8011
92001
38539
59045
82902
28287
26805
92647
59357
66396
83096
58610
95445
42900
35900
82893
23097
82774
51434
85559
93368
10241
31382
49913
29050
77912
11674
67299
58510
84968
2969
2254
86947
68327
9156
72157
97765
1575
24238
13970
11158
52040
50136
32212
78189
28765
3874
39169
69905
21961
65041
70872
42580
96406
1025
78449
72724
36939
75896
30565
77703
49673
87063
69180
65503
96416
30128
38751
70127
42723
21309
56847
2289
1410
37198
85898
34616
51515
76445
42810
36993
75268
83912
35929
87813
69128
26584
66584
42530
38385
24665
89690
18294
35076
87347
39034
87552
34139
93520
18761
41013
14685
67971
42115
86372
50833
86924
61831
43106
94625
61706
94851
11512
61132
60454
39620
82331
79936
45027
92569
45992
91830
42669
8893
95251
65577
84098
39976
42341
15227
9120
43689
16086
25352
3248
78487
39818
39598
29016
64636
38698
58188
36547
72000
61611
49000
74121
37395
56265
86101
84002
89112
80133
25840
95966
75823
78318
33463
31702
31376
64568
8830
32512
54509
26566
54210
27853
96686
19268
83640
50374
87584
67473
66473
71037
41958
45831
92284
67034
15636
98478
39854
20662
58365
35671
94698
76669
87255
22079
4555
42766
22499
87037
87354
84069
33686
58073
36399
41762
38013
3321
817
74309
70080
48714
26776
41794
91337
26709
33884
50566
83310
4441
79917
58231
18619
44347
26172
76653
10845
89648
29942
73377
60487
85269
81941
63909
40798
22034
99540
13277
93849
41692
35933
61651
55332
9513
27846
35411
96603
12804
40185
64371
32372
20907
93318
29703
44284
21496
50404
97609
8936
85294
33939
83847
92936
62984
68761
65592
3825
28782
52358
3407
26465
75116
548
39136
96781
43231
46819
99950
4459
82925
18431
65209
16872
66211
38549
28002
44495
20806
85749
76044
94680
95583
21070
4522
94877
22427
66683
36009
11945
57923
99891
36140
40059
99143
61216
54284
78950
92314
63314
93436
70423
43996
96962
89730
64156
6482
93744
23959
9706
49560
11760
96102
48436
73431
19783
39911
89959
2543
28749
92084
75494
8746
18225
81612
77002
25042
98167
58512
30955
35069
74176
56686
64746
75730
80667
76498
23208
72539
31874
84484
58612
84637
58738
48089
52814
69863
18250
30588
71706
20067
88062
44637
53892
82124
13635
81751
2134
89976
24989
46382
34793
81604
40605
40286
70201
15244
22495
75583
22534
80648
18143
74430
73325
40747
85963
31551
38711
20098
3845
68355
13596
73955
93031
6598
85877
4603
18970
81726
92812
57204
69174
99137
3501
78948
21025
24995
46887
75622
99300
38178
77431
70441
14031
87347
2299
28148
60817
78055
25892
60693
55781
35574
93924
73237
94666
76243
71049
79631
83825
3955
14276
90671
36888
92857
30652
74790
89062
84357
83596
68193
99921
59304
39680
72438
4506
89525
37300
46036
25836
7739
44206
40182
78681
41127
87908
24648
98113
44578
56761
9843
91362
18641
40936
31906
92289
58000
60340
92574
80630
71021
69735
13190
86079
21326
18700
77258
70025
25008
97557
79493
31883
34429
89194
91730
732
71366
70905
89556
98989
99405
90595
65119
99280
29868
38870
17260
5771
81162
84922
89734
45764
6100
28990
31033
18809
97175
95420
31495
13893
536
4105
7577
21226
49109
77822
62750
60411
42708
96785
11236
79386
7161
94747
45413
73877
16182
98250
47296
27136
3782
24530
58484
19665
82213
67143
44532
95172
50558
47479
45982
66482
10709
97872
57289
55171
11414
1211
6407
37311
18647
26097
2164
69163
53770
93141
27440
94359
30566
35472
38034
36648
77385
92534
86528
40383
65584
67273
8759
7481
98132
35668
56634
68577
29126
45511
38295
78125
69746
26366
51020
43953
28774
68566
98157
55390
53232
71715
85348
98816
69076
1315
69748
99160
36520
19082
85390
53288
81449
48165
89140
64458
1190
4986
93546
20324
87678
12234
16041
68809
6565
3717
35008
80522
84920
44106
91398
7092
51093
80440
37426
95925
86037
2288
72685
58381
68713
86876
56892
10792
37447
16806
13848
9331
61790
70856
42096
97597
90111
1639
9422
17913
4022
74545
21740
30450
28574
37609
70677
58613
12135
50281
99879
99123
64209
70179
83013
29131
77392
65248
87673
43611
75318
32769
8915
86321
65745
18985
55130
61670
39624
71868
63252
5894
52843
90511
63741
6300
91232
50540
48366
15225
80829
89868
60502
23578
98525
67921
18172
69207
31013
43184
31191
93795
24409
23937
61008
91722
61745
48557
18571
8147
16267
43127
38046
62250
5163
1281
88039
9301
5685
631
75276
48057
44925
69854
36464
46816
26735
88968
53440
61236
94407
98084
43697
91275
32690
70160
33670
82804
47993
98202
36293
33035
41477
56808
9782
77383
25770
76935
63332
86101
64033
80021
23805
60848
70239
90453
62871
43755
46753
70764
22545
95272
82904
94329
56094
15803
39554
70462
78002
97093
1403
39299
82494
72512
17875
59075
16208
98566
82011
75417
91543
31980
86455
27010
29524
11295
44587
80155
50900
84543
55043
40127
66471
39768
18251
33633
59810
86081
10057
92850
73362
82803
58396
47718
49254
23149
61113
33112
91921
95838
73060
94960
82876
40513
4577
79567
58783
99975
8987
66069
22268
84387
88721
68237
84084
58299
33102
9854
15396
60298
69515
260
34231
98863
90359
44080
83501
9681
72831
31041
59868
60635
91534
15650
81372
2391
83442
94516
47777
13509
29850
69810
49544
86491
83033
32742
11532
60216
16383
65510
88566
36871
62925
99909
67631
38162
86172
1887
10436
4638
11509
83410
17221
78608
49314
94056
20684
81491
16070
16300
79953
85236
67070
45883
41790
600
58040
80665
97150
65658
7806
19359
95377
44435
60584
52682
65827
13104
74318
12487
86153
17025
87218
4247
59140
78714
91634
90691
62634
92290
62095
38108
47333
2931
93408
87228
3554
51093
74731
73934
4294
12451
44011
16658
14571
16986
3422
60812
44248
48886
45152
82338
54352
38796
25695
62798
14214
1077
12033
99457
64257
32692
5075
63432
59588
8748
61308
74339
10629
60574
27286
6873
28778
60443
49501
76027
97981
99074
25258
37855
3729
21296
93932
33014
22735
95446
71946
61204
69659
78528
51985
52605
17506
43376
92929
13855
70236
76727
68341
58860
84353
31589
36390
24875
16489
40101
85071
49871
60122
78418
85924
63453
48235
35829
53705
17098
39060
63891
98799
76016
66534
68755
41843
32021
82090
34458
8868
84098
46420
22880
49721
18820
19438
77702
74948
47081
94521
85373
68494
68536
42964
82663
21012
92226
97421
29258
39583
62734
74642
96910
87373
90993
38119
36810
26658
84730
69654
13582
96584
5921
38012
5163
95715
52840
42068
2270
28780
91252
75673
86535
4218
9604
87912
57666
50625
16663
69056
1468
84917
56421
52047
74826
70306
74568
79021
19954
54842
45073
69219
887
57608
50310
48489
21398
21898
96751
81790
35507
27727
20016
13079
4904
5519
6953
75217
26874
13247
60566
63198
93635
13541
43699
73671
5712
90639
61645
75623
2136
71015
7341
28998
31515
20728
68236
86950
84487
42278
6986
8018
93124
22608
41751
36876
48336
55034
55954
66368
99916
12475
66451
46872
21807
69833
39623
54186
75195
74984
849
32971
74299
12155
55135
90127
35413
43307
5966
44457
68375
43796
66427
57473
1363
90469
60647
18588
73885
41871
41959
35580
46214
59066
80970
50064
1844
3549
38706
33233
69811
4247
88463
37273
21382
50277
18026
56595
89808
21351
78128
75534
92532
96028
49323
39991
90283
26835
28143
39131
75650
85208
68279
65930
86342
59237
78664
90249
52168
31263
42217
69766
85543
18409
8589
80824
21278
23997
55769
80705
13915
34977
70125
41547
16119
52582
27704
45498
79011
98064
68200
60076
11653
99679
94888
97414
70116
32706
70389
94912
5669
20270
17816
77120
86347
11826
78841
71223
26583
27748
71988
50341
12198
66509
58868
97089
63474
7439
83495
25323
8917
91156
61273
4481
88834
91232
76635
62457
5669
11465
30205
95816
80657
67824
89964
10401
96047
4674
17376
9382
97879
33945
22800
78172
43419
11365
7431
41159
52322
44360
7957
84699
54796
54934
60590
98328
60131
50303
83121
60291
85207
94912
40331
68073
71145
88119
70364
40967
34217
89321
15704
68118
54623
58705
30862
79929
41490
48883
70923
87057
25277
3934
55134
95271
55063
3104
9117
41854
80684
25058
28117
12125
51975
6504
98766
15888
36020
77494
12055
21071
54158
76096
26266
22697
50191
99600
63229
22398
65568
2330
64696
40713
95745
22102
60141
72598
70868
1941
3158
58990
38711
62745
44879
74771
51830
26482
2069
37464
21793
1104
65829
81054
67849
49498
47867
73073
56481
83217
83013
25865
32116
47184
6627
39677
76915
22733
1381
69074
98198
72032
82590
81009
85841
87266
63505
55068
99354
98092
23783
5696
20767
14996
68002
40439
97258
95977
26772
38038
45916
36766
7885
22589
94915
66915
61573
97185
33780
25555
45101
56091
7136
23074
90623
51131
90486
99182
35586
19607
42614
58590
74822
90018
24394
7734
97574
46438
81923
12320
13198
13881
49292
1565
55085
17207
76255
11863
54271
3586
99359
8595
30910
9373
90486
44905
24847
88594
84640
14813
20036
33467
3503
13311
18896
42668
11327
41101
58612
74192
37467
16341
26888
61167
76637
73043
24450
52593
73776
94162
27946
6892
78236
68347
27511
59497
25317
58473
87329
20336
20994
18940
8512
23440
74395
56523
10606
13686
18811
81130
97718
66158
23890
61061
44507
84477
17540
93273
49350
91987
49835
54209
12556
65058
28642
58937
96232
88310
84296
11134
85773
43203
22310
9993
2472
37033
27626
44101
94190
48029
39912
69921
49959
11379
87759
20488
62296
39064
53179
40321
54271
220
69641
85282
25440
40185
5737
57693
91194
46362
37485
64381
27790
88886
74953
99385
17862
67865
37528
12178
33421
29635
23256
96518
9971
63096
5303
77181
49996
80983
74919
59264
31909
93321
47982
41891
87401
98078
41089
42172
31542
19756
8178
96884
30181
5206
3047
81878
14112
12903
97745
72778
95487
97306
96322
53380
95766
90048
78414
41055
23150
40647
81396
59637
29955
65841
77729
63333
61132
5241
48263
62777
49499
29384
97708
91388
65447
64580
46974
47490
58174
44821
88299
64086
20835
31401
18438
94811
36032
28137
51148
62049
34924
14980
74576
33989
62393
10151
31259
50168
80896
72020
43468
31953
97415
45566
89195
52318
22453
39717
22582
28171
85298
60982
45622
37920
58492
50678
87348
11575
86325
75087
89134
45053
13244
31994
46618
64798
82434
80005
40205
6515
51031
56967
19078
32054
83894
53341
2384
71632
64132
24852
98668
68469
83404
87558
4897
85354
70541
11126
9604
69
32571
41910
961
79642
33641
20514
44827
98805
18480
25664
17741
99070
21233
48330
31933
52819
93686
34978
15151
98679
65033
10645
68365
19990
16919
37843
13824
67256
91719
77617
16021
77162
39339
26684
71438
67882
74406
81571
46630
54188
40141
7739
87582
17019
60709
83297
68009
45128
63875
58873
78587
78946
72491
77502
60026
52187
179
35054
58347
46519
25128
46983
35470
49832
79828
60020
79337
79223
98583
55235
24926
44648
8494
17237
27138
4292
90785
78815
81712
95302
27814
82420
74001
18566
82906
22442
13807
47413
29746
81437
36732
13272
74108
95193
19637
35842
5980
14113
12997
64384
81882
61677
62156
78303
21070
59389
94013
43919
19813
94739
73816
75189
64418
66539
82182
11964
25535
5257
22810
27691
65973
31066
60115
97763
58792
8125
61772
27539
64835
92651
19460
77823
49539
76002
52142
61502
31465
36279
10516
60390
74803
79882
5391
31765
41736
85661
11787
56742
93256
46535
68888
11426
19092
7534
7695
96475
12079
51581
6426
56754
53330
1338
21913
10113
91252
2521
40236
10056
57254
99660
7712
87875
41061
59989
11969
20764
59944
71837
87547
42604
40847
26955
26906
60041
87059
34651
46098
5241
25961
9110
67381
25357
23544
97166
35498
32535
93124
28709
73209
52602
29460
43427
97471
20976
19976
89755
42144
81639
96002
24545
52761
38498
77319
21467
46622
1551
96747
60217
45145
37125
74072
39712
35894
96619
63223
74163
827
31901
22094
9417
66710
70666
80529
67375
65498
22172
20938
49007
51820
42888
17013
35169
29166
75831
21756
21245
42940
41616
71845
66808
71160
66210
47363
25110
30725
4953
31100
65481
78169
38700
84186
27267
86702
67301
65830
31587
63761
85479
62650
2820
7564
13294
19763
29385
87328
32894
81823
85249
16830
16123
40612
84203
15610
30645
16130
74593
82182
19394
59690
24967
62113
21897
81083
42690
2774
38589
1337
64837
47457
12055
75949
90910
29676
86054
82160
41639
21655
89327
26537
41731
98146
64276
31289
41914
53027
13190
80615
36561
19664
93054
64339
6956
11080
70815
69916
40021
27282
96382
26823
10490
93051
668
2134
7285
65817
24749
12469
7459
89142
81297
4794
84559
25390
63847
90680
39357
1583
12386
89988
8726
61037
47743
66710
26310
81871
98250
20129
68610
30315
43023
86371
5933
42846
66359
78929
56760
40836
17678
66755
8648
69767
80542
89412
51142
56956
36367
38208
69630
33624
80948
49182
86109
12841
67508
25227
3852
30731
5428
31204
889
83974
51311
46545
79761
88015
17681
76172
21685
69469
3289
82913
91854
47385
92799
51463
14274
87625
92347
72236
7367
64750
93741
38003
73392
53273
63890
87845
17762
31209
49827
28352
55106
38410
90165
98470
58244
16673
97432
54671
54328
72533
38263
1181
43747
75505
33715
95453
43312
88014
58996
32856
9766
17794
70485
25036
31671
13002
22542
45192
41807
15775
10700
80505
42729
22658
72602
5341
68291
30595
94012
92027
83575
64867
32337
72083
88972
13908
72277
66185
47822
46517
84401
93522
27888
89391
73039
12344
35016
64115
60427
18840
57412
73690
36350
85713
19281
87349
36956
69181
70054
43928
22057
36050
69609
93919
9392
37181
31486
60298
5101
66599
41321
33229
64223
33111
60786
7090
75963
43549
77406
60658
57227
10779
72370
9451
22305
9487
55847
51203
84939
92670
60320
59622
25127
66222
38547
68734
7271
39236
96750
60961
61830
51174
77121
58570
99945
51637
38748
15541
99260
47153
72751
8442
40049
44736
24540
46999
15013
19193
73844
87788
57401
15887
73820
62330
78883
42087
50326
90832
64641
18494
1192
58353
64252
35509
72416
57855
93533
72491
66720
31893
85760
72078
94993
29583
54133
36564
61647
26372
68312
28313
52621
7223
1383
31166
79251
7054
61948
26223
45096
82023
76185
56634
54102
65165
62722
17881
82974
27278
8562
9886
22675
90017
88995
31430
49390
33384
45683
43685
53272
67376
69676
22187
68682
7886
37109
973
35888
60049
54518
43546
49270
89776
83988
98894
18847
84360
3932
63214
73182
96955
72817
8005
29668
55430
92188
76386
63393
99752
38281
84524
2512
20920
27136
23441
55749
87483
6687
52954
3638
34571
47265
92037
84270
30692
42305
36384
23390
48303
40603
62266
27721
13479
2123
8190
43779
60935
71096
83714
42752
5192
37653
44565
97303
22384
41104
81342
31996
63111
42033
40282
86776
1714
11461
13664
92494
26695
1514
22120
72597
51421
28836
97188
28829
93926
42756
21294
84407
24248
76705
52786
35102
63022
4743
24018
86233
86252
23288
86614
56285
16929
38112
85139
53508
70623
48020
96564
66139
259
40680
93077
50130
89508
43150
13821
91723
90528
20907
11419
47483
87870
5836
10235
64971
64082
1418
50852
21203
29813
26960
90219
32672
73173
41363
42770
93545
40698
45532
89719
8346
50963
58712
71177
15004
65244
75580
28688
92394
22650
51152
24373
54429
15099
71327
81062
71254
25988
78161
32597
50028
37538
4032
90091
39633
70065
17847
70213
36219
56954
99021
81603
60019
39654
31867
61564
44487
83610
79383
73523
35115
27590
18438
85006
25823
1711
17846
68600
60779
10037
93042
44688
80499
55834
93911
92146
5457
57386
2732
7505
67999
69988
23031
66555
49517
7090
90482
9442
92999
98877
21015
31197
74643
71815
33839
73928
8411
80213
36089
31092
97622
86371
80748
49112
89418
84229
83170
64622
26966
34563
16642
19746
45794
97711
89939
99186
41795
70620
56543
27973
2622
99266
96529
3635
92839
97556
65165
38708
31017
73620
17140
20572
20920
70856
50684
57481
89287
98019
28986
17438
84298
72979
87608
41299
98240
3391
56953
76070
66080
7635
31411
80875
1493
31004
34678
65784
28675
10871
97108
73328
31577
3368
52306
24621
13096
22871
98336
86386
2077
47433
37705
11208
75339
40154
47745
99158
57560
7848
99211
37556
90122
4156
91127
91075
22944
54387
60665
81929
26264
76337
53626
90633
39254
54651
69374
53749
61468
86014
45763
94048
60761
54267
34895
88937
12292
74966
22563
47862
95867
30184
82878
83166
23146
87927
45368
89375
43653
33042
61929
27693
19770
20862
60667
64005
73714
92550
21565
10692
45204
20927
49190
57711
29093
17377
68983
88040
61315
5697
52258
65824
98988
34309
26444
81126
56957
40553
20503
58876
53639
265
7867
33329
85196
19311
82845
17802
25571
72222
36334
18603
7145
94006
63643
85050
31363
50730
12736
5642
52552
7872
3907
47976
6247
54912
43025
86256
89100
76885
75164
69312
45943
81057
15714
54994
17607
9573
67329
20899
6986
77990
71795
56213
1686
89327
11011
588
50394
10951
51908
27796
22521
56276
3703
97030
97743
747
31782
5440
64549
24668
64984
75400
795
96357
79666
94160
14541
52190
21546
7670
84179
39384
66179
56315
68405
73336
97298
63058
62277
74837
48807
67324
64599
58979
64526
43378
53573
87392
90623
56963
85500
10790
76979
43002
6451
86958
84182
14558
65395
72817
58591
74339
18939
62716
26011
2719
76130
44384
51469
17089
66306
31098
57111
28941
22484
91807
55023
61201
4983
56717
44564
29572
63571
46551
29168
7752
28940
28405
51383
54654
76440
39067
46255
92173
96893
30388
4116
67676
35406
65227
43438
89031
40060
61633
84286
34553
40103
12465
5532
33270
83131
35321
12462
34608
7109
87641
95025
25494
6434
25913
6010
96877
75830
81151
58528
5576
88857
68244
80942
92168
80126
78330
96655
27544
67964
90213
97664
24960
34478
34851
69893
84537
72171
74795
31521
9691
82680
7368
70618
85910
87657
47453
44967
60851
59093
45884
25697
27859
92746
82907
52812
74421
9379
73625
9208
17248
1622
36861
95184
56927
59956
20267
26272
1468
94401
85208
93562
17349
93124
9931
45887
26451
6534
78115
79379
32592
78651
63901
85638
28103
93950
77802
70211
41580
25575
14740
66724
42978
90805
34699
16192
13758
28379
30337
84322
85442
27207
95137
98538
23033
99118
88509
25314
42457
76108
89255
58216
32846
62716
35489
1314
67611
31245
46624
2327
44847
27348
40595
80269
7962
56530
23954
39236
91767
3279
48994
19246
3949
31773
57051
68823
38640
37622
79093
12330
79843
7897
26670
924
30243
65025
81396
90129
38429
5964
56728
37153
81367
60817
21407
12553
52222
11512
77618
51407
82363
76525
7211
28791
39822
50867
19437
81457
52764
30681
34929
26796
86377
93383
87450
83939
52061
59856
61035
29207
76517
8274
60751
62960
76767
29770
98440
30630
56250
72089
64191
94694
46879
78106
73137
4930
9395
68584
72899
5516
56234
95499
60581
51123
99791
37221
13063
19397
72758
63454
28634
51902
65199
66057
56494
10828
61193
51380
75261
32097
68184
95798
11879
44749
10277
1870
67413
80376
52752
9309
33927
73384
40474
66341
76854
31305
19120
75355
92568
70245
19355
31533
49594
71249
58754
79327
5082
33007
20137
3628
7240
41154
32291
17580
19315
29764
13430
74157
61712
11299
28178
85379
11477
86849
98307
40681
18737
99986
47819
36598
43466
42504
6944
91401
17354
37474
9270
99152
62802
34918
83794
38259
9878
15656
71496
62129
25232
67684
13871
8579
55716
51004
99048
6397
5144
66646
55663
63847
27240
12847
19878
5064
20809
48141
25863
13657
15558
43497
60118
60229
76684
86603
92367
82762
32205
62444
64580
26118
46318
79828
80616
70475
548
31570
39216
22496
17587
8739
65174
92589
15562
40743
21903
33988
21592
65847
66731
23715
38439
96822
14699
18738
42605
33862
86639
46890
26120
27678
78656
91353
19294
19374
90556
66162
17115
23983
62
31026
85992
29132
87012
74426
73665
22060
4674
93224
71790
11209
63734
28447
18217
38702
7205
25826
66556
24125
2050
32875
90099
87847
98986
31906
31248
49018
51320
71926
36875
48894
34837
82969
29995
65708
24666
60797
10964
33328
94144
60993
73261
91846
87915
6090
25904
10187
62917
67906
16280
67503
53768
43193
51547
19439
9043
7729
85508
40279
39908
41038
99639
46026
2918
23095
1223
98875
99579
62190
4363
13338
18309
77405
90089
22453
70985
1968
25918
54563
8363
43892
99026
36064
44041
74128
45390
36790
69461
22790
92723
32422
92096
82936
22735
59704
84243
32667
78850
39218
77599
50838
57673
65678
42553
7652
2505
15277
3681
95110
58722
96456
5723
6580
24646
4821
10152
49496
91731
35025
71597
49613
5136
72091
16134
75509
15395
47354
99497
9549
68795
9830
27856
44527
26126
94377
23311
89009
20233
46213
99925
79428
36460
94460
17264
53728
2168
36319
98859
99824
37682
34010
66504
88948
48292
58877
72941
57310
86452
26126
30831
73210
83674
73104
86588
79879
63001
7690
68402
36958
36296
9295
49937
85722
13885
50963
11110
80521
15646
86426
87768
90883
86999
7644
20021
46105
20173
25367
53659
57302
78415
11715
75813
18187
93714
9739
77837
50832
26975
19805
76863
74126
33916
74323
1872
1042
92309
10599
80351
77386
85600
87612
96987
63048
20751
25629
12002
79834
9
24862
23731
83437
54918
76713
40141
56265
94150
23392
15396
24446
5976
56795
63803
61666
42777
53995
23889
23432
27065
28781
76703
90715
71471
36738
74918
90371
38409
60260
95515
57878
95964
70678
4762
15587
78493
18887
7864
32633
93116
89403
89372
78804
43515
20404
80071
42603
60199
53166
64827
41924
2616
94122
76321
55210
38405
28604
88370
52043
42618
11922
99726
67060
30805
85885
94568
35316
10413
479
21516
66832
14900
52120
46756
43359
10137
35649
6934
88206
3365
67341
63741
89042
22192
89949
49109
56107
54678
32333
28970
96399
16235
82597
84061
98444
36312
86971
31961
89613
11020
62649
61980
76927
44494
82870
47719
2592
56487
59257
86285
15623
83835
20337
85311
31666
28253
50829
32005
21139
94865
49637
71800
91198
60865
84708
22286
4129
9289
34915
57978
21587
97098
46712
2565
14750
49195
97664
8801
47516
60276
24641
37992
4696
22445
97905
85495
4523
61732
36879
12763
74084
20277
43215
80819
45656
23868
98275
87164
34052
53734
64358
82801
80398
70919
9362
76050
29788
29691
63100
16636
79953
61642
60745
6396
21303
42355
71535
63286
71476
99636
93149
74056
74828
98692
22603
81996
20695
55824
84614
16550
49801
56923
40282
9866
5808
50672
33634
94282
98633
40150
83015
60384
13980
734
72173
68962
12007
94872
66366
10729
33228
28981
76497
9000
36883
60439
71994
16679
10379
37323
26887
56570
30614
17104
53685
41304
78850
1448
54975
84240
63462
14277
99999
16597
61879
56821
14801
73211
21690
19877
86086
16332
15788
18234
30676
99962
20126
44728
77450
28262
54857
91106
16903
6575
74266
67151
58422
4458
65475
7126
65352
89829
68285
41864
82096
60756
48189
26874
9342
98028
10270
57227
8860
30283
6313
35964
46682
39278
77720
82693
65468
62566
77641
45250
27232
78765
26266
13489
40403
6602
37875
17202
52126
95521
41336
4952
388
48672
23634
64162
7932
28731
54287
33976
74030
92018
81645
79590
8121
43617
27390
24612
73116
74874
53130
19160
24287
60678
89552
24243
39358
21913
27154
40050
18492
20519
57079
14448
81155
78339
95512
59330
50963
97208
66048
2618
92869
11081
67853
68048
94517
38235
57543
26725
20302
35510
90520
73628
24287
21700
31297
59063
94352
7247
70981
45465
6183
81798
19060
89217
68429
31750
88901
67123
21677
31747
66237
30095
91137
53006
32407
69111
13128
63304
51240
35372
70212
74691
39645
44721
69798
13156
11163
12416
47481
73979
15384
31854
77688
41303
2206
29504
92073
51214
35971
38134
97379
9756
81098
91611
67060
96129
12744
76853
64263
84035
13076
48984
29982
77042
64777
80554
16791
29038
18565
83124
74669
55195
89913
19628
55001
73188
70068
60329
16093
92723
51830
81969
39582
17681
97576
9364
58262
22592
29907
90260
3525
30084
22070
23601
54300
80815
74949
41551
29318
64027
97516
76559
61412
62387
49509
5831
78580
65951
39812
41106
19638
40396
37417
22677
93408
21207
20210
71064
58937
90022
3220
63107
10568
93027
34524
19751
95411
60481
17173
68113
18011
43086
25292
56706
8639
11852
94778
57466
6576
82829
41799
60140
10449
30520
9853
24479
30812
65280
67932
57814
3959
26330
46856
87918
65165
87112
28861
50579
42251
88492
52592
25542
80369
1075
42937
95020
28778
93773
89497
25559
70381
43193
36758
80422
59178
13432
76960
50373
4425
81942
19204
6123
12616
97855
55726
7157
81986
93073
82797
11390
12672
24478
73441
23819
43074
18764
19165
24238
74162
58039
57998
82832
39044
69059
72454
21886
74136
65354
23860
78507
28432
76436
79953
73255
22038
44954
90659
70175
44280
12117
5314
7408
13370
53666
32360
76908
49820
34537
33608
13594
45239
63485
61987
29531
88471
61423
95142
59341
40468
23881
36666
20728
14471
27716
23262
3018
31197
56537
60906
51680
18615
84483
83563
3889
34533
78413
9546
45158
76989
75571
36166
82573
51543
85482
98294
19789
65893
57176
70977
12261
35622
41145
59128
14462
83047
14738
82482
48247
53543
97309
61824
37665
10650
60629
25734
36364
5323
89740
20368
73831
32787
70455
98875
21292
86619
30353
9715
52256
30303
98983
30204
96220
86733
85037
35017
13475
99631
87430
53080
63353
10936
69667
51955
46470
13179
34829
43281
30590
98746
45308
61798
67942
39665
90721
94655
25950
69617
93170
47973
86384
39423
20105
30957
14229
48710
79571
82701
51331
92258
9605
96350
98695
26653
71122
41395
35274
29793
79248
22869
71361
51849
45927
89861
82796
40085
56635
74566
40569
5097
37517
66431
27524
88318
7424
1911
66380
72462
64826
22972
21031
11661
67066
59123
54943
9618
25288
39469
87612
8171
26080
71148
75544
34558
29069
31853
64934
52476
62216
56188
14758
8272
63838
86432
94380
90336
74461
23343
10070
68909
42208
19635
6136
19114
74079
69773
26424
32154
52872
40953
29201
56057
226
28509
7011
24654
13739
78118
13740
76535
53910
22938
88823
24321
99755
30917
83400
12010
25632
3666
86836
41617
13024
45411
26350
62680
3209
28335
69427
99365
57131
8689
59112
54035
6516
17366
94674
36367
56339
42104
23528
77268
74758
41400
6502
1742
5635
85037
44647
62969
17789
75565
54898
70806
10379
83691
82533
25835
42758
40077
40107
30933
5211
40341
22179
58450
85850
88498
46376
98634
2716
27404
23183
84891
77915
21044
54763
26647
82907
95128
34317
60678
59406
31029
42139
56247
83018
8559
90494
99228
28814
1483
29406
783
55375
60655
17809
51860
80474
47551
51591
95564
91728
39515
22940
87233
70328
19103
61901
12726
86337
20802
47584
95530
59441
33768
95551
37686
93075
62225
22365
61767
1990
80429
64834
96328
50663
126
43103
30662
39430
65256
50781
81708
18611
69119
8363
72110
84915
65800
88308
55065
14337
89446
71310
92139
36297
74085
47627
42793
19915
85502
89675
936
68133
27136
60472
26803
6136
92614
30692
68723
5752
57485
27252
71205
53754
94385
51603
98128
11841
38250
39598
31015
57423
95959
68616
12689
66158
41606
58933
56211
81548
95214
48457
71658
63701
24902
92383
66083
62617
74477
95395
99102
4255
3521
81261
80203
72139
59911
62440
26444
5371
41431
66218
62396
75350
13484
70302
77078
94290
40399
92808
97013
33269
20203
21979
14510
14753
5940
42870
4839
67479
78928
63103
19746
71228
63087
41445
49333
27279
30159
57540
67988
71637
21567
22316
48084
34742
80295
57713
7670
86258
32981
19782
81708
47221
12198
98791
73960
80346
68143
34076
87211
12131
58223
69031
52113
11114
10125
25371
55248
81900
95487
60813
26361
83651
12503
37862
99829
25420
72496
54642
84471
17952
35647
77588
91358
60355
61997
97704
46603
27725
1072
28981
24642
35816
42745
26543
64349
6368
61053
24032
93220
17403
37334
83259
45678
62387
89135
28610
79847
53617
7815
67491
17721
98876
81371
12171
21313
66690
59848
67805
70396
7863
17685
68937
27676
78513
72670
839
97277
97456
97237
56129
78298
76536
31895
9861
49546
49927
68729
37202
1343
16105
1346
11884
97073
23080
73504
55825
88786
7769
54318
24350
30308
41738
55803
11489
20051
95938
90038
54859
80279
17239
77648
73620
35856
77357
28633
6761
49070
48328
5541
22010
8697
84990
66698
41338
50925
84091
73925
28479
11434
89587
95644
18686
99135
92125
81867
26430
89952
69987
81363
11559
82142
41650
26394
97718
80674
14116
89481
81987
74259
72437
48435
96110
89466
41838
32933
38885
60750
81178
19084
64025
79217
24282
43759
50911
13746
23072
3903
59422
10654
21333
54123
43526
42061
58620
71905
14366
35744
88513
33461
42795
64643
96464
98077
37206
20756
88994
63416
226
40938
58365
39054
38155
54785
17822
70814
50182
28772
52566
28161
68814
43771
64842
8661
44709
52774
23299
68018
66599
21660
25708
36139
68499
5378
60578
95374
15992
45360
25246
47250
51545
42542
62127
474
26808
14492
5559
62178
70395
97982
70068
9567
29171
43098
96355
54560
57639
12168
83053
67899
26640
69602
18065
16152
67467
27690
68121
25226
79437
31959
62254
87603
38339
43539
76214
51439
71261
56028
60972
5137
70336
57609
7879
56957
17147
12313
99931
72395
35396
47504
4221
71209
10464
17339
30892
92461
65097
62283
98281
56707
16762
68516
8565
93889
57154
24526
32304
46409
87802
12203
91161
68184
75798
7229
16366
53169
55963
56731
59555
49245
44428
69143
76779
21101
75550
92589
10164
70481
7569
33348
31176
23973
24030
85628
16444
23284
53816
20163
92210
92252
13626
80180
64564
76180
20590
35001
75925
61223
76961
18255
72305
52099
2398
30813
62693
39889
57316
74831
70781
84797
15572
70445
77933
87906
51391
90532
70333
18181
70497
80662
40436
50879
50931
28625
79336
59730
22030
62751
74560
10735
95781
99828
43969
9232
22973
29473
72211
99159
41227
79933
77153
77433
48650
75651
34790
53315
11767
26650
6312
18627
14798
54364
32331
88916
41728
39794
43944
76926
92383
57503
19691
90953
82730
66011
51012
39687
45382
49960
17507
36122
26282
16942
90295
76928
93572
3062
70716
13604
63326
66938
97023
51550
81920
56080
32404
91867
28587
84402
50966
39775
60001
4994
2571
48558
80671
21114
51729
66803
32455
96812
65025
67410
81498
20374
20720
52007
48417
32692
40242
66160
10224
81891
35770
20355
45740
35936
52841
94385
70225
30840
3106
89872
92400
12484
87826
34689
47964
15765
83538
41396
23132
74976
38126
62813
29532
17426
61283
18763
99356
59622
45812
38119
53970
14186
63421
56427
87843
37308
4303
89245
4827
50391
28238
15601
21862
6099
20111
77047
43403
79450
23017
54442
87201
53043
70839
74753
29632
44625
89455
42567
55011
88037
44548
24665
9216
84118
35672
73197
27000
39201
29201
4941
58522
25721
46571
45768
92305
14372
46982
60303
703
76474
41984
38499
11534
30728
33582
46407
66429
7274
77222
63654
59605
80100
29399
46433
26438
6570
21224
80454
72715
51314
63338
78341
10911
17620
58023
69269
26325
38210
98343
52516
4500
24094
44651
50212
71173
37386
7577
43407
1669
49623
37786
43096
85125
66425
3005
30804
49285
15610
20051
36135
97267
65774
94074
10965
99360
32061
93303
56818
96415
10561
16229
14029
8523
94393
74618
62557
41561
56868
9278
27684
81787
64399
43317
81814
67497
38
38941
55894
58888
93045
234
15243
86072
27813
69220
2762
90721
63707
39981
90401
33505
9947
73903
92917
72418
72839
53940
73239
95928
10679
20674
69537
46047
71347
79520
41138
68434
96537
17760
50316
160
41857
87453
59473
93539
73465
50152
13376
83962
42384
81404
12568
56199
42393
75577
85092
93884
11729
23740
42069
7559
12533
82221
73182
17790
35666
49721
47343
7106
17024
15290
11753
85062
54275
47126
96513
7122
57510
16401
39666
20536
12573
41274
74363
794
28444
6232
43371
62270
18461
40393
17475
56427
42494
73388
99054
53987
33617
8480
79889
32542
68377
93128
35294
60673
96808
96688
56365
22545
51575
42977
50590
85809
66929
33637
29156
14955
94128
15069
8593
95990
42943
67741
26017
46378
66726
56354
57536
16386
28877
14432
2390
75897
41445
12310
42206
91342
70975
293
17076
50264
42585
70059
92634
32229
81279
9987
98311
82964
63355
75263
90239
13480
75400
45780
1017
22134
18652
21364
48339
82511
76194
36092
89717
52112
95939
69626
38014
20805
62218
88185
2806
99795
90400
74381
43343
39647
38584
61242
81201
48989
88986
71797
96687
1554
79569
70551
98729
74498
7239
47501
83248
82077
97024
5536
22537
27987
71293
55662
47087
91951
59999
17533
50314
41573
18313
7181
76023
57555
67623
67340
98630
44580
91983
68311
86616
73206
40858
18496
27923
69412
26905
29601
18739
45553
68680
21218
70440
2208
15394
1732
63923
54604
32804
12118
65412
65906
4004
96145
6258
67781
38953
3068
25507
2171
47707
12427
38472
59010
32919
65420
48961
81354
97594
36460
52690
28619
61829
59228
42984
60144
85389
15497
81242
73626
30836
51000
55741
46094
17019
45891
2734
4971
24418
96961
62895
16727
65774
26289
97056
27591
16309
66076
9776
74777
39485
71316
11645
96334
76485
71786
13063
30025
5784
11399
75249
23867
15247
55409
9718
28111
11068
68434
57326
53506
66904
97550
41114
27892
67369
70984
830
95362
41324
71953
2424
19321
39326
93070
43266
73666
61083
57057
49189
14330
68931
13296
13064
64020
98158
27270
22393
39839
95923
1031
96255
63668
21140
65856
52993
92891
7882
58767
68403
47683
66689
38989
70996
13661
42123
81346
92101
68812
76013
36864
7271
32116
29690
26887
33764
79883
22852
62382
67254
94015
21131
30308
79776
56523
72584
37718
24626
4441
60569
60794
9259
80001
23892
94935
74119
10126
67811
84101
76097
87515
80697
64623
72273
83477
79620
8421
52522
50902
37595
78773
3302
3806
67612
27643
60633
15396
99667
20258
34999
96073
3756
69864
73769
73723
61939
70510
18035
43790
43578
83241
5074
89152
66208
2935
85184
65947
14599
46184
96102
70277
30404
10017
16604
9637
59891
82563
88098
80691
75056
40689
9501
19950
74755
13417
57005
5270
54109
51163
63460
89101
59928
72014
36699
814
59072
11470
20057
2274
33074
60881
26883
21755
5325
96262
97691
28840
74646
30348
88992
19322
69099
88440
27231
95325
35095
42740
21483
48113
14918
12033
92719
69689
68327
69694
78146
14711
77702
71899
91291
85398
21937
85328
840
63820
67257
30025
60436
4573
25637
27476
13406
57906
86185
83235
16461
54492
98641
60514
38463
17520
34754
35165
95778
60695
82559
89681
62436
95362
54883
70753
46858
75940
75570
31928
22798
97132
38549
80806
63701
26048
96438
85835
88267
88787
48360
65703
77879
48563
93868
17312
26608
40521
23462
22807
50784
63120
38048
11091
65630
47917
98262
12463
1484
95385
80186
84676
93114
65700
26379
17826
64084
82505
76897
967
72162
8773
64016
9967
64865
37606
24115
53831
19249
56571
89621
24999
37107
48213
37109
4268
77892
44960
1140
13709
61634
74941
9325
61832
79414
36918
51321
27029
25962
16239
62959
42037
84963
46066
62883
76120
62093
28313
79196
24972
1879
18424
34455
91035
92116
99801
77395
55060
77464
68496
47462
65410
25111
43575
83775
4774
99349
33432
86833
94418
45487
36373
56037
2579
36994
38195
97468
22370
37585
52152
38890
10235
35724
69684
10568
96208
78143
65079
44367
72992
27294
16997
70080
31347
78441
93922
37204
3708
83654
98802
3540
11655
92118
88059
37966
34889
67067
59035
50801
17762
4974
40916
164
68992
46582
36496
79773
84531
70956
52817
77884
48109
85338
35040
43244
70486
14956
87279
87924
19582
27907
38316
22018
44885
90241
17016
26433
70980
1913
76312
3227
80188
32131
28751
76667
25079
58012
83689
85059
65649
45528
35536
19077
16439
58835
97503
57960
78807
79562
34096
56768
70452
42145
37624
10166
23292
51104
73932
71062
17860
68833
95646
44749
328
20641
279
65184
26978
17357
83560
18931
96301
10055
80288
26254
34854
77770
17983
92843
13313
61912
17960
94138
82399
91399
92483
29796
81691
75735
5709
43313
76564
17450
53395
28922
43343
81739
68174
46339
73522
32087
86593
12086
98869
3298
92852
84281
67834
35261
93962
71938
42646
12743
52050
76298
83622
52950
82940
52447
9967
38313
82178
48662
7051
2432
73700
9110
59603
59470
77420
97164
24465
1922
64974
66151
80477
52744
44158
97252
85115
92611
63437
86183
7448
88800
87911
87038
72032
22701
94416
31221
19485
93776
12025
96495
81303
65417
84738
31419
49097
74110
77813
39133
23888
81957
32266
87126
73606
51034
47365
18497
1825
50966
36237
63645
83549
45006
89354
49623
9847
48890
15081
44827
23938
80140
36897
30105
86978
9120
22307
29348
61801
65999
56413
44885
41283
39129
2992
27833
45576
26278
5019
22759
84728
49615
23962
29558
50988
54016
79312
8487
29877
87574
68295
44286
89515
354
3384
82866
37847
70098
12868
86150
52102
32353
39124
10637
37338
55341
90578
10634
66665
17720
95549
80048
2206
61407
28889
54186
86407
22172
46941
82520
25512
92258
42851
75646
32727
80090
58109
22276
69936
49905
27060
95430
83298
55688
44531
37467
78606
40659
45588
18143
54582
80285
35405
37809
78666
43680
92793
57897
93460
24614
78334
96363
46375
26297
27303
87082
1962
92862
69403
91016
79154
87122
90504
50534
24358
42850
36173
11049
37014
35161
77320
30843
71330
91597
62364
79191
92421
72969
97235
36853
91994
35554
97624
47128
71896
77369
17438
41334
80171
23095
33851
61482
22389
85031
13948
94754
30531
31707
1133
54652
14671
8269
54494
99667
86759
87660
42889
18163
96805
60409
77066
67567
18726
49914
23797
93005
32470
6093
11066
43672
30098
12228
31651
62156
84991
47780
16958
65242
2502
52691
52166
90494
87854
60993
77951
99157
28967
77798
73905
48411
59938
16148
4333
71907
39991
84827
99337
47194
73890
31039
16123
26768
73730
90687
46136
20561
75782
92845
47536
95310
44175
6177
39192
24002
3460
30953
1115
96080
5389
38561
69647
71252
12822
5324
51278
16985
9573
66584
76936
99031
9768
56093
18761
61206
85998
85118
51668
55878
86006
59072
93381
84655
37481
4680
11393
62229
15242
13242
78964
94103
40050
70883
78975
63132
59743
68157
56223
8827
75786
79459
97968
17662
46385
83459
83659
30549
10632
53415
88542
53584
24397
52218
11605
99420
37274
71675
72709
54228
75436
3100
42705
4018
6581
4015
50107
84115
29845
63081
61386
27320
89118
44593
91303
30000
5252
65259
63540
99510
99100
86784
9813
86848
41455
76280
31248
52569
64163
74312
72995
8314
76186
23941
81946
84462
3078
98284
73723
98942
47478
85623
3232
13561
29813
18638
31589
41922
17850
8710
6191
91058
28804
69679
63067
82077
70454
86734
56499
70427
99204
87230
58923
40728
30286
85005
5368
28702
92677
38963
26686
69000
4999
22866
38533
57224
18662
14675
41298
781
70896
24463
76778
16197
86146
46140
77706
49683
90077
7585
14
19706
42508
32375
31396
37831
37572
23827
43940
95414
48467
31741
77748
60708
18464
65330
9311
5834
90353
83668
32838
57761
34583
89412
36911
52970
29165
53985
7970
36029
11953
52455
31545
75769
3574
49159
41314
38643
76264
22348
2380
46483
80209
85978
68231
89760
7128
65269
40286
38591
52196
90813
81039
54388
82346
46543
38749
74450
84181
88868
99005
36744
80201
10198
54062
20119
59534
6496
15643
93800
47251
64840
94450
42988
42427
69893
49540
28111
17421
12667
79936
2183
69993
73510
27821
61154
88964
69656
28314
97631
26965
75313
17860
99996
43796
25125
243
49504
98380
90504
20204
42103
78071
33277
18828
46043
56612
15309
54404
23246
70161
42608
70497
69230
3650
21047
72100
75284
81246
99769
82847
38390
19185
7267
55144
37709
4307
76425
86096
22756
10471
977
68542
20424
93844
38874
81580
17612
45525
82548
26547
79441
3079
54423
77822
50548
28107
48375
30150
30359
73924
72661
21774
90677
88869
52934
14847
93032
71016
74083
88249
27328
95154
37762
4602
74485
59178
76403
49702
55707
17247
38487
5021
88044
36076
47646
27191
62405
8586
33537
8971
26799
7392
75553
70261
46446
23595
42815
40502
93549
28884
31202
16681
95159
58560
36899
97516
65343
65500
47240
15602
3313
82258
1767
79614
45726
23352
68146
50415
39436
91267
56429
17937
52053
13548
73227
23672
43476
58844
66747
85389
64800
71454
84668
21533
96011
41282
74890
66943
10057
14594
13454
70824
28967
92883
74524
63162
87856
13272
46791
70385
24578
23925
60906
84373
67851
97855
49307
20780
78125
68759
33194
59378
96828
34199
83663
4770
74589
79267
26254
82123
18699
19309
68408
91471
47453
47218
35051
62963
32912
7075
10854
37445
27419
63626
94734
79045
8972
11809
29882
94680
99542
74156
44148
37522
4047
90769
137
31162
23157
59621
3062
35723
47247
96360
55618
18398
82124
29302
26400
68855
76135
31010
12274
96709
62105
80354
52458
89183
91995
21624
25900
44721
92032
46729
45127
49931
66490
29671
242
44884
31952
34307
12815
79310
13104
50183
67583
21187
58499
52359
39813
18124
77254
80215
6543
93459
2259
79516
9164
99299
64370
70565
98620
5257
45060
42149
79291
23190
21116
61658
73003
46975
43627
3983
15771
77145
81460
92308
48562
56508
72224
94784
75610
22248
24245
43672
84435
39677
68587
36230
60433
99409
90704
81356
13969
55907
75714
14109
72557
23132
54196
57843
65277
86572
48941
27584
31738
89821
37357
20246
72489
78182
79259
30576
56576
92040
57719
83924
81607
93383
91982
11030
48163
51252
77904
4854
77698
22938
62543
48533
35793
59228
28939
77490
84360
49728
5920
10567
59397
95213
24708
29226
50630
717
43442
18922
88542
46810
35008
89402
97014
16246
86083
44904
99310
36641
10949
96405
84245
77222
56766
99993
12405
68885
26833
40647
43528
52839
22913
70545
40393
45119
74388
7886
72722
98215
27173
90201
16544
67270
24353
54376
22073
79098
84350
50810
19493
27850
68013
88100
69858
84244
58156
72772
48216
67543
40516
96596
32844
41580
14846
19606
40018
82268
93800
25607
69906
52090
10063
35330
13289
19976
93387
11590
44420
61620
59571
16371
65495
16168
64291
18475
70613
10839
31163
42316
37694
52996
16672
64803
18519
32602
15204
32006
5891
45154
99091
52209
82838
14390
36104
18202
26540
67405
62313
10951
27235
45251
55376
81559
11176
56369
40302
68351
56101
58802
66373
68080
80323
37362
88583
33400
28288
9008
48312
8359
78376
41170
79288
37864
25403
11754
9340
77038
55534
85824
61869
58024
94755
33980
2554
32074
89496
35845
45700
3902
1418
74021
82400
42603
97649
97880
19737
79328
91616
70511
70507
49349
33527
40763
70039
86697
3597
64903
69434
7212
60413
4560
76839
45949
83628
72880
76391
95527
99408
83806
31822
67523
53077
64417
82708
48607
82240
86211
20020
18432
28854
78166
50523
99236
69781
61326
59342
15450
21837
26474
69584
54723
41760
92009
94189
31323
52352
47557
39669
45782
55022
72838
22551
44855
26931
1308
63811
2460
37522
67090
79717
15661
70143
14095
33855
75064
97214
11156
73461
88361
33623
28067
34669
18242
85289
297
22530
5745
41961
69206
11850
12168
17605
23149
5541
74676
75141
42474
38196
95389
72991
20470
80462
18425
96405
73742
87215
32625
75
77546
91281
55442
66739
84229
32487
6551
1991
77657
53488
49582
24686
17682
22072
10584
97095
20014
56357
50806
44914
96518
66240
36610
84739
75825
12469
57546
91860
659
75481
71046
54077
73399
72461
34948
57082
16175
18011
79408
97213
5229
69279
18608
19819
66577
21812
50053
6393
10579
35748
37408
91789
9592
39485
22131
66358
70601
2798
51333
45962
31177
93726
12762
76379
69587
20537
13670
85126
32200
58808
80011
93570
79053
15834
80240
8003
82616
2673
41334
10283
45574
66883
9612
41675
80179
49498
31916
19635
8024
49664
27314
33278
19208
99281
79394
70097
27012
87941
98418
53536
60732
28842
44965
69747
83335
73112
28204
32941
67598
56413
36907
3824
85444
13706
23666
54683
78921
68933
85088
41319
16529
47631
51519
9984
46961
78267
14788
52816
27178
17335
64546
34212
75427
33010
16482
25314
79484
34712
48686
49218
2770
78941
36311
52989
63365
82262
83868
78856
9542
95494
4813
23052
17462
93352
90727
21471
41750
448
60400
18128
58943
54900
37251
72150
54515
2986
78202
11112
20060
22972
72460
72560
59724
20719
36205
13630
92028
21371
59678
38496
18410
50020
30669
17540
98745
85020
52750
47903
16667
22742
48120
80736
95632
7121
97808
36090
59198
58718
40001
1373
56253
52135
91519
27578
86583
44512
50830
3437
39977
86478
72567
82508
65544
87909
36723
41381
54345
87043
57682
41565
68545
74253
47874
35006
49305
52252
26174
99913
62007
39750
65964
53851
13028
77700
64165
34915
18293
68486
53651
61756
41490
87139
25291
57892
71911
78803
21012
37152
8731
75590
39402
19308
22137
63855
76765
75868
80349
36203
43069
50490
1146
39852
8614
70082
64699
76207
23008
36627
55941
72804
22970
18503
55589
66383
27670
96758
45294
15339
40472
95611
88535
80436
54631
20922
49737
29364
24571
2329
23678
83013
57084
81337
17695
18551
34271
57103
3002
81739
90896
90367
48213
97300
84676
37393
86553
86202
73303
28101
27163
3148
41796
25527
1715
51675
71027
93667
57623
77501
42447
5601
207
76883
2111
54396
5198
86909
61883
43679
27229
68474
42248
19970
35391
76165
78180
85579
52174
39531
84944
56486
82353
35251
27131
96867
59524
42670
62278
5457
95068
499
85971
15768
23740
92063
81849
88932
25206
70717
42691
77378
87739
8516
5556
28120
30121
25210
52994
60689
47095
18478
49976
55306
82346
28805
18344
321
12848
84866
40610
12620
7890
64453
33602
44228
61754
10735
32381
52690
68090
83252
72277
7744
46347
4603
27016
17735
84424
9067
48559
57688
22068
54678
31727
97794
91880
42788
56883
50424
63427
78795
14517
37954
73984
24949
44881
71372
80599
74180
25579
24193
62004
39833
75932
40208
69206
26454
98749
13246
13012
24759
74601
69894
13157
6216
70988
68309
32894
19444
84261
90228
13078
92154
58914
96599
62682
21735
95229
47206
12248
60808
13747
18997
23112
32634
2551
32195
80134
57405
45618
56101
50101
1640
81666
45912
97311
54865
67635
55233
82959
83416
95517
93689
74503
42786
28005
79941
66146
64460
79664
47509
66701
14255
55694
45582
51329
56898
91525
18710
85831
99227
37646
7590
5607
44316
15949
33427
36186
24694
84963
24834
20016
90374
31191
44516
74118
4679
44416
24482
90435
31549
89942
67071
41440
91845
5466
45087
19646
64967
51984
94047
5210
89479
71048
56870
4917
80982
17991
9952
28701
2773
68416
62096
97633
53581
82891
5064
14142
89998
27916
94070
85589
50935
33799
72935
84559
21663
85250
30004
43654
44994
5468
47024
69065
76770
68933
88870
7877
36149
53742
32256
20977
40862
48683
58232
30269
68000
7764
491
81636
58986
81868
18406
27049
23736
50463
28049
51992
40441
47660
49367
74780
36829
92209
28145
89765
17028
91412
50065
76651
56598
47786
79282
84789
84527
97963
1760
12284
67266
1499
35565
33495
48034
32166
39289
21157
18211
48158
60323
36445
24308
40114
86483
454
77632
83099
36367
12613
37978
55072
45008
46111
59030
3615
86929
70872
28352
16732
92298
51198
52191
66813
81581
47665
29770
59641
81962
65213
10940
99496
56177
16518
57481
89117
68924
88895
43197
27599
52680
66744
19098
60969
34207
20751
40746
92382
87736
19484
15895
99423
94638
80448
17992
58556
16157
22095
1589
95031
10792
40492
51319
38599
90163
42477
9831
76707
33964
17392
18028
94346
37917
19418
91053
2334
56726
47207
41029
3463
19392
26672
19971
73757
21572
48410
43801
16251
99180
23550
94034
57341
36534
2595
93397
26272
31078
87476
12868
64293
17607
78765
29941
46448
62417
40790
60968
86509
65104
36715
16625
87616
12377
49743
71295
70295
16649
32141
93437
56238
27437
40594
53503
42518
91091
31563
23213
83022
8711
27162
83369
29739
57994
49497
99931
10180
96996
26464
18734
39239
85673
23312
59561
31938
51660
20669
81587
59842
89585
34233
15673
46521
17372
95006
78230
70260
70081
71222
6629
17699
88607
87436
72298
50535
81091
62357
45090
64853
38825
12116
77602
41463
97482
72742
78591
63684
35319
26972
70259
86143
78834
98980
56213
93560
79962
77145
30185
81843
52516
39911
87143
88442
75949
19213
87632
10845
32381
4951
1843
84855
90041
69914
89435
92342
56932
85197
95736
24329
40646
34538
40058
74419
14165
36035
15199
18398
53212
39850
84762
12994
6292
18096
7468
46358
45864
69213
83037
20862
13160
12262
14684
6930
77952
12621
14567
67094
8795
77492
7973
70710
39200
29618
70094
52648
85281
90217
81443
45443
31258
51381
20812
73911
7183
39392
94865
42636
7322
16328
34853
34039
80264
54574
76705
29807
3433
29266
96810
64039
36722
75755
85623
24776
71841
59240
65902
10762
75701
94658
49864
72719
33301
44849
65386
99449
29570
82173
25492
98099
84650
44431
4739
64609
61128
36226
99033
56734
37526
3182
47052
68908
41627
94589
7970
31856
83993
11927
35810
39073
47114
36657
86757
65225
74573
37839
8468
63131
19120
26229
71460
27197
82174
72992
94452
44785
96678
22957
36692
82094
78800
34927
91473
55770
6067
95157
86328
19283
87351
38118
1786
48429
66709
33295
23474
59096
79717
50720
50522
67872
35581
21053
3734
48015
38449
82001
97496
21394
21503
25497
40243
97272
30247
54931
89376
52972
56368
47867
2340
18211
12164
88577
50241
66364
34067
607
75168
21684
45683
40424
91780
72186
18618
85016
8808
39016
59717
31668
34716
64553
33528
59932
3880
89339
40739
3381
67994
78843
38092
42052
83121
64910
77991
97586
7249
93815
14044
11868
38757
48284
67607
23861
74118
82780
22171
2241
89400
880
61776
70148
81958
34798
70056
97862
82301
63244
12180
76504
41304
98024
71134
709
33308
29092
12024
91781
75438
65612
43549
98354
35410
63139
54921
98902
42857
20986
2033
2122
75003
38459
30224
74965
42723
8887
77220
53666
99057
87009
99427
44814
60544
62603
62687
18111
13717
46995
62499
24080
99703
17618
19362
30075
44107
72696
4907
10125
25460
2661
13056
6220
41167
78366
25568
45844
66230
34793
58722
15685
61373
83764
72399
90152
3880
8211
61215
68650
54605
65438
3226
88369
60119
55379
64015
91654
83192
28443
12266
45838
83898
4293
948
37476
79978
85078
10026
48880
53768
29386
55554
34634
82349
7923
15645
49184
68404
954
42628
55272
83062
65555
41229
66260
17724
58933
16861
81783
73835
39587
26493
72598
4482
85387
10060
58973
11303
19002
54183
54925
82842
58633
43882
28792
58179
53738
80322
98525
93651
18821
18410
47662
34419
6932
26961
10997
59084
74144
18363
67532
8481
90251
36882
11171
15243
99297
66893
1897
55353
50409
95373
29658
35078
16733
6364
37991
37325
7127
15773
1201
80618
12882
88213
94565
79313
30586
70009
98473
26471
67580
97971
12343
52528
19572
4900
74960
86905
34277
53617
66946
58535
68611
73326
21737
47592
19897
74047
68194
33039
94603
83631
32273
26746
76674
72698
19342
72465
68157
61699
62191
82117
41476
52519
2625
20367
43571
27970
85739
70582
62293
98732
23592
81030
16568
64899
2611
71546
3212
64945
8459
58019
81308
8968
41060
63180
7032
96605
32239
8338
13500
2915
7056
78943
91426
24541
68411
48247
15675
71835
6175
34370
68082
17221
31336
26421
8577
9678
5658
99387
81970
45279
27692
72772
68913
74490
92631
24099
30110
86859
25757
53506
83454
63686
69764
61191
35090
53238
22081
86421
2079
88473
79323
281
12574
86952
2787
81001
96996
58831
66510
94390
38424
47024
48112
26286
65738
86527
76083
62191
78563
42110
31314
98401
87559
98330
7157
30985
30710
16173
5763
48396
7034
30041
3575
18255
97454
76370
3870
2768
83683
57788
39239
84943
48646
82483
57188
63014
64450
61030
10533
43947
21532
2337
5236
19074
85571
29651
87782
58065
11505
69122
26762
28473
57641
71955
74497
34187
46658
98574
76563
93087
38454
18795
73087
83232
19994
48161
48595
36773
67947
69443
18893
18448
62580
85616
43160
91109
88930
33924
83437
21238
2878
97456
69813
21520
38236
46398
373
86258
7630
22001
24402
8140
58781
82057
4406
90021
11750
67342
73978
91648
83151
69139
99277
28425
88401
7906
41180
51565
91574
3473
86497
70338
26718
62882
50408
26673
1066
52441
28586
46734
83775
70653
81529
40974
49106
33805
41628
66944
42346
87482
46484
86002
64576
54991
69905
77431
19671
83812
64723
45987
18436
20073
37987
62151
90109
11137
36014
58143
99012
53791
93347
29861
14503
46299
25766
40588
69262
70140
11369
52700
15625
65299
26397
87828
97411
61196
11476
9492
52362
44688
8508
80476
43251
18580
76761
30673
6517
25894
31586
20157
26826
32654
67904
7702
70182
57539
2317
89992
1372
72506
79974
74580
50892
55294
29994
2259
58075
76675
74714
37058
76148
78177
41030
94694
19215
20057
34893
11864
49382
71606
32288
27095
34565
27254
99555
73874
34587
31271
35999
35400
15142
34741
15177
1927
65952
86904
6403
36938
48441
13567
24428
43586
46064
40641
76817
22796
42771
8639
520
10007
19586
69523
37321
64744
61683
3916
54095
43172
68476
36833
95062
32560
52195
82538
82096
87478
58072
9469
89887
59141
52636
66890
19431
85746
4505
97578
38783
46430
94132
26643
50614
20653
41492
69934
20193
31095
27191
51825
95113
70502
25928
82887
44280
63238
71228
76049
62757
68632
17926
75307
98167
5601
62175
28814
3578
95981
69824
67726
59193
20540
81681
19460
43780
22515
51499
92180
99248
77745
44687
69457
24070
47980
77144
26275
42172
52507
58220
18111
53884
99260
30795
33471
35764
95427
56403
95532
33027
75830
42429
61059
54665
58245
53506
80083
13211
7379
32620
55167
68578
24233
44517
49213
74313
20134
56485
59792
71294
5743
70591
24923
2777
78749
74230
24407
26736
5326
7860
66002
67750
4286
65367
67914
96870
49068
95179
7750
34671
89234
7971
38879
78368
78242
63761
37099
84325
6193
81003
97854
91390
89912
18003
326
45254
91776
99001
62291
13750
36572
6240
29099
33035
35727
17519
6953
85041
47404
60717
56010
71657
32520
7435
75076
98934
66789
30696
27825
58477
57923
14019
21093
56326
88409
30807
47507
66168
15785
63852
12152
16894
61520
89074
66598
74780
16976
12957
33162
78279
97982
28828
77880
80706
70554
48909
55725
35344
93776
51086
64092
66083
79100
26612
48951
43951
33031
21575
35815
77050
45211
94026
27634
55381
41342
53423
95345
12242
17747
96038
45953
29770
34774
609
43344
15891
16113
17500
1930
36953
30319
52411
35026
66006
73580
18565
67394
98169
58213
19514
59588
6755
95025
7527
31610
8528
43359
54142
71693
96965
14833
41049
67238
37171
40050
30324
46773
79635
87543
15132
80795
68674
91019
6521
79279
89223
62348
78887
83459
97934
18351
69540
49517
35926
53386
98551
95784
10723
70501
7860
71063
88801
26545
80232
99029
30683
5026
89631
85086
92329
59592
90949
42058
83745
50664
56541
93899
72269
32941
56135
68762
81058
56794
38906
75620
62019
82393
73320
8494
87573
21708
65761
9006
72829
96843
94111
20569
33688
93942
7931
64206
22915
73135
32073
20761
55156
11103
67715
33633
74260
26446
83238
50996
38775
78924
99848
8058
92821
56695
26327
16775
80317
36508
34679
12907
75855
83892
55298
76868
71059
9252
49403
30451
71058
4756
28191
50454
97598
81825
73136
36408
16563
61632
49827
662
41797
6732
63858
1662
38737
26528
48330
89403
69689
67059
88899
68710
26750
47489
56303
37797
19973
36207
68475
78648
39240
94716
65367
59802
17094
78123
80430
18595
82491
51953
59622
49262
32482
2766
5889
11707
11432
68423
29140
32979
85801
96057
79349
6341
86466
18735
28922
98259
60065
69259
63731
63605
81600
65436
75813
56010
17828
30042
10260
20705
77399
46523
17370
63781
12388
25067
56042
65287
48014
8409
42461
93646
6562
29698
50380
92839
54264
28994
60646
77876
33728
69361
38003
42116
73677
47593
43998
7800
48748
87346
45860
56360
66234
78641
75456
89088
28645
77595
61166
11614
970
34361
71316
78255
55493
69410
43252
41149
50814
12168
45275
37605
83807
83546
28623
17213
32316
12404
8095
80734
27007
76056
54794
2097
45467
15384
71303
97996
52404
49603
32881
10576
86467
31213
39287
50784
27090
47046
79747
93423
73915
15761
77571
43324
23956
96830
67211
62331
17969
36852
75314
26673
94457
75483
57535
76893
43066
34405
89823
86228
97707
61439
42064
38442
51671
14089
60719
13182
51320
21163
17687
50032
1169
96338
91761
50500
68074
50939
72791
31513
94288
87466
58280
8930
79994
18089
26203
75144
16509
65534
74063
44943
75395
39013
65324
82340
16808
17849
69050
74702
81779
16185
98594
86674
4915
4823
2912
91121
59458
6822
45021
54557
8081
6135
67074
33426
59583
7646
23875
30886
66672
64750
87205
94724
55858
69441
50841
75702
36233
58866
4930
50367
33267
12240
77277
8685
35849
42288
89361
35251
40710
28466
32904
98268
27924
21995
66293
35441
68553
27168
53984
97603
65608
8355
80519
50717
72828
76936
63001
83004
76219
82752
88492
15161
67866
43628
78673
45609
96813
65845
52340
78172
76592
65582
96321
24156
94130
63614
55428
19715
96240
75634
11565
21514
42746
92774
92786
70262
72514
44747
21678
65311
49031
88765
75108
24581
40945
86522
69135
32576
32270
7300
38722
42567
46828
1216
43475
55297
53596
40857
1433
65561
73002
47621
99799
21107
71454
92666
53653
5107
69082
74323
78747
96923
883
31425
41437
23123
20333
90543
48673
58740
19008
67981
65809
81934
58978
27788
30139
71581
5773
70118
68222
50972
2992
18254
44816
7140
472
7128
3832
26140
99273
74355
53958
65585
25885
86578
66915
44944
52565
51986
16200
842
73770
31602
69631
44901
27680
92125
49754
84113
5201
62713
77111
37650
14953
18404
82708
19350
80051
22956
51138
96983
96692
22730
57961
73680
25011
40706
3145
89735
53685
94932
45168
8908
57613
55549
12609
45901
56341
8513
1246
75290
62775
11672
64722
87449
78187
51653
90684
2746
53060
15745
82129
71345
1513
15933
50468
82667
73059
63237
61480
14889
38526
70741
22754
47702
78837
67868
98506
54881
8597
99949
7632
61468
51125
6383
15417
46542
64698
41698
59386
72332
49718
77903
3306
32455
74890
18488
83060
6126
99962
17541
31883
5537
83394
42685
97525
47425
13979
61889
89472
90086
86699
36451
96917
91029
77643
14241
87897
53778
83450
23286
89612
56669
29842
92123
46362
66895
62913
47753
34138
5400
68361
21988
71291
43426
37383
23275
60783
71203
958
18711
14897
2934
7066
7266
94342
22880
57673
69536
15399
8353
75865
55385
31797
55387
8649
18948
48003
66994
86866
70199
27640
73695
47581
54079
35400
12509
21449
39533
6210
59560
97271
67977
5590
72422
23737
55368
50738
35692
69064
36319
3068
44234
6917
24542
60695
74638
66926
68222
87762
13728
68565
96823
26074
437
93789
88884
95194
96696
15925
94585
56117
13363
16458
41797
42843
87607
36092
13353
45046
14779
60124
78443
39014
73457
96922
30453
33388
18910
34969
34618
56931
23264
83203
46201
73866
16428
91235
2868
5065
28892
2256
7195
37269
84456
92933
86974
1736
74307
92462
70735
27939
67527
17945
44925
54801
58140
109
68673
74386
54144
84325
1653
77361
88862
90099
98168
50197
16963
52773
36092
16360
41528
44652
78627
91964
60678
27834
74386
79874
9346
72093
40500
4875
92515
99903
30955
27068
97642
82924
58536
8958
28623
25493
61393
87264
8389
88547
28419
38300
43214
37977
40211
3926
61891
38138
92231
71473
77300
62044
22082
8228
95366
5406
4530
65951
50599
29793
90957
87427
62865
48033
68229
27636
69822
31478
57847
27238
13354
77316
57623
38187
29343
46711
88701
75256
63948
55420
64997
35311
59344
10852
58230
20770
80922
62325
34310
48180
2619
25261
7992
71362
74298
66917
4980
57473
13355
47763
10558
18306
6346
75382
82612
60880
92518
43433
67018
4799
96708
32761
55271
51813
18456
60599
2872
60696
88307
71957
57883
88996
46878
58427
37868
98712
24366
39516
11547
37884
34156
32645
89419
31755
36640
60542
29845
17157
38890
64889
53641
13446
87694
60851
27501
88489
37077
25710
97520
86245
5742
49498
56740
36392
96800
89706
48349
55021
97412
50329
45161
73618
73145
63938
70774
1988
33695
2090
50398
21625
91700
83677
55992
84296
64292
97218
80466
74234
45831
29165
7617
78273
369
70542
13837
95750
39338
88409
44990
61381
50264
88585
26250
92077
39668
91091
64271
9187
29797
29712
21516
69378
37374
25997
9023
30424
22190
16530
93691
86855
50730
51804
95793
42972
98691
61196
97093
62393
98857
61746
97922
20836
86497
62143
49902
30867
27025
18371
6458
41146
11631
13464
1638
44759
24649
34761
32224
73855
35581
50313
48910
15513
56740
76789
96629
68996
65069
31723
62629
84632
72390
74581
16759
22381
7524
34364
59062
70433
31085
21715
86618
56973
83089
94749
23043
18501
86527
22219
51083
36852
67728
23524
83784
60191
74515
39651
81805
74750
8710
6235
38151
64115
34506
25447
16277
49739
5580
8216
82521
46244
74503
93628
43535
41362
47894
35665
92677
76006
83267
9085
12080
82206
10338
60435
30695
14563
72279
54396
67032
37052
19240
90911
80577
54926
14300
11427
2405
58186
37001
560
73585
23947
40107
3082
25279
70549
21612
70691
46672
25995
14628
53843
46978
3391
21913
44249
35970
42534
50345
81207
54233
34562
23498
77745
75862
2591
4782
94261
9211
59661
37964
5134
76850
31539
56378
44297
59
17078
91375
91973
62236
59610
38214
74333
49286
97728
59852
68139
94646
15173
44396
63625
76921
92804
71756
17344
29812
38890
64335
1269
17396
8360
34125
34393
94226
67647
87979
7210
21628
94693
76046
85487
68786
39363
72515
92889
22575
70401
54901
54909
8209
21241
35976
63743
57598
44727
49283
78254
39729
16863
84855
35012
41674
81342
62570
52800
65794
20457
82289
86510
45336
5961
49319
46397
47787
38303
65778
96910
66222
18886
91593
85591
81068
60281
24632
14298
83206
49538
75282
61729
24262
18092
29208
84921
81551
29641
39943
15297
73190
5412
59647
38398
73719
11109
35818
14148
78369
87152
74360
40617
69675
65794
66479
2178
31657
67761
2995
21206
19003
36309
48220
94677
39126
38057
86260
45155
89457
68972
23792
68950
34771
18807
501
77307
51658
860
63907
37873
95490
56086
41632
54575
88360
15351
61415
58698
76188
53007
90721
35579
37682
71593
42230
69569
41664
10074
68537
91284
92372
83174
39699
70906
64116
6663
61437
85229
28571
34257
58628
2751
23103
31882
68347
72970
34374
40145
18890
16975
30480
41972
53555
57856
32817
76884
47417
20454
6445
21933
84762
98690
22140
84042
66789
37895
77369
816
44232
98479
49736
18538
87249
93893
89415
81324
35222
27880
20563
82117
83651
15851
7751
94464
18056
31863
67851
79649
30691
84539
16306
29832
99862
83216
75843
56934
59289
7652
89359
78641
60059
19433
14453
84239
53388
71096
74921
49232
12243
42307
61292
81438
12806
78199
73767
93760
4110
47660
97688
12918
88573
26873
69046
36423
90652
50145
41218
90544
84601
60540
985
38329
22190
43247
59271
46108
62021
32501
84356
84072
90901
23000
99775
8823
87718
62533
74346
46279
94836
99306
65873
19639
78591
76473
45003
97294
80224
77533
25229
40111
39899
74168
27389
94742
70999
80543
79629
94619
48744
73491
21393
91563
45138
40413
27990
68229
39412
77312
44836
11650
87432
29856
40284
9359
1031
95435
77771
62246
52500
52068
79261
60299
90629
8993
73002
52786
58038
21940
51136
86080
80568
57803
69192
40634
29790
56261
19085
97462
113
23411
40004
72487
56696
15993
73061
68733
32361
56240
94676
76395
58642
1857
75816
47987
74663
78236
87589
92600
21693
31453
63363
54743
33325
1725
30589
27155
42463
10887
78742
70120
60727
2903
57183
90606
79534
31954
22769
1679
74697
32364
78948
8624
95492
15020
12940
30085
7385
12527
15110
63806
85402
79036
89169
12612
82282
75846
2753
88781
97839
44347
78738
60813
78784
6543
75614
67283
62455
37610
9626
32098
54085
97691
76519
39492
68010
97007
43997
31703
524
95608
31978
77393
38315
75118
5145
99396
59764
36052
55270
61502
42400
77743
24480
94459
30219
24493
85142
88409
3078
91576
66319
17003
31629
65002
19391
49795
18536
53221
92538
95206
62311
44838
19788
64784
37451
95192
40638
49644
86435
14752
25689
23033
39293
46295
52065
60184
72861
6876
49287
41178
73659
59150
75686
66118
8272
26237
12507
11487
7137
98613
30714
37225
60060
8112
29808
64477
22151
64725
15550
15572
13436
32145
22074
15532
9153
32984
19067
65103
46203
49970
2727
68876
16183
43982
29003
24355
97830
27520
45872
66351
86280
27192
47719
76622
92140
17516
69289
11423
64268
59733
58183
40139
80515
35081
33648
26186
81048
41575
77779
67516
70433
20812
40674
49842
51480
14705
54046
8475
49710
97790
5688
53827
31542
812
70357
96351
93060
41013
79969
25059
31357
95160
65352
73159
93017
76063
93300
68485
146
60210
23210
67135
76963
96684
74221
64766
82103
59210
38612
14742
15126
38657
17975
65227
33641
90063
38167
11030
98525
38529
21465
44352
95208
44204
93822
43225
68766
47805
53617
84827
58175
30968
37244
39170
81341
88959
40748
11328
74026
93776
52861
40319
48852
35282
99600
69152
52203
65192
41601
58748
6371
12745
31683
10375
66411
23912
20269
6960
81633
41932
31616
50287
14635
80165
53408
73348
51680
44975
60728
61211
91843
70348
68224
27014
39498
80738
37877
83784
1407
24787
37033
3682
12056
2689
33212
6435
94623
27350
4764
1733
2603
79747
93551
10838
2796
26060
47190
94999
19107
25558
71618
35087
52702
68771
69823
29872
98481
94058
14909
94563
56528
66416
90980
75699
61246
5350
5369
65384
63514
3157
96986
88046
1510
58502
67672
8841
93037
21408
87514
24506
23826
87433
53660
10939
75387
5115
97034
40391
81751
11807
85122
99831
27064
28208
73202
80563
98415
5191
35052
50334
94891
85142
54993
80304
80784
87268
34864
26055
74848
25067
89261
72390
62842
62204
95538
30280
57249
31234
79392
50870
83041
56426
29918
99493
76840
83581
57456
71229
24949
88185
18616
38531
54659
6497
77652
88619
11472
49744
63197
95542
91033
92745
16568
70004
19622
74842
9113
20674
82672
58840
67590
84086
42038
66957
7993
75667
40229
84401
75156
27243
72975
35509
88590
89474
11902
1451
86355
5618
36161
68638
29009
40585
61487
97464
310
87377
46189
66625
28299
70225
48465
68405
739
50389
23922
87640
5615
11501
58862
89352
61101
92521
90968
18887
79469
38598
75266
25816
6658
43661
11699
8342
60261
27516
65788
13405
12086
8869
44256
27937
7248
97123
32110
52498
26350
74031
20567
68168
33548
79165
27919
17410
42193
17404
48606
20289
66598
58460
26401
81460
59062
79735
75683
21371
52340
8283
55638
79697
4662
50073
61352
3096
8198
7370
43071
67224
20057
68741
10876
10115
2357
18060
88022
33971
28490
82753
58268
67203
85257
66922
5407
66937
89808
51633
12846
39785
26048
23069
32740
48434
52611
3680
49315
96731
38461
41673
3326
86002
61329
12261
39354
55243
61979
48812
49802
97287
3918
81450
5044
87310
82480
44001
62180
96665
17085
4904
98590
46317
7330
1210
3678
11778
81545
77334
25295
95778
24135
55166
7890
42706
23012
68602
58553
63650
36721
60409
31983
60994
25382
97342
43498
41066
13380
81412
92822
83196
67635
26736
20344
5581
60651
44878
53728
5533
95758
81022
86313
78664
65096
68977
31655
14707
33836
89589
66332
90965
49911
7615
71432
61897
75095
73624
34823
69677
8896
69716
27956
74266
55803
52513
64231
32937
46700
40952
44055
6236
94123
25284
66226
40336
40859
21719
9921
95457
79529
57344
82162
34476
542
72107
15539
27201
71583
60809
15764
94123
205
46843
52039
11238
35103
81366
41692
64991
77760
64605
72754
43477
43703
27098
11851
5802
71434
37118
35169
83306
36146
62228
3831
55574
47338
13465
34549
52802
22148
23185
81077
60232
81022
59229
46998
2638
18808
26472
30586
56222
63386
18330
8795
67272
10956
26594
44269
97933
44692
44705
62595
39025
18924
97352
40848
54100
9044
68822
81983
13074
93474
46538
91272
2078
49811
60306
41102
41931
77701
41490
5096
65814
14857
85140
82093
27926
90149
77679
44061
77345
58272
47360
62698
46562
38871
23106
70019
75810
97756
36357
56003
7387
19464
53125
93230
56251
21731
30969
21500
41221
70667
51617
16318
26864
42639
50050
97117
10223
51740
32632
29647
9597
94787
42053
94403
14854
50468
48331
90450
9960
61817
64672
55465
32515
40497
45042
61384
18784
25764
58264
19188
18835
97416
44466
60497
91211
40502
44630
38117
26647
59079
86407
23459
39384
5619
51468
78727
25142
90469
31311
49239
1454
10445
377
44875
53281
95773
30793
16371
59077
46604
88768
72040
70037
48374
22603
79168
29393
58255
42395
20291
16109
84565
53367
65740
92736
5972
6958
88430
96942
26383
47498
31945
30365
33904
93533
98544
95428
45061
38468
15062
58525
81053
84409
53605
21157
43186
17219
53795
23564
17921
83750
22253
92644
3216
18495
25656
47997
20567
82323
45035
26540
65043
83542
36582
16921
30332
31559
91805
30272
49120
78626
22639
52109
17472
55498
40150
51373
83669
654
27432
75653
823
26744
57399
53293
38111
74033
26491
59212
56490
64088
55838
30030
1179
46220
81993
75705
79734
67729
55212
81071
47858
55284
54799
38385
8163
68536
8439
84159
63098
26286
80406
90158
9492
85727
36532
18433
58467
38342
43547
45921
61355
2167
66438
25742
80098
14645
81467
74739
63733
58312
16923
59357
47107
58774
8299
60867
74152
64655
19096
66198
89773
79945
61785
93568
17556
24758
32328
26115
49289
21944
39483
55250
77099
88972
956
43161
73482
75845
343
84237
44771
22018
54236
33314
95537
56066
28277
81977
31867
37066
43592
83624
80287
78311
26726
47661
33006
50520
719
34447
80101
1794
86277
10610
48091
20404
21533
57683
41355
85864
14472
65099
29361
71520
75817
46659
16450
56700
7392
65439
87086
80806
4381
94844
10702
76028
89130
34939
98479
24585
53614
78747
69994
19218
31844
61805
9814
29963
23645
74909
35467
42183
28742
94025
58389
88698
12005
94523
47625
46740
37468
54277
68
51262
6295
22508
37590
76525
46820
2368
77638
90277
60727
13536
74280
57109
80686
42749
11159
78059
90988
21491
44512
41395
11348
70849
42295
53019
10484
58431
43544
44670
52199
39543
80278
27299
68363
78903
23682
59703
51059
60272
12135
17734
929
40416
55476
12287
1965
2094
58808
39371
58717
88036
81083
16952
87717
75948
42445
55257
22222
68384
76526
14520
44973
68757
83187
37837
60117
8892
43596
94630
31782
94585
26699
80773
68124
94873
31943
81372
94726
26212
94391
17198
86011
7266
23776
52304
19784
9574
95330
87618
49190
2906
69507
44998
19989
71924
82915
61345
50923
47205
22527
31126
66094
42156
16388
17873
83077
98582
91055
84717
99127
36352
72646
47381
34605
28209
43856
91988
8680
9785
26271
59008
70418
39786
26080
16243
37504
45687
97570
91209
41505
42642
73732
45795
91422
67490
80195
8146
94329
35447
67758
74806
48157
28282
57259
36898
93081
71505
53698
23678
9927
1513
67623
46122
91892
53039
90299
45141
75376
77290
79499
15764
68941
21554
46144
56631
10164
70430
10797
90153
25736
29073
40754
19262
58568
55016
10049
73691
89183
53855
99864
24919
55507
16129
60580
39125
97228
34958
65627
67476
12508
31896
3553
24198
24499
19448
24611
45288
71827
77529
22873
20298
32373
72534
45471
27851
29703
1546
71231
21305
71699
19863
52173
72516
89699
70713
90682
2279
4736
88216
9994
35844
67014
6201
9736
18418
12123
69785
29896
86102
95864
4939
47059
38451
40857
90936
50434
72398
26233
27885
92190
25413
90646
91776
15497
36446
11966
11930
59984
58166
69919
91193
71750
58739
24419
3337
54208
43449
26033
77400
38144
12878
26439
60653
27277
82118
52289
65352
59409
93750
22420
134
52783
87049
13531
25215
58496
89989
91189
89222
47777
96310
57116
30385
14345
92047
60795
66452
86716
15042
50652
8943
65850
60391
94686
34956
51939
87603
25211
98996
99580
28920
71884
18190
1015
39712
42411
1470
14149
55594
57342
68540
45001
75226
76017
847
56561
65182
3189
13641
78501
52367
41494
31149
13565
34728
35292
62159
44209
40700
31985
81196
67285
49246
79522
79152
57235
62441
97876
29201
37244
47053
90642
76711
44740
77223
71330
82018
15656
47795
22164
74237
84573
56084
40745
99149
49200
90480
61874
55580
85447
77349
68815
12052
61847
14020
76272
79824
24958
97256
11448
15438
81934
31367
51664
71225
1644
31711
45837
61123
6864
11053
26873
43960
73292
50070
17454
63488
12838
11286
42253
6068
60930
16978
4886
23242
18476
71407
43404
13500
85032
43051
89243
77477
90218
40859
12518
28630
62989
24746
90463
86156
33779
43671
72436
8339
62176
44553
2417
24083
28125
66057
54789
12987
21247
70471
65011
77630
12055
20549
67345
52870
4013
24552
64830
75060
66571
13319
43950
26489
24482
98872
57669
10139
18658
49299
4197
42960
29693
91492
23581
78663
88646
43276
22682
38522
87467
31149
17112
6681
77535
84630
5980
44322
46892
99772
73944
50501
97056
9600
52479
3503
71176
30587
88545
57816
60799
7920
16478
83687
17677
55645
92293
67502
40997
61453
91955
32038
29629
24794
13306
42008
22569
51535
14077
85070
87974
59708
26380
29378
84173
78633
65218
3442
53676
33692
25112
58679
38732
63592
32594
21001
44299
91501
93593
64755
21603
77111
46004
66799
93884
68642
79796
24182
64567
66734
46593
40417
49707
70995
34873
61005
61015
17562
16950
93642
27886
73812
52227
53461
72655
8912
32081
86439
84741
56670
83849
28754
79971
77138
82762
72922
61115
96
38500
41870
67684
64345
75842
23199
91590
58657
91121
27302
20351
14316
53494
66587
79239
85297
79451
15951
66498
11429
88970
94195
75628
48394
28050
99938
62151
1696
29058
34142
56307
72666
21539
46834
84466
64187
60483
22919
15889
24693
57086
4407
55912
63524
38229
71275
44040
33367
18391
25482
59661
66096
11875
15293
27453
60048
16431
31927
99910
95284
34330
10118
40095
53966
48545
43869
71967
96609
7646
73544
14461
96853
72081
5370
19677
25374
53452
68518
79359
69345
68128
30862
69897
34978
27031
69952
99143
2800
80727
51293
96600
70357
22254
99139
48032
47365
49030
36431
70448
61747
46933
77311
58777
70942
65150
42951
80942
10777
29449
93113
81807
40651
23797
24982
13316
85569
92493
69160
15838
30052
51027
62498
34315
18112
80437
68565
66580
35165
28235
35566
67350
61091
87899
5332
58011
38864
18430
82312
26936
85352
70111
80256
27774
40606
78245
36365
49348
48663
42225
22895
13706
15254
43591
9127
29266
25252
23162
74594
59654
34132
22350
69710
61792
65786
68894
9578
89179
49761
51157
47516
9543
67535
45822
98193
35814
22293
36843
35355
26033
75091
5142
17983
82593
87103
38929
61621
89711
70289
85231
16525
30946
65280
71296
56403
2026
53614
75447
38418
41699
70987
18183
30525
35739
29050
60123
61347
22221
55732
57352
46049
94592
99490
73198
7099
87269
6963
82699
46323
55553
27377
90005
71203
24654
11226
84436
48989
74653
51429
17992
57080
26094
324
60934
38764
43052
39363
71351
22798
95467
50435
64373
62777
12101
16651
67400
48926
75745
19903
54498
26424
43479
13550
84886
8003
45454
58321
40263
73762
4604
83337
80090
68476
6367
33883
22242
15075
37268
53469
71692
72895
85152
44690
12558
36042
97550
58216
13761
46320
38223
96558
25564
52324
16128
59507
45860
88376
83568
81369
31902
14877
10203
30267
61197
75567
69226
62201
81336
23916
33351
96826
86090
29949
18309
83004
91251
57780
36438
58075
28651
40473
36448
97191
21872
67199
11315
82765
78914
47865
91383
25653
55949
47828
34353
15690
43885
71359
12286
26684
83551
13946
12111
77567
8757
17795
89104
25359
66244
79671
59553
17885
87125
23414
71427
98626
80108
16590
84798
97736
32249
2534
55272
34193
63481
18274
61400
66452
12450
81116
28355
13483
77705
76077
83894
41074
7160
67675
93224
54069
4396
79661
31593
7381
68774
31295
66458
32549
98850
38212
66555
8807
73914
43240
21620
46877
65934
5835
73027
32422
246
5146
92522
61755
48615
64644
44233
6738
92703
97343
27052
71212
77015
49811
76421
69296
43308
96831
86779
83743
36378
53789
10133
30457
19621
70139
67972
61423
55995
69891
33064
18078
63088
31157
48131
26087
23277
84975
63077
16948
63604
68482
44313
3482
583
68318
93517
67542
849
49783
28366
77533
49674
65583
25301
37746
37671
6695
60812
52318
32526
44025
32005
43754
55933
24623
86661
69839
24194
7837
55784
60113
41162
18256
92124
45525
50493
13437
87623
10233
41562
64055
24244
79411
9258
19058
46828
3756
29457
20180
3538
16085
8650
9325
74851
5772
81398
14004
76555
82458
24253
51433
90529
64093
59779
22375
93523
83700
62336
59988
92659
93328
53238
24945
55059
85640
32762
73110
14528
51599
42063
16642
94126
53359
24373
24270
32715
31501
18225
62113
82872
6371
39444
93461
48592
98241
84903
73933
52208
8986
30597
49665
22417
82654
24018
51438
27691
17291
73838
73442
19806
10510
40371
83905
50679
55363
81570
91693
95379
86050
66842
13783
69280
67748
69073
45939
66028
75499
4025
87656
10202
56606
61723
35725
50732
35902
64267
73453
89628
81251
95576
1832
96757
7653
68428
31911
41047
38601
95789
39544
83610
66152
76235
29453
27260
47668
9576
8212
59183
83942
51298
97923
5547
35663
69548
56073
13519
31177
63930
86307
73583
50469
7991
53408
56805
50909
21311
94618
56795
96761
23023
7806
19645
56954
58852
47771
23417
72930
99235
21363
18130
74623
99386
74447
62832
231
30516
6539
81892
86105
8486
48569
46130
93785
90670
20984
20585
26568
11038
26376
9420
83535
37656
53615
47007
86926
48096
80368
43261
61458
67133
88900
81772
59855
81132
15294
26152
11794
50871
3077
15070
13060
63276
11816
44379
63118
31794
72986
20770
12860
81548
85489
20895
73022
50037
87147
3839
94143
85529
56496
33611
74353
65009
97910
78433
3810
59751
5741
49607
37337
79883
64834
48028
82876
7479
69906
40189
73187
23096
4103
22161
12966
99842
51731
241
93662
83275
42298
79950
55507
12784
28213
93590
49809
49295
98182
86721
88624
45496
50415
83616
99806
97213
25455
71550
79367
65429
94296
54360
78857
79750
52396
15606
91622
60375
27835
42935
21398
66772
31755
81947
5865
65752
13509
79824
77010
93860
54514
70851
41559
12958
4714
57723
51299
59057
94089
29245
67723
45952
38289
87899
18820
41340
2324
27008
86997
5327
42835
26758
17822
95917
14510
63011
95735
52096
68018
97693
20565
40146
83040
6368
48964
24562
55516
5225
78909
71900
25997
35702
15863
50466
82861
86950
14927
81220
61005
8901
39256
19051
3666
27704
34630
44801
68736
28111
94863
17054
46855
67275
18975
34794
86150
28741
55296
63582
37294
75627
93573
28654
26971
91827
46087
50753
71597
96904
21913
19675
5637
57710
83064
96813
95544
43916
10205
44492
79897
20405
80446
3023
72470
2543
32460
62196
4741
59181
54418
12213
36
98243
5287
31510
58854
33070
70578
23622
33717
91722
54762
43513
6192
87664
56539
14004
56290
57218
81790
91671
74826
24819
67807
3275
43786
23356
78496
52468
92716
12810
48712
75311
75386
47727
27193
85643
55501
81468
53461
49231
25951
94343
62647
73383
53172
74281
25505
4111
63527
82987
41995
12632
90910
22611
62135
23567
33824
41466
999
71409
96238
20301
43533
46720
51417
10143
85049
89922
86447
70256
17129
54322
58522
80835
8491
47573
73527
11696
62466
1831
93919
92574
14819
8848
49530
75680
43188
7635
48359
42402
49752
76245
32641
84298
36677
11866
75087
22658
42447
4076
96988
66844
19019
50857
9009
58608
26383
44081
66497
46619
68110
65429
10093
2029
81760
88941
5121
77256
10433
25859
14034
13187
50094
45172
6330
19154
48922
5821
12693
4457
66458
86116
86682
63496
16441
68402
47922
42714
19121
28784
14189
64579
58364
23186
68442
18623
73131
44455
16903
34054
10994
84395
65783
79488
87606
41799
99326
43581
58579
2253
17295
56785
83392
41895
2918
99288
23584
61370
2644
75064
52849
13345
39104
29636
70450
55411
21664
64231
83720
37612
27645
49285
43231
5741
64480
84036
16079
68260
84817
78146
1790
17043
65558
66140
69048
1450
84878
41837
34894
89959
66166
44086
3049
4871
45337
60671
84045
50940
79604
33547
34405
68540
82148
47258
5861
15171
6133
5981
30115
3786
16395
83955
59696
84339
48860
10572
87077
63426
84775
14247
56171
17751
47267
6168
99457
34913
7754
33452
53268
81060
63534
90491
6402
57104
83583
68341
72762
90490
83164
39539
18835
37930
64503
12506
36500
45039
93879
90983
27232
16954
95734
14052
85441
53284
25227
72320
86296
39828
5916
55141
42918
38346
32486
1736
68304
46197
34071
35411
81659
20495
17899
56307
99198
74228
62881
77667
98871
97920
15829
42808
37780
81305
45996
10284
69808
91776
80325
96584
45050
39695
11085
93126
12337
58407
99587
18857
69759
37670
53378
95225
56060
27343
77705
1707
32449
25390
60477
6676
980
71996
33686
12820
60531
65261
68499
63878
41611
38222
7177
34395
22777
56339
64200
74478
87183
34961
25212
67280
36251
87714
56625
41253
8309
61844
41881
34363
73669
16404
45782
26892
9168
1816
53940
39422
54591
32843
51174
74214
10596
45486
84988
59642
63250
4709
89520
61133
70497
4696
95923
13395
73664
95793
65221
45565
86324
35611
63277
90952
19994
7080
26285
91292
72391
77259
7810
64942
99875
97022
6256
66080
62004
74961
9684
94343
47935
84253
38447
73265
73847
60785
77522
1239
60136
5720
19540
76378
47252
36139
69849
89901
81707
56503
87343
17043
33467
22161
66477
73224
37514
66560
65892
16168
48207
81423
65386
88487
45928
28792
45827
40048
9503
99997
39158
47349
24684
92347
76847
39483
83462
69556
75111
9810
32984
64206
53426
39749
52995
32359
36742
83287
2241
41062
99979
99864
88057
35405
25273
21884
55689
97821
18523
46797
89734
2655
43162
46262
7759
48695
71796
65565
67917
32833
39930
29977
2780
39946
34101
78479
93765
33442
81284
13733
34839
70728
95264
93765
15348
43489
18567
63918
17767
69805
87775
51124
21413
779
17286
83082
51284
64211
69397
68239
10299
4164
52836
97977
81297
34219
4825
15897
49837
15467
73487
53143
92473
1619
20609
69596
69664
91280
40045
94569
59835
17108
96996
67568
15351
6780
91852
24480
6245
88165
34032
91451
20430
59701
56236
23486
45885
54894
65093
64236
64282
79457
31328
34970
16314
26744
57435
91250
59139
28654
76724
50055
77820
19151
62789
64561
25304
61701
13103
97451
53715
85939
90990
14444
43858
79810
31298
74622
44117
59956
66807
14079
12880
44732
40094
43196
36048
65297
71016
43316
985
68424
87545
39384
96724
56440
63798
18194
24846
48176
96838
19272
16262
25710
91821
17626
55819
29036
75487
54448
53055
70577
50905
60113
24041
30632
29931
84576
45626
75670
83846
98166
17005
92188
288
24632
29820
93721
78858
3923
41520
36294
11663
53997
39815
20200
10220
47272
81588
80006
8142
654
28866
59513
47891
22871
26826
95650
71127
4936
74152
16415
79726
2011
81601
42219
78768
48118
50175
57800
22762
32433
64155
992
97690
21413
89456
61555
58461
8996
12390
62500
81301
23585
45050
72405
84581
27796
14736
555
62120
49909
3689
97135
34292
10510
95191
72853
33017
17547
91084
66014
60555
99874
84243
81121
77413
30871
28415
70418
99688
77190
8010
62833
7090
64454
64963
4664
62865
28170
34418
77594
12368
94836
46923
23582
41284
71599
77980
17397
29567
15866
71155
44374
81143
42773
73140
11469
77343
95740
66582
41797
14778
90182
99816
67878
99292
59858
11956
99176
63331
90619
37323
96037
30349
46337
58885
56974
50474
7992
65769
48016
19693
54141
68794
63187
75542
11060
76295
8762
15166
53347
6954
39008
86387
50542
31515
33893
17870
68100
91164
1527
18063
56794
87594
40543
57409
31562
87006
22769
39893
79330
95937
18114
84617
98170
62221
7902
67830
2988
76971
94731
73224
22067
75025
40709
57878
88700
62990
72094
20604
11396
25257
58052
65060
239
26935
79595
97676
74501
61256
85416
25195
55926
87535
38576
71238
66131
94739
4477
73927
26780
76886
68601
75013
12215
77334
49818
81230
52851
34217
63900
34698
49700
27811
48103
64331
66645
37944
63018
83422
92514
11492
38507
37328
95773
2853
60247
49715
95020
86777
61483
27174
80895
94038
69190
69504
10352
84011
43360
66824
13972
47064
50405
28681
11947
22490
7042
55698
56225
30761
70005
16563
23241
80779
67918
36755
22861
89513
67785
38637
70444
58955
98776
98991
79648
45199
41787
35576
74842
72515
5826
76867
80558
65854
28163
77004
72548
69173
12611
45644
99762
71021
61572
66216
71520
14832
22079
53285
71092
74102
58830
78103
26231
952
44261
65496
57585
6244
1379
89173
13007
95021
8163
4904
26701
36181
72498
68026
73855
84357
2354
86196
35480
68350
21788
1503
87697
29740
30659
62610
77846
38606
62050
92594
71502
32617
24904
24449
31675
98018
11901
51128
27324
60780
32955
42629
55064
47394
96633
74519
81884
13065
74806
40088
3114
30283
31694
56765
84374
71356
32193
37090
506
24690
91257
7765
31635
10629
6567
75628
58958
16796
40348
43395
90010
57290
32147
30427
75708
41262
44221
46173
59737
55000
40907
99106
86847
58481
38115
98790
35348
62134
3895
9124
48766
68071
72501
98166
85115
93737
29522
71647
2809
54023
94980
40600
43383
81577
75729
96353
27741
61573
94030
26567
58262
86160
44441
66815
45056
23576
17275
84305
23913
64238
58953
43523
56741
88697
6172
42425
11682
56484
65401
64747
96333
44030
67938
62315
17510
44511
95731
71968
73744
41883
9604
26831
75054
69019
61992
76201
58027
91141
82305
80967
29425
78616
99440
89651
61312
47938
48224
99821
61037
11874
53259
57040
69042
23741
80416
88506
57612
47324
2575
37401
51941
93758
1080
78827
55986
97550
96278
79996
43948
90685
15790
15773
94831
84204
61423
51536
29200
50649
41011
33674
85350
91401
91023
17922
29
68121
8682
55312
66608
83450
35878
6025
75964
21048
86513
95537
68080
42736
76483
99675
27925
57276
45536
85785
36922
69374
53857
91039
86100
34839
41169
93968
27570
68049
30847
81251
46029
61405
60776
17411
99379
32220
74076
9499
16393
31818
84065
64916
27472
66405
13819
36672
83216
84989
13871
84793
76968
30531
75735
99561
16903
87292
30717
47672
31213
53398
29430
86082
98217
97514
94749
80240
55800
83039
11757
86623
91442
12520
79431
72372
8176
48742
16130
77264
33212
36617
88525
11256
17767
25394
47426
70089
69525
67030
73578
36853
27825
70165
44367
24475
98915
83599
35835
35847
75338
65610
99949
13780
93370
64031
25383
86335
52426
50826
44536
4584
28766
55370
87058
31600
92754
18044
80092
44550
99800
7033
3469
26023
15534
29980
5892
27174
13314
79011
80634
49571
48090
76497
97188
37100
57343
16949
90154
37578
91492
60234
62270
96499
36381
90844
22249
99835
53874
18
17140
14517
8368
72237
6577
33991
95176
91741
9343
51552
98988
56635
14594
7674
74818
8351
31922
11859
97443
25146
90237
38621
86962
39824
12633
8261
61829
56101
33827
88558
98216
78782
42565
33458
28642
67283
2761
92912
57192
87525
45945
1566
47411
15442
98852
9996
77591
74215
58781
89087
23068
26573
76129
36539
99250
1109
72227
92551
23506
69228
22841
446
84973
37001
30523
3441
86628
71381
97503
26407
46229
61054
46091
70220
71040
77905
81517
17189
64655
29431
39300
30016
14035
36729
3808
24556
43670
77651
18754
3808
25792
40660
29106
31196
57812
8557
69310
57147
65682
41117
27336
98000
94387
86896
55418
99173
74487
7023
45319
29207
89430
14555
32190
9405
96849
3072
51446
23240
12074
41025
90591
61683
87946
31760
22046
82816
31267
84535
84620
26304
35700
64272
22764
97062
98868
60521
91807
14988
38022
28356
46933
17457
58506
47680
30817
15221
93865
16943
63801
17246
54246
95520
40622
78002
38148
5804
278
50775
88633
41203
63188
48621
76342
67295
36330
40700
53863
32985
97604
23558
20171
86534
45279
29782
5660
81728
49624
23698
19440
35665
82675
96879
34688
46581
23587
95440
77895
4224
26234
48436
66193
52217
77482
78978
64757
64602
65462
5705
99311
17522
79032
95947
71497
31960
17776
53093
11821
62571
30613
14629
90161
99691
64091
96191
51053
3734
53166
89500
57938
63032
78400
22798
8874
42797
25602
16496
10857
86408
71068
59556
30493
23204
82288
73205
10714
65620
43629
41461
14612
82666
94978
65054
86748
53015
92111
14612
71095
28021
66927
71681
29886
7686
55472
86817
54738
20225
83186
44688
99611
35602
69022
62133
74415
78364
68750
46476
32858
17050
9835
75497
39194
73659
10598
21222
33088
87390
84206
14662
95092
23540
96655
36622
94954
37522
44329
69279
48599
83304
85475
41972
64964
2429
75096
28643
47180
8603
38937
14182
2074
25401
20897
19763
88672
85169
16824
13566
36436
90592
72763
57536
71920
70111
35354
18045
91119
49757
77541
51888
46073
3850
29474
72466
85531
17858
73051
60392
61681
31755
34336
24555
45743
37138
37477
82147
1073
63450
46441
78851
27197
28385
78683
38645
27981
81057
89607
34224
27092
16536
29378
43161
56858
93939
30477
17219
88802
47635
54425
33567
46837
86361
60323
90890
46929
90850
95313
61577
35023
3340
41844
7790
30940
51811
15887
25889
2539
53119
18941
51108
25113
98591
46512
20772
65848
89566
81686
40110
99366
37098
20064
45639
30974
41524
69743
64642
89860
36108
17846
53027
81527
69340
86469
83089
39962
62000
97437
12456
6741
4481
66344
62609
4533
49161
23532
87650
92155
80480
99201
30472
27454
42287
47177
6059
24281
22660
33131
54442
76519
20421
28619
66669
90825
18846
9465
36575
6248
78713
20078
63178
97303
65439
14441
13221
67516
4451
5021
61167
68593
92240
31853
32629
63106
1814
77944
56354
40719
88663
64989
33861
52484
436
9170
69304
51655
2887
57433
69839
88466
44081
64693
81140
63631
69195
71546
3449
37252
47182
53395
1489
56054
28862
54041
35814
23224
17913
60676
78256
73830
33483
46587
79302
11928
35165
70811
39305
11176
45940
12643
25022
13722
17179
63457
70118
64826
44656
15003
11733
16360
16209
29476
68390
77684
50685
31544
43192
77965
36972
28557
17661
79930
81445
93536
42171
59053
10587
19251
82990
32237
65535
3950
53306
63931
5385
39240
10407
8439
19611
9323
6654
67494
58709
55577
36586
88986
35493
63063
49541
22370
98863
52600
56704
14101
75143
52165
70543
63176
10829
48607
9663
65041
91795
90677
32786
27072
90691
12085
78174
35083
4309
51754
96741
19492
68626
42034
79502
27565
77316
96182
59415
10071
29074
55520
78906
60661
25886
96911
7951
42855
48110
42788
82537
30227
7437
21489
58896
50974
96830
25498
21942
53742
43826
9086
11357
138
89624
97643
39190
76538
84418
63764
51443
76728
73748
17880
59617
82851
44100
59043
70820
14691
22751
33522
46261
13604
12923
28330
59883
5458
7780
15669
32265
40328
42608
82849
65459
95896
35342
73168
28833
68454
89689
65533
60571
34931
43100
47419
80356
27467
4467
50120
12226
33592
71925
12320
42546
15701
99971
15716
93408
72018
55264
33903
14345
70403
47172
70680
57450
18509
14348
81180
20601
78104
70825
22962
60575
11097
38093
79958
94739
92308
74593
97993
93209
98174
43966
48729
96420
98600
3204
60117
56214
47125
48068
39139
27876
97551
80129
18799
3130
65514
66442
32270
87744
26397
44027
31267
64021
2946
86572
40797
45648
26177
8752
84852
14228
90472
76303
11230
8673
90922
94247
48820
81095
27686
48255
28864
76914
62808
18195
90547
7080
7574
53842
22966
14347
11480
41217
9619
62452
39509
31360
48308
46723
60173
75165
64162
23635
91221
36985
31581
99835
25335
51228
51041
96644
48457
29327
78531
51922
71537
87203
65412
69218
21002
56713
75011
11248
6934
55492
39934
21254
48733
84740
14802
40238
88197
32048
42911
9748
92613
29785
84948
62153
73996
72983
62039
78374
24679
37473
90526
53354
40238
40983
55900
56334
59363
94523
31385
19409
44398
90131
13514
73740
45302
11917
88764
82931
79654
79020
88372
65395
6764
22589
42382
90434
14130
87538
98164
33313
85310
28113
47797
16617
92925
1277
91722
77191
22446
4
96924
14090
25999
75811
24769
96609
27624
26903
24420
5689
8328
85680
80628
32446
56594
15148
84383
34835
65416
25878
43847
12547
72512
74610
13756
89332
84989
90636
59140
31034
51161
44401
74663
6608
25862
24557
86386
9588
23208
86498
66388
33278
86039
95429
80066
47014
56943
59691
83119
1959
90458
36165
41821
70060
7844
67990
61754
20119
26901
19251
41764
5404
84405
20663
37033
1946
35200
1299
99665
62703
27600
40250
50201
65728
69232
23205
48972
935
1726
18931
85993
37096
25622
91141
11487
55589
40154
86830
4621
92083
3044
36363
58388
80499
18055
66386
1298
50849
57342
85566
39863
35140
58449
44442
78477
34576
7905
85829
72948
21527
50351
9889
99562
17742
30398
95431
99960
98908
61917
91689
97704
79196
41342
20490
92469
86559
59076
53556
10988
29566
72292
86932
8686
24327
59425
89944
79604
4920
93140
52002
67455
51661
10411
81118
64305
32536
66932
20862
24352
58045
22478
24932
67040
87854
13701
2486
50509
439
20815
69736
16325
80225
86246
80077
53205
19171
15714
96798
19045
69962
582
96271
17544
74461
37012
73509
61646
96175
87285
80153
32065
97262
92569
59499
78794
51764
31054
29162
38328
5075
50563
25575
76204
11891
68326
41963
50643
7330
27010
94291
11341
93434
61454
35269
99160
93739
75892
80267
51825
25124
86193
52786
17241
78038
50533
33763
68166
8583
26289
54233
20547
22515
68005
14382
87665
73780
16069
34738
81159
76763
56471
1272
30177
11162
82700
94090
94472
24196
52438
4406
91511
71817
7443
14069
52234
82900
21275
25403
17336
20564
73233
98108
6275
53726
35173
92910
7150
6402
42729
81323
15516
40540
23415
70075
61305
50451
14402
91715
41458
11347
40732
84291
72062
45374
26322
31056
97381
52832
5732
88047
94480
79422
68055
66742
79956
26565
93037
74561
22623
20137
12460
78208
56831
28234
45253
40815
81172
34293
68127
27117
54963
22884
25406
47044
64845
85051
55579
42215
65266
92078
10182
71396
59305
78386
87091
4934
34788
74023
67856
52419
19349
2044
34746
44583
94058
65665
46855
28918
81638
33621
50303
36304
37452
86220
3876
94270
52498
929
90039
5755
66943
96697
44296
59145
11486
767
27435
33412
21505
17106
29191
55162
79458
21387
43423
30813
2374
59536
23567
46224
71772
25115
88928
23418
18556
25244
28484
74534
64240
11783
8145
94495
45952
8715
35608
96595
77339
93906
12775
99599
46853
46643
77421
52169
98070
59621
98847
8854
24229
6935
21488
89288
79106
50681
64684
71259
63
23882
47103
6584
31569
56941
28072
13348
22108
38684
17830
18465
85643
82381
57877
12037
41946
88492
48617
17446
52218
1998
99142
33078
99962
7042
45310
93122
94075
17559
39581
49914
93534
35368
95431
21104
12484
52439
14333
89428
85673
10
76393
80877
20578
30904
33614
13184
63224
98794
101
26333
92411
77799
3443
64535
72400
92388
96727
31413
4224
96911
51907
1997
63094
18455
24103
91593
75921
82404
72037
83405
711
12152
12267
88465
45128
65902
12939
83659
4528
73714
88393
59677
57536
35551
89032
78561
44817
42341
5559
64812
30461
6557
43104
75147
10238
35550
38098
12814
35279
33221
88706
20774
44770
40562
53983
26053
92127
8603
96893
32470
66905
78250
45228
33712
59585
93115
27939
13190
41865
88656
24618
97995
70943
8094
28175
11918
50273
30805
75811
73554
68763
35037
68750
24017
54593
2761
40034
38853
65416
65019
54880
1547
31880
58134
3114
99097
11695
29874
11249
27298
92762
98395
40107
70359
20347
79060
241
64771
34259
38586
83110
75208
69818
55047
43443
35436
97131
42445
13154
11598
95232
49032
38335
75643
60385
84706
66792
78642
81332
61908
58674
23005
92285
85462
71417
66037
31803
46810
77070
79772
73902
95180
95775
68203
55213
33362
86407
13263
13734
95738
98796
6422
33351
4749
96021
78690
45292
21162
28888
22715
4242
39640
60625
90019
38600
89257
31596
28813
24736
73789
23770
17086
71471
32277
56932
76252
12788
65002
20840
768
34042
87668
46364
78556
76085
26278
40369
94524
76224
43030
17122
76990
9406
33794
63961
45838
38269
81075
99410
18850
87262
80106
83861
86691
3551
43935
22927
1414
61770
64681
68674
5042
21957
78841
55293
46732
29034
91744
97207
31689
69806
4189
79298
37128
76829
78293
72967
24754
84780
35161
52763
38076
1425
90879
40500
94658
69186
23849
69265
49935
4869
39231
29652
27423
6384
86395
63942
93769
12065
77230
23414
12883
91435
52176
4540
18657
28480
31023
24760
41005
77892
61222
77560
30209
58954
127
19389
70340
16792
86468
87035
62031
76871
93569
33862
44995
64138
1152
86641
50455
67295
26389
45258
78129
48319
59209
80533
67115
83683
33801
79276
27523
75628
14269
79372
30996
29559
92561
88308
74156
71108
60589
66815
19795
35713
38754
5338
46207
26332
7851
25463
89972
24533
41922
10424
40250
76869
82111
84064
70126
66650
55843
18932
60836
18430
9189
50447
33192
98739
46010
70381
7115
42414
99064
38780
11428
4768
19580
68256
89226
49659
69184
4939
71197
47446
13400
30624
30445
64458
41421
54626
32813
36165
55919
90351
90590
91328
93759
86855
2571
64586
21553
455
97208
58528
80292
27996
39849
43740
63212
229
26133
61859
20540
65045
18873
85265
67277
71218
34030
26603
82659
46097
54348
25700
21407
32523
35289
92536
663
504
34064
51676
82600
41855
66494
62304
4814
79613
66485
27604
81010
16495
1365
30956
874
26140
8829
94638
78516
12869
35176
20427
79564
79030
22844
99420
61339
57204
24893
42
11926
36220
58132
66051
84062
26576
37798
4459
1008
24777
7253
42104
11931
15382
45871
66656
14256
9772
70499
8505
76148
40826
23574
93271
43042
57376
52022
13791
44100
76685
10308
86296
18525
57725
97099
30816
72369
94137
70595
57078
90487
88112
54590
91396
18385
26110
58999
22676
81727
1923
79969
27747
69090
19547
15952
77836
96256
30311
8055
55117
67715
75346
35064
41058
56726
48122
98267
88040
39171
36269
19199
80743
44630
54745
58121
1766
11547
60682
61883
94317
91987
90279
12284
58286
91329
78636
48012
89540
43667
86900
28363
41531
77661
687
3287
62263
18607
12069
70218
12597
3551
85273
73966
61467
27394
33945
40118
51782
94241
44048
64992
10468
47054
60871
1481
34713
82477
5189
27991
84658
78693
70525
67091
8025
35600
51133
6028
8485
51034
40531
94635
25972
45521
24583
67890
64685
48480
87516
31923
77925
96125
97747
59513
40433
81294
40218
22018
71451
35271
74232
16855
49118
72851
82451
66979
62194
20575
41851
45177
4003
67483
63149
88203
2862
44550
98450
94449
81743
93045
81096
72601
85273
10912
85729
25744
60964
44981
36726
57768
12833
31079
62387
66736
74346
61137
42879
13998
91632
34064
20678
86207
51665
98366
41603
21235
51571
25183
32516
94856
58349
5792
50504
74249
54017
18409
28742
20831
63782
37306
49133
52436
42309
82617
34370
79337
61571
43475
8315
29642
1118
45024
35226
13408
82776
67673
55895
2625
70808
42370
57830
17423
24771
56880
62045
19665
68881
44032
65588
78962
66231
54761
63109
9022
68960
53469
12682
99017
69500
57662
50160
4417
2854
74595
76842
23306
78369
37541
51685
42514
1788
79735
70342
25748
81037
1003
26139
89837
72325
65256
91487
19165
18127
3957
76866
39846
29920
94584
2019
6930
16275
16003
692
84519
77356
49196
54479
15688
79898
23115
73176
55072
55033
49801
13809
21377
43620
82738
83841
84803
54379
12320
57576
33585
12185
84322
79957
57267
73461
58462
75306
4322
51953
8030
94658
25303
29857
90686
32699
73768
85768
89670
6319
11479
60654
74126
68389
87549
89733
71002
23537
95029
2852
84074
92310
17661
82771
88004
30153
90267
7330
41960
10137
61837
1095
15709
49658
13764
23849
40881
9155
20774
9943
69687
70056
70216
37361
36325
83500
14431
50586
35883
92716
87937
95547
12095
26895
16822
31694
99727
99385
27238
83922
58403
57780
34826
15332
72100
31296
92202
6821
76472
21283
6739
44393
72940
15555
65424
15707
48028
93263
16298
98028
64413
65328
61656
25563
26518
60732
97454
90465
75674
26792
28209
76347
51022
76322
37032
26085
27314
62617
3653
336
18634
15117
61298
99367
67696
88121
72789
95036
68793
16610
18871
79193
5776
69451
57470
78043
80365
83816
67686
90132
92791
73962
65247
96192
26484
73733
27338
76370
53932
56363
10798
83586
35454
23012
19782
94482
69528
6677
2512
60051
73936
10720
73050
21972
56853
85536
52244
74782
59786
67011
51342
49390
72875
77526
393
656
16692
4169
90230
86316
44490
17623
6011
65423
41943
23869
93152
60281
13767
82870
22690
99974
89920
19944
38300
20031
35821
1027
22539
80588
14027
78945
63850
92486
37892
78712
97056
34616
84122
62513
68836
72549
79962
81946
8966
55978
2074
63782
38714
89560
45862
80411
75013
14877
57019
28424
2427
22545
93726
26984
91698
61987
76053
55772
95041
59140
62035
60906
54828
22821
7074
37574
88532
65650
52583
66287
95253
87976
64635
8784
56039
92650
5673
53818
23677
83846
94050
73180
29225
22414
12694
7153
60560
49669
62201
67313
95893
63415
95302
82488
25413
54229
60916
5151
5858
26329
88925
62051
8604
25348
91312
24216
84753
78503
30367
3358
31405
54677
24565
83799
25910
33656
54783
65969
75447
72338
45792
70662
1142
63140
63068
5405
21760
51814
91053
89723
94799
18309
22424
79786
15305
48413
13899
47000
21512
23700
54183
56133
74117
59014
41665
8538
67477
7194
9191
35590
83395
76351
66603
39866
24500
17155
38577
8402
39412
61621
53179
46064
3260
24619
1366
62835
52217
96435
76961
74666
27558
10864
2359
51577
18567
91820
34444
70438
56191
46351
3686
39840
88917
76749
29168
9179
18310
57186
5471
91090
29711
19906
60818
36618
79151
34002
31082
80572
38717
83971
4392
86619
11769
20693
20426
13357
46097
32817
49810
15479
54070
51916
60588
47383
59084
44490
41020
55747
90497
58121
94287
46415
94431
56261
31424
29253
52287
2423
29414
13522
52470
61825
9730
7750
30498
35696
21608
92377
35388
69606
74970
55532
76302
21934
62318
34577
69095
5900
84297
60174
50051
90834
51513
83684
20854
52148
16463
56652
89221
50743
12890
74446
65360
7949
89724
50621
35637
3730
4055
7117
62290
79609
99732
99599
52874
83550
46186
78851
41491
90843
88192
99306
74399
35036
39931
23376
74999
34633
22944
39348
30256
17020
98350
57874
5503
9528
45420
44276
42510
46044
4022
73194
39400
28613
53148
90110
8187
86573
88668
59521
50273
80021
47424
62714
82302
11161
68221
47209
93930
55174
64616
87867
57610
65820
6995
32340
95057
65115
27124
69476
12559
18110
33705
11894
63628
99118
8627
94522
88890
48904
58686
11643
77011
94321
83270
21051
67567
56199
194
265
44395
92499
73389
53582
6365
64971
56470
99899
7771
17475
96536
7990
13260
48673
69036
76981
87575
20019
28346
44870
15271
5158
13970
95820
25360
73233
77736
86471
58362
7700
73846
25701
39876
10954
62236
41267
71099
34405
749
99972
61254
89038
49138
23454
2084
62793
56783
52096
15597
21644
623
57998
47565
86996
8541
67117
4646
19933
80668
33623
47787
94194
13227
56820
90748
62337
84571
66343
62126
93522
95859
61169
16326
26688
2689
23699
99870
45407
27890
60346
58866
37373
35731
32144
31346
89972
72183
66076
79365
20051
38001
95471
39371
31958
5508
72713
33666
96881
48351
9290
46
23310
9156
89263
86405
88804
79268
81980
25271
76001
37615
28359
40482
92820
48842
4927
73173
62246
94142
19989
94469
81114
83647
96090
90613
48607
98278
56399
93380
82803
13844
18622
60980
6308
22987
57764
51696
18855
8418
89433
18015
51838
56098
7985
72763
99607
97171
7840
50318
90018
92211
34264
72325
27376
2608
31689
37456
20919
83263
92677
63461
99488
68011
32837
75899
26494
14591
48553
93646
67734
66950
82515
15386
492
34484
43252
84516
49217
17583
86450
83933
6589
69064
69663
25908
96171
64375
13864
38684
10040
44415
92928
43802
55224
16150
8828
85979
35214
82875
39552
29779
17535
48200
95742
11706
89497
93423
62715
90276
67904
74603
1515
77129
54693
69688
83806
19799
13368
49670
54891
13138
17256
86443
1601
85189
96186
30458
54641
26552
98573
72176
81230
13740
68447
36344
94002
63567
89185
566
81644
56248
42162
86796
8761
98004
85991
92285
16751
2311
72860
14604
80126
65498
92044
56046
81829
95553
72172
85905
32095
16302
3258
98163
69183
99719
65794
62976
25472
83520
80291
36947
97465
76823
5850
1701
69379
32094
30553
81982
79362
851
93665
83393
854
51108
15418
86371
54233
14935
97097
57335
40833
41672
44109
21966
59826
95022
56945
76200
14896
20055
20750
70980
81930
4613
1932
76528
3509
29430
71342
88518
17571
68638
13685
2297
2561
1911
94531
93777
96033
45175
92674
60845
79480
25497
25763
99503
74239
66358
94059
84128
43299
24085
91771
19763
18048
51136
87612
3394
48517
97406
77135
51482
84174
85488
23868
87906
403
90243
77228
47813
33931
69822
52094
40208
43999
58887
89195
4292
24936
91801
53323
19374
79857
89300
37809
72331
34862
65483
28143
84107
84571
89494
16866
56717
58454
14821
1672
31767
38873
84702
74091
53582
72176
10208
79611
20183
81936
62736
98214
22538
6488
55572
70633
2008
96091
14198
50117
51768
31861
33808
83849
45162
18446
40790
3683
28803
11220
51220
23342
33299
48751
88947
24869
1881
16566
98404
23596
98554
83981
51065
6993
26041
53627
61018
64677
54684
86633
7780
40654
18214
87058
54706
8630
93324
48274
87011
11426
50207
75046
32410
49454
32073
88716
19200
27126
37883
61231
75459
63989
87119
87084
57915
69598
52855
7978
40258
18824
42559
3714
87755
85927
65941
33997
11790
3249
21209
62382
68855
90528
37133
22346
7406
88081
26491
8623
8842
88155
63739
33994
60796
23404
40226
61827
15763
70189
88220
7741
16763
64836
98706
41651
26524
49489
36327
86960
11315
78686
81946
58060
97690
52625
7425
74489
48882
21175
38620
31871
59086
28537
8230
76581
47159
45991
60168
36349
22894
75631
64019
98313
65827
79776
12768
3866
76596
82883
60291
87499
153
41462
94734
88277
87186
40600
56601
27036
33153
64288
54633
51638
85962
84060
73390
36237
48473
64086
33746
53536
61016
85195
25185
43971
58150
66921
54591
40277
5292
82419
12422
25079
35136
54176
48137
60485
55178
58084
75745
19099
69581
2635
23778
73745
78047
62127
99008
62336
50734
9047
27992
75060
52570
78401
61616
31345
29964
62710
14781
61308
71183
771
29812
40388
76411
12567
38370
73021
7858
55683
89416
85480
42299
54799
52331
77029
45280
63809
23488
86660
78736
31018
88937
91027
1673
60528
83799
23995
6938
27305
69925
36498
10489
38592
2908
73977
4015
55436
84627
15753
53374
58515
6166
64180
99257
87942
19348
82634
8942
22697
71474
81553
37745
79547
20564
89455
83064
16856
60338
67057
3272
1948
21178
62779
76503
98512
74395
82042
50310
34372
41038
43452
51738
29231
46292
64673
76016
66709
65871
62390
91647
92728
29046
44697
3535
86908
31019
97538
54789
46974
4387
37418
84675
16270
79003
45183
99202
22976
38311
38050
74234
2909
31959
22762
43559
33838
76696
73130
86096
84635
63158
66791
12021
24912
36536
84733
5686
15343
62849
15353
80522
16327
3821
70308
47555
16259
75957
88186
64278
7046
77048
53928
3496
86467
81602
57666
31252
29980
1533
29577
63519
34772
28804
36941
64055
84778
57432
20034
72225
12625
29596
11869
71394
58866
47171
58114
17357
36531
68392
63545
53235
77233
44099
788
44159
36681
91687
9959
93255
75936
74052
58830
76622
16178
72966
75591
51759
53078
40984
3741
94467
72262
32539
98989
26626
30369
42939
38415
19346
54099
84062
31291
72237
4274
5071
82345
52760
91152
91155
28519
33883
96889
79057
58386
66250
31079
30233
79786
4755
65769
50350
20129
13157
12767
75850
72943
87746
57802
15757
51316
53835
67600
12298
81262
39243
42920
76044
93096
32393
27735
89133
86483
7436
768
95607
16369
7556
26892
16734
50846
87124
30358
95310
52308
52135
39361
98583
25380
93832
14129
79216
20799
31736
30431
4837
59960
71570
34988
85292
55309
87636
82193
42227
54972
96195
90398
81505
53409
23095
59154
56081
46294
39003
42398
42961
30885
46033
10720
54982
62359
48604
43315
15261
60761
47610
10443
11061
57300
51302
10222
4089
29840
5973
12276
25223
75040
15018
66191
38132
76670
89240
53102
55646
7924
3015
93842
3532
96500
10286
91946
37222
631
43492
88042
30157
71485
24691
60739
78864
55844
39152
65712
38082
96548
79023
74356
2190
14196
54162
2262
34144
69689
78878
66392
54202
85747
20366
74341
23080
90824
93829
29822
765
12023
8714
19008
3774
77224
58132
63834
44423
46185
65205
83424
28630
9808
97054
20936
9037
44562
70831
20996
48301
44628
38057
67513
99709
13372
35046
76866
23539
42175
27092
95868
25332
44922
88521
14045
56631
89373
31046
65675
35233
9854
30901
73356
32783
8311
62615
97850
82710
63424
79856
53643
45900
24358
96449
25201
55178
91902
7322
65972
54595
84058
53804
74073
26224
33980
74596
29260
97746
51680
76019
70466
51376
89559
30049
91477
21079
11707
88596
49483
26115
12781
99620
95514
52886
57071
11641
65112
12888
52796
49619
34999
55329
63554
51200
61066
44473
59988
28487
22543
72028
6714
92351
92499
53295
10746
14907
57841
92242
68584
92959
44115
13154
51891
94688
59512
35711
29178
32282
42848
94974
77115
13177
55951
72058
49926
3668
40186
25741
28207
81441
80519
27609
77150
57679
23826
68863
48286
32388
97222
97277
36834
19693
52204
77352
73105
86689
78443
53702
98537
75036
35980
94242
59753
46365
40881
15193
8973
75687
3804
98240
1778
43558
80221
42940
74826
15103
31148
83512
3940
94322
25539
77880
48354
4685
92071
83619
76088
81607
50666
68110
16444
46964
6101
94301
17514
24282
75050
84694
9159
73445
31133
63288
26307
24731
65033
74234
34712
79213
9607
77777
47871
23635
34955
3058
45119
31335
24153
92617
72464
60177
24588
44883
92356
76591
68788
62542
72479
52578
3755
59862
24664
35081
40244
91538
62122
18898
26814
55902
22876
44667
30838
55481
39871
63766
70065
57181
18108
37803
82356
53256
43306
59994
54499
41124
75086
44131
47168
6281
75622
78686
47657
27599
38994
30626
79460
72478
34093
93463
54284
95203
71669
76322
95231
7739
24246
9679
56919
42265
12118
70225
1316
35025
68119
60619
83369
7815
42683
24910
13524
39071
6748
36010
94895
61039
52716
93684
18078
97744
23928
84385
83654
44213
69711
83944
65758
47233
32860
2084
46612
49426
30877
49365
72507
84569
57075
59708
72649
60715
54118
58911
64562
1123
1171
54755
40558
15624
92094
55798
62680
34216
23736
51617
92004
30356
77919
30815
11766
67698
14855
59525
91074
10910
26909
75989
42986
86114
85469
66665
60311
96582
34983
16488
64152
14019
88176
31816
17635
36650
43922
37045
8138
59419
71844
87418
12673
77372
76589
79510
41296
82795
63806
39004
36339
99885
36802
95506
20273
88403
59757
31247
25192
20502
81633
64801
26340
12223
37592
41381
61515
25207
39359
45415
24530
27961
12598
28284
18591
10491
22248
21384
15592
83113
50260
32657
3229
71883
1827
50690
42063
34828
94501
87675
50945
3109
24939
10437
18818
86220
72157
93562
30374
29054
11511
67775
11991
96657
69698
71994
49080
94536
75996
71665
60707
94937
47256
34227
80651
81277
95057
63688
17569
80790
19640
96999
55179
64181
27254
80628
88483
94603
21042
11288
42517
8354
77544
30463
61170
66698
62914
16464
23985
23938
13472
74427
96914
45846
81409
34587
97121
2261
11827
62568
8475
11658
71792
60672
49247
57984
70890
89216
23396
18709
15079
19618
12516
99765
83140
8761
88163
97162
57687
13287
55618
62990
47776
94732
23810
56086
58576
82895
33571
88725
62813
84973
81551
74899
89192
78198
16953
38391
8039
24686
44646
4826
21921
36776
94606
51110
30016
95330
62326
61784
27820
71172
15596
11520
14706
39640
60475
15000
81599
30785
62686
87558
73641
48594
25350
39820
4164
59406
72059
7984
12050
43912
89191
51918
50717
89469
74854
96893
97893
26606
76391
2046
84828
30704
74667
11801
18564
17445
24414
59143
46221
34867
56815
99767
13049
24783
88466
21417
22426
60968
37174
17615
86399
71897
55529
42391
19799
4889
79148
89638
14484
29910
32677
75800
15107
4997
77548
3888
92887
63618
83302
51552
3102
39179
74729
36078
25639
2251
53810
14711
9020
9397
9916
80319
73801
31644
95589
56782
51206
96161
93526
35595
1491
56559
8534
76911
55312
56025
70784
68213
99495
80370
65795
52198
77859
90595
61290
59712
8605
26615
55026
92747
14353
57658
73728
74425
85561
38065
37490
19746
70410
57319
24483
65872
85208
30703
32866
89484
41540
5429
18161
94253
17891
47095
18454
6112
57912
34249
83577
87645
41131
5081
9279
71970
94296
54751
32690
824
12919
73780
34227
10984
20383
99824
57312
17468
93704
52499
54666
30148
39988
15196
18642
71739
65716
83006
47286
29992
82399
46468
27065
54670
29927
99964
41819
55163
5846
4372
56903
50321
17455
64077
18561
55222
80170
53068
55126
82470
12840
75353
22134
16725
36277
84214
84634
6527
52301
21366
78187
21701
96207
33284
41479
31257
1293
40011
14302
81452
918
31096
40185
32337
33253
55916
88006
5935
11245
94145
37517
84909
48241
61051
8028
58231
13001
14250
56073
54763
42123
11459
19077
12222
44068
22191
50136
30313
10390
48967
72362
1539
28287
46133
34838
22855
16360
80606
99248
25044
9153
7882
38713
11451
72281
2646
57165
79804
73370
52225
13796
89389
21847
14510
61725
79645
57463
14967
51006
39142
82230
59712
55737
51179
65846
54068
6665
33129
33225
41300
82998
23653
9048
65175
29257
27053
71305
55771
51513
62662
89517
23259
2971
31156
29050
8277
8619
69361
36698
11671
7859
75814
76622
71465
23203
27398
25475
77637
40081
23094
19708
56062
47353
70572
70683
74079
48438
95603
89042
28674
6590
96058
35575
91619
39038
21814
51941
60781
25655
54318
976
96903
66254
8097
44020
46282
52662
67880
16737
39939
45716
22213
69549
46885
94544
23115
75019
71408
89329
47140
52042
92524
16148
24464
73396
90985
34984
563
58916
97866
8186
16901
83827
58014
42376
89008
28864
21946
71649
77907
22391
74422
7540
46386
8512
89135
86977
75204
8980
72122
82980
58585
17167
19886
86819
76397
54282
27943
77653
10249
41615
80630
24100
11503
37082
73258
95513
62924
84487
8604
45737
89041
39626
38522
54059
10314
7361
74835
84890
17833
24628
72436
30623
24403
15642
97924
27169
78273
745
60472
28546
38985
61963
70057
79667
16301
99409
66445
23757
3890
5027
88689
99656
84030
39676
364
52031
26576
57747
59974
54986
95347
12481
95889
87118
35749
47211
22368
40697
57860
38888
4884
95458
9561
93330
4280
47596
62585
93088
30921
71636
8972
8901
26161
5620
71880
57956
29889
86308
40980
18281
40865
15553
67015
2675
87768
36480
83615
18715
8900
91500
67427
43630
58472
33123
20112
34483
32697
69787
89677
65666
28196
62053
58
22276
49979
30369
9597
6917
3878
46125
43309
31961
91544
71344
94341
41243
87805
92289
89389
36765
45128
46405
93409
3965
3142
75595
46665
96656
22877
28133
13586
72652
25739
16264
71861
38739
92843
80429
41731
27237
2901
91450
13228
73900
88345
59178
60720
16312
13673
38352
53071
19943
91458
63553
53225
25719
37276
720
76649
78339
42582
58146
84128
92635
60335
45914
80763
91330
38276
33230
71868
79267
66034
51616
68810
71936
5419
36622
89233
9041
37235
63026
86451
97960
6983
83779
65260
9924
81187
97065
98930
44932
62645
60181
62097
25837
88441
62453
94338
46532
29435
90390
82717
47216
10408
41658
59413
4100
17373
60050
73890
62110
51888
51907
71739
66244
83073
32556
6235
72332
95981
40405
62850
68263
39830
54993
41227
29206
80169
11010
36436
20201
26430
12644
42259
97391
65366
84076
36839
19133
53128
14030
45134
73805
70711
53387
13001
76675
81346
53900
88692
16016
49720
3094
74751
37120
10722
41204
53556
71568
37308
77738
18867
61595
68575
27064
53445
41931
63974
43857
31274
31015
30062
69977
6576
82636
34323
58746
54627
19694
38981
4070
28681
50141
10600
27296
1423
2949
78959
2153
2291
95833
16551
63639
1094
58342
18885
23450
2121
21548
47767
84703
22776
88235
48606
4024
73791
92622
95203
18251
53456
12464
24707
73428
74709
28077
15292
93497
66218
36932
910
17133
70955
61853
25354
54608
38932
87502
24268
82439
44265
63320
71975
30732
11060
8436
82226
41829
27395
63097
82853
82953
96231
2276
63650
94750
79854
32237
10736
39707
49187
99391
41710
76162
29588
84721
97511
85789
94836
99505
69860
41266
51858
98808
26961
3198
39602
84236
44616
27696
10544
19808
18524
18597
95206
91721
61605
9991
29534
43111
46170
51229
96713
82959
48916
19056
23203
89062
7010
28968
31878
96036
73591
25132
36761
42227
38396
56464
5893
50961
73977
63556
84769
136
85730
67554
99281
1219
23798
12006
98101
51324
46158
4352
75210
84588
63846
76390
16575
47583
79174
94463
80515
61413
22330
15039
13121
33916
45825
37574
92775
82400
5062
64753
59551
92315
52228
59969
8866
2675
68844
35462
64483
84220
94293
72802
54353
44011
27387
22488
2771
31226
41039
89796
41491
6428
95243
5722
76477
90814
80922
12729
77057
31454
85639
44123
60104
91998
93753
24112
15767
83043
68568
50085
58415
22090
3700
34019
93902
43505
57441
75670
28956
47276
10014
24866
66535
67066
87038
6963
70770
52741
66253
20409
82965
42798
95858
25481
26511
16501
27098
18824
37416
91513
62517
65760
43256
56688
82923
69183
54668
3293
87788
86515
26188
44898
4470
83361
92471
33430
18786
80037
27571
70377
7671
14243
40652
25612
76855
99117
40534
24410
27182
19771
52277
17940
40481
36492
24397
84343
39105
43319
22405
37612
7432
55865
50300
12495
11674
24364
62126
71030
6755
28927
93617
51493
88118
46002
89471
19232
94084
79778
68845
61720
83904
89221
34743
47033
21280
62496
12012
55860
65574
70484
38844
68700
50369
40711
64423
59256
30144
70520
25424
44075
79330
10809
19888
53370
86454
13447
33546
19012
72450
46369
8893
16614
76016
76045
45871
18184
41762
56012
79888
94159
3508
77822
82371
52560
28870
38920
43178
83148
31232
54064
14428
10808
65779
65943
55403
20140
41469
55544
77205
1047
26438
64979
91223
10320
21149
64152
54347
7226
97599
34073
39520
23735
82368
94058
11957
68149
87046
71866
10931
26785
95899
45611
94154
40834
1432
78394
22104
77739
91989
96973
35188
35513
61011
42463
81209
64766
2779
84925
14065
67446
5867
76822
71993
87878
12954
73079
21107
17392
60177
99895
68021
52751
25023
17252
23109
67512
32954
84867
52907
39681
41923
26901
88317
7293
39274
23103
4355
64017
78830
48564
92979
33073
32137
1004
55754
17369
65946
89609
20343
40834
52002
99063
79131
27694
26211
12681
12534
3664
29453
38215
78196
21157
41996
27776
99196
19241
37153
69423
17839
51871
14631
82681
96286
34169
55186
59785
39238
49910
59745
55192
83384
72735
36791
85944
38163
41044
73549
22160
58291
51850
46665
999
17289
87797
23466
84454
27829
53000
35482
30048
16731
53345
92983
16402
90957
98052
85914
67970
1075
96773
95194
50328
87478
58129
31456
41276
14409
53444
21887
26769
58223
79457
8511
96414
55637
45532
15456
43740
29453
19180
77687
24985
44656
77406
37556
29053
60680
93444
34267
8185
54674
11021
52009
66306
51530
16521
57786
88545
60444
81715
89299
8694
35777
47129
7972
2590
45435
60355
61172
4556
99981
51270
24134
59588
88796
8792
51366
10976
56619
14722
39826
54111
41349
63624
16010
85633
70156
26985
52756
77747
75674
6182
45466
88021
9055
93437
82671
75863
20401
6645
15579
95546
48091
76906
71539
34318
24454
2723
11716
97374
4183
19726
68519
58246
45115
14922
35570
81047
34905
24012
1974
64669
98187
60777
28437
22881
99559
92861
36794
42136
65896
63044
1969
64161
29924
60502
42892
88376
65915
85685
22064
29626
63052
91111
19937
10495
36203
91782
95256
34994
37002
93146
15878
16535
33028
86943
49358
2036
27803
59358
12379
90121
78124
53416
67925
65985
41193
79401
27622
4263
58689
8642
32661
7502
57387
70542
55023
56357
90915
47900
57633
51030
71843
45353
23912
4690
55279
80122
62437
90329
55853
51252
68688
50370
74389
22481
19439
44663
92861
49704
61744
94197
46937
72210
38298
31838
46056
58232
15263
20773
81018
10350
95176
68258
25551
16504
48425
77386
29405
73297
64453
6278
27907
92857
91037
94742
32151
30439
69041
27224
12050
26164
49604
59675
24492
33316
69759
23294
99061
99985
89253
51930
66068
33695
15707
702
42048
51336
26389
96147
21575
90615
57506
16274
34245
92334
22574
92350
47129
24115
84305
69244
16067
45648
3662
20287
32718
55647
16655
22104
89298
76969
1415
60098
73544
72177
63412
23378
72708
17978
42065
12934
93542
22923
43378
82093
43744
90071
75013
6914
90729
37898
64881
97691
85405
93498
58204
91604
27510
59601
53268
71577
6908
17121
40883
35961
478
47890
42608
70496
88391
86038
8209
70392
34051
14711
12971
40583
58123
59585
49957
15934
78838
98419
62893
24183
52665
39150
99848
54636
70140
96222
40749
64674
83652
97324
40936
76176
84165
64741
45631
64842
36026
62896
69151
86616
99500
7484
85974
97248
92253
60050
398
48205
61524
52658
44175
50065
20180
28179
19972
91481
36157
82392
75553
1239
644
64621
3490
35898
4703
63924
34435
64558
31225
95952
17486
60748
57353
60639
7070
96626
58280
17958
51105
66623
19598
57901
35605
55457
45621
78196
19098
45348
46672
76895
34304
75625
77946
21755
64317
50026
50299
48811
46628
17909
22535
84480
11298
28313
80998
63148
40368
85015
34168
5978
48286
13882
61094
18212
41584
29626
48943
17848
99218
14044
85525
9003
31165
84120
51126
40429
33015
64
62865
96980
19259
27076
40071
74728
69331
15070
33633
77950
62174
48880
48367
54116
76957
32401
82238
88622
12996
22794
47549
24235
10146
44590
67885
10996
24001
47832
20060
58120
32495
12591
71253
4388
80310
32886
45399
79745
6152
92103
1296
2199
95389
25121
42934
26036
8019
94512
71750
26822
98306
88962
9030
21559
90410
46461
10185
34645
46077
90903
35752
83410
78719
67165
98477
70197
93289
89041
11835
74153
38978
90858
4063
67396
40515
13805
13441
35076
22223
94728
25884
52647
19307
17773
13502
32386
18545
31847
21482
12413
15784
94817
51220
55536
63423
35484
84395
67175
19632
34981
54142
21483
26490
96088
35912
22768
17006
34928
25471
10125
45882
70015
9699
30483
46347
46679
55592
23101
69788
29729
97813
7358
49927
12127
34223
74891
4628
65845
68435
15801
10145
50217
18834
75490
99559
25781
57158
25856
68852
90479
39914
86464
1798
36749
23446
83993
69021
73979
44235
57741
67747
27161
88914
63386
44243
57287
70874
8811
89139
67885
3694
84799
47429
56597
72584
85743
35882
85570
32803
4865
23338
90135
36034
10096
74701
20911
80711
25059
75960
67824
38461
72444
62050
34915
92858
42659
66720
98833
55885
982
33741
13953
44422
83821
46895
22192
41806
64120
68458
77517
32739
47371
12887
19876
56531
21939
68297
48623
58852
82184
67679
9194
21824
11783
81477
60730
38474
86564
57531
43019
19120
64350
54219
76772
90712
84088
95914
15264
99705
8945
71415
45800
47544
48155
40588
46299
39500
37128
92310
79121
68431
7698
97845
374
69067
33746
4932
75866
65367
38295
50113
63103
26338
55833
74579
91335
30037
61356
51073
23389
2066
97433
70825
57681
53616
36122
19729
20254
9514
17744
51558
70134
77035
78792
56359
40630
80651
54024
81705
2023
43790
63059
50751
9595
19624
79536
51089
24173
58696
83392
81146
20354
63399
49936
69732
83378
98159
36164
93654
39755
96141
64950
85996
76518
60183
9194
29718
34240
55116
70222
98286
55678
73429
16727
25006
28941
68759
47565
19914
71412
29493
36678
2672
88479
80139
68913
72672
65026
32134
76412
3100
59316
48900
26016
22691
85356
45753
88760
40654
16331
3635
18096
54178
96211
72021
76755
54898
83664
75177
37812
33451
5132
67283
46118
94213
466
5377
84712
9479
71256
43044
27496
33464
41821
68173
58046
30701
44067
66070
27659
21495
65176
91272
27572
79921
40643
70029
66817
79433
53324
88273
44264
44768
59457
89401
79694
58280
49103
8375
79247
66741
41972
92788
1826
96138
40163
52503
91651
4143
65730
83656
30378
38176
77541
89431
89022
98516
96595
42142
65007
9690
87418
18715
59661
61339
49520
88370
89413
20929
80500
35499
68891
34137
69390
69889
25315
24326
89943
59229
68825
82147
90030
67988
23163
96838
4070
51360
38439
72515
50471
46708
51017
35185
65773
12716
15971
29294
88472
69942
92596
87031
65065
11288
74039
28241
93694
31616
50469
57847
33557
47554
66952
81073
9169
50393
12789
99113
99812
75234
8602
99840
93319
11857
584
14208
96980
1895
89369
92214
41564
63369
60476
10908
59856
27833
6672
74919
19807
15716
59890
8238
16847
82382
10483
86176
25167
84407
82661
11948
29040
4186
94941
900
45105
83298
86734
51217
87076
81098
61575
22767
25119
98609
29165
63753
94915
51544
22826
82961
7760
55578
46302
85191
29077
49662
551
98148
6758
85209
21102
88109
84081
76840
84065
41685
15085
49336
20713
78894
65098
18276
41092
64342
15198
75318
25780
38891
72886
98402
12096
68774
81168
73525
297
47903
1971
83970
16272
40051
82906
66143
11562
39109
50600
6258
34968
10383
97925
78495
18126
33598
36647
41028
36343
54918
58347
81805
24391
22660
66923
17648
31594
99253
3536
27345
6851
80218
56758
64695
20709
47436
78151
60427
66618
14825
42566
85262
8286
28897
9315
65878
67031
333
81452
90863
1182
4578
41597
53616
91749
7104
3327
79065
29065
27600
39373
34210
51247
88775
75489
80946
14788
2399
3696
90926
13139
85504
13308
78320
69143
14234
30455
40221
53641
83488
79858
40127
74674
53270
37615
99547
98181
10502
81025
42717
58789
46953
27866
9533
4605
56777
31530
26788
12175
1060
11295
95288
70991
26302
90403
98842
24382
90663
27278
59771
12058
72686
11033
74114
54530
20197
57015
68352
3468
71606
60356
35910
79990
62024
99992
63493
95011
78138
62183
10870
99996
91488
19062
54695
88008
73882
22764
67766
22834
95722
1937
11195
38059
16668
84193
91644
73993
58937
17442
99457
42638
112
62861
68676
87689
39108
23867
62756
96290
74087
2068
18931
21534
3887
1280
87060
71107
64574
61932
38857
35228
10849
77624
8309
64147
46470
9340
53085
70265
94256
27236
73345
71675
16773
84315
4385
27067
15474
40840
18767
2019
34394
62828
79730
23115
75611
83962
27505
24753
21116
26244
33616
32811
18095
49121
39995
12969
7272
99589
98466
57755
10196
1889
16657
70385
28683
68106
48745
92804
53634
13946
69812
83099
90191
64517
22616
25405
48715
29491
86616
29057
68203
81705
55950
83559
40687
6108
23496
75175
58013
35476
90443
7767
69333
91502
53290
38346
83967
69480
17898
39205
1108
87006
79592
76763
95796
73532
69393
18745
94363
91430
69850
40903
85060
40019
83059
28140
30999
26719
31029
16789
50158
167
59794
76562
70075
12853
26353
86927
59066
80291
52768
22569
42066
20260
36666
94876
49659
44688
44397
43528
83530
50079
54441
90816
38109
66399
46787
79619
71933
31673
52016
57682
50569
96217
31747
7982
20357
26910
54248
39167
46188
39986
17384
96649
69967
45907
3751
83109
92975
9602
54034
5251
34211
94294
83984
26033
52489
93615
8426
77293
57185
55341
57336
79004
32748
8234
68746
63130
12798
69047
4349
44626
78923
6427
13979
28765
54821
53141
5746
70860
57985
68544
34490
10288
45845
68082
19197
59432
65177
75035
10734
29998
10498
50436
99603
92024
62674
12875
52530
64192
55192
42224
64248
39059
24417
19379
43848
67906
18545
23483
55492
9917
74614
7492
50723
59248
87824
60157
35694
62757
41292
34853
56395
72710
90182
59879
58921
46507
33197
81015
67889
29552
53978
93897
49118
73899
27106
32527
28595
58980
14511
72083
27558
76348
13993
25674
8617
47705
99170
40159
99679
19761
8262
87380
44962
22070
19327
75214
82084
87358
52286
95077
14309
69026
58909
34873
37140
70423
35781
23799
81317
90351
52470
15791
64390
76852
61878
5360
91920
44128
79361
2050
2853
8340
15198
40850
44584
43300
13550
56572
81003
83505
55964
59874
45590
70845
27405
74807
50824
54500
97566
28207
28232
91894
36815
77287
59334
2351
98049
39875
96239
34243
43105
59845
11672
63721
39147
2208
1440
17657
95495
77138
72016
79458
80936
48868
32125
70302
11258
96542
67430
62280
29012
14710
53805
92092
82626
79176
81842
6664
28120
68804
54262
49142
68209
95129
45753
41664
56153
19405
20478
63013
1206
61313
63595
82822
94398
31995
21947
47700
60391
79212
19895
15056
17227
69971
57168
13181
88601
76210
8508
94214
51400
46819
38253
22275
39516
58657
51828
5446
78570
6192
71860
90962
60170
74621
6375
11721
69898
98377
97665
72706
63069
38118
35062
11430
59975
88353
44861
8505
81231
96246
62185
34991
64048
82028
82834
44713
83614
67321
8909
87781
53443
1354
49241
14468
31041
4405
43822
59599
77415
73978
98688
9021
16185
93026
17756
7158
91383
62609
90822
15127
14639
70684
13687
68164
18856
78822
41135
24194
25879
59985
72732
66486
95322
4814
86529
88997
71675
73378
84503
38417
79502
14899
46287
719
57573
42997
97579
96822
70425
3685
99090
41079
40939
82157
5554
88533
9295
20405
13263
61500
58239
62804
72661
52570
16899
38806
63586
69547
11596
16732
84656
47751
51517
28355
4705
29939
91100
69782
68210
35603
72613
12323
32344
42156
42204
49114
18198
15143
28140
19976
99698
15768
78909
57926
27377
28561
13677
47364
72179
5523
33517
52516
86304
45378
16989
96167
41661
75569
31305
27795
53621
86666
826
16703
44742
9936
38797
86860
54201
6544
20498
64677
71237
20278
42143
65628
26522
25027
85059
65934
15624
43739
64762
24751
27300
45528
57260
37732
51858
31427
24195
81036
58707
77401
64792
80075
87050
16805
6482
50370
19490
97615
35181
74821
22058
75151
88903
15812
49789
59738
53266
15595
98768
45031
56467
84611
82745
72473
17512
72946
80629
14330
15425
51249
46305
45524
50062
94816
6371
20978
44458
77139
84472
79289
71605
81400
2118
89282
22244
81466
97252
31682
99824
18687
55418
85338
43908
61952
59298
88971
75855
72137
10207
67644
68596
47293
3297
19654
85970
51034
23567
92599
47968
9250
15396
47656
14184
10813
9628
49831
92125
53736
8662
6676
16914
34629
78757
54413
21805
20936
58212
6343
97779
27207
86332
88140
91029
31910
1002
43427
90248
379
1466
81935
42939
33048
84140
41585
29450
90049
97584
95319
51913
25481
24402
9921
20524
95605
33262
23691
22249
14060
16509
2849
44455
10034
69255
61124
96281
95570
33900
62529
88205
53675
77391
62428
75506
4694
99659
89675
71640
96320
14837
60781
68739
50080
19018
71459
12405
12675
42336
87426
47941
98852
30386
46228
12320
48956
77772
6492
8485
76496
24246
89596
8193
67022
97127
70887
62102
4999
12548
33801
51523
34641
13964
25933
46895
93981
85638
49947
36489
68654
21082
7567
32462
39400
4274
40525
18780
33623
48890
84362
72767
35674
10135
59701
91973
75472
39238
12502
32624
88251
55954
92823
61405
49483
10354
30029
91376
12666
18349
1497
48819
97309
40149
47245
14556
30539
50523
70639
16587
87101
37524
511
65445
48877
65897
80538
99333
48435
43466
14372
17022
5120
67425
17343
99932
83549
22589
51688
14312
79473
87415
66853
73638
74232
49637
65150
29606
21545
14588
99211
22582
1953
9838
39235
91844
46256
89747
81576
41245
46940
16419
89256
65921
85773
78760
31066
40483
92613
78764
72420
81547
40776
59317
94998
81662
60979
96860
71655
58242
49871
45700
99848
56363
96379
989
48436
78685
81767
37122
10704
9637
93302
56802
29914
20213
74387
62527
25842
55804
81942
1253
35883
52043
70018
54762
35918
68339
27807
90346
96038
99908
23831
13773
17396
33147
9016
7347
84932
6579
96656
63312
48655
38846
11583
40328
27268
18120
1050
58257
90844
1041
90221
5285
80200
33766
27776
3718
65101
62814
47131
79229
43319
53872
71823
98875
46097
79925
55746
48377
99997
19913
1163
10022
7066
10356
7171
98505
86282
9040
75231
91067
79615
51511
28939
33774
85431
30549
97195
76685
36336
22200
29163
85041
7355
81516
28362
13312
384
55232
3986
38766
46330
99971
68831
7847
13723
49033
20023
92088
70304
81917
34210
7686
83501
43857
72939
9116
72185
27135
76742
94293
40904
11603
48062
87477
24745
65055
50979
10534
53850
79084
68196
33219
81899
30880
72321
89133
43735
80179
97504
97006
30518
19653
8808
67594
3107
18613
15759
12269
46310
60754
71763
39720
63490
40377
95022
76778
39219
66300
69083
20377
92467
45987
66561
93085
88805
87314
3846
97716
33934
74593
82214
88274
60605
26846
42770
19219
88753
16590
36252
68606
37115
77882
4446
74845
20449
28744
99288
32019
38905
48876
9675
66405
67317
50312
13397
79953
79728
9279
7944
45107
32694
14918
90321
58681
45693
72491
13761
27490
47769
67978
43166
23282
75041
15587
67783
93324
42380
95966
9433
36971
88163
68019
94144
77381
97717
60355
69507
88470
81721
23965
95036
41786
77994
64506
68890
42781
40002
61494
67058
42146
43694
81229
43800
40489
44695
39002
74574
33717
80729
50390
43959
92213
82705
27806
97931
54947
44995
39189
24382
12770
79124
90797
48477
86626
38617
40805
50636
55992
73168
21434
16021
121
89888
77531
31385
42759
58830
85536
96564
59404
59364
30223
44589
20125
76659
79062
90090
93112
440
16654
14053
15095
18257
84443
28566
31702
6326
87140
89410
26022
41846
88043
57064
80227
30052
58574
77240
28257
1017
39116
32577
48720
1973
33717
16609
32956
92537
74162
83111
93322
23546
74843
53107
69155
48343
90303
72390
4601
16486
16201
5834
25266
85645
23678
27136
94426
3491
85410
81075
15397
44724
43191
45598
56495
67271
52343
10166
63744
5381
99
15811
10624
34821
14063
5390
18910
96974
87834
81162
57689
8491
60601
89352
79790
60111
65454
16326
57001
79893
72822
51260
88604
49677
64805
59841
36104
59708
67671
47598
92993
78893
78266
82142
482
28994
48936
71706
13140
55448
75752
701
70863
82206
74566
3111
76071
48670
32209
12447
17946
87662
59806
32450
71681
46542
35474
67310
97225
88824
96519
9722
7490
71094
92008
25447
36227
41319
21779
2563
30299
44204
92515
28776
51339
39156
93939
25474
7166
35412
44432
89012
4771
40256
32936
81200
54843
15107
75045
53843
11682
10094
37574
87737
41274
48230
12755
39993
45071
79212
11656
72115
10465
6863
19201
48156
12759
99453
98488
47954
61723
47947
25511
27731
93820
10073
63262
39750
60049
64240
66867
21680
86820
64507
29932
60789
78208
78681
337
96009
5070
42260
98940
9920
55706
44453
73826
29636
66359
62447
45747
75782
33053
61682
20797
60760
7934
81563
98089
94657
97546
4958
75383
95869
28361
42419
98400
50098
21421
24715
83238
95533
14607
33180
29184
58132
25737
83421
71915
47938
15046
67313
52318
18115
42032
23271
77086
38536
38916
30801
69985
30707
13477
22030
90379
94947
36798
49855
50644
22440
49811
63931
9821
81332
82200
46264
89405
14152
863
11023
38452
6758
4295
2626
93853
33123
74309
60058
22476
17618
53795
79326
32004
79887
60212
43692
13054
87615
73867
3813
71525
43024
97675
98991
54334
85297
54189
7217
87721
23542
78908
87371
57632
93215
37649
80516
45928
92572
77864
20192
82982
2566
57655
70347
26684
45259
29519
5775
15235
4885
18538
57570
1937
1133
88515
47128
17930
52079
78408
18606
3995
6679
23234
25264
88231
63992
22156
33421
46596
66396
15382
18231
5035
81586
32568
26554
20882
4219
28037
40752
78715
37096
18409
61767
93925
61663
36394
72759
79880
88966
6312
95555
10299
54116
7130
76331
58348
4747
81467
78990
75918
31708
94383
81851
35271
40167
25003
97856
37025
46828
55345
86454
28959
71210
61878
41320
62175
52109
16114
48019
78920
63061
45129
68909
84135
3557
74088
36961
6669
80703
90844
52354
85420
21782
26436
72676
19427
47340
40201
32609
64178
8097
3909
60408
46072
83466
29261
64925
44858
86345
87598
38863
97136
27132
63712
40209
10405
11797
48120
13226
48501
14732
9995
23681
96926
75202
73121
53787
93223
38426
38423
81825
96413
14871
30076
9689
68198
30591
89555
78767
74306
5109
67781
49320
57026
13802
14899
59523
54523
13450
18216
66260
6121
89473
5727
59339
39949
99661
5470
72377
67813
43178
78590
17454
5522
51083
5195
36860
67172
44989
70253
80542
22565
77504
16442
78608
32939
70470
55883
16317
55119
85057
38725
65588
90201
52020
55568
55353
47877
26631
59541
54576
54349
36036
18251
42085
73257
51178
6287
80581
19117
8216
95732
3973
47142
78447
82247
17572
20656
92037
62805
4874
74617
91013
39584
83924
37507
23017
13294
69533
36928
82274
99624
42027
52119
25971
10478
12414
22630
57036
76941
10718
73906
5884
49677
62226
64260
15052
28902
87847
82786
96731
82590
33869
30422
81357
68571
9883
53046
30406
26095
77691
61721
98498
9384
56630
3010
78210
44586
85553
17512
47274
89793
78091
81875
92043
56222
64291
30213
44508
51698
21468
34532
93986
55770
94837
98844
61414
89595
4662
4057
6498
96559
60842
36434
22774
13013
23841
42619
47830
74874
84334
33154
84876
56157
80653
70106
44404
91745
5925
93401
99037
15260
43705
87453
58874
88222
70500
92016
66444
35211
45307
28570
73739
91801
26522
49027
35727
99778
88204
56623
64820
48165
43399
19489
75270
43300
49466
81994
43616
43435
39148
84585
13013
13175
91345
20016
42743
19401
48890
85125
83185
37463
52544
25791
51437
57886
81132
11101
82963
96887
91108
46079
70920
49194
68661
61218
62695
26032
79673
25453
82430
45901
25346
9837
98099
12399
72078
50004
95702
71878
67886
91124
95260
3307
30136
27365
84929
2627
62839
6031
11685
47353
44628
29257
25043
44092
33958
29415
39029
57571
87725
78666
78297
53395
41809
94775
67571
77537
70923
89664
87441
3053
59435
77241
21515
67701
82414
35167
90967
49451
37428
75903
49037
72689
72001
7381
66172
15176
17763
46146
49089
13090
44882
34735
12235
88318
80890
95435
59097
54748
6739
61323
37107
93562
24345
76707
94534
53420
69234
94640
44540
65892
99730
75219
17276
94326
99808
48291
47365
25637
33107
9392
36615
2140
53441
19609
34923
33828
42675
17859
35563
71982
58560
15239
29376
75115
92701
85223
41043
53358
48010
21841
5896
54020
74095
59326
21544
23461
51245
27498
56174
70231
77870
32164
18446
92681
2973
7345
39286
6005
62439
5603
98899
76576
9162
54670
87741
45364
32241
11562
16770
42885
10420
70039
28267
77083
43424
19164
66300
51117
25819
39677
22271
85341
42740
68816
36812
51277
53728
26302
69204
15681
46133
18359
21450
37703
80783
25866
7543
26357
46073
69122
85940
50907
98921
94077
64287
10292
65277
52853
99661
51252
50879
5659
75843
23058
98316
69020
76105
77856
19167
19828
55885
62905
42571
56558
45889
58589
11476
87841
18914
48476
34272
11429
58575
33859
81982
75917
61962
24597
73032
79260
92810
57255
60392
55416
9143
50967
60748
73029
22103
43596
41734
94987
69862
24783
23905
16457
28540
77486
38094
5705
77852
52081
97693
6301
58193
82865
69349
76606
78769
38901
99872
97749
28609
5693
6352
81398
28718
70976
90647
73093
87924
39979
24974
37202
15195
52552
24658
66741
1897
25014
72133
49741
11933
43686
26284
81661
98102
66682
54056
54360
56066
94116
83437
99368
32657
34379
3314
48498
52756
3919
60602
37262
27245
47626
87451
68297
16947
8786
78552
12241
43114
60363
49526
46585
62140
61788
33981
62707
12584
36650
14718
67610
66053
30736
32892
8237
78961
87031
83942
26406
83504
35081
72123
61101
56239
32579
22992
77693
235
11173
96109
73510
89493
50724
80276
41541
36647
84047
24347
94347
75503
16299
42579
97573
23073
86712
13287
65152
31632
92745
76283
79976
8836
94916
36718
79659
88761
51733
7439
44846
15798
77474
36558
27969
86474
28055
34614
15498
64307
72053
93271
80846
35535
14993
65519
32213
24641
23167
99683
59235
72715
48535
19971
83254
23651
54124
97723
77437
8428
87751
14004
85894
92214
58386
27229
18127
95267
34787
39031
24584
65282
17804
16769
90350
69196
59336
53743
953
11015
83509
25532
19552
8027
68179
34570
11740
48763
96249
31768
26652
98702
50033
69912
80691
6524
37746
67319
68866
33744
41749
35807
36851
99144
71429
15590
63455
74683
10171
31190
58831
85131
63068
83061
40342
24297
48745
68537
255
1718
66391
63710
34496
29899
52232
87630
60849
49447
73162
23299
47689
73877
28869
76460
55236
35310
16692
67081
21824
16650
78935
83378
95804
53014
40496
71664
6915
69029
28028
32373
85971
10982
57218
82464
64493
52652
67732
45696
99186
78377
21711
7547
26184
51668
71970
11112
465
11224
74531
73440
95483
54206
91833
56747
54044
35757
51383
78097
32862
14767
63987
10620
70267
54941
19307
47832
36886
48865
2719
40342
84049
77087
77371
16818
72647
86770
39811
87835
32170
57020
67837
46705
99850
63390
73983
94623
70088
85052
11913
62632
71840
36116
91876
91423
16497
77558
38635
66477
42524
93210
69689
24652
77461
36992
94771
92396
58613
32952
9473
86757
3662
16745
6713
34410
9698
36322
55275
52773
89567
82793
23582
78153
61408
51082
27767
79948
8334
35544
40551
69793
63655
4119
78299
76825
5743
22821
44265
58241
41971
55138
26682
887
77392
66259
27342
19927
83534
51287
28649
80680
56792
52295
99408
75149
45547
44934
36135
83418
23840
39883
95609
60834
86445
19964
20514
68833
37460
56204
96598
62212
92569
21338
61954
21915
90150
74649
66559
40209
19703
63008
13793
28010
66184
80789
4975
43457
95927
70030
35732
28677
80139
20004
39999
87227
7621
39435
567
15776
94322
31284
84972
58481
83778
36719
42672
80150
150
87801
74481
33827
61946
79925
36459
51041
24265
4931
35318
52989
19991
85320
8850
32505
21964
60188
92506
80837
52802
18412
82254
61366
32890
4944
65165
29807
22084
20615
102
72364
90144
86356
9037
76153
84614
24991
98811
19732
1422
74554
70346
91216
68550
18983
21607
11096
75783
92427
62941
20072
78535
89834
70474
62793
30205
94933
6284
81786
23835
75049
7849
67764
40054
36319
49330
35221
83860
41160
92357
92939
89569
16809
46480
20307
92227
82763
8849
60251
65778
57532
82166
10457
42434
49820
75571
87755
29996
43029
46060
75701
34464
20732
91424
6354
73815
61215
56986
10947
36965
86431
37694
78875
21407
19151
4603
73614
93094
4596
37434
51915
44700
76644
20334
2161
39823
39528
38730
51309
98742
81749
13904
34095
84182
45459
93350
49750
37648
48841
69018
96571
48976
22788
21170
7534
18457
30352
22281
15489
69066
89986
58745
68962
64129
70230
83531
89892
49260
92459
46495
13092
61789
62976
7968
12219
13198
47028
57442
18429
78948
22732
17545
30730
71628
13678
49963
75579
85647
45134
68299
42877
39723
50214
21866
52514
26476
95858
78483
9206
33993
24575
82712
22357
45926
80366
2533
84701
74122
71145
57026
63842
9672
95607
7035
1362
43333
84458
57671
65844
91893
27775
45192
97117
92055
48874
66886
23654
99649
73197
67761
92427
51785
65813
87107
61496
60458
96509
13436
72939
59750
19496
78549
27877
72097
5934
38407
81170
68515
22035
44207
63193
97362
62141
4384
56075
23150
83390
30882
24071
62680
80480
70772
62623
28728
15246
69042
17414
17449
48246
47186
97924
55748
17567
68435
86266
3968
84498
9891
36968
2151
15552
53083
98135
21814
540
78643
75123
53183
16290
10197
62725
67178
32020
83614
99237
40756
68988
84402
51923
31005
4160
64028
37646
43665
3199
64482
80799
99721
3173
87746
39751
98470
91642
10990
31957
40356
59317
24094
43282
66603
75263
59841
20563
65766
76406
51279
49610
54618
39161
75148
68915
69261
71477
25028
49599
2411
9587
33956
6272
26380
11422
5506
84218
74910
71364
3720
5045
28165
53922
8648
83283
4413
72487
7739
58286
51793
5246
64005
13294
76185
95397
3733
46954
199
18649
5083
28159
13372
91710
24288
59189
66988
81227
82039
87626
63533
54707
65485
50877
54754
73409
29693
71056
72741
96974
20883
16210
37262
54468
72328
50431
18128
29697
59896
32628
52677
86601
55851
70636
18124
18789
99364
24110
17554
18080
38283
66440
21671
65572
57356
33044
55636
16190
83509
60075
16490
81144
87221
98791
33791
37365
18828
16383
49238
43050
63782
66488
25040
28511
34335
84351
49576
44919
3627
5174
99931
69002
94971
81251
18786
51557
57859
49692
81393
31743
74934
7828
48775
40642
43187
40393
97711
8466
54921
61500
97888
11337
44436
4591
51930
31686
87836
49534
62733
66200
16060
9247
69208
55431
39356
53306
39153
44529
42779
74569
90042
66002
52005
99450
94068
25536
12752
92104
74073
55016
84273
40417
5591
55874
31776
69681
57651
73533
92841
32641
15213
99336
32740
53837
76163
20794
98588
56516
53144
62682
75792
36418
53798
77422
82572
69716
15241
58761
59849
45416
95862
21074
85452
44685
69346
90725
98041
1741
79766
61205
76459
53656
86072
17931
21303
66963
10664
62490
65141
98661
96958
80463
32240
76484
92418
36977
12798
9357
22242
38735
94318
94151
20722
16716
42464
11491
18820
23388
65705
57112
80941
40405
1767
7031
95959
71419
81765
13117
59524
50326
30831
51767
56961
82361
9758
85645
33877
8142
47109
34920
36747
15763
42855
18420
40383
1015
97432
48356
51695
34025
76906
50248
86528
47915
9836
79196
50627
61129
27075
89940
10392
33236
37153
37448
89224
59793
77399
24872
9494
29063
44466
94500
61603
61542
35875
60655
99976
66230
61905
21546
93060
76039
62444
12155
57590
54869
35690
57122
41685
94859
80969
3168
80225
21408
67090
26905
33563
50128
18111
55155
68890
9646
91321
15390
70430
14470
48315
58058
12917
9594
13182
8573
94225
24113
51192
23609
12070
58762
78770
41056
79011
44856
57001
79342
88462
66891
76852
34069
75642
75059
3517
4698
42893
45259
96993
7562
55101
89698
64121
93045
8760
44234
99641
35705
92633
8402
9094
75426
47234
49544
36520
69541
6142
38366
13220
48489
89380
12214
20022
60899
13823
414
92397
31205
14752
8742
77242
40854
32797
86930
55861
12073
69686
88423
79257
30929
37930
43387
70809
80540
87138
70119
68102
13482
59329
98815
77656
13027
43322
55417
43140
56219
9944
44612
12045
18244
57384
74751
77404
13548
1786
78985
99967
53218
49676
95491
52924
84255
88265
12321
35782
83762
85545
82760
15848
57770
26677
58226
72105
67038
68038
69745
88084
90038
13932
86450
72505
21793
46591
98201
21191
39041
3423
25109
79918
77950
46322
5005
34889
24111
82978
9517
53651
20997
64841
19440
15068
99189
34672
77412
89663
36478
43217
29739
16025
43931
54573
54411
40566
70103
24652
86472
26499
62506
92438
91366
57676
89140
22413
70580
44827
98969
47631
81655
79868
88329
38873
2568
29620
3993
51543
70871
99902
8571
33645
49641
35751
13412
42349
52699
44848
65479
8934
14958
97344
23816
4532
26001
60610
95046
56819
68689
93703
703
65296
20694
81230
89397
52060
60821
60190
36830
58565
16959
13898
94008
67707
45815
48307
49824
32382
78473
80258
24286
23691
64793
66884
94772
5626
84522
53105
71056
87354
77262
85321
99023
22885
79428
68761
27693
50905
11102
83566
97
47899
31829
91969
95166
80425
20650
52818
90257
76132
41640
59407
89852
10072
70800
8126
67159
54122
38778
61112
77405
37612
17269
90857
83874
45283
42038
35382
16952
25440
2159
89555
65813
78352
31647
68011
91505
29809
18380
67513
9768
74695
57710
78387
35770
99941
62910
60559
86141
33045
76704
54282
93738
59195
65122
12695
40980
56410
32960
76703
71241
77521
22408
20142
55354
69076
3403
35917
14511
71264
57064
21486
6735
22881
59257
49354
11956
43524
74180
896
68559
47127
99987
55506
97756
44282
25613
48377
23997
43107
97542
60208
48274
50280
82618
45966
20837
10679
61284
37265
98182
78839
98881
94015
29550
8376
90952
37022
96428
24076
85019
2989
80079
97226
89433
987
24932
96004
35386
3984
46555
24497
50672
31459
30711
56691
73981
32947
50567
54335
59998
35607
5454
16851
75463
81639
32233
17551
21939
28063
5285
26986
42315
69848
73397
30922
65128
90893
74390
76068
55622
507
18936
58946
38139
93537
26845
55416
61169
40341
36393
51707
96350
8491
38090
32198
66416
9666
55921
95166
72674
59463
35020
418
84762
7514
70251
32070
93638
4354
18576
12891
59129
15003
18038
66843
27952
63870
11792
73891
86382
38991
13408
53792
36127
19300
2504
20882
10331
56334
64552
27728
69603
12605
61401
12238
40472
34861
75006
4145
22733
86486
30996
89402
33551
21774
18581
63888
40691
57426
33196
979
76588
2969
53091
58248
70030
76645
59451
74208
84383
75161
14484
33396
41140
9783
98475
63217
3069
99889
6471
77693
74954
88549
2670
37202
64424
51011
87737
28252
73736
83805
50670
84954
12796
54920
46538
60157
13142
41315
54667
65563
18612
23788
97344
17610
57425
10874
44612
73036
2057
17144
74647
92175
16495
1266
58206
95317
88161
88938
95365
25109
97925
65661
24379
36365
64316
66668
11423
24453
20490
72006
33035
18163
20467
60442
40253
77306
34446
26479
62523
96928
57013
12443
77538
82965
62563
77930
2363
95339
43507
1386
70663
88994
7867
85065
71020
97942
1455
883
13364
45819
20565
90655
16627
39316
82601
18743
39409
60237
77887
79987
14374
28982
88463
79887
97269
60722
3899
70064
50996
1385
19560
8133
70044
66567
87576
87920
49798
3623
32380
72183
42578
87293
5039
77348
34866
5689
1047
89602
54358
4789
96275
13393
92783
82707
51965
30617
79815
6717
83479
4434
31223
15057
50794
93137
25608
59650
89180
35630
83220
91284
1562
8525
39808
15930
75567
6509
19054
62868
14850
62580
506
79075
27329
63853
19636
34016
83374
77802
17868
10383
38391
25343
21257
59838
48864
78806
25559
42300
14588
6619
87352
97250
76430
64830
77463
40768
13877
99678
24699
73186
23265
18059
21540
51085
46283
85524
28374
37301
22926
74170
68047
9075
98781
74568
23901
72628
82004
36543
69401
97895
40219
14299
98242
61541
93120
38410
14462
18199
25962
11841
1691
1541
28348
24012
14818
76793
67451
60974
45125
48413
15515
27780
97896
50492
80308
94153
11270
8071
31883
5270
58675
63886
98535
21242
55872
37871
1893
54575
84631
86446
98213
18077
79233
72295
98962
12998
94258
44462
92285
73814
93758
20720
74202
46313
4999
42006
36130
73974
67994
2453
36004
83368
20273
60989
82476
14051
15629
61010
15982
11857
6960
27054
50917
66040
39155
13
23738
81397
27958
21231
50303
30855
66276
97758
62255
67844
91337
70282
95111
23951
80124
3093
58662
83519
49474
76783
26287
83687
13245
69927
10413
28484
83876
1099
10745
57468
2954
37934
7307
1106
59986
46299
66301
95280
23140
26002
9133
22099
19151
69552
90974
97270
65394
79712
99478
52421
37335
16640
28473
10365
19391
78852
97063
98009
60920
64897
38225
72795
2539
83424
48301
60507
69600
46620
86839
76920
1853
16643
25683
66741
47003
32578
22056
92480
81591
26748
6417
85800
84845
29555
33255
35403
52203
10791
606
47605
64055
93587
6076
69473
87331
35411
8088
14751
91373
89310
32253
60570
9030
48853
16707
84476
7909
82530
57684
40717
20433
68643
55298
5340
62875
37239
86706
39548
30752
96709
17809
90140
55388
13475
33317
56022
13262
85659
35713
87280
77286
14942
48196
13187
86992
10029
8663
76929
84672
37241
95694
65216
87359
70951
34366
15634
13649
54892
99506
19135
55644
78890
73114
2036
92352
26943
39973
17736
3780
32924
85113
20800
77870
64241
12137
55683
18480
225
16442
8936
63193
6109
1313
66383
45298
6787
32782
58167
10638
34498
59945
80378
7126
66422
6198
83455
2863
85189
86351
51868
66932
3499
59654
16830
82011
89581
10873
39238
78580
93555
42555
93248
70053
77252
88845
9092
59288
82729
1594
65199
25328
65988
19268
74408
31232
1710
63041
99268
12827
45109
16760
95635
60722
30829
63322
49523
20897
95889
64692
38294
71375
64405
2621
28715
53843
65037
5865
23442
65920
46230
96278
9772
33068
64409
71997
74428
88114
68629
31969
89259
68874
52692
48356
79110
14607
50908
25696
84981
7351
69742
93003
26388
93341
31797
91384
83297
39421
35028
868
97643
23998
40502
31362
33388
12168
4965
40416
67703
2340
36382
56737
44144
36355
38765
39210
64766
93082
56148
1358
45211
86772
95953
89752
67609
4178
72973
63763
35584
5651
89437
92608
83810
88332
18474
38291
55156
74612
1108
84918
14258
97642
986
3015
19383
32661
39884
63006
52929
23609
70725
6840
42273
66142
41418
78760
18966
10652
43087
95350
57197
80639
96498
57126
42602
78421
76906
92843
83751
29863
78414
14786
88454
25182
45502
5701
40499
62606
41862
45803
23134
96673
99654
46950
23963
11914
43703
45284
57964
72629
84941
92943
46088
27292
1171
63400
4996
423
77728
13273
18898
29278
51576
54421
77969
88379
59787
89273
79767
87848
34652
25844
24578
88912
23673
33442
39440
40933
86991
36831
23027
8158
50728
93092
25263
97155
53111
91263
43090
44629
35085
98873
81968
56580
88562
10035
37813
66544
27214
3281
50472
90301
37717
21591
85353
39642
97449
22028
95009
26596
15228
53252
27701
81595
79061
90009
14335
18803
91131
76249
56107
61358
34195
5303
63844
71003
82421
36802
12806
14173
48764
982
29417
83751
75096
87295
40401
25715
44928
95876
65690
20897
11062
47489
15138
78832
21611
28642
93465
95140
13679
76295
79337
19608
79656
30826
61531
55579
43638
90705
69012
98910
7055
71140
42130
20002
77722
6642
53786
74655
69487
14332
31291
30293
71778
46085
64516
74287
79182
64286
59971
45400
17922
62843
60204
78207
43507
90382
56174
53993
46174
76505
40815
99226
56473
61779
1176
39178
86241
33858
66313
98993
89206
56789
49978
25088
11795
93309
33259
20626
20725
90713
57360
28301
74479
45521
46556
49849
81569
3220
3246
54829
92223
87777
44741
38062
34393
59785
71317
8677
52757
78278
34184
15487
63223
821
30525
81589
66110
18112
7227
36388
85579
93750
71694
32714
84171
23203
7604
69589
2861
91412
24090
66525
4844
67114
87751
48066
60544
60574
58163
39887
41082
71874
67961
28659
19969
62113
29118
67593
61347
65138
27780
44343
57379
16502
71252
90842
94671
57035
82042
10311
74864
56286
86591
41862
29249
38405
32287
68070
12703
27080
74762
9842
77935
85651
60562
27305
69643
35916
1088
66328
97447
1189
24566
84795
56536
75635
20590
60435
65280
58833
72846
75801
78209
53534
59690
71758
66926
17522
97819
52727
43127
94415
51026
70863
43760
54157
95169
2454
73789
95124
37442
45409
51354
12207
62685
49702
65943
26665
18911
38083
27376
82829
67564
15224
45440
72201
86330
59575
24413
20356
16847
44
64809
14158
86339
28657
69667
69678
98128
49578
81106
72596
44542
6625
15819
31430
12976
9004
85203
72200
14971
7202
91298
43049
6451
34897
94930
94441
69444
31360
19818
54273
70552
52821
37595
30467
29335
27880
65449
55303
94373
76569
69087
98664
19050
93563
74327
23703
78212
6572
13540
33015
35933
44433
56952
14742
25116
30759
84125
69041
44435
2082
69626
96809
57630
37477
48998
45452
41311
66947
98255
35622
68935
94972
85431
70392
6835
17943
74704
81051
61958
70473
76023
99257
52942
37768
84242
61668
46117
7787
44023
90857
43502
35751
52542
51308
29934
57779
42694
25151
45800
71937
85206
51803
36170
75586
98222
2487
2052
18770
99283
84343
8639
9474
25840
33307
57789
54317
16005
75689
25229
95468
84224
52443
55842
25144
67717
64713
10154
5554
18521
80061
51250
66993
93311
47165
69537
16187
30235
80997
21454
53749
59354
41087
70245
9934
98865
22740
89317
59885
18816
97150
91846
27177
67412
20904
5975
68413
46424
76721
31482
43571
73207
51993
27937
41988
72915
5881
17546
80734
61133
80841
51473
54703
46894
61601
5820
73848
37987
81914
12925
90240
70224
63118
22844
43403
91529
20446
17066
3516
79223
33174
20188
77035
3777
4790
92452
85527
46843
59338
27382
34324
79113
91090
45485
17823
17387
65512
56506
95908
97747
1679
92445
52328
71776
29737
70553
28807
1164
83784
82616
26581
18160
33763
66889
31984
20420
73286
64108
55426
67423
9388
4527
62724
97918
71387
85931
98344
8355
54903
40716
95157
47821
98873
17411
76302
88059
9851
97603
78164
15501
80822
95546
91080
80970
99973
85729
91904
53266
8365
64173
84472
14629
97549
9395
59322
73137
92708
69867
79171
20732
11515
70216
99746
65793
91525
28695
44542
20956
34115
87462
50772
55119
34001
45806
5784
75998
73182
80490
85885
90830
85234
74875
60235
28460
32601
34187
99170
57931
89725
11239
48103
58436
62759
40903
90341
78565
12355
9565
72767
18887
24750
76954
98068
99376
51991
38469
23505
54041
16042
91406
45583
17629
40780
9456
88887
6817
92592
75412
12477
55493
64954
4110
83006
46352
42013
9942
74176
88245
3708
18993
4560
95529
34066
10811
43613
25369
11952
12211
462
1321
81324
91621
68354
33210
38456
61218
18312
36788
83738
67247
75672
44103
22699
9682
83348
29721
61728
77792
40976
64251
47570
56640
86639
32904
38581
38913
21127
77394
28792
95665
14023
48123
49507
89521
82453
68942
41840
20322
61956
38170
14815
23047
34926
80653
757
15663
69911
68527
80827
21785
31333
19499
50755
86255
14509
55348
16747
68264
59886
80088
66606
3268
84414
21080
91902
87150
8151
47301
69159
31512
65449
12376
99184
98638
55483
58249
42611
41981
14413
62771
3196
11292
604
45129
61387
80819
18029
98156
22605
52485
18603
94321
58233
11584
17241
92772
40836
25694
44198
88715
30658
79159
81572
22387
87944
67147
10576
77552
47007
40079
86273
30927
21952
67241
38777
13883
30309
48273
52154
22042
20742
23907
85352
37789
20739
52368
30033
65651
54868
62469
48525
65466
3611
27597
89487
3994
75539
38196
82266
70007
439
4767
25570
85459
3501
93418
5730
62831
77802
11967
15548
25625
4817
46185
91838
43853
85111
30832
56243
12411
12823
14248
33946
58870
30169
17803
14695
15195
63632
84669
77772
91678
83310
45257
99922
27960
74573
87733
1534
54451
11756
43530
58760
77908
646
92641
8031
37193
54266
90264
55866
82693
92458
17134
82134
41440
16469
23325
27735
51614
10057
19112
86828
71650
26425
14508
35767
38168
95844
14047
90705
54200
29568
39176
28308
73189
15160
29433
16928
53875
14176
14117
43633
60278
74660
91518
5622
29176
3864
39120
2952
9172
20682
6618
54901
6006
37461
53260
12697
21781
51066
52014
65949
2777
62370
72838
8161
63400
41133
80663
85428
77021
89552
97839
94930
8343
45136
41664
34699
17250
51358
40829
5654
25487
88848
52901
33287
81254
81091
30407
48425
89131
92221
95534
96953
83620
17029
37491
88669
38789
32766
14535
44201
7026
61309
84525
80670
38589
60407
21311
31592
85170
21267
4523
99077
48738
63180
73648
62290
43418
42405
7592
82393
53628
53920
52493
61075
8203
9561
57999
20189
54055
3710
23813
66592
34964
10660
11427
19560
42690
9950
15986
34161
25391
60902
65217
8254
19622
79474
84989
97304
95166
53028
27528
92929
63484
37829
37846
24666
50107
12676
2149
50239
29395
2699
71067
22933
42661
38689
40997
39704
66514
84956
41658
98954
37108
7843
7774
62417
72490
79773
83949
57882
4876
64421
33567
59531
558
71854
42847
28709
95010
17144
58241
35403
22267
91287
63300
43624
51055
64638
97402
3898
46012
24335
79721
53288
15435
6244
19012
19765
69747
43286
26459
77412
31232
42518
97121
70100
35725
75741
63334
47295
35658
52590
65610
23427
33147
26441
88761
71979
65092
77824
91225
19402
16192
12117
68531
60703
50577
77229
30596
46206
41847
8129
15369
28130
41902
311
88088
65571
67012
57196
12987
45305
47353
89760
13778
14813
39851
69855
28940
26523
7488
63024
19473
29784
62955
55687
56811
78669
76975
35325
74220
10777
96056
8268
40537
27595
24138
82770
52944
93348
68483
15141
96043
37140
42286
83101
67795
35890
23737
65866
40767
88744
67545
69416
11989
17107
84663
54376
98103
37945
4885
59472
44390
4217
28740
57384
36248
53456
70714
58463
65595
77574
66954
71703
7493
94143
38106
6496
76501
91517
44806
53259
77001
50011
21605
55803
91500
29660
24120
16516
69167
84871
83387
43249
83958
88339
41848
38088
28902
77346
68276
31051
48124
79330
56845
2921
64260
93470
54488
20867
92756
61080
57839
91806
94951
84231
75136
41203
53054
47941
67428
81293
69849
80568
65293
80718
7952
74946
86715
99129
77658
7728
84800
5251
59743
89751
75063
92767
34721
33635
62457
72554
65145
3735
26129
40999
52592
3486
59499
12955
94412
12598
44563
92291
87512
48587
88050
39671
60360
67944
72355
95393
68352
84013
95163
78531
33632
78195
44490
82835
33247
49193
49135
84727
99526
53956
9591
664
34584
31688
18802
12660
32941
21592
92936
38025
59604
47313
51310
19656
11477
62260
11708
10555
38973
47201
15409
37142
35144
22007
74634
63647
56503
17773
87178
14327
99237
66492
29423
28132
98314
87721
37401
19992
44884
40152
99298
67291
72064
11480
4841
17021
1388
29503
17078
57269
34635
37440
24031
45028
59312
9103
1178
97283
90954
50862
71766
55583
65806
37878
42436
88479
37772
31809
42536
3327
98466
66202
52288
9621
38476
25109
77989
89768
96598
35844
13576
2860
29738
20626
2236
22375
10515
29183
55658
90408
26669
55085
5087
6622
42504
83333
38793
45497
72970
52627
29821
88100
86638
59141
21943
90419
25950
69375
3962
56057
21084
84182
98312
15835
37666
44191
37872
71603
7968
83225
7994
68500
49302
49336
21507
69901
83038
86195
54272
2690
28786
60941
56811
62986
58479
33210
15943
40231
15967
63528
17791
36611
58069
62643
34585
17338
55108
48400
97182
88650
99485
76612
63501
75128
40452
13533
53580
90965
31937
71240
4802
1507
45225
73241
7852
83496
88591
84978
84313
68945
92485
99518
1272
67154
5189
48718
94364
91891
1555
87312
51833
33253
51233
73504
47834
8275
84247
52380
13040
45982
22063
45863
51666
37492
5451
66892
5374
92895
10209
92841
19036
85455
35888
1130
146
1782
84712
9166
88536
29001
94665
69331
32139
18768
3599
6861
14064
65016
98659
34571
66862
6499
26787
95546
94994
37428
12558
35696
91318
93016
73840
85318
32494
21390
31232
66219
32642
41481
41678
69673
18501
98585
49280
94301
17516
21589
43020
77105
24603
704
76388
98661
6044
89047
63263
88691
63913
54185
9020
85336
1169
83
2007
75061
7042
41017
39486
12429
44663
2245
21168
89451
48049
23119
22402
97391
17609
11643
3474
25218
36015
20722
24357
23664
75432
80500
98393
36953
22600
44700
87720
22777
91674
75365
38517
89505
34108
65954
38555
48372
29609
78509
29603
44680
61705
48275
9344
45068
12562
41778
86821
13870
34668
95266
74629
51798
74331
53513
62178
49188
22227
59461
9499
69213
30604
7057
35832
5897
20498
92320
52199
83734
38237
57762
85261
39034
98619
17312
89379
32381
57106
60982
73203
57408
78726
73073
48308
86809
19355
14274
19512
57905
62039
4421
71245
91315
81369
41117
54912
70296
37368
22102
81216
29461
61036
84711
24811
20262
72411
73623
4358
90788
14160
14003
97355
53553
40650
38035
33441
17826
86464
18236
25488
39390
92591
18509
24532
53770
14634
4672
61931
74191
59777
73903
36021
11850
37813
82462
18106
52917
80720
12018
5635
63070
40472
96274
91264
45058
98629
7294
19882
3037
38190
86264
51608
25022
75076
59195
61493
78313
62443
69043
89583
62532
6267
13308
29659
75951
70296
59483
6303
18392
90692
17116
510
46301
79930
61547
7492
25496
94224
81208
87104
56741
59996
66952
70747
28918
57627
13504
77358
58226
86234
98043
2641
89048
88766
35974
3228
78888
72218
46977
92912
69037
22463
67212
9571
67337
5486
62074
26071
76102
91643
14976
37204
68962
69673
2672
69139
1084
72022
89810
1866
94459
92083
22543
20627
30289
49306
68271
29634
17563
85763
51146
23153
42099
14899
27293
49331
55674
5617
15093
42150
87505
40130
58935
86807
97943
23084
23970
16674
27481
35354
93655
30336
85842
76137
61977
29322
63241
55999
8072
76713
70917
97705
52514
62151
4900
6348
73510
12886
93663
66153
24060
10640
22219
18405
71267
46549
33712
14953
48431
34545
80049
34494
27241
16695
11234
10674
66829
56100
73572
97077
34144
2199
57331
88937
99165
92224
57382
84756
54215
33325
11463
13184
70317
16631
16855
81965
10610
43497
26197
99791
84975
22882
28901
99654
33966
11705
52489
90430
31526
74088
12276
53398
78925
73541
65822
7911
73143
86899
55184
58911
14141
21368
47044
7868
25704
83379
58942
98266
58417
39546
7203
95792
55620
41105
38935
4768
48834
32049
29587
28143
34368
30977
36029
37981
30682
46489
18381
8309
24061
55920
33996
81124
45051
17765
6711
86190
73776
26096
24277
71867
76515
14994
64473
62931
89003
47677
35631
37521
64364
59855
77823
39798
12252
76572
70268
90638
17045
95993
77234
75433
70867
32163
82106
3330
38547
75857
44839
4825
71657
76970
66243
76171
44016
87636
42579
32961
95833
63249
82541
78324
43550
2376
14997
57188
63929
92056
93472
94068
17979
76910
18181
26227
92733
74511
44758
73498
25534
28520
13595
33493
1829
20893
37271
94355
82293
7418
79237
29103
50663
30755
77038
80638
76130
98465
97441
71118
55252
73237
77662
88893
83274
9904
97096
75163
95386
16891
67913
66971
36847
95296
90905
51720
72835
14911
75290
91143
35147
54021
72171
80736
45301
66463
77194
21391
55523
51481
23093
36203
11088
74765
44618
69712
71257
73154
42421
17595
11121
34986
1986
9665
5415
45689
75611
63723
22845
99195
29451
50046
47667
62723
4621
64914
55309
22833
84269
27900
40691
3889
99618
67787
18367
14903
1879
36565
98364
2672
79399
35622
62728
11195
25266
64494
93617
26403
40788
49861
67136
71258
2952
75326
27493
67773
79675
69858
2506
84916
64214
25199
20339
51509
45084
43939
85989
72646
85177
29605
33234
43401
16430
75074
17849
94098
93940
52374
79702
68345
59715
64365
91647
17765
7548
20167
94854
35293
36104
60509
72787
53201
48068
7431
71265
77206
82651
58348
71987
66766
62760
70137
94862
48710
38945
75538
70194
40829
46100
7545
49392
75777
24278
8872
5877
55057
28747
16888
99199
76735
89881
23041
94220
65681
3112
7739
35813
71923
98785
88868
26160
81387
13511
40297
95219
98434
45609
44748
24966
28937
75551
4509
70171
3586
70299
53847
77335
63486
29185
90667
47425
95469
55961
43509
21912
11799
97942
89069
41599
66209
54180
41874
9907
49160
32960
61547
96249
65956
46497
20004
35512
12840
18921
25078
38822
58579
20434
16922
93293
64275
35324
21051
35240
77437
59706
4609
99261
68181
77487
85904
28636
46071
51561
27041
43337
48132
4180
87836
20881
6692
46977
79875
39113
79214
96827
87577
31305
39415
19137
46276
11098
24488
23791
6336
84109
63696
11606
78020
72131
20355
65066
45744
8727
15384
71160
74766
52787
81317
85645
9330
96677
59189
16281
81225
19927
6373
47257
47650
42344
43957
97195
28841
52948
40983
30935
70461
3598
78602
40822
39815
23600
51727
92090
66276
79558
73052
34623
35778
30263
60441
8766
94753
68260
53883
16355
7529
59903
43742
49266
85042
7669
355
9731
12044
81200
79038
99602
62540
22540
26939
91703
71914
73699
27785
61806
17097
95320
86124
77009
277
52985
70840
78562
40539
24128
43315
65113
3347
47354
66705
41698
9354
60026
64956
44997
12269
99998
23340
18177
90996
84500
38871
18809
75998
90967
73552
11124
89024
66683
5396
79254
14725
6569
15084
97125
48946
23028
74667
75620
38133
30290
88694
709
87269
15514
42822
8651
81954
76249
19690
35351
93516
97665
95185
90131
95732
78653
64802
23346
33901
5737
53579
68592
51977
66630
26054
30212
14995
40640
21400
5500
68701
43345
29183
1685
43735
96218
62042
39845
11292
36763
34562
49327
45970
11312
5293
97716
18461
3307
6198
85109
23041
60578
74080
15861
5660
80182
48783
22494
42559
83569
9617
89317
20414
91476
35505
47473
8800
5284
12676
60219
42320
24336
81660
60194
17334
28390
74687
54964
84011
30465
79220
18819
11622
7774
62609
70592
10944
65267
50929
57713
22088
92865
33247
41280
77216
86423
37810
37404
95468
60191
88127
57906
70501
74747
68549
550
13444
57894
87004
8151
62879
46559
99733
51604
17815
39536
19656
17222
8929
69162
36399
38219
91608
80465
24020
93263
57606
8253
74238
15646
65876
51181
34396
93740
54876
42963
30453
98935
36538
44469
4148
4987
11527
70457
58541
11619
61885
69602
8806
21575
25579
69441
37645
63478
9257
36453
58024
97844
67173
53142
88177
17325
87477
30242
21037
15281
73265
94445
63873
88656
44480
67914
49109
91014
39625
45530
70874
66974
87241
15042
50021
38702
21366
2779
62012
85541
53730
55029
12932
96000
34335
23201
90427
49710
25436
79637
20271
39944
86705
84846
23136
97159
13238
44316
41742
24756
98598
17997
68142
25241
89207
24052
31879
57602
24177
95072
47134
54483
78137
28061
3060
81955
9161
52591
19816
78246
58353
23459
76803
72790
79404
99702
62273
72711
74067
90681
27015
28977
80429
13321
59226
58340
83414
78331
52726
93017
2405
58254
45819
57942
2189
23886
36796
86664
56692
8289
40087
55503
79725
56013
21116
44347
55601
4230
45896
83243
9583
17549
69745
51657
9881
91189
83880
71294
20789
96513
84165
54361
90528
43489
61036
70302
33260
7561
47692
53953
47278
94304
81000
12578
61883
47378
58900
86601
97577
38267
45975
63606
90913
34422
48119
16610
71499
36481
28656
56989
31163
18350
22136
67304
26105
63665
61211
25935
55272
9986
22495
9190
77505
99769
83292
44546
19248
5201
87159
89842
89165
52998
70131
21746
90979
18589
92287
31739
56948
61305
65984
55295
62347
64488
61493
85157
38965
18361
68577
91546
39137
30246
67735
67060
65146
17115
43216
78498
69336
11037
18619
74364
31580
37412
58877
12920
88048
77885
55538
41327
67216
2383
8900
52946
72492
17954
3843
90816
39897
1075
14475
47771
76689
7552
30160
17419
49069
84027
19202
90962
61054
24270
63734
25291
22495
80897
97239
87972
26651
55382
24659
6189
56695
28926
647
97788
7828
93217
35312
28353
70102
27354
87221
1444
85285
76024
76163
87736
14161
91757
4689
15403
5858
61653
85266
1995
77295
60818
27359
77868
3200
97359
98265
65782
54285
53499
72959
66792
8204
98369
63980
35752
18428
65157
31260
77521
46184
29655
49350
68373
58512
92912
60818
71821
92025
94927
8031
84727
6941
15509
43710
86862
11860
52956
89257
16663
21801
53568
90429
83661
29356
27783
14462
87996
16132
31902
81655
51448
55937
98496
6131
92310
32944
96578
164
41725
70462
3342
54096
14046
89618
98808
58214
33407
62768
24412
37613
27706
40917
83791
23347
14619
59985
23579
60452
90712
74635
20986
45209
5971
35064
9790
14152
88420
3957
24955
82947
29296
70352
48130
33059
62357
80657
65526
98776
26431
86568
38799
44366
30267
21120
24592
8445
75577
70015
34868
73346
97274
21775
36828
62972
33574
28604
79248
73584
54901
67698
44404
81598
22823
36577
90089
60120
86436
11234
49964
95635
84739
57747
24350
18676
5141
70423
37831
23890
85864
51952
60605
98902
87675
36743
77856
8951
92913
4907
54421
75888
19643
55565
59594
30782
67654
22749
80661
35438
48405
78198
60687
76763
87441
26436
54375
65070
12378
73268
23642
55573
8334
67951
44563
83836
75264
55511
47025
42306
7455
80307
37839
14998
15654
85952
47175
96586
53531
58860
15562
5224
92493
91273
78317
65366
92643
97577
69868
10604
40
48887
36153
39831
81012
46537
59193
7804
6343
89724
7223
47527
36848
28040
85319
76573
34847
29277
85353
32527
80711
68980
15367
3205
70784
63915
20891
43385
4749
63934
79204
46525
70368
7999
38044
91511
7187
99406
29095
97345
84575
32057
78859
4579
87324
90629
68003
9832
50164
70363
25082
13841
91424
97405
8369
77279
52863
54778
48621
83970
96080
32154
89087
90710
53135
56243
35604
31514
24606
45267
67971
50129
12208
42698
68141
27843
96674
33863
92087
75969
82926
1523
33244
81212
87187
77479
8931
83426
87906
45506
64008
76549
48919
46678
81564
18178
34830
23296
71577
82702
57694
24329
41119
70633
47804
13119
79125
64946
71775
9208
20841
70996
80865
37552
33629
62707
12576
18104
16547
83659
64878
67500
34793
71938
73154
56636
66597
5653
6917
93861
49856
97873
7133
68521
20931
49623
61138
9424
98718
19409
80808
99409
67816
3187
15661
79089
34569
43810
68380
92676
50967
43919
78321
64630
91548
59975
62290
85152
13753
29740
93765
35512
43133
73605
19806
60891
33416
90904
29685
98352
7958
3478
16807
95320
19742
91194
80005
12167
69443
42880
23613
44259
2831
65298
14452
73000
19703
41373
42301
88489
53832
72928
96398
98660
32362
61291
91068
84978
81813
90427
95976
36848
73069
54105
96364
58539
55949
89472
66618
37960
35065
23784
63873
42038
39874
71064
80544
97590
56723
76317
48231
60471
97500
48032
95781
39073
72631
37634
57537
11134
74031
48629
41890
95882
22280
10505
1586
31538
39870
66180
57697
86521
36564
86977
94522
27369
98723
36912
34478
94063
68207
49859
4226
5531
50709
10436
57765
39215
18470
67908
88379
53496
56003
20017
60297
12351
94589
51343
69895
40246
59051
36928
82202
41553
47505
82972
14531
80101
23951
75698
86725
19216
58977
53423
16453
21504
51663
77552
75900
91692
62086
65319
34777
47797
42800
73553
95487
72374
64008
77788
49137
7547
64091
13540
76879
60238
71948
41338
18834
36580
51386
56949
97682
28191
18455
21547
43043
98736
51446
46818
19843
75073
798
63799
40554
38489
90426
3288
25808
87239
92511
14641
27810
429
69740
28902
82087
49877
6921
5702
38032
90127
8850
75539
75596
8171
68046
47663
84988
14391
44282
29886
80196
75655
91518
93191
12500
76456
38709
85720
52444
70418
81484
75925
15212
35279
9707
36002
62501
65711
84891
66600
60310
91147
23051
8889
33521
75088
44624
83363
30924
80581
28381
38169
32970
4107
41162
84766
19577
29399
16364
82582
75016
93866
46282
81145
96002
14970
58308
85821
3539
48976
68363
57801
73107
79575
22372
78046
80386
92139
59802
78532
53634
12652
58902
89148
28620
44480
41493
18754
37608
68504
2724
32222
37827
367
4470
7985
84284
47146
26742
46319
31557
29116
10661
81178
45667
14516
98396
98110
21620
19181
48208
66220
47014
13422
94021
16479
36102
17161
91048
85285
31266
54134
4114
76928
31916
53691
58774
26342
47806
91009
30206
25945
76784
58652
52124
27844
80255
44891
65281
49127
90550
22281
63988
18800
31124
23707
53107
34680
53852
18330
86629
62604
40328
54716
28599
12362
6423
91497
31556
54661
29124
4322
90912
6969
98023
4484
36019
17614
73179
35046
98100
21860
64195
59821
80897
97256
55156
38099
23692
87303
19467
23418
70089
53644
65331
27875
4922
31373
23490
78394
3807
86603
64378
54642
14408
3053
5147
82617
79829
38682
15027
47930
57365
65289
16570
32814
39128
23728
3473
61923
79010
88579
34403
36547
88257
14519
65333
14261
55873
28012
43418
91666
22278
68596
53641
2276
96101
75464
62528
80525
31085
95095
13373
97419
32009
36669
28828
89217
44638
21528
24036
57041
72099
59989
20833
99144
84886
22449
10521
61707
2783
12102
30671
22438
70529
43855
44535
26927
57979
71037
13962
15397
77293
345
6185
97349
95253
48755
94813
68725
49898
38304
60604
47091
90490
69871
6976
94161
99505
61771
75158
90844
75840
25850
71177
53836
50021
90009
89332
81021
54338
3948
91516
18915
44572
10334
28978
70604
26075
6078
68726
25316
78840
73681
49501
64442
23136
72455
89293
17360
15242
41834
28968
1922
33926
12814
40949
48499
14396
78201
19540
68444
65184
77675
89817
26940
89638
48274
5908
48679
9092
2265
72624
31065
45308
72330
26101
75541
32106
65081
3122
80881
53936
27651
60090
36008
43994
15142
41466
73475
47484
7617
16360
38301
37354
18066
25990
97289
74273
50271
8393
10787
36253
30440
67536
51073
71980
76966
49886
37076
85452
8985
14421
25384
68787
64331
29202
15267
95550
9349
72993
39017
27737
41113
16607
19962
14286
72458
87445
1193
66824
59914
85684
8463
41019
48422
97381
18713
76936
18495
15715
98045
68371
72409
55901
57099
81700
11398
41962
85553
20703
26479
29644
50422
61564
60601
12247
29732
50608
97661
8978
25874
18919
27170
93658
63037
8924
48127
2597
77979
75218
9122
25926
81237
546
15406
34729
53992
55760
76936
85928
96888
67194
78867
62938
19490
79037
93356
16367
55197
44055
50974
28950
20170
94726
1561
6403
24728
65470
35447
61112
2078
9612
94688
58978
17588
69224
46216
67110
85721
70545
17387
15149
73054
71850
64445
90377
98170
33213
10954
8439
5286
90359
73925
50793
48374
52009
41349
2652
63087
75428
1779
65491
75534
25050
37682
2687
29755
267
14569
59100
94615
20395
80950
16990
23982
76954
67262
86573
22792
92453
65129
1659
25739
1773
117
22365
13560
56599
84717
42973
77951
36657
13515
27367
75568
2101
92349
9811
28605
62821
56919
40569
44801
12526
72208
52406
17828
37765
70692
68494
64194
53296
93752
49146
63268
67680
84535
3446
86060
25752
89065
44087
86943
97856
86249
71071
99667
5804
36503
96392
54129
39403
4790
51565
37937
57565
11953
79338
72212
51104
70267
62371
57047
21118
75164
38558
15422
50712
32657
12483
58547
11219
74940
76694
69253
7811
91372
10204
23786
75578
61923
54058
74196
71939
58176
83714
91779
67840
56896
83697
88106
86332
55571
67916
70478
4648
31906
6250
26090
51790
91596
16869
45200
79614
53635
51585
10168
70454
99512
57234
65368
49620
9111
41394
19888
61249
42015
77852
77098
79237
49348
47198
45621
34828
40634
99188
26348
45326
37336
69336
28198
7343
65456
40617
70351
94301
34791
42182
58074
26473
73524
53561
99635
74946
44757
11341
37288
23525
37579
58163
23670
83376
55650
92119
51319
29948
47753
19218
96668
26788
60240
7845
41415
49247
76142
91557
71082
75145
33673
61534
19013
99577
82133
21913
94311
74887
69176
56076
46982
49329
60398
81242
89540
31700
8754
17629
2008
95342
82200
16807
18598
26558
53398
51930
73387
30263
6028
55826
11421
93411
96653
16738
43225
8685
66143
88084
77307
47503
42820
94351
15018
15349
47474
71835
88210
21195
86929
57310
94783
90177
60958
64545
27032
45577
75406
33320
32118
29914
47356
16946
55601
69205
81496
76344
54003
7551
27807
17520
49184
5720
91902
47982
95526
12213
40126
93140
51858
24846
59641
71642
1400
20816
8050
65720
30739
68972
75402
61218
62612
97029
65641
88141
53551
27970
29857
84012
80050
87544
90664
29371
42722
93083
75860
53336
51495
42638
36513
21993
29190
25796
72651
24097
18085
51430
36063
73877
63815
107
90226
39845
38214
44942
21453
8076
64858
33140
63164
33602
58069
69600
52369
72105
80054
75430
54373
16304
51285
65695
73564
78051
34695
98522
55659
34031
28832
15218
48923
15602
53982
87590
41070
58680
22279
45384
59178
97617
58523
10344
61834
49162
93260
74977
62953
29700
96147
26830
94599
23435
69040
29551
68584
15805
99925
85092
8665
17937
54994
5393
93347
17223
23602
67068
1551
35021
36305
38584
98310
21116
37823
47574
9782
36459
56484
23966
68372
42761
44438
84678
61650
90322
4982
6200
46996
48946
54318
84063
17935
54063
90163
12774
7570
80975
6942
61276
69076
85874
98329
29036
88048
60618
99320
20885
17339
85564
42878
94716
86343
26768
13244
28064
32638
16744
28448
81747
33954
28368
38864
33436
58255
66408
83484
49322
40317
47625
18744
13981
72272
57336
53824
54560
48813
45804
48051
89286
54277
45218
12345
54642
71127
71565
51538
94197
55334
42589
22610
21673
67285
93070
56080
77841
80069
62089
90881
32141
64353
15771
10733
75705
74705
66655
29915
39003
12211
46865
3792
3457
5776
45567
97732
57220
10225
75281
23155
73619
86368
94559
347
41141
44755
510
90885
52915
95304
30741
2679
10308
931
13102
3646
89837
38817
1023
55968
14326
80536
82865
37513
48317
75861
60697
27224
74823
26446
92057
46646
5806
4982
23303
60149
11791
79764
64886
78506
39160
46230
93447
34948
90928
49881
72240
80101
80824
23571
85134
78379
17141
31390
39828
83002
8016
26040
79874
95885
20834
83676
30201
50968
76136
11847
77658
85853
4520
5013
60867
48729
85409
13522
57835
69170
19645
38093
65386
46772
28209
43236
61410
83575
10896
44504
8381
17399
44232
79071
61577
47718
94026
75441
80086
92481
19434
90225
11375
28717
22132
61377
24539
95032
97723
16010
95342
49798
79182
63240
65094
77260
88665
49083
18948
73763
73590
62023
47755
30627
65418
96370
72017
51774
22216
88251
65643
28074
39136
53065
64710
70932
8569
17988
61762
80181
27506
36208
35877
33112
4601
57880
99060
9470
12464
71358
54120
57207
84409
67713
90829
59368
51713
39455
60406
10364
98547
22844
87977
44954
6839
94641
34201
33489
26937
28372
95834
76428
37017
99478
5560
45047
75623
79035
43652
37238
94177
88594
11959
87173
97856
25455
73413
68484
12662
41543
47169
49417
37732
69426
4001
22523
9187
53191
76250
66092
86
36889
89877
58980
76054
46876
46536
81761
31984
22816
90938
91715
72341
15924
88698
93723
46720
85673
23655
2020
19520
31122
5766
74361
18523
76067
39459
84751
41978
71028
24714
18747
87907
37100
50584
11657
55852
31175
85039
92756
3190
22904
80670
79167
43665
19070
43660
84039
65205
8310
91431
19946
67822
62105
91515
95253
62224
15853
79615
69840
1863
67768
14196
6722
81164
88345
33972
40396
58545
75785
700
96743
80575
19793
12821
32744
41775
85810
70924
62813
85224
59199
64317
41961
70454
80499
43302
12301
68142
19297
32975
57472
69162
21986
42155
36046
43048
36903
91405
75827
40124
94696
3979
66546
80888
18976
45850
48950
28396
30434
32806
58566
83417
22721
33391
47047
2294
37340
45005
75467
49124
68843
48794
75277
24650
11072
63389
26940
16077
5998
39039
6266
78470
4494
81564
6990
93057
81129
26605
45463
68743
89912
27334
4427
25537
8648
11485
39829
2500
39164
87967
29545
91304
53447
60456
82550
44977
59512
73967
82667
86764
1598
21258
98634
27012
22601
61118
42552
17653
98785
83576
77237
11967
4670
21040
63265
22869
47689
59409
4889
20934
28020
19132
70350
47362
57729
4830
84993
35962
66383
20956
46164
32443
2091
18003
83810
94451
1326
68353
71596
21052
46285
2721
17121
74560
10494
23558
32467
64533
94839
47158
29119
60297
24750
87648
13759
19948
10589
83755
3186
51191
81437
65974
37469
12834
84862
39699
52308
53355
43118
31978
99584
480
40734
62330
11327
77266
18715
16123
34877
77656
48133
53660
73975
31899
56355
77151
41496
32242
52393
50598
14947
51904
62310
80067
63796
48188
52405
18566
46203
43482
78741
10868
67042
78068
34272
57593
36916
21613
79271
63791
54583
17603
44012
67882
66339
15054
80414
25016
15346
43318
96293
81827
16487
45641
66184
69759
5944
80676
36799
1298
29614
10980
86624
69213
53158
40762
35895
53240
3692
47497
58172
13886
18001
94593
74626
49904
4075
75174
2064
56876
59386
33786
78215
64891
15311
54749
32415
16147
79057
13162
51222
55903
89013
7486
69854
65543
24591
30414
39352
27788
76231
87257
62982
73283
33283
20307
12991
85043
77133
16935
7384
63539
41326
77692
38977
18755
10875
2731
77354
94793
9433
24383
56989
74758
5873
19140
44644
42481
78628
90841
50414
29164
67405
90698
49849
33660
86214
525
54932
15944
47177
80119
88319
676
79755
81420
29157
25975
35541
49284
9011
87622
74172
19830
50458
13245
58406
22055
69861
75427
75899
58347
67265
37216
70188
18566
39629
3646
49151
59224
91836
9909
75772
42433
49364
38789
39701
51429
5980
64047
25242
45353
97170
15018
76854
28238
28812
31713
32232
86646
5127
72165
53497
17329
326
94255
69138
21889
89267
47582
33378
72476
66655
30362
99746
72689
79076
57559
68959
71734
15296
73294
88203
47443
68663
47317
56076
82408
15921
16212
41924
85563
77768
90808
14975
98482
24067
81281
60085
61670
50437
80047
40898
45547
31434
80486
39385
47628
12452
3498
8436
54433
46712
13848
5983
75746
35270
1576
76372
17915
3807
70234
81534
38936
538
37464
25109
9865
91300
32582
7496
61474
12860
69283
13349
24428
51246
72792
19410
82981
36774
73967
71229
28543
25779
29792
15752
15163
94867
87377
81524
88735
65809
35001
81401
29557
55611
43257
76661
94296
10615
87949
78434
45934
15754
77160
67467
88603
26616
85647
57998
87915
99610
92651
219
54773
68659
83740
9015
85544
68923
4353
15020
57699
25637
64096
1905
42813
43107
50137
81963
22484
90159
11051
15949
69889
73810
86195
19881
54031
42307
29087
53850
40035
54757
15496
27928
52850
53705
36788
5958
93889
99913
75525
71106
77047
20803
86832
33554
18937
94601
42641
66951
89103
89147
68531
55886
72592
31956
68898
99303
74847
48245
47252
85150
48874
79393
49742
55333
77587
6106
47247
7799
92646
83100
7613
34340
25258
43755
44901
24562
48912
60320
10614
87059
9729
39963
79436
41277
1015
62861
24871
66673
42153
23152
1742
50272
78462
33968
44106
43868
42054
80760
1980
5142
63382
76942
80929
35137
26288
22774
71146
20231
52166
97233
94699
34179
97398
44632
5578
302
58289
63851
66384
33331
83250
2758
58692
95484
89723
82884
40086
2078
24698
66305
8254
48614
58013
6565
94787
97541
33951
75495
14877
49625
29172
54442
55130
38201
49536
52810
24992
91184
22963
65875
17243
77205
11294
65231
6415
60208
16029
82259
44774
19176
82339
47448
20926
43541
61205
2636
705
87061
77465
80857
99938
90300
56339
26713
93287
97924
72016
26338
37061
92366
38220
6014
82503
38386
21144
8223
65444
39641
2241
82136
98463
39048
87030
13600
46465
6529
18910
61505
54228
24321
75766
12734
12874
89136
92469
37100
37975
53916
54734
86678
752
70746
94281
81665
32846
84522
45035
47219
77497
36455
49292
18884
73890
72870
10388
86271
77505
29161
77090
92463
21152
55641
39928
46732
49072
70353
44810
55864
63392
7296
87825
66484
93260
13613
24302
21974
59852
56815
5838
18211
53509
81641
85902
64217
93969
4311
67244
91278
52905
76346
95393
34567
60896
97279
89826
37873
67948
58503
96788
33258
53506
89957
21253
98265
33237
93683
83723
57256
29105
22531
2833
45458
95889
44444
39853
97936
69419
93523
854
52853
6885
208
55853
14174
71214
4714
87866
50748
33709
90521
57570
8487
87643
74900
59789
15868
54992
78915
9865
44800
29373
1200
17423
60576
43555
56016
13730
67913
30348
15033
34749
62041
42665
49111
33568
58704
15928
16855
73680
48156
93363
69194
42668
57778
88031
16955
71480
7844
86457
24976
95926
24777
97077
50200
97247
79921
85959
31430
15073
77184
23666
69024
34390
36709
30303
82505
81366
38530
65314
82420
87630
67672
28973
6570
2723
66508
82491
58605
80221
62343
61423
95706
28100
64379
74780
83158
30747
38820
58149
86968
10243
87541
22893
27882
97618
7878
28426
74147
16966
71006
63492
41395
19289
6520
83265
69998
18510
99210
20948
38952
97864
31603
5143
3738
38225
65954
3987
26071
55190
96729
47770
22299
74091
46111
70801
29424
34776
31234
85686
12591
38325
43364
95522
34187
86902
33406
99824
64129
48445
98272
14105
93302
96150
43097
46417
71187
33497
12724
17522
66539
83712
95411
89075
27974
12514
73067
33998
80269
65920
29378
52370
59480
19073
53449
53077
72815
21770
36650
45858
99182
89215
70263
31319
81106
13397
12312
90080
60417
75287
42796
91369
20679
71209
8867
66864
26776
11992
63401
68903
28415
75086
13784
95856
8477
92590
41009
55280
54074
33910
47959
57655
52386
68829
16379
41113
22329
65301
91874
66312
52479
793
46560
79184
18408
60401
24889
9150
8513
74564
53234
49487
51697
21012
16224
22911
98761
423
43712
24740
33706
97752
88920
38995
62607
45252
20718
81242
63199
71584
27467
98694
67614
80439
19259
4175
83267
45866
23221
74394
8211
57255
33197
751
81591
83501
10444
72008
7069
55490
74447
34624
42132
14278
58886
76600
36423
36954
22974
13900
38497
33835
81448
2062
61995
98671
84862
88801
42672
48519
44199
56065
45788
68800
20090
82967
88037
74155
62210
6439
46533
85017
47271
75503
23876
38432
62279
45332
50043
18349
37729
10016
60161
43919
63349
88182
37259
38016
95328
86052
13923
78893
35934
53076
87027
74278
66964
52006
24125
5020
49948
12149
48038
13607
92480
25866
15848
69449
28007
6191
99168
53148
99841
95948
20699
80379
88791
26237
31580
96081
58115
81062
28076
87958
94977
53596
9651
71063
87233
99767
50719
87461
85944
265
91090
59215
45028
27582
43485
23100
93723
10629
62899
99054
96170
44866
60261
17712
87547
93485
19811
87939
53859
16257
83449
53665
11872
77732
45860
40518
41948
26409
86558
52477
38266
41206
77934
85411
6822
20470
85680
10694
27277
49180
29509
39661
81290
46940
70558
30071
27378
98950
68907
50102
67280
70413
7729
20210
65302
81623
74115
72626
34657
52768
28877
3443
27282
34306
38933
25091
36179
12883
67832
3302
40171
63209
31823
32915
3466
63323
54195
191
3969
24094
65218
26510
99231
75225
85206
33901
98029
49118
53928
95453
62567
21758
44860
81087
5607
79264
44725
89801
94644
99441
72350
42371
17456
79288
53513
81237
72122
24446
87788
90900
17249
58473
85876
21299
74158
31661
43242
88107
4085
12351
1994
19566
95318
55692
71818
86181
25403
97829
29792
24182
12259
60923
75080
20317
91651
25849
21915
8832
64358
63096
43248
61266
57767
3957
28938
19099
87378
3532
31676
92773
74037
27403
94168
37199
22062
59121
27130
12365
60420
4082
9643
52733
22021
77070
93003
89967
11624
44661
12625
83620
5907
39722
67780
39759
70757
46515
58333
54038
81610
49065
273
73773
46871
5270
26242
13735
98137
80718
29887
97195
42601
864
62694
13768
5210
42713
92133
49848
94745
80962
37286
38187
22390
98733
29900
87200
70706
1721
33974
10142
55232
85608
34515
41032
10362
39745
25927
66269
52526
36571
27507
54021
28257
76873
25593
96024
60546
80284
33360
13622
18804
37256
10135
70287
42876
60416
92196
86342
92667
83836
30941
92264
15377
10802
49479
54465
37327
80779
88853
15793
49133
44952
4818
99692
76200
94883
19307
22089
34789
3712
72753
80712
43423
70565
45184
38034
57979
67032
57846
11766
19829
5921
12114
18787
79794
38363
20525
42558
59478
33924
33566
53644
83708
10521
95684
9168
13388
78453
39111
24274
29143
13839
67710
18226
48695
4932
89683
24233
35964
47595
11267
67491
8242
79117
63147
87450
65564
2602
71774
69083
45856
62500
26802
59236
25409
43777
61708
81506
77329
90936
482
91009
68201
44705
34870
12449
2863
18355
30972
14364
50630
20041
57341
70586
97558
49684
76674
99428
87301
85560
34181
54882
86920
55121
92408
96902
16460
46133
4806
2247
41708
41791
58944
79056
328
99704
67363
23953
36928
18776
82181
63088
12893
5431
4981
44027
13052
49174
86552
34341
53469
57249
2086
13855
14610
68490
58653
2130
42719
95871
79926
78258
1469
79332
52217
76592
77847
99423
14940
99951
69362
69430
47634
20210
32220
14503
33263
96961
84270
6366
83909
27689
29980
4170
18719
36238
41114
54486
90449
67800
17878
90818
21624
31064
70876
86865
78767
28570
22856
27567
89409
55286
93052
75748
80452
63190
49154
84964
16606
19351
79760
28985
61329
75343
36142
86967
46839
69867
15337
77488
31882
4498
71
26275
29816
48383
68107
19658
96014
99146
30166
92419
30957
52870
2841
207
81677
59592
81229
176
24837
15869
22268
65730
62106
47949
98520
74983
47297
17462
71580
57530
60732
8537
21030
57447
28865
15097
24597
12156
18257
36518
52937
15843
25679
96586
37134
5426
74188
37792
6449
1677
95583
84952
30154
98266
49151
7871
44552
70436
85576
40946
22629
65698
51967
75843
39835
14261
56068
36714
46669
83951
64480
22748
88327
60186
85834
42850
55279
26853
82478
51480
65007
67973
61661
9731
77917
32183
77718
13078
58864
3839
30830
45833
32096
71912
12722
61737
65471
35442
14385
73653
35079
99826
68998
48146
10899
86736
87233
38889
58767
34668
4959
15202
50995
59997
15276
39165
987
44484
34714
90360
26130
25124
30039
43848
12307
29237
42666
82843
71823
22357
69781
55802
3750
72779
7792
39556
4548
96696
96189
9082
61039
23844
76891
41868
4467
10993
22529
41019
4534
7864
73978
72506
18795
91854
89622
47187
96293
34107
73347
85973
63309
63323
42804
91884
86581
30494
60613
97218
97313
11330
726
27180
89654
40284
22108
94054
83843
14801
987
80430
24999
87044
61885
97678
52700
33014
74719
30627
59687
63163
61997
76887
49571
61304
91077
32674
50945
94625
14105
1345
84714
12606
87046
24757
63994
48476
86918
37221
96081
12780
47513
24002
99301
94968
85379
27888
6137
22953
3242
12422
96938
93412
10271
83419
63777
97320
11107
36469
97727
27204
12402
30945
42554
96368
39388
64299
91175
85690
72156
39823
60871
19610
80912
16512
18458
39270
78589
43094
71736
71838
58879
84970
98043
77149
70260
18956
37345
65147
39586
73943
31623
38040
47076
14634
80648
97207
72112
38212
89683
67583
65960
67283
49158
95201
60009
78792
17813
79791
23055
75926
59625
22837
14601
18709
69093
47551
79562
49852
99050
66075
93202
98242
65634
68814
7929
54473
43502
13320
85244
84379
41894
26500
72838
92952
51550
28201
75191
45089
13778
29235
85899
32516
39410
18083
11256
76356
14170
79652
62369
41869
59051
97657
22631
25925
86308
99982
938
14938
45276
74057
18795
13347
97400
32866
40763
36951
91144
88166
8146
17952
32098
7308
34366
32277
39482
30953
71485
483
91413
6476
94045
38351
63664
41096
52253
40557
73432
71801
98949
75958
12134
88158
61082
48158
3111
99303
10705
29303
31506
34561
72126
90692
88709
66025
41878
27077
68222
1390
63600
46384
1046
94528
13001
43123
50635
45701
68387
80901
92165
4105
21882
28775
93649
22513
24186
76596
29991
33691
8066
29631
66807
73329
31891
13054
75778
98667
40583
83117
38485
49844
67617
14608
49266
61556
26234
63788
84159
89715
12850
99413
58252
23390
81929
20864
48711
37901
9468
81896
914
38832
60666
37536
41907
29093
16615
66256
22972
35540
5201
35030
67167
51875
83854
85561
53642
37986
81267
97693
71620
58571
48769
49269
71984
10019
35020
69071
81048
70446
32377
36150
87114
65530
12294
56521
24744
51555
22957
97105
33591
97958
61543
26794
68850
22659
97671
34791
69598
27608
23069
24310
26748
93289
80187
3112
98550
97966
5588
21157
42217
20682
51052
98246
98014
18224
43055
88774
36214
88371
76386
71084
18867
23910
46659
64234
20195
42602
48627
19854
66159
678
45366
18905
3712
74364
75710
68654
57862
29079
45919
92992
22125
71997
42511
92671
22218
21018
61707
87553
86123
56097
95505
92877
67873
70465
87879
83501
60341
20989
14663
31200
64348
40128
25548
38964
20697
80565
70901
33549
92325
20575
86123
85755
53089
18004
42146
40787
69070
72400
44922
44940
93224
98161
41259
70685
18769
59780
63378
8368
98983
33024
27283
79597
19768
92949
52765
97749
51853
586
67649
85151
30717
4087
65203
48687
55902
77742
64316
39984
63592
91701
16783
16064
28149
78321
46906
70516
92469
31963
84507
99941
30076
60162
46510
7659
34432
30574
70280
14299
69588
14867
19554
89773
12274
48461
99429
72044
12736
14282
64139
45200
31418
48663
35277
89450
5295
76812
79191
79939
72442
76033
3878
85748
19465
21828
2297
66330
93934
72237
31981
32858
90640
25726
59468
42369
69501
97446
55216
3692
11818
73470
42972
32708
40565
19594
77
92097
85354
6035
47933
89352
61830
29017
38152
86825
52691
53562
8149
66808
54184
40674
20425
97744
60512
84548
18949
3549
90496
72782
80196
23137
16699
93219
38198
12979
86071
55779
46471
15082
24449
31515
46676
51757
28909
23932
67453
75370
78468
96960
60919
8522
16584
94437
65348
17555
63621
92970
80264
5782
4125
14326
95342
93238
2456
46794
27042
9231
14819
64061
90784
79849
4155
76156
41131
46035
88539
49283
69292
54338
58055
4599
34733
18713
13684
84958
75216
60571
82459
74836
60537
60289
68357
47165
83834
14689
12690
26918
34109
79848
33207
86934
28637
47754
54342
60252
58661
88486
82381
91801
33302
43188
95189
5557
22598
78352
56120
57581
4271
81527
60207
94677
11249
77633
82377
73630
58575
95152
12010
9616
79230
65651
65616
44772
77782
17781
19403
8659
23992
71845
15848
89013
8813
19911
71139
60950
65454
1850
97040
12883
28619
9031
24444
90925
89331
46411
83669
85393
19445
60327
31344
15303
72034
48253
72448
37496
84970
94817
24995
39758
75202
62789
62668
85050
38299
62727
80425
52076
50127
64046
89241
39652
63204
6412
38913
66619
64545
413
23236
86873
90532
59401
44973
38589
95564
91198
98402
84407
3002
71311
32438
76739
69323
65737
66602
80808
49204
75967
37658
33395
16248
28701
82354
16314
88545
13289
70561
83118
48470
96407
37915
59185
56217
41577
78187
50988
93783
83352
43890
92360
67508
93528
26661
45267
43219
87832
38738
57809
4867
35965
60123
57144
16399
77422
71828
64664
25425
25075
37029
75124
15662
14199
61875
57308
43687
79965
16167
50734
22635
99366
95594
14110
17578
31360
96413
58157
77741
81755
15961
60924
2977
97365
28905
26119
64932
27765
91820
28843
37925
2130
13923
21594
88390
83292
25779
42090
1463
37006
87629
8850
68194
84688
43751
96635
65038
81089
39671
58971
83570
31476
97652
83244
43680
40935
45431
88156
85796
13592
43601
93424
70563
73556
49296
37258
59453
68459
91106
25010
93961
92227
22152
26126
5111
56068
24040
48933
21870
81804
60222
43457
78463
61986
86563
66940
6501
99711
73098
88103
6369
3555
85649
42103
69609
48490
14616
96814
59413
6063
86919
391
40525
17578
96665
72906
41217
58496
47597
93104
72760
56717
76317
2877
27052
38004
79131
43287
97187
65566
86818
63040
89273
43157
72414
85652
84836
54571
99863
97084
86725
23424
33484
91213
417
14860
12316
66954
9891
60136
92169
23804
65931
86947
65458
33979
2728
40223
96843
44749
76902
9110
94166
93750
31515
51397
89722
61488
78766
57033
96173
85290
33349
5024
87366
84889
59179
97392
56423
79950
71193
13837
9810
75893
56631
34330
66851
96169
58574
36944
41358
28892
36482
13859
48344
18398
42074
47654
98499
13068
2329
49062
48490
40734
63477
40505
68681
24891
46319
43142
29613
44715
84530
99243
56676
14722
46426
66224
87356
50993
83728
24403
22211
42492
46496
81148
7753
21450
8108
93764
47893
86643
50986
78383
67992
5051
8447
44485
6704
96975
90146
72469
88400
2855
93592
43266
95643
79351
47819
24149
67280
25395
78012
65095
72968
734
25356
29051
89246
52048
70837
4595
14084
89275
72892
45296
46555
75966
64876
52417
60243
56848
48411
50556
35901
68145
12311
68181
37820
49675
49467
42654
23358
33724
65479
84422
49970
95777
78480
93314
4984
26859
98348
75101
37138
27611
93821
62501
80812
25711
32772
85627
83023
1
29949
26006
66718
11630
11434
79258
1829
73467
85034
46773
48007
59799
95522
25189
96808
83044
84595
41683
76900
68579
62977
41118
86785
65069
35809
82406
7397
70088
71538
83170
16326
92484
60533
85128
20125
92432
83619
55267
58571
47838
64381
86277
74622
1364
6764
75091
80921
73932
88917
2012
38641
32413
13858
66763
81655
7853
72327
33329
89939
25453
69786
58710
87236
26514
72795
88832
3139
67845
41178
86951
63058
4576
92872
90796
29391
90994
86035
18478
96678
70821
73634
60958
92287
16930
96876
58904
75314
49772
43349
98255
93521
94629
89564
67032
60552
29636
52516
63108
14597
86730
46605
91918
45149
60765
41303
5108
50623
36170
93721
31158
67397
14320
70641
6596
35751
26096
3035
13795
24747
36293
12220
38965
24439
17365
41988
29496
70741
90369
7058
70172
28995
72081
27671
71919
20989
69230
22692
49814
73997
81270
33630
81648
68587
70911
70903
27162
97423
81233
34660
2705
28860
97113
27254
64376
37210
34458
69192
91902
73473
57964
10115
367
18914
27309
21465
99964
35486
93564
46082
9996
81275
71917
23116
96436
78669
53420
58881
74842
74702
7944
46459
90245
62892
51012
42010
64814
31840
93274
12258
93557
84439
49009
48868
60701
24416
78431
20292
71545
41670
62413
43176
30205
98983
44828
32668
64767
21164
99431
10117
24442
22100
90860
86930
12368
68415
34429
18464
12309
68850
8243
14859
49485
89259
97877
30617
34926
45328
1986
64301
5637
84125
90686
75169
11539
59057
41261
74600
94615
21943
28857
15225
77576
2479
12769
92522
68885
97652
29267
10424
64515
37768
52462
23063
83351
3002
43720
56699
1466
63527
69680
67458
68711
8880
32105
34742
40846
60591
42943
59571
28668
34527
85402
48412
64231
23534
29586
87025
83380
83729
44271
95522
17699
90014
16430
90298
63182
30382
67065
16637
24101
5174
98752
62962
36280
74246
80089
70396
28448
99199
38069
50516
26598
24676
25321
38543
56237
58295
42788
36824
43105
34132
9844
24233
36438
24033
86518
87320
49889
9995
24678
93710
77926
7085
12321
31645
61448
5144
56062
56999
72733
8469
43492
71813
75251
71061
96962
82317
26723
31844
48068
44454
29306
64739
59084
81993
66916
86084
44968
93650
37795
84878
61514
58802
17613
68490
69383
90778
61764
1534
48486
31721
67003
97420
23548
36164
55624
69762
16621
27451
51929
31735
98481
16564
11349
80222
75709
50291
69661
5044
5259
69681
26921
99496
36860
28641
11069
96810
17481
40616
72416
27779
30379
40325
60221
54763
18698
21575
23684
95203
33605
25279
42806
70970
31592
65449
81238
46087
24470
22557
48776
86630
70135
83389
78186
58193
59371
69450
66043
90625
15046
76570
25915
48062
12011
31472
95758
294
9653
77699
71407
78889
81456
73676
14532
28427
79791
25582
7483
58015
49310
46141
57124
83597
74883
32992
62809
36254
35876
57386
75992
52720
4975
60543
22607
15974
61482
74205
31186
62866
37347
87844
80527
34460
6628
66434
24340
37328
2021
76083
51119
15347
31324
96228
14430
91104
47752
80732
97886
82416
19101
1916
84204
42312
25248
70309
40290
33556
54538
70062
97367
19781
26297
7814
82427
19027
83079
94786
15688
45405
10653
41406
94155
89466
70093
93879
30003
38433
73478
8444
98356
34127
13639
48802
3668
59132
21698
67512
88811
70968
28939
73621
86201
68999
76544
91291
43371
55002
46398
34310
96859
52844
3824
41494
66984
81511
79237
97089
22034
41263
85233
55729
60882
4178
60439
56177
45500
95674
73837
35528
97709
29386
95547
14978
93107
33806
34094
86992
46340
12536
6783
30164
13653
460
60449
38868
49112
84040
25040
68459
83189
58320
83216
3790
38016
66013
86624
87639
94031
95605
81601
86814
53047
16459
81290
71910
58139
25706
81719
97490
22783
15226
17107
28440
7220
6546
55467
70357
52135
70513
50623
33422
61318
97431
21098
56229
54991
94457
78171
61291
81972
42696
96833
51510
77682
62500
17569
33733
92357
75596
19597
74563
50271
36840
99197
35927
85248
43086
35097
17226
68246
4115
14691
83605
44912
42190
40998
9954
51985
3404
96558
39220
37451
6240
19202
89709
45895
67397
22161
13747
36775
75104
29257
94043
67744
97191
31017
46462
68456
58539
88336
35186
6395
75313
22033
75622
95400
76959
46338
56637
81048
81412
9548
97903
11125
72130
11999
34888
95147
73945
60572
85492
79849
96979
90981
80891
23503
51041
27384
10813
48576
45514
75690
30591
40711
42502
74563
41106
43928
22460
61950
11629
73028
40861
8224
95682
60400
73760
5663
7508
74205
77401
84063
87712
84856
85811
42016
30762
42694
3824
16640
46692
37939
40604
11766
40325
43240
30856
74968
70381
97638
84750
30050
72696
95235
91796
94646
71472
98940
53922
43437
7839
44291
3421
7223
64917
39193
99125
43665
97692
80794
43191
12008
11268
78310
28133
67343
8496
16546
40260
82516
85295
96502
49903
89502
55270
44823
99699
25100
43787
49041
66127
11409
12158
20330
70969
63415
68441
32371
24226
6650
40752
89768
7546
43157
1431
83451
41230
66749
20300
17214
72667
51045
79530
99254
59759
187
34750
20744
62562
48853
79292
89874
63919
17372
9362
7387
66203
5288
76815
7399
56621
83488
30496
17273
67238
93260
74655
67980
4053
87473
50471
92601
85585
33044
3766
49327
40743
95249
5463
65479
47330
44093
65376
4729
86066
28489
83632
15230
99303
86740
55746
59073
19778
16257
85973
39078
51117
61276
41557
36414
14571
90419
43801
30868
54351
26381
3669
16912
91171
44333
46928
10908
15685
1237
70104
25571
51858
35887
80006
71982
48813
4011
29190
48649
83119
57103
56363
92897
72997
36963
37141
52204
55251
32701
30036
11866
66376
13858
69393
90389
69597
18634
19138
89417
95285
32695
85111
71434
48626
3718
32338
63234
42961
76943
5827
94879
85359
33151
14266
25381
1365
29194
54911
47876
36138
77724
85280
91975
54008
38009
50750
51583
42196
62604
33589
67352
82125
25249
41435
49344
40093
59001
69494
34479
17922
62991
48040
88165
82635
19037
46668
33563
40308
38070
8008
18558
45255
77106
56952
40552
19881
12223
30275
95732
53039
86137
88988
62921
60192
84372
37593
75749
22355
83411
89554
35791
57276
47521
20258
59554
18295
94172
33142
15495
78041
22062
59410
28615
8734
42534
46214
40094
93343
84480
89889
54138
92150
52116
81651
74478
5381
3192
76859
22362
27541
49637
76698
66214
25761
22519
35715
13850
86509
29447
64986
69823
2687
94088
44905
26266
57673
96708
9605
86209
56734
78200
88307
64844
97747
71861
19570
31429
930
97361
23897
51575
67950
77374
59304
41982
69882
69523
19769
16900
87096
52700
68069
64522
48335
37157
64681
26478
94386
84198
2529
87697
36548
63637
90788
90115
8619
17978
44299
19625
72966
51464
95531
47377
85602
22755
44671
91225
62237
10414
49563
56942
71662
41693
71354
96938
33068
68586
21158
98926
72348
17671
21090
61556
44883
32250
60001
71466
4771
71317
28134
82521
57530
98316
81781
41329
59609
81575
34984
78356
17155
29807
81834
61745
79976
17224
36512
6026
11870
32986
93715
75506
65802
85156
34703
75047
55394
57719
37494
73711
2558
39240
38104
69068
5239
34404
13917
63780
81792
39541
96296
3172
42045
71585
74745
37474
26672
875
57344
35395
65241
89601
25157
32082
41234
43343
3769
69636
33875
4118
26902
74132
83148
50289
58066
63628
89636
31799
36949
36573
59019
3290
27743
11816
94309
50783
32541
81844
7612
96627
80632
56081
59973
77395
17001
50626
27097
32329
3354
9604
17900
76197
50450
75459
50623
24477
26662
79975
61536
76938
28662
13952
81981
71372
19179
83066
28351
53856
59188
83060
49437
51443
5220
5714
79945
73149
65246
29855
50389
9557
71269
29412
79222
32898
66678
47680
40422
30788
30931
57953
71366
46903
80337
77871
93308
53846
59887
50433
80651
1812
25741
54332
88826
7393
90977
34281
76391
52445
88616
23820
84321
77114
22224
1867
13311
98939
50028
9425
33426
35186
3914
13930
77313
33008
35312
97423
62506
35375
87850
29166
13103
53609
91176
31888
5223
52591
92338
39056
85967
49696
12727
85097
70005
47037
41849
63458
54481
55629
464
22780
75599
40820
33583
39032
14921
78195
77400
33610
82933
68195
69042
77439
21547
96069
80427
96516
27823
77906
47401
25640
53072
86007
60369
7082
16218
87165
35274
25358
69108
66450
99423
55764
26445
1410
26658
53758
99262
48462
83963
42705
19109
13316
96402
24655
74158
88633
82184
76152
8021
95866
23890
92962
67936
1397
1109
58443
16524
41934
77359
64515
84382
6825
19572
55409
34989
73131
44952
49274
4764
61101
75864
83224
21098
57694
30630
47025
78496
63373
49261
35215
46132
6130
55331
39716
14943
77655
60122
49676
81252
68548
72292
78784
42511
61922
88244
33127
2959
71491
5947
62631
78028
53533
390
95492
61975
97799
9403
45995
23263
26263
65173
23026
36703
63946
48436
64790
72609
2780
88952
90605
69998
17853
71280
76140
87350
16432
63024
11904
64291
75755
98703
31215
67140
70742
81386
48744
15679
84008
6311
22698
96697
16047
35734
94719
52480
87090
42671
19473
31675
50581
92151
99269
6419
2957
33683
26469
9630
79374
26737
65714
43015
99417
69013
51385
98430
75461
18448
784
77128
55794
82444
87067
87884
30552
40019
91769
70446
68818
91006
77149
23891
90996
21222
49597
86040
15222
11396
80763
89506
23697
21714
43471
23391
29163
69438
39785
22807
21061
43188
14596
7828
94948
98533
95358
69570
71204
81041
17504
91890
10890
94041
27830
42994
88844
6300
33882
33900
51753
10801
74831
98447
86205
96084
17811
61025
88500
18244
96228
32273
127
68140
24892
77080
80102
17153
71720
51088
70237
1162
47262
11147
95590
73820
94955
98674
97964
97742
26324
98367
66122
79518
97521
4206
81653
85609
5633
67087
41271
54781
39596
44284
87499
81599
54037
62566
53414
53131
3784
15400
79400
26987
80987
69766
36699
16972
32936
59279
42212
65714
53531
90665
16438
91717
57714
52106
80761
94328
68118
59997
32429
88271
79369
46805
64805
51582
46280
58753
81629
64490
16192
83852
14059
41681
66141
15211
69106
13005
61039
94453
87260
31937
24737
60570
10435
78071
31414
65498
1946
67938
45888
26712
67784
79449
60415
14738
86995
59846
74199
65024
51322
65728
93783
72392
65089
29293
75109
170
18892
81727
91574
98814
23960
79493
30994
96404
20087
79541
34152
29516
44647
518
3884
98110
50987
85950
73685
80020
97054
49986
59752
14242
16367
79168
64940
75503
19625
80141
83550
22892
94623
41524
22894
17022
69852
47945
34174
63065
4222
39265
7770
3872
84706
25562
26012
66993
76688
63270
15570
15784
81654
2296
82999
67205
79201
44385
3745
86182
45283
17263
50064
2079
82329
23664
64563
60756
63910
80366
31399
52421
42265
29427
84356
1862
75103
3239
52570
3530
92091
71271
5386
6729
94230
54301
15
22071
22282
23359
46342
43206
59832
89777
18704
45093
78294
9902
79423
28077
4595
38158
41728
74516
28978
29417
49542
63232
38322
5173
74845
95988
317
38824
88788
5714
56101
77957
54366
47642
68884
2375
83346
7895
19516
42645
63191
2076
11193
52294
67412
4969
22257
42610
23852
78539
12693
14064
9803
8159
5753
18966
86696
55878
12425
12000
60023
95723
9129
56829
58310
64992
74971
59872
40815
68147
71593
23363
193
22267
56476
72925
14391
90051
29632
42026
99849
41932
79450
11971
70830
96250
21
66096
35479
452
78557
59620
39790
36639
57024
3521
65840
86449
41301
24401
48287
98905
47168
93751
72812
56224
66186
54547
80097
79143
81086
94568
51728
3603
6669
16728
31415
25546
93658
73774
58203
96342
56962
2481
51653
14087
53814
17563
16015
44342
15131
22666
49610
11407
19870
45045
99014
39684
19152
10676
52464
46373
27108
40858
73161
79405
84383
73320
51706
32263
71413
67718
1157
71029
83457
11494
34763
69220
57237
80657
98600
45688
7651
43631
7571
75678
35484
61631
66557
15464
88042
26044
14331
34745
21704
98380
19639
79550
70919
93883
91596
2146
44207
24276
54718
16274
72055
46222
3429
94988
84345
71047
59846
63183
26989
90685
67648
67679
32571
38171
57864
7646
33154
50932
38548
68351
43245
17484
35165
39112
9249
79119
8584
85604
55870
63310
71746
40740
85844
45089
84533
45422
42692
14226
85353
80500
33696
11554
28513
11540
2772
34871
27209
33122
4147
4549
34149
31907
94030
74039
52124
26246
31993
98399
79340
64794
48029
16330
19624
79404
62212
89066
51931
89909
52981
82887
71587
49203
94247
42976
72672
52516
81090
26457
10762
10949
4665
98089
13257
9904
9590
33902
16464
89396
31098
47984
10233
8148
52372
75346
10025
88556
30497
96198
45789
10878
10926
83065
11062
15101
58988
5682
22746
81112
89284
56427
10318
3318
58252
72029
77621
83197
13821
45843
5043
45372
41188
50269
29490
70573
15582
55765
69035
1543
37570
26984
44200
70704
8453
62725
21390
10225
13920
31605
27682
17452
7992
84323
93367
67707
71812
83019
2315
51277
9889
40599
44181
34936
20039
16509
97332
53842
6786
92141
64319
6376
64829
56677
89183
93074
15061
14136
61063
37735
20405
36403
31603
76927
72550
78527
44595
23926
311
63893
54744
40216
333
5017
40129
20442
12939
33213
25213
11485
33284
48006
38805
3570
95884
41833
41182
35244
52504
97916
27308
44859
63887
33934
74602
78885
94652
44847
3947
99078
5561
63500
94038
64374
3946
8813
36314
51220
1436
66494
28321
66295
6954
18487
43388
10956
77070
49942
67130
21004
65567
89793
40277
86283
80694
38351
27364
75408
32586
43184
74956
7532
86579
59182
81083
14605
5007
97922
34338
49354
65900
41153
52786
6717
60996
92228
89251
3230
56306
61771
72796
91419
33757
95812
85947
59425
84803
13189
1981
3429
44870
45449
13801
80512
79976
50197
42452
21378
64016
23498
46332
25210
13469
77217
29191
94733
25116
25396
4491
12626
68843
43341
78148
76263
42540
29965
72994
15462
44347
79431
1653
4681
77203
32684
54280
70714
32704
66435
68917
36350
26701
57089
9218
68612
96365
26659
72069
55893
36464
42432
96217
37257
22909
94791
89763
29207
3548
72348
6779
8048
53519
16881
24390
44585
97501
85403
62609
36920
81283
99258
81160
25380
69088
48991
35291
59174
82347
68981
18048
73931
66104
91620
57302
19222
46635
99653
37612
68344
13612
37659
52763
45692
82528
22764
32576
53117
82622
59259
64747
9261
25340
61361
46242
24579
86825
11003
40518
99569
5521
64416
93295
5267
46820
57848
63186
4023
90576
76045
84605
98396
64259
2339
77760
73014
15208
30702
22788
38753
47092
25835
75821
23337
7493
50140
53922
34054
70813
71685
78394
95124
54990
71473
79556
72472
31700
93222
46405
29260
10920
49356
5721
21465
45574
66217
37987
70171
73297
20631
11804
23148
93130
24558
88646
50329
67822
97120
40380
74160
16974
70767
78529
49967
17920
36734
37584
1286
11493
26106
44034
1168
99542
65028
37354
21288
72578
79173
55025
13472
90872
85212
61034
25602
55463
46899
13451
10023
47777
433
47542
83362
57736
88873
25755
91543
74586
73920
53696
42691
58987
36597
73400
88483
69298
75779
45496
30595
35021
27184
86118
8344
20583
43089
20078
93267
87585
64021
92370
58203
41043
78697
88597
87323
72793
40470
54103
78666
27187
10335
55082
56777
38005
87923
67527
70452
18513
50155
45267
34872
29694
48829
64392
84551
89159
46727
6939
70779
58218
67185
13407
25090
37462
58472
8553
21841
72624
61581
62476
94553
52377
17922
4795
61209
21559
51888
75474
5012
98272
50620
85616
91294
97253
47328
98097
65618
98396
62904
35349
89661
8067
48117
2996
22851
79628
77869
25444
32881
85020
7297
2298
97348
12582
25131
60281
67261
91691
19708
81740
43887
8649
68558
52292
96089
71021
41594
17667
54654
79143
18307
92660
46371
93287
80743
64120
13423
51604
49276
93568
81149
74746
64802
93469
29124
71701
16525
34274
51908
64599
29202
47605
59671
31128
24836
86680
5674
28672
738
24761
59954
85045
7053
58451
13447
32289
51451
59078
54350
52278
72110
35804
73805
25209
51622
20539
83958
91345
86295
39106
50265
84054
76200
26106
57434
71609
83252
971
16069
35696
96174
55987
15166
60859
4983
41271
37357
57066
5394
47301
65292
26611
26627
2362
9698
14270
83564
52598
72398
86188
82352
11525
13349
14162
46736
65054
79184
69817
65875
21376
60916
23779
74849
76994
35907
32055
26889
51270
58434
72814
98899
80426
53564
29855
55297
68867
20103
86915
68783
76584
75995
82612
996
15537
94437
28992
55614
18831
62353
65261
4792
91037
88335
52664
95428
8712
29858
18023
77124
93470
50779
83720
68905
70070
82621
27399
50302
24143
73888
90100
63918
44516
3385
97336
57000
35282
31271
51654
12753
52064
62010
99531
73528
17864
31368
32596
67973
80222
24116
91042
38252
67204
65526
28911
11345
43877
45409
40249
28231
57542
31377
58049
43624
96783
63661
15798
4348
54676
86330
39791
20215
68124
86617
70656
98162
75910
82421
74259
36601
99277
33763
90476
98386
34382
14808
54586
57656
67000
10707
91079
83221
8218
45622
23894
88759
69677
99393
76049
86935
48459
95242
43517
36014
8134
17813
71704
65671
80701
17618
71670
46039
76081
1733
11909
67299
77083
75143
74406
8855
21727
64553
88590
24938
56542
88922
52283
1208
68853
22850
30691
8948
36512
85973
58105
31902
77088
12790
50672
89775
41792
52025
76988
23058
8437
25764
54366
63200
2467
75814
32590
76567
11661
86636
98913
88635
39064
6897
970
64420
80697
34306
69202
21925
81598
97025
50222
71839
9346
72066
77849
76752
63252
24803
73549
77776
57628
47073
99649
70248
1607
59361
83935
20822
94108
22291
70602
71057
37435
61141
43045
39476
37447
99278
19160
71459
28744
21193
6392
13825
66537
85407
75989
46044
17247
51210
40038
24981
29181
36203
80670
34647
85906
50683
57910
52121
46989
67460
33549
2540
70738
108
66
23386
93497
66397
59606
98858
73467
85422
44574
3758
54775
32943
5304
4182
95160
5166
64421
8031
34605
35105
8072
38150
10337
22253
67397
82539
27885
54089
82130
91792
46370
62253
81534
59566
51962
92234
65799
23436
97151
18647
93159
55822
54579
25118
99271
93531
24315
5227
71468
6556
49330
98976
95494
71595
51190
6580
57555
88140
87511
18894
42746
54735
67987
44876
93507
255
44344
67287
69692
21914
97841
65612
19200
14881
21228
17785
42908
69307
19396
58224
54740
94578
32351
60653
37902
97936
42534
40612
31532
88743
93948
55003
42447
83149
48746
37103
13834
98435
88204
8255
3833
1905
42187
16876
8895
65928
17969
40145
84315
20930
49557
11693
67528
11659
43746
52459
9255
30964
22395
78720
23373
77468
39115
24721
15870
60804
57994
41987
75164
1801
97358
32891
13513
57884
93810
99995
6732
79123
15366
43751
48262
34094
11503
8728
52735
2156
15784
8978
58991
69245
56060
15380
62997
40164
52400
95556
14750
13533
25316
60000
27697
93957
67001
92525
92566
14779
71943
61162
60495
78520
75106
45323
83607
61112
44048
70839
26312
31485
97060
6799
3534
87231
8
53942
80086
54004
82402
71022
25196
90740
7981
491
7934
87147
5631
43168
64795
55651
64369
88033
33664
59556
58335
85407
99240
61923
96388
46351
79712
51357
25881
51489
94303
84579
9050
81223
22630
37914
96039
405
68873
6100
11338
3638
69012
73232
22511
2419
88754
65599
64256
40995
38682
25644
63861
92860
21462
69937
70819
53408
93592
52726
95899
85933
64166
38068
69695
94286
38463
7205
84956
94470
51595
74622
44183
74240
29581
91339
78887
46986
33913
134
82740
35019
49675
63890
66330
95178
76962
73732
41506
12682
15066
79742
37767
49668
29405
15673
41299
51370
87370
83198
79552
63744
25141
1727
7268
80219
95720
90620
97442
36906
62751
4982
22539
933
76433
27604
61938
85363
30937
85340
42587
46442
50640
56911
83011
16200
84161
49708
70559
6088
58262
12021
13150
83212
39999
64798
52341
85964
74409
25283
39014
59206
2140
49295
88429
18348
48881
88899
3833
19596
855
19404
96142
35418
81971
871
60724
29317
138
46335
62426
24977
95919
51878
77588
24122
12250
85239
2720
24172
17931
22277
29725
95620
78064
7199
66752
47210
32069
71925
52803
79933
15865
12876
50624
40368
50423
1939
65233
37127
39503
42034
40220
99079
62224
9775
72673
36213
5133
49275
65211
58780
42771
31485
4569
50520
66891
81470
64460
65785
42106
52612
35097
560
70025
43535
31166
47400
64285
87542
79648
48482
5717
17622
98398
25716
63487
62693
37156
56403
64859
48448
98035
72215
95846
32843
10503
4807
53264
99819
42268
29140
69697
15102
93493
40320
63415
78204
12070
65242
75343
88345
96845
92287
64520
16576
19730
11598
3259
44414
80033
63416
39740
80331
3423
21270
8816
56819
88017
4969
27237
32366
94523
23370
66701
6983
4269
68434
2145
41550
95506
32763
91067
73682
95108
61811
60644
63317
78217
56749
59528
13765
19914
22542
61548
25879
49917
28140
87133
89712
68374
92691
79141
14863
93170
15318
10517
88777
36728
3694
48993
64296
45681
61366
29930
70298
66969
37942
57540
97613
81355
27252
35097
78253
48294
98345
78643
94493
54605
17815
89096
47296
73571
39278
48212
57330
57791
89007
75870
33626
55881
46076
35701
72822
88741
27510
8187
20609
82565
33692
78524
85972
79442
10298
24421
29720
14758
63959
83794
60234
58005
80658
2833
35066
48900
68336
71413
82902
36222
89881
53287
13394
58509
75239
55515
59691
38863
61109
72995
23811
27565
66991
64569
75075
90750
83479
28571
82624
97660
96240
58811
5884
76477
41888
80153
62846
85330
98372
45845
65866
11419
94682
8534
11107
33277
498
80002
2488
38665
84348
26590
68849
81921
48116
92523
6629
60896
39967
1280
23456
91542
73719
58956
17024
79505
18629
74566
5554
71028
40899
10785
98553
84413
73958
99759
8592
71513
27790
40123
65949
2236
90311
18575
96139
57159
3796
31852
88856
29900
11533
63490
16768
78123
96535
56687
41158
90315
59260
4787
63888
13355
16171
46925
97008
83131
3476
29860
94132
2869
88412
70198
53324
3463
86382
51888
73504
24122
22927
90455
11527
2287
14110
37062
83425
38724
81895
67376
22240
28744
75142
41514
74398
98061
17976
88146
3422
70792
83734
81431
14943
13738
23557
89170
17593
35177
80421
75828
32850
12743
61196
33116
28247
79861
45402
94867
70417
26534
15644
50580
87433
54009
50278
20163
89508
13572
6458
40758
1305
60556
76963
14693
8426
45136
82655
12161
14506
88305
51144
34264
74619
48981
77432
23915
82876
69789
37592
10770
3460
71176
59089
3649
8106
63967
25735
38164
32263
15469
99039
15510
56930
21787
99109
98785
97441
90993
14077
96001
94871
7957
65616
51415
55897
17049
2280
97364
37889
85999
43497
26849
9802
15187
84714
36091
74375
69526
83764
80597
51841
43670
64702
61953
55647
78931
88997
43781
20544
11474
8725
37604
53532
98093
43983
93396
35514
64671
30350
82256
14091
97575
33616
77772
70978
12646
78686
51714
31457
47063
84166
19747
57422
35404
89544
7888
58761
31224
22998
81862
91128
20025
60971
25293
91587
58534
581
62255
23104
69265
74648
53835
71554
38788
3453
78257
48100
9218
63981
81892
35946
39308
37760
34822
77455
25859
33142
92592
90938
90691
65304
53193
14454
3390
58430
88666
81773
15693
62905
28964
89072
41910
32664
12627
2970
61589
36060
10
20952
98454
67911
84578
14706
91609
96885
24750
22334
51635
8263
76191
48516
26481
4200
47515
877
53478
8292
75412
80434
46760
19038
65362
51048
77498
40731
18988
46283
39176
1101
46839
37094
34100
77973
18154
83616
85727
44671
29659
66828
9911
93790
76498
29469
33155
32629
34024
97964
85179
51384
63268
44084
12901
73345
49309
28932
42340
32257
83664
57188
36806
624
20332
7419
88804
20286
380
19247
68405
40906
11420
4635
68361
80182
21562
27387
9095
74156
82483
31539
17234
7616
45239
16507
3285
15286
66825
24601
85702
66456
12834
35470
73271
52190
18003
93163
47540
97445
54732
79808
61310
90770
70766
67775
78518
14020
16891
92017
18874
26278
69595
9696
66978
23818
65360
39269
90892
81543
84537
88199
96184
19131
94316
71689
10221
30416
25992
91327
86003
26865
20218
81253
32103
68590
41201
39906
87989
29519
66370
45737
26891
10876
72975
44506
94490
26228
4165
58677
25545
87825
94840
84312
5937
27665
87636
60934
64695
68463
39933
26416
45773
87924
2671
85546
29704
66115
36198
71382
57150
54919
6930
79212
84504
21459
90981
13545
35526
22540
50676
36964
51199
4624
38116
66053
41577
69329
28492
47340
5194
5570
52158
59359
25301
3490
29242
42869
49623
60573
15643
14962
46671
95190
64305
57884
76001
82653
37113
71744
62826
11814
953
70417
44465
54431
61491
85857
93009
63023
26533
89458
85259
98990
54573
331
91751
63122
77342
9474
26233
53947
71540
21132
78366
60634
66818
92243
58112
712
5696
80004
9250
95945
61587
57562
30339
95503
90387
55189
10691
72844
23914
25060
4068
74378
96442
95233
31147
19229
74333
4777
67614
88839
65566
42789
52405
72667
30524
64897
95031
67561
58590
50937
77880
17994
82660
71648
49739
83096
18097
1606
55202
17850
1061
93980
70079
69669
59342
30695
5730
1110
86258
98620
32497
71208
33734
37382
40428
29288
42930
43164
44119
52856
62970
30772
68587
99007
73582
3888
4749
46491
76466
46232
87305
99521
63003
6505
32418
76837
65377
40940
517
53532
87678
26684
83063
69726
65574
93961
62278
49877
83608
92253
69817
32928
27765
4097
79653
45163
50823
38705
21541
61901
45022
95405
20198
60395
91020
14884
50097
12827
76421
41386
57098
75551
21814
70658
98221
23005
2508
18028
75396
41246
73594
73447
75658
87252
2803
7178
37379
18893
51646
27035
17948
89652
44109
88946
61651
21330
97109
36738
36076
94755
28475
19625
33140
27488
88249
96744
26449
31756
71576
75159
52062
24855
88455
71626
80725
9286
23539
89206
42301
35380
82833
75861
21242
51852
37568
15865
54174
20630
43123
45028
64087
99578
39794
93865
74754
6056
61526
76533
29869
12314
26987
28285
73062
47485
88899
95686
64568
16919
79304
71759
81054
23266
37479
20276
61451
25948
6839
23560
73776
91972
77872
93967
82759
54503
18397
68007
85935
26688
64180
34158
70633
52171
5405
93072
67034
20205
36712
85295
81861
87493
18974
54251
32505
4546
22922
94174
88961
39122
71656
87835
72856
11961
46644
40203
12174
24671
62224
29804
96586
60548
78578
46881
36840
51001
98310
39048
46599
4277
74482
75105
11738
12403
321
90436
56541
27663
96288
87142
89762
23899
94113
17168
43416
430
33427
16906
67893
69700
69202
76912
92542
54775
91969
93996
13439
55534
75592
84518
45138
82735
61478
45684
20181
55712
36555
58939
78504
50277
55320
52065
11712
27628
28828
83880
19618
33403
34016
12364
71985
90637
1149
88398
82100
88779
29086
56588
2004
54892
54217
54248
94422
36122
57500
32331
49502
62130
19754
14790
3653
73378
85284
7306
6896
37757
19725
82737
48979
36806
56152
74548
93316
55753
7112
31983
94911
3635
60065
52642
77740
14537
99087
86139
17299
24048
70114
64298
4877
31663
10923
10918
57286
74512
78446
40521
41438
96345
61402
49998
52691
5079
27741
77283
87366
60636
7458
1220
24893
30206
70882
84360
66494
31342
55529
44624
86082
90317
72981
23578
12845
73940
43409
14501
67369
53554
7904
11316
93245
72213
8393
30013
48137
62759
22069
5433
82764
977
51139
62862
96702
29204
79093
28345
54828
49734
60443
52698
15346
3883
64874
68403
41599
34828
74165
56968
15681
65470
93646
50746
88821
89324
32733
3614
38072
15458
39964
7133
90784
75518
49405
5542
64471
38477
60079
54319
58681
25316
10819
81430
94248
11058
19458
3415
74066
39721
8938
29911
27484
76171
84219
25787
33519
32253
36416
99638
31621
56897
54781
26367
20375
36377
96
8263
99223
3869
41997
99958
21423
70560
89140
9636
37364
60169
71679
4655
65053
2691
71681
53503
10075
36530
32713
66833
74234
24101
59304
24061
40565
92293
66829
19392
69754
61544
32584
59165
78476
42531
15385
98676
37826
32453
55965
79958
63933
68394
44484
72901
29167
42536
99465
87378
24592
11959
49181
28240
36584
54267
56380
204
83131
85108
67515
13863
1137
37987
96018
14589
67366
51499
23416
23013
65402
84064
53533
81006
28554
76746
67885
75170
25755
67082
27729
13470
63073
40546
56118
867
9472
73112
17260
84090
40733
61226
61688
24390
62076
82965
53056
42466
33449
41236
34187
78266
76854
78846
4824
40156
513
40329
64452
64137
52184
98565
90029
57595
52366
34929
24791
46469
95510
9016
29759
4628
13386
49892
86139
86841
93291
13331
42410
86665
3337
41967
41600
74656
33143
81127
95719
30540
31745
14423
85243
51894
61694
45077
73755
33178
57713
52845
47063
95325
45806
93730
74260
85389
2201
7143
74886
52388
69306
50337
10960
44342
64890
34757
86173
65259
76460
84353
27710
84007
68187
44752
6217
83269
17846
85436
52041
48773
53694
26960
90178
36522
20388
78982
10218
65230
60447
55129
39944
38735
93016
71649
3735
64978
55919
86632
28067
21241
38800
36383
30830
14379
21868
62630
39436
45338
87436
24243
53352
69699
78163
26685
23485
61173
3768
31899
89057
25527
75758
23791
3381
15713
16106
36491
53082
67731
98126
73042
65562
322
25676
83687
61691
68254
84847
28135
57260
80892
92013
26869
4296
46066
62208
1973
29587
9633
6199
61235
72124
56004
50453
1233
63213
1257
22655
15669
95367
39163
95393
67483
64298
46374
63102
49716
12071
85597
94626
34116
5027
18637
38438
81844
76091
7543
15325
9874
86883
30446
48915
19763
37338
37040
76947
28693
76076
23466
89978
24543
11127
36924
6485
95036
61496
36795
23141
6546
59786
54558
8407
2986
3706
75644
5157
9725
65060
83370
85831
14303
18539
36167
45621
95182
83253
38344
24103
60398
22440
13971
27996
40773
73937
60206
8962
92630
85981
88819
28428
48152
98073
5607
95131
93367
98283
21033
57852
70525
3871
75389
36310
80430
71632
27443
81606
71089
50523
56405
56481
98556
32731
58436
61661
32038
53766
64643
13894
76125
9620
94307
78258
71594
17630
27857
48413
59964
79643
94904
79893
73266
34970
98465
60996
92835
48192
287
78235
69027
60562
64031
77711
18648
11119
34439
40253
89108
80216
3133
22162
43071
71062
30749
98693
87785
71892
62785
84674
58795
37759
43350
3487
46907
84779
59414
17437
44377
47374
16320
44634
53098
7428
38554
6215
48768
8425
49664
99306
29121
33550
34672
84132
43390
16446
87418
93034
46258
76156
13762
89763
84265
38623
27174
29931
14615
93663
95657
64417
55619
39662
67464
22648
55511
12141
39871
73327
24874
75446
54052
91138
2104
77840
18549
3692
72750
40038
42102
3190
39409
19592
11499
83569
29550
99667
96023
32043
1189
6111
11433
22309
25380
97999
59374
2868
87139
11222
90275
87868
24373
89034
55515
77535
4171
84400
91131
26286
8752
55025
10419
72865
31831
39381
22555
10337
35924
10999
32145
24708
53424
51011
28656
36228
27258
18613
41868
98061
78056
44425
73901
46617
17554
25056
38515
24222
90022
57661
47702
12992
49389
57274
66679
63256
77480
88245
84272
67781
21058
89640
13779
27474
31509
36366
45888
43968
86015
98643
66273
99036
63531
7289
19634
6660
38068
60193
38419
71482
64777
39699
80827
77036
75483
17375
69235
52026
45058
20564
20715
29585
55964
18667
35685
90356
73580
38318
32107
6342
75874
57670
90645
58261
40679
4239
79136
36636
89709
9059
8881
57723
89853
85642
82378
32626
67671
99100
70845
77743
12770
5327
65207
21397
4766
90032
30713
53791
48523
34842
78945
92450
19050
66946
86690
77723
89428
80361
17167
48677
91780
46161
74499
37161
75447
91121
58190
33410
70572
79641
20616
59068
19494
25350
56315
93704
53926
74370
51275
60794
83172
16206
88165
27415
19673
42781
69849
92022
14645
94536
97129
34512
36175
26046
25903
94355
65255
76393
30448
47652
46596
83216
82842
25052
99459
2329
83843
19638
14547
37378
3021
92570
63095
79537
38530
26334
24558
63856
90318
65138
21880
9274
72459
56395
8920
92876
51867
97368
4434
38216
36445
30704
78895
75942
14813
34394
47847
93506
83105
26325
71403
99629
19713
2071
46761
30882
6063
80567
25457
76157
17350
3123
54567
47172
56946
50186
58293
80001
32240
25072
72583
9392
55617
89630
47627
39018
49710
33567
1645
24087
73293
14837
19335
75703
15445
85490
9181
43409
5405
83067
29419
45224
51384
2233
34396
18052
42701
714
7744
27793
44905
10535
18453
20141
68911
51581
98981
79868
5850
98689
70429
60098
18040
78737
91452
79469
99458
24809
38047
12629
82589
68490
18223
10266
65214
11109
30353
53962
75201
79287
59619
91942
76737
58357
52611
84478
59375
46643
6350
61651
56978
39013
89404
28142
51446
86917
71282
64971
23731
2610
67652
59508
95615
52267
38261
55247
31121
26860
39
14719
25705
45544
33108
35101
57047
71164
39105
66707
83603
82462
56281
88413
5877
26182
29676
46119
7513
84478
50871
8101
35861
78715
48450
55942
13097
72365
99456
49064
42216
3449
85297
63472
44289
4769
29090
39508
10142
86773
836
14541
29198
35827
11059
47197
65107
35138
16379
13277
86430
78824
76011
4810
59442
63695
7551
46393
73585
14096
98613
7349
61107
46470
54123
38668
78084
28594
75238
60621
96009
84491
3252
97762
36319
63577
90468
85133
55258
11742
69833
22213
54409
94048
48385
69164
88444
9209
91328
8178
75111
75657
11255
48034
14077
38402
11140
13706
77327
44375
22607
28554
43116
33694
34419
2799
60812
22222
28276
95548
31436
89892
27087
40479
60271
91831
30111
10708
50017
51080
69339
22379
33365
65553
5976
46894
4071
9651
12550
36368
55707
22198
45689
7840
6814
19397
50791
70061
24470
52636
68072
31716
89196
66758
42450
31102
71279
26
48914
77482
25323
97144
29221
69671
29772
8926
75216
32137
10749
41138
97514
5888
79124
66061
23768
81320
94830
63574
14962
46736
62340
99538
59212
54207
35756
73003
18547
83345
77412
11755
66171
44818
59553
35875
27052
40839
50714
79012
35906
74241
17016
35448
59347
28189
626
21982
18633
92397
7914
63469
14725
30838
89251
36967
91217
47587
67744
99642
60094
88647
34716
18643
25777
81807
95441
23591
20654
18603
47431
69433
13454
52757
4152
59958
38001
20898
17680
88119
26238
86209
78754
90332
37658
63002
98623
42488
19646
17176
489
80866
13659
58529
90597
71866
19710
86849
19524
29852
44379
33071
8649
22098
2327
65843
22288
26392
55916
77409
40964
61531
14962
51727
41457
37169
20718
99096
69935
46776
90565
96240
73241
35996
973
78731
64221
80040
38515
59100
18998
65805
68337
77808
98057
65781
68543
61046
34083
23962
5429
26296
42343
62026
70445
57809
3932
81001
80897
85047
41024
41259
15754
86503
77416
60668
10594
34206
56793
9553
19041
5081
90443
58938
65740
68963
47395
93818
67431
76868
36821
23050
64555
12364
59453
47674
82390
8723
80967
33788
11558
91251
39782
93020
80956
24810
79305
59411
38553
87977
79407
58141
16516
87462
50265
28967
88727
15186
86775
3664
72054
29548
29580
56881
58360
57797
63740
64249
93990
65552
94109
32609
80455
57094
73798
72701
31991
27338
98134
59524
21162
87354
47641
4750
18439
72763
39413
24167
75197
98221
92139
75752
73081
63505
51559
41430
67182
47074
52523
27076
73871
74818
20891
84618
36246
57437
2571
85779
88852
68763
368
40232
66432
20978
86287
31975
70244
42706
35145
57906
2337
67872
52531
7013
4048
41443
90932
83374
27353
21865
12764
92278
53235
63065
36889
67571
61805
19470
21749
50164
6073
77750
80941
80528
9351
78762
31320
75137
25660
96121
41617
87917
72365
4016
55339
20534
50566
34604
24488
98818
75903
97006
87544
34739
61867
51745
62370
61615
21645
48229
88428
78432
39137
9175
58265
64700
49247
12404
33837
14318
69186
86721
88197
75879
81333
16324
88696
19519
89509
50502
12612
38143
36819
44497
75435
40280
77380
35550
45459
80486
83562
1674
72431
91469
46662
17623
89424
97186
30935
5230
28144
26846
45439
14995
58558
58520
84441
73221
54883
68123
89189
62492
37541
43903
14192
6815
90332
48130
49398
51591
48288
82181
77438
4116
45494
69871
70356
26388
25943
80383
53394
37809
83471
49171
48380
71615
39743
88921
26962
18789
54159
90095
64017
95436
16011
53920
13549
16360
84228
89746
71663
44435
4268
78331
8159
4506
47733
61510
66162
88142
67700
3590
65333
82404
1376
24590
17818
68733
23565
3676
56631
69253
46147
86891
66278
54316
17566
56716
93113
88784
46741
15837
22666
17014
62828
43668
70463
43494
95517
51715
59403
6371
8664
52264
57762
26024
73562
67300
31175
98460
45571
4462
24286
27665
79226
20850
36997
92048
96402
72050
75885
43511
97595
57257
63846
94431
29750
73133
36563
51784
77205
54882
93776
33255
86796
64916
24896
3434
21787
34620
38996
44794
1387
63601
77469
247
8477
43003
19243
14630
21493
85028
72791
12179
38566
76971
22709
65923
41380
18617
60391
73348
55700
71185
62451
63188
23508
22589
16542
75996
73093
94607
69249
58757
10255
73578
95638
2945
31061
14917
42103
11821
48706
16085
26836
97936
42905
8510
75743
44226
44354
7440
30743
11561
46324
22961
29002
18336
37094
97601
9815
72314
3543
33839
59337
31405
9489
80862
56871
86684
28829
48139
49272
11252
53006
15470
32474
11555
21753
41774
34922
41063
19490
99333
84967
25258
36481
81067
56699
98711
39890
91315
96788
41200
28281
14719
98303
61664
68656
41225
24353
3692
81279
98582
18143
53195
42147
4703
84975
89527
34088
95165
8863
51854
65487
29705
99486
83867
55709
20782
99945
46031
89427
34153
76162
86269
30643
51515
15007
36302
56032
24167
84801
68500
95809
16882
47694
8885
8369
11754
83278
26649
65172
14108
25903
38369
75220
20523
17379
93885
13810
97568
90338
48550
20847
34577
99778
96787
85264
98232
61083
62554
87049
49231
3479
58032
72073
8311
53939
65737
10411
56232
7615
30870
71662
69375
62336
61976
79341
38803
11389
54666
25909
24239
5976
53371
63216
76257
20731
5569
43631
54856
17792
52034
1649
8085
32174
90821
51154
3601
7772
25444
85564
90498
46311
83263
46039
18829
13313
46793
18891
15131
87324
36959
73633
74397
85646
61102
70375
5296
3988
66090
14689
34530
13053
1702
36189
17936
38697
1486
22256
55680
67297
55542
91027
75708
48860
98841
84491
1086
17914
55994
42519
22225
34343
23583
2214
79964
81503
55959
84729
57174
51852
43039
48829
41114
50596
32258
64228
84798
42588
46915
66714
77493
71249
51232
2533
5623
30662
33350
51472
22442
8706
77616
19996
34949
15338
78489
84136
89615
32734
23435
16429
23195
12767
63034
78586
99253
93119
39797
31147
67970
40361
58244
40475
84500
27248
32932
82176
28287
91435
26966
26751
22033
28940
48415
3194
57347
67038
36480
46866
22999
69940
66582
22944
74532
20179
65275
14827
52708
58311
59415
79232
86037
3121
65265
11920
98554
9873
34830
37987
53193
32923
11552
20382
98184
15097
72477
77559
61622
44767
83423
43979
6569
73746
93375
15793
48915
60214
51526
62853
40892
98830
38123
50071
80207
70179
92136
1823
92039
1866
58149
69622
18030
97149
6983
25955
76254
2370
8518
32364
43868
22698
25844
4760
5670
71114
49073
6773
24302
82467
60090
92346
3956
85778
48058
74436
72783
33017
18012
93531
44486
19620
55680
20320
93584
7527
38694
64406
97579
2006
69512
39003
5700
47252
28582
74799
20361
72500
72333
90
3219
19129
15374
91534
37632
91059
22893
35740
20440
36815
40344
46544
73185
90897
5829
11423
89883
33230
46089
82664
29278
35986
62396
51222
58790
9336
1705
13680
86105
7629
43095
74371
46581
49113
29402
99225
77719
84287
82683
85335
29441
81830
35961
24260
68556
29005
4328
4036
62888
43697
46045
62992
35471
32570
60986
49129
41797
38958
66903
96644
14594
3877
55975
16617
31078
30548
88842
30222
67231
64644
15076
60074
66695
59009
87362
3861
50776
42378
39056
7475
20090
92703
77273
22610
27548
89614
63331
31569
13112
9051
87106
91307
53227
83139
10936
59633
90925
58533
58865
50811
55081
2815
36257
92852
92792
11081
41237
56103
75491
89405
32074
32989
63880
88133
90339
91945
64868
56431
67341
97949
56704
50130
48589
81098
84529
25611
36235
14234
86576
40249
75543
8818
89026
67521
14933
37340
9224
43070
81051
7747
22279
56488
28331
44697
72124
82475
34045
1123
57261
2402
35659
52952
80711
31774
49757
15102
7270
95999
55222
73072
17046
27682
29736
5963
70204
51605
31817
45230
42200
37287
95976
62314
75241
58091
98518
42039
40246
60479
98031
37288
17476
12502
54439
65466
51050
38766
34086
96294
5773
13612
89840
39934
15124
1791
41513
77771
34945
93014
7842
28804
33998
12292
11562
35697
95516
14752
24779
53727
84344
88911
1491
1224
85762
27093
83765
48952
10140
48736
49962
7484
58798
76680
70051
89937
85304
47134
56345
38647
54259
64695
2532
3554
73200
86741
82473
55008
35250
4100
95111
40372
20227
87766
28502
82972
43508
6376
46245
89710
90074
39193
7837
58329
98162
33750
45401
42130
27374
37740
89210
56865
67691
26733
73778
28790
51941
13445
88094
50288
26024
89197
79330
13671
89724
54472
98016
9268
56792
690
42092
99453
37695
99572
10605
71724
41200
19589
88466
64966
24189
94384
49709
13229
73377
19250
76298
75640
88468
40214
28624
15192
45871
49807
42891
14885
10455
77725
81865
1447
44729
73078
20847
35740
12287
48143
27711
59941
67279
84963
37822
50500
45873
56364
45006
30709
62696
93079
10647
86476
77219
29951
82059
71024
65613
32867
8089
21062
22229
57609
40228
94564
52842
19273
25446
88673
86035
50488
48408
98686
71060
50884
47953
2720
8492
87849
51553
58397
34327
29828
70671
83563
27802
10563
98426
9039
22439
75110
87617
31313
54851
57312
15058
17077
6568
58118
33750
80930
37306
84509
46119
39227
77724
18744
22688
80789
69458
75719
98119
31894
33450
72772
28317
67688
30187
62955
31674
3110
53219
8481
87702
54621
16043
50791
43528
61429
52540
63515
53895
21226
49559
90701
70538
71000
36058
93335
79459
9742
2184
40026
92083
91451
24663
73143
6735
88158
85911
42506
75098
14392
30196
40173
7868
66510
73699
66764
65874
80971
74088
78398
28574
67724
579
1021
69004
93172
55996
25527
14424
6478
69569
25953
69865
3531
83923
80998
83373
58743
71805
70820
36177
88205
46658
64481
19426
6447
65754
61787
9190
18932
93324
68371
88422
73176
79096
23820
12915
12961
562
71320
5496
66049
79065
69220
16273
83535
45081
21840
86570
58382
80031
16649
6712
28182
36570
24013
23541
70098
32760
91227
45690
54822
18755
10439
54550
20410
81852
77977
37506
96383
95821
74041
57843
92249
41113
50441
7449
15767
34375
89068
47332
16908
93994
41463
74767
14911
61693
77026
36428
44537
17538
74435
98466
81982
63946
64550
37231
45668
92527
68394
60505
48511
46661
40922
58830
96127
91618
75743
82908
14714
13205
7950
60841
14014
43241
89937
36734
5760
52654
66870
69959
64226
30202
73942
62970
58180
60684
30262
78796
69960
57437
25844
70330
10471
7155
10737
88828
74593
17395
88514
80181
49853
31370
72491
51044
98864
23067
34608
91142
71282
46831
84406
81610
33515
21318
95439
13216
36618
53213
93036
72756
63479
85578
81564
26309
47025
88645
35054
5036
76828
2198
74890
7847
23194
83231
17623
57752
39538
15671
8721
98940
4308
84556
90743
9481
52455
16052
33986
77996
44628
2977
14993
84204
83257
38368
59320
62001
92904
49887
68265
5721
71081
23135
98711
17644
49468
12893
56643
46101
62351
95495
473
46935
32874
69481
2683
40693
50361
28487
46598
94302
43064
51361
98975
59085
74556
72981
95742
54249
27404
56669
10393
68666
77215
69265
43593
76356
83587
41672
68597
92059
76398
25354
82637
92329
21686
22573
51363
54278
71615
81681
52700
91621
35349
17091
59554
23414
81597
75496
17694
88741
87337
89580
45849
23954
64641
29803
56676
25972
67144
59937
61763
86381
32809
50386
88711
51380
31065
38450
38947
57084
40316
51923
79978
70417
72149
87817
97054
7355
60394
19041
33985
51269
11388
37625
92018
66637
73500
54865
22706
94714
28576
57240
69492
596
72408
74737
54995
46938
63995
68009
87627
68669
76858
28650
63575
59024
47154
56233
22961
31433
30435
73588
63091
59762
53177
38682
2727
9991
96712
65891
50938
17238
1565
32336
29460
97633
94439
92956
274
77995
56550
37789
35719
20963
51679
35198
4186
19340
34315
80007
25423
8561
70324
21732
36991
78265
65233
82100
93801
79207
29479
52954
27563
24226
54393
53200
33513
70045
92250
8766
23115
99671
19873
31277
99142
21460
86880
70945
23877
94584
88317
38755
32390
34743
80433
6406
12952
50027
16455
27952
63085
47297
18076
21975
49277
87732
42830
3486
71829
48565
1355
78424
21631
65724
70619
64342
24489
71032
24222
5627
94400
35134
59715
39492
20263
80489
38692
62620
12120
15978
87171
20686
93959
82401
17590
8232
4200
60488
61293
78374
31939
1045
94588
84042
48179
85524
99813
94865
94522
70175
23337
36692
23387
75087
55819
40360
41158
53870
96476
43315
18106
47988
13781
63203
99047
70121
74470
76261
52924
81197
77224
60691
28766
74239
36816
63036
27582
63638
62404
52749
26274
79177
1962
8713
22998
23135
21427
34231
72580
50191
6068
21164
67495
30634
93319
41539
11150
56159
80441
6452
33997
27796
21786
66245
34260
72493
78249
64920
18662
65562
85742
86571
20317
84534
14463
84263
52719
30776
86115
28286
68014
92012
57001
47969
82084
61087
39590
48902
21416
73089
33682
25444
87360
86850
39755
40690
71379
18542
5061
29866
39972
10625
77669
86547
80490
69218
32320
14284
32658
62516
35172
63692
98520
21343
23873
71722
49179
51229
16471
62642
97183
75840
48651
7197
44582
3602
868
55542
19176
48609
16042
48633
68228
56322
48926
24693
47684
67520
72620
20746
12588
83726
99642
22866
73913
27234
21621
57164
92841
62022
9947
7238
56810
62101
77465
66042
2056
42529
92779
26370
83995
91325
92211
17474
90707
74883
31087
82227
53219
40156
60012
47883
31501
33637
97419
63655
84122
4049
74428
16124
61632
64836
54543
67431
20204
90439
38151
79810
12037
8888
469
68777
8804
20409
7837
21948
16828
84215
4590
52912
88060
46310
86808
40141
70009
25405
35887
60076
99033
87820
50255
60521
71871
4952
98366
60375
12606
1897
32663
82901
81683
85166
2281
4697
98767
97943
64983
25112
41245
21256
1307
66352
48183
55484
44578
41709
25204
85004
80874
27135
522
23015
71753
92525
40491
61864
9126
68429
58916
79514
88820
36749
73971
47198
26443
43008
36862
11809
75529
45597
12098
55179
21535
31434
91756
41925
15067
91435
16190
5507
48390
37541
58769
14098
80780
69618
75912
79864
18068
66413
2618
31980
32422
32553
67401
44661
60265
45559
77731
76311
13129
10837
42992
37074
22703
73607
60430
16376
80872
6904
17284
23645
94387
93977
79113
31907
35655
40699
25187
3350
85840
74257
53525
64900
1916
80420
98821
12151
37539
49676
9775
66578
35337
15804
45734
9675
7877
4634
95788
16625
84410
49229
63116
5606
95241
51783
78544
34076
30292
81439
37001
30352
9403
54146
99627
19680
38283
85870
58257
92515
36726
53637
35248
22851
3310
14113
29845
99582
87520
29078
22082
9311
36576
5966
73633
56188
46015
50779
24485
6936
225
36355
30202
98147
48130
75828
62950
95767
4444
49904
34987
27868
74633
98467
46903
47157
82233
16968
30100
73353
18272
62887
46715
89511
11787
29373
37192
60021
5229
26853
46170
32604
55578
8794
44884
60364
4726
20502
3638
1070
35424
32010
55018
3843
8241
39112
40626
92345
28977
95104
96744
845
75796
57786
38605
77902
33479
53941
98394
40934
91833
50865
22305
78256
90125
40269
85749
86067
27924
61838
45063
99004
90843
3749
15989
88578
63700
91437
55912
76807
70783
24896
1603
81874
64491
86937
87244
40637
73400
87704
68439
3576
22690
8042
58306
18004
57042
34159
55789
87034
28442
46975
61103
40093
41922
6448
75049
451
45983
46163
79230
57031
10464
60208
92978
25951
91138
33772
60063
89701
83008
14138
15235
55714
6005
30784
27343
47059
23054
66903
88420
59140
93090
41700
48183
79001
44596
78224
27479
51397
68192
59602
42207
97840
60997
23925
166
47335
25226
11798
79008
46443
71991
16665
65038
99695
79140
19810
8418
91852
45553
51098
58625
35518
85081
73349
10468
42723
62108
46179
55670
26795
8181
8224
96048
88357
19137
9690
35085
1116
67388
44864
67094
15456
1314
17738
16115
67565
5502
79316
82637
6981
56182
12286
48031
35675
57596
56161
81154
42700
60518
50277
19327
58282
9229
54777
24284
54964
33901
48131
35217
32323
25933
96662
18531
40982
40805
56267
75282
81226
19506
12047
91581
97575
24931
35777
38721
83182
68763
23221
99985
84258
51764
2712
74971
81310
77192
5451
45750
55236
13635
81820
91016
2459
47974
31272
24048
71996
72580
17323
79426
65568
17418
54660
12614
61007
29065
44189
83576
84042
9318
99074
74600
3924
58661
40849
45697
88635
12358
2578
35294
13198
44214
3908
16266
86574
5342
82693
45964
59652
9344
59084
70405
66866
72833
82029
28291
21676
74209
89912
44031
6416
91437
51042
70632
5354
16197
75586
3780
28855
1499
89237
71517
24208
53318
56386
21747
33115
6814
27915
75068
87141
29663
6513
68465
28423
64831
45521
15222
31980
18213
38874
42892
64328
52569
3997
52033
56372
62711
90565
17293
98076
33559
75665
73910
69000
91382
31999
98957
74681
26279
64259
21971
42956
17612
49051
38417
26995
77607
7776
4279
37006
63972
13017
91205
48672
85666
6239
6386
24609
83900
68434
68276
82545
7563
12662
72833
28632
71228
23722
61735
86291
7949
95996
40266
11553
83771
43434
78777
91069
91355
45044
30095
15917
4731
20130
71086
52622
21906
45253
92056
40474
28770
17599
19950
24393
98229
58316
90696
8636
56922
89329
55972
13758
2808
64341
70071
67739
92775
98324
3934
45567
30266
23834
28384
93581
1866
11193
26028
68480
36584
77237
29009
11392
47431
90410
35156
64629
14519
91240
91226
55410
74670
747
6554
8150
81535
71015
10112
93366
77401
33217
56150
7312
96526
15459
53311
64498
75024
51742
30917
57260
72760
50228
31668
91313
13971
57529
3157
27242
97297
32041
45845
80904
50584
74911
20462
961
27099
10705
35489
97474
23389
93605
12235
31200
70873
22238
44992
24293
25614
37330
13244
49761
36662
2723
52904
36895
12972
42764
93287
4832
42057
76455
12065
34677
81769
27360
61283
64573
37282
10931
86026
79509
42986
11935
28464
12229
15788
50493
67470
61271
84628
5314
45214
95855
89970
30708
55455
36375
35657
15961
92132
67005
30697
4945
14067
41086
24897
11577
54149
5892
95064
74296
74984
42877
46794
35386
84272
15651
94021
67447
2509
3196
64252
33488
5322
9557
51459
46052
95354
21500
19307
24821
613
7146
21432
63054
21077
43944
15309
39995
88476
50491
5040
86244
68648
46818
25977
87775
17523
48985
20437
71798
83969
7944
56094
26380
59459
91074
83918
77515
29773
35718
91044
47004
7783
99189
66358
30171
56631
71586
64640
23223
62222
48847
29789
17320
35504
95000
56577
46342
21316
11715
11461
39586
96646
9394
29058
21536
58573
46458
30796
31298
42062
88633
56194
5179
23825
5533
98272
47696
78232
85680
98849
2
93066
52889
67204
89890
52339
33568
85839
90215
31858
99805
33128
90169
19565
52888
94853
588
44036
72877
40884
57739
70258
47480
4123
15559
62242
63589
38746
11686
72234
31848
52133
13776
557
87830
90786
32612
98778
50752
64225
9507
50666
47716
15123
5387
52289
29564
94356
70329
38693
26419
13877
47460
8068
91274
70877
46612
50358
96940
48587
37558
94540
31076
58829
7016
32982
80812
43978
76315
22269
12775
87792
62019
77462
63655
91050
85622
94618
87556
60857
94991
29420
3170
40226
69261
95558
41134
39302
32620
58259
15426
97019
26837
80510
44934
51626
22447
41868
57963
32275
1417
27255
31928
96084
80954
78171
57974
95097
1035
49264
22126
33050
66083
18106
92138
17714
44994
26197
15299
41110
341
64662
9602
23381
891
97776
27769
64095
90559
20957
20079
54190
99330
16454
42438
93362
72407
82423
26411
36245
27595
67382
42306
83447
12875
67046
90989
96885
16069
23267
61104
32754
12425
76413
15818
4026
31036
88701
93389
1938
80367
72634
17066
97246
83246
7820
17712
12103
31843
79540
5271
98284
6949
37597
42631
70746
83738
82024
93237
29648
36704
55268
15886
93599
22858
8639
14817
65379
4725
6212
4294
50596
69145
15391
63241
27085
37662
68882
46418
67370
36064
56130
95395
36107
29963
43224
82104
89845
7949
42503
93135
91529
22575
67298
43184
20270
31594
71865
83054
8414
18436
99091
77422
29195
74338
43428
44605
54432
17332
30207
74742
91289
66617
61672
7640
59929
63611
78496
39490
79718
10325
8894
75021
81083
16840
29124
55090
2742
9533
38504
43135
46171
37225
44896
67597
410
47475
50328
36838
9297
16022
89161
47341
92923
1463
66511
77731
14995
75665
57949
15220
98934
13967
96149
70669
37792
64564
34600
59821
49241
1598
39484
77032
23997
81559
80266
77081
68502
74889
85038
64410
34481
87607
38599
94514
59059
71949
48870
94327
41565
43719
90568
20039
88961
88586
61872
61159
39328
36271
73598
23029
33789
28243
70788
6259
13140
57549
9966
4605
58929
2223
74619
41711
12349
86400
91644
90544
33768
92378
1758
89265
24025
54820
46574
17361
34152
12269
69388
17726
45689
51310
39836
56898
23635
25019
16921
92502
45843
36923
96139
26239
30385
56632
56402
40871
48661
8651
70025
44832
58567
2079
49437
76119
11774
44389
51655
52828
56148
98757
75933
14424
22678
54689
75635
21175
24748
51576
16327
74115
33467
35453
44619
15799
22977
43820
58411
55046
57875
96066
14999
75144
55949
31907
58124
7294
40228
98487
24080
5283
13699
36052
2960
28160
83002
89294
31808
87357
8714
30029
76189
51016
54778
95978
94808
30730
43717
42847
17833
46649
48604
20586
99953
66128
98405
30088
80904
59170
63419
6076
60962
28467
98879
46570
61763
62432
3778
39958
67616
25936
84576
65956
94155
11996
41075
17483
90864
39506
54460
3178
44642
56151
5072
34935
35808
41457
1383
78793
16858
64349
33794
83376
45854
56729
55176
35511
62840
92684
51781
59234
74814
63489
56067
9909
69172
58529
76515
77751
29670
70244
87264
11096
76011
34131
77611
51181
76339
50130
69504
90623
65173
35306
31146
72079
62034
29360
21637
80628
38912
30903
68323
5525
26111
76280
83862
9159
98425
84933
51238
94772
53011
87235
91837
84065
28256
17227
95741
74014
18500
56900
73102
55431
15299
26189
68702
52513
1599
24398
21050
49561
6525
61719
84434
80300
84584
85441
30336
64286
60403
53866
59892
8326
82429
40598
38230
47181
73696
38549
47796
3026
18554
8265
77707
904
75996
76741
96436
73944
92198
88424
13342
61213
517
29401
74116
12330
87132
24233
43323
34952
99280
67064
54124
95498
90248
87091
7609
36323
6946
23818
4329
23035
22461
18260
77566
78931
64637
73301
24003
71885
64339
51724
84759
81013
18670
73280
54404
30494
27091
30870
29597
58548
95935
67053
7636
59808
54215
4146
70684
31681
43728
14996
52394
54719
46673
24344
82104
31321
9915
32751
71926
74453
88395
48188
73133
44616
60409
10772
1326
50065
43787
6950
74904
43628
10094
25814
69025
41339
98665
19155
59736
39108
65388
72815
12045
34108
34556
49406
51239
22149
38076
14132
71539
2585
17084
94098
3922
64290
27466
49521
9448
8992
15109
76216
86385
96219
32977
63832
95078
50986
66972
10030
79623
45298
56459
7962
42126
56385
93193
61538
58214
49158
91856
38049
50969
24052
93377
96153
4413
22891
2380
17991
66424
71058
46031
75923
63523
16950
88501
46944
48847
93625
87632
52251
94852
91855
47310
77094
27638
42476
13564
11841
50895
87777
44970
87375
38500
26980
535
67970
80775
69913
62289
18290
83140
78897
151
92232
92603
98957
64521
50856
35204
28613
25243
68831
66206
4115
25751
9150
68437
61407
54726
23017
33975
67514
19428
38739
69661
4326
50452
32503
20058
10412
52393
58225
88744
55590
12806
71403
72912
7689
98585
32524
33860
86245
27705
29722
33001
57302
89700
39538
41868
48272
70711
2156
13399
95122
54881
42310
90672
67001
67770
18963
80152
76046
76658
64347
74564
13163
28027
35963
76617
65827
27733
44068
92798
68361
50449
20121
80350
29902
82142
52541
14850
85262
38804
2901
39724
58660
38347
22305
56239
6799
17820
85222
1923
23408
54650
37395
14059
26758
15449
12038
21776
44938
30374
87370
51166
57746
10936
83239
17189
12851
60436
71506
55999
62676
53340
68728
42803
41466
80532
84764
18725
35194
85458
69777
24233
78558
65141
8078
89515
56336
6114
93777
33645
63089
63365
90568
32123
73699
35108
2693
14003
78473
32468
71891
21923
37564
34940
54017
34074
91722
90246
36929
38061
99573
18469
72390
76086
10707
12680
63292
21425
9315
97527
87008
38366
8103
1215
31693
72554
16617
90097
16830
70552
99691
34634
26395
91960
37303
84823
45050
87081
41817
79599
75766
57062
80505
95494
91365
69682
79898
74512
65694
2419
15646
41922
69425
84226
36440
62186
10117
45319
87307
99284
48180
450
2417
14708
82276
73026
50480
48006
45499
3457
88185
87928
74772
18975
11282
93529
36898
69590
34298
81593
13901
10701
61137
5241
33846
23572
68262
48154
615
53081
69175
26144
29160
99074
83710
33559
85865
54917
9061
92454
66982
37640
50019
98348
77218
67416
22300
34463
17899
32605
29361
56868
90305
15360
29760
85400
55847
14751
39292
8093
55725
98626
53646
24604
30846
91084
36251
24586
14367
14136
98286
95588
21053
91278
87548
34427
18594
92463
23194
65530
494
29503
27043
36388
63940
47850
39805
65487
66330
54442
83646
66357
90284
70808
63465
10315
46816
38036
62340
33479
4631
45009
26554
59808
18790
84998
59913
62106
42297
75039
2959
16469
98922
14918
27007
16152
60662
62163
19244
81339
68143
65551
54103
68297
34572
59298
6432
37608
27121
912
84267
18094
19622
55275
2721
22126
45971
16138
87793
11150
68124
69040
76849
61092
5412
99666
63084
69588
9468
70515
2088
21761
93567
98558
20367
14980
50101
11844
92569
15036
66758
14097
88015
35161
63592
33210
98690
62657
8705
70469
21925
62878
42660
31924
29512
6892
4245
60299
45067
92475
6863
14658
84989
27499
29293
86757
53381
89561
35191
29566
7463
86685
49822
51175
26395
30019
55937
81894
67537
10890
59824
18691
44338
8817
27231
88523
71070
5554
53595
66335
9682
14992
29728
91
79394
26542
54555
47688
30612
31225
56839
43696
31103
84234
35699
34205
47512
33269
36645
15960
5670
26966
60704
61421
10295
51993
24822
65372
43690
67596
92650
99533
5248
97798
77696
5362
37144
54197
1141
71351
7925
3755
28719
33525
77085
78112
60022
13809
17441
80901
72767
29285
31195
73827
86225
35015
86145
18567
44361
97601
62770
18725
41737
45192
92292
73206
9347
62009
70738
58058
96585
21493
35467
99865
23707
55269
73315
67773
90772
1640
64878
50361
39263
7821
91357
62584
33109
89927
33637
46315
27000
27368
38931
50297
21931
74201
82274
66151
33377
17103
88509
64650
86960
73728
98110
47407
40401
72980
16395
7370
5726
51290
78865
34318
50
12842
41449
74072
85737
1911
88322
39178
49069
72150
15291
59247
24439
78823
73010
66570
68049
34109
98331
22691
19436
82837
57224
43858
79682
97170
72738
85847
59493
74137
86224
17478
17882
82545
9065
18850
58496
72145
67986
40795
67877
67000
99218
51703
26421
35139
213
96006
39144
30235
63657
89864
54997
60008
8933
82605
9795
30988
23047
35831
35444
71377
59824
12390
57420
34466
42206
73041
78062
55096
97696
36586
75892
41656
51043
68021
19392
6760
8103
22474
78590
18193
51745
64550
43925
55296
61107
65549
69863
34320
95554
3672
30262
71684
76341
73366
30916
27690
9794
87961
34464
78194
68523
56238
43205
50405
55889
93515
92228
61745
40453
34300
68845
54209
70907
30823
9371
52541
19423
50053
72336
95353
36139
97503
59037
48828
35334
26089
301
87706
74580
63766
50313
15007
17718
14213
41992
15771
84546
29814
95641
98471
3798
54291
55262
33409
51662
22989
30885
39134
65530
52871
82903
18602
53808
69680
19664
13917
29630
76295
5770
45859
4238
60500
45758
90005
68053
49184
5821
60152
1697
66194
79130
92601
37170
85474
73023
12195
51510
3750
41334
68025
7057
7440
42531
40208
23854
48436
62510
63988
77737
73763
45356
66475
32219
59891
62789
20137
29759
12370
7635
96351
67604
57329
8619
70954
33241
61430
11083
52280
7268
27935
71075
93907
2051
1370
70340
38260
38612
79097
22818
74167
89191
1430
14672
50910
95187
13292
93021
89233
7483
40840
27116
76776
67755
29051
45017
44199
51847
50922
50994
92197
30065
15170
84902
58577
90535
35782
22880
41351
22811
99290
52703
32484
25858
23631
16301
75677
92548
32721
88419
79745
86035
31811
19459
5829
17708
73536
39248
3308
88685
59412
91245
73936
40142
94504
91329
40163
70323
60362
65412
8927
86105
22301
84171
81434
33623
98707
71939
32144
76435
15926
42571
67065
35317
26023
36902
17405
16667
86437
10786
98654
86352
87898
50814
23793
27377
39016
70885
67880
42053
48291
6138
26959
36702
94589
79108
52580
91183
2660
56337
59944
16929
25247
87902
54522
68131
24225
82894
86514
15354
70281
70711
27413
24781
97784
16855
98147
18336
44566
28069
74124
91701
41293
96262
14563
58082
94202
76227
32022
18623
32450
37250
77392
20123
85363
10953
72853
54051
51812
32003
73627
15225
36407
28323
727
40962
80260
41496
24534
19060
9743
99219
94227
32746
97103
33897
53436
42334
92838
99140
75101
90610
17209
19336
53492
55275
4708
57071
60622
98352
60760
19899
90933
14621
45178
17788
69020
35998
32683
41245
62587
6348
87784
60618
26506
29974
68104
32438
35207
74884
29836
22948
18389
63455
2140
78561
41751
78695
66435
56024
34910
92955
94026
65133
62887
8452
82763
48618
16268
99671
70106
21981
34639
72025
55948
15544
72329
26786
77741
35151
18464
27773
23630
54982
15120
2416
81177
19243
27872
91548
92475
42341
80066
26805
5395
90397
1253
99699
16249
18881
99181
99725
36800
85484
64939
94814
64297
38556
12572
18747
72716
36796
22547
52569
57709
13901
95618
40353
89441
21703
12165
35177
9995
4988
13648
91810
70984
59519
59202
79127
80826
58641
43750
51587
72113
12757
74465
55941
60786
42557
80914
90035
78231
88827
11208
50863
87673
60897
73557
64929
84268
49098
8826
94883
47067
71286
98739
9489
40876
51992
88158
28497
4573
60061
59772
76128
24877
20970
10898
6321
94826
25899
96132
79627
14184
87456
52978
12663
15668
60432
46663
27937
54763
66808
51580
13152
65338
39767
84549
10222
34587
77186
91424
9922
52305
40269
87148
461
41899
54474
14245
51309
17404
18237
23547
56886
34495
6387
13150
65934
49410
76740
74410
38158
67048
69797
78820
876
86722
89424
63749
31815
72473
28406
44250
68438
3595
54371
99482
87856
3743
5904
4878
66511
78260
63287
78321
94171
65054
19636
9906
7868
99173
57578
97402
89809
71844
26698
28132
73572
45079
85202
5571
29262
27132
4411
37998
47333
44756
5971
75876
92500
54082
56339
54853
18348
69992
70082
87951
26517
70587
18054
92503
14501
47379
42474
13323
73627
63491
85493
5363
68793
64323
9438
47861
74943
22255
39256
8673
86508
21203
39175
28182
96927
59941
51712
53064
21626
89118
10768
90923
81431
1822
33580
45685
69569
44448
76502
69933
79251
1965
30875
41035
76013
20807
11655
57504
40413
2469
57164
5471
79581
43215
72672
19952
21216
23982
52956
50958
72625
82252
17118
44158
31057
67614
63951
7590
82432
95609
24951
96975
38206
59190
20238
47607
29715
12336
13003
31025
1956
69596
56541
23039
62190
8766
5301
62384
36076
35359
8112
40231
98280
85169
25919
11282
261
3148
8025
86176
9890
43340
28545
78176
66178
50101
8777
73625
40863
49193
38330
14840
47450
16662
30850
46044
83410
26462
37117
44954
12649
34510
2632
47396
11144
98129
60624
26104
84254
19958
4551
37988
77523
47727
4064
34743
50824
74711
52187
49279
4755
94491
70075
9139
35284
35168
10993
49625
8443
74153
32988
75224
297
66167
41848
71952
36946
15102
53383
65804
47204
67611
37025
32987
37095
26147
74755
45869
30885
78342
78718
78338
10278
10831
38954
69649
9832
49914
7343
61702
18086
4695
82643
57623
39948
46326
51252
50911
85898
96750
45682
6449
6451
38803
85776
40499
30589
25196
49407
5600
38941
86254
44736
73594
13445
85566
26516
33771
41041
96757
37080
17635
21969
67388
18366
79970
4895
82241
11015
74162
77503
19178
70224
48003
86573
55586
35889
56575
55785
49253
50931
96351
71718
98076
88699
45799
2985
18727
841
82726
38053
64749
23152
82024
81051
54092
70090
57672
89327
54184
28892
65631
67423
23364
99183
96423
24175
39029
46961
68019
65871
88441
75244
5952
45268
25932
48494
78704
65200
86982
69023
59813
64864
95018
96052
46368
80349
90575
26832
79950
12377
7857
99614
25287
59192
31112
53322
75208
30739
77849
44130
43260
80270
60189
41724
36659
44112
80096
96363
42363
88772
22987
89001
93594
29403
70137
9872
79362
53434
9744
73636
17688
63765
5319
56794
34877
66569
82512
94983
31009
41346
81825
95783
80350
61816
17753
42877
79463
72948
88441
29151
30889
93854
58842
11780
63157
29473
72839
64246
77853
69739
96336
3388
85987
36515
61446
45575
26429
9355
63922
59730
81219
92418
39172
56099
63655
34192
4769
16736
38461
68544
49744
30730
79857
13179
9910
27713
69393
44840
45308
8001
86052
26487
7931
54842
67202
75218
85574
71295
96138
40913
63976
93005
26282
25522
43637
9184
89400
41858
7374
3936
57508
55375
65680
7010
14710
28081
36994
83168
14971
83914
6728
39054
1381
47669
3164
57118
57682
48679
68193
98356
18257
6829
10816
88725
16945
98331
5805
64399
92352
31040
69366
55048
55244
66329
27354
19791
27167
56026
44801
82550
16100
3221
63107
640
89861
47587
71842
56514
16936
97176
33291
72755
4860
41159
23472
93157
90210
69761
63076
87983
54165
16357
9389
42147
29201
81962
70240
49050
71304
38443
74841
68075
94227
43164
92065
24271
73480
171
65322
70065
29170
1162
11017
7878
77056
66638
24268
41418
4600
58959
82551
76539
81987
63125
43261
73993
59662
9226
38315
29433
63499
6736
72957
7775
29090
63464
73317
24593
41939
4810
94008
46427
23726
78428
39788
36208
48838
11044
23728
26688
96366
58687
77498
6541
62209
49536
59997
33016
55011
62841
5716
11613
61858
77715
64480
77263
5367
37320
5832
51110
90325
74778
2795
27259
92046
40646
33457
64808
21475
2051
71768
11648
44173
41244
67012
94593
73007
4657
30794
97803
19225
14336
8301
73462
28617
77741
60261
13257
76212
4480
60027
87029
65708
25516
42461
68506
77596
94728
51100
909
27766
32579
37043
13575
48588
26433
18682
91976
19326
72373
35449
42079
39929
39566
69791
50008
48518
94179
8425
79998
57426
57645
91418
64603
10640
49378
10175
80936
64462
71313
56461
99839
17007
68422
33269
30101
67660
36230
93085
35319
69892
17972
77111
80513
93766
95583
19587
46525
90747
30785
884
16418
29126
44483
39378
39582
90154
7275
42327
2255
78746
41520
41047
7675
17083
16793
4227
73324
22798
98258
39265
94211
7424
29009
66866
4324
54419
82701
20521
57696
27915
95130
99911
88776
22688
50528
17617
89529
8679
53211
91374
88137
92713
51437
1208
80533
11954
78429
53494
31379
18641
27891
30271
17741
79004
43206
9044
65881
1745
70601
10500
62041
75826
90908
68696
33842
28856
89494
24892
15710
43875
51933
43191
49980
56570
13795
52786
93769
91459
682
63592
2452
85852
52876
60810
1597
24408
75185
53310
80198
94332
62389
33102
14633
65742
12197
22789
68786
71003
10878
11468
93746
41737
49639
88542
38849
13711
57706
18612
54121
4053
13271
17777
96159
35904
15048
50742
37942
77267
33823
57544
22848
97441
17250
75904
47760
28869
41041
5537
72571
66593
94644
64249
63197
34137
67040
8097
57901
55692
21937
43527
38506
66720
58446
42261
14610
84092
63484
22701
55630
47113
63573
99108
62438
4150
60560
85308
63494
98769
18676
103
51169
66718
18322
83761
10184
42190
72923
73211
47879
17120
49351
85933
6410
97223
82732
81308
13939
74330
34781
73494
49734
94963
40245
54433
39076
74178
96771
4674
3801
48711
12362
91747
36166
60086
56862
53703
76778
38440
38307
22517
65654
79110
26797
10326
30989
16298
16772
5110
92577
21968
36964
56837
42431
15997
34171
52050
71687
36743
76307
85751
34131
92975
20142
31312
11038
69701
54794
29336
16168
84103
19568
76282
55913
76170
28010
47038
39741
75124
73545
35827
34029
29324
35825
21869
62281
86931
69647
65874
85789
29548
6497
60617
74383
65507
89619
68067
74584
18951
50029
34147
23906
83325
58902
90449
53975
82335
2808
61430
38550
85262
27661
95305
55558
20303
20851
32276
45755
56617
91496
524
26806
42771
45802
63407
12165
91983
78255
14602
29757
86820
60675
84629
8044
27799
97519
33617
8184
10207
97776
11232
72034
46448
73903
46016
86995
50856
81500
89912
34854
77354
24911
24615
44677
12084
62308
95918
56954
26361
45481
88234
28092
17955
65057
34898
90289
94161
89341
37046
90863
53148
19672
8398
6672
633
8971
9060
72047
93948
59887
95521
21280
95348
53526
52760
36890
41045
26890
96530
79989
49983
18150
13760
1158
4454
98714
71043
61419
60019
9284
84712
71213
30813
71969
82471
13527
7872
76248
33935
69816
52566
90910
331
96765
61304
9983
63617
93612
26325
4007
85020
6170
49690
70693
82857
87762
32579
82015
21055
70839
12805
16060
58598
44201
1887
99653
40233
94234
33767
52419
48957
78510
88536
27175
37623
2567
70523
35944
48663
68078
31806
83711
79244
3616
79762
30057
90018
60060
91226
71719
70440
5812
16072
11472
93411
99690
38435
9686
97351
98377
88424
90084
97669
57268
80939
36453
2198
53026
14058
8580
21329
72501
21317
66385
52512
65347
84380
50042
52345
28192
84701
60428
5452
21899
85991
90948
95845
8040
51730
41030
17191
4503
4170
66603
26931
57445
11479
24976
17830
34854
13674
43976
5339
35142
30571
59866
59196
34531
48006
10872
40776
77940
89496
6687
68975
34194
53529
45285
95292
55339
3074
44981
65100
47829
43675
6521
91871
54395
88863
4097
87393
80035
1998
43569
61963
13507
17124
34555
48894
28277
91715
44483
60474
75565
71438
30370
91781
75057
42764
16919
73127
10708
73934
19657
3187
97972
8082
77406
69108
53774
17921
12909
6861
49880
80276
72687
72005
1701
38908
4624
45626
53298
85506
47117
79304
1292
87065
51884
39818
67282
23823
41103
63743
5545
13905
24450
79111
95965
67635
61550
63239
77674
6579
20058
29296
37157
77687
48179
54783
12546
15932
15556
2588
93285
58782
14450
96720
53173
36275
56916
978
87451
52335
6392
41376
26783
26496
75444
31128
73014
70062
80754
9996
42174
49405
13050
55574
89827
60995
44688
89196
4789
39627
6918
91287
13974
81974
49832
94999
90036
93366
77938
90032
11828
67145
69377
60064
38387
45563
17066
68219
74488
92376
89738
6835
74358
6212
77865
95221
8235
7642
97619
1130
29874
21499
7621
86873
63214
93874
94158
94487
71393
83148
43319
61905
54953
96510
71936
27803
52411
81898
16000
95998
30498
30462
50405
14276
56526
8688
67714
66168
98492
92101
9802
19856
58970
18902
28238
44480
16800
40599
81546
17026
60576
20489
3998
91126
13861
19961
21747
40555
48721
78075
34772
6956
24440
88826
83110
93406
88896
18725
38427
2671
46123
25029
50851
98155
26893
29161
61429
55217
13875
12119
192
124
23386
9895
83152
86904
20658
22729
74627
90996
30373
64078
55643
12270
37415
87249
80731
25640
30780
62406
77528
59264
78783
86840
30268
52809
17298
68290
14415
43157
82897
96730
69047
15675
91797
2367
73494
38808
81366
41792
87875
87476
55428
32125
59313
97563
99224
30003
77180
87073
99961
93346
61045
71761
99888
58049
1269
26741
51765
9523
44846
25281
68573
45909
10968
34576
76841
10934
70755
69000
70573
99280
25658
84038
87188
37066
81865
15842
52960
11098
40716
61605
59500
23721
14238
80531
20882
43981
54515
83535
92349
82244
70259
47707
60453
57216
52772
83636
1006
24995
61787
44882
79847
68556
74622
9785
33342
6596
36071
50291
61458
3581
35695
76646
25306
4650
16009
95836
34771
27832
76320
57304
9121
56019
26926
20004
91788
31675
63111
95226
31694
18806
43186
81865
44197
62757
22811
56652
79449
42117
18215
1851
42366
58736
94320
22792
46455
64053
75030
16332
80293
44999
80885
16407
58021
15589
62243
64397
59123
58527
13085
91491
91518
25270
58504
64116
79245
71934
63983
15131
30845
41996
20161
13194
60367
24551
12938
29351
39261
12409
91331
60532
88773
21635
63127
99246
25318
56748
89167
11200
78686
16322
7609
34258
50095
28619
67837
16059
51604
56875
99221
89666
53594
45572
15831
55425
60139
84058
68223
97437
33725
83886
45078
97103
47998
84780
31927
4650
58051
63369
39982
28186
96299
62708
79302
46847
11156
47044
13517
74867
35245
56620
77388
17609
49995
53915
35720
82314
49463
82369
62907
9107
88078
47832
41283
47475
2819
33093
88643
28679
56392
16328
65826
34370
17279
81684
34773
62018
42470
27688
51041
34624
63600
55579
57312
58127
54188
44945
55531
28035
3755
57300
59980
30142
35387
25051
27864
49839
32728
11307
89504
17184
75138
6274
10588
74172
76931
66690
37361
86760
25626
66375
6905
60846
33665
75761
67021
29778
27828
99558
90473
14148
6058
64008
7850
479
29526
43386
91735
49538
81916
67165
65083
53421
39284
55131
64116
91817
84194
56502
55391
65551
17106
68014
53443
4593
70082
53225
12126
57589
1468
82077
40255
91643
95448
43895
92270
64648
63019
64070
63003
40449
2700
87587
28398
93450
99660
15525
98658
57751
60719
3259
6175
6691
99873
70735
39125
46061
8618
36033
2129
46637
4501
20261
50160
9522
77514
18630
45356
7650
15881
53035
26803
96909
50894
91952
48017
80877
80535
34163
12716
99656
86948
52244
4254
69317
83296
61179
7969
98615
87100
25612
5198
91477
68476
16051
84975
24330
6602
5034
41027
10395
84663
45332
50545
90808
21237
47903
75059
74229
38531
78648
79104
45029
69198
93016
16563
15855
15439
36217
1682
68555
93818
29026
16069
20629
9152
40300
23398
70908
19014
92181
28952
98760
46417
70285
23078
60091
44912
41591
77682
22703
32500
43988
46314
623
81598
61994
25091
38311
38231
23132
95420
21640
1824
67159
62664
72813
68915
70139
93784
48073
63132
40628
7115
45337
7564
4136
40447
87159
1108
92088
10042
54044
24596
95062
33789
68848
44050
97090
16548
56501
86129
64471
69216
53140
44199
91728
73430
18549
77106
7014
34697
44779
48216
29188
22166
70661
31491
49218
28643
12854
34452
42495
29767
99284
20477
1387
20362
31198
67581
71090
86362
13369
3158
61177
82476
99048
32650
58192
52375
70583
88758
18453
81619
73184
41899
20422
70709
60775
66750
44012
518
57285
75721
53788
47832
33717
85787
5021
30412
74753
52529
38655
10525
72739
90654
50934
48917
44679
17922
79143
40922
22342
6553
34631
25581
34561
69403
73454
84333
95587
5680
43063
15776
86289
37474
42617
69141
70056
77308
59709
6477
88673
23200
51529
96345
58551
70996
42624
90988
38455
52924
68117
76544
26062
69718
58329
99352
55690
10744
79763
12019
10600
43705
5859
85812
38612
20179
80982
31619
53283
81612
84262
31494
62224
2819
9644
79327
3709
23212
66585
23909
82431
58688
42051
33758
86281
34118
20710
22869
99692
29324
31515
7040
74238
8472
45230
8732
94273
25194
21896
26727
1827
1993
66778
88312
65370
43978
67305
86072
29834
42723
26003
48742
20427
81993
80896
32617
39754
35960
6726
70923
77340
69093
38473
49075
17186
86910
5036
46859
68882
65273
70869
51567
36605
76833
33115
85537
55148
19014
57953
13289
69643
22985
64657
57995
93254
91891
90347
94411
84680
58118
62334
44078
80059
23501
48553
55245
70202
2276
39425
67543
24981
62681
50803
2288
92767
34482
62070
89654
72945
64056
36931
97476
91043
2800
50086
24497
65544
24061
87400
33299
63408
26891
20992
91478
60237
67159
40106
82453
2034
19364
73163
67822
1904
41879
38368
33327
17823
43111
75453
16348
40370
3462
93182
40744
75100
25303
60796
54014
1660
58992
52857
6452
52612
1085
89878
11765
90099
4564
4528
45036
3584
70742
73148
99021
41109
3521
12018
24865
84300
65354
69018
8780
3907
88870
73314
43670
74066
76954
22434
84483
35968
13158
29635
39584
17848
66045
78642
6203
84530
49161
61173
21011
96278
37287
89011
87837
53291
9786
64835
89924
20088
76521
4081
67445
59035
36692
95004
89218
2892
50642
19313
6396
94983
23210
73698
30567
76695
31410
87095
21095
19644
3331
14536
7748
69834
95058
74677
76734
606
30597
21073
55669
55880
37856
2091
15500
80789
5244
83892
78480
22920
52838
30217
72792
48945
4924
3964
52975
66384
46938
94792
66950
76229
93198
39965
15985
9959
96034
40720
13477
82156
74793
32167
48497
85191
47535
25093
1410
58333
38818
93207
12093
46364
12557
59645
81876
79895
6755
13134
19178
44837
39724
21876
8259
878
89389
9499
13912
15455
10993
30187
36057
68667
67670
36656
49771
19851
84694
10110
91898
64482
90701
83639
96318
55833
44106
2352
90997
94485
84492
59624
497
10390
11973
53950
10754
82935
33400
80730
38361
12255
81359
12800
13976
5134
9831
86906
85378
55318
7775
61771
40028
98637
83139
55465
62354
82177
12845
80081
40921
20429
27241
19679
35850
32619
17316
16442
12170
21003
9557
15522
49650
42861
71395
6875
39289
7652
7928
82202
77065
26132
22066
77894
64164
49971
77930
78002
19450
75477
25522
83423
44313
45315
21011
22841
42970
32225
49789
52564
30024
59862
77784
56901
52664
4279
99320
65356
40615
47236
19096
81931
93688
86983
14600
20756
42895
3450
31939
62223
57830
87647
38190
75642
82291
63697
39585
69801
20430
60085
92926
60416
98440
49311
81839
31794
5298
10802
65010
12212
77754
48721
46287
23070
32983
19194
63177
42741
15216
32936
54863
77069
7684
23068
34314
19273
12927
80554
64935
34834
98761
45284
35147
88532
43108
40719
55143
60192
17110
95227
40806
99058
23100
32443
14656
77289
64947
20363
7025
85964
4033
61530
67651
38720
69304
46545
26055
58741
29458
10890
33041
76317
30293
77081
10266
6231
23680
27954
75503
80109
76397
22524
39706
62345
42201
20471
91896
97848
19914
93605
87818
69302
88022
40938
94224
27888
88665
86452
12868
38969
48615
88936
59789
14070
41825
98528
13549
45517
3437
41567
70325
62414
67449
82949
85577
4554
97687
94622
68450
20024
11772
14996
17750
89156
38690
84105
15831
48947
22773
78696
73614
81207
41433
25185
25782
95302
686
23777
61347
23718
3809
50724
39148
99972
42404
6282
2951
99160
84938
232
33696
11988
66949
82012
59977
23350
12287
34616
62378
46320
37957
33902
19453
58282
70290
42997
85732
37437
96368
13490
35614
77633
82014
74876
75110
91699
9000
78808
1246
91850
72774
49654
75794
10119
50487
79186
23096
74204
2867
996
49843
58168
8197
82136
9493
30883
15140
13836
2254
34809
18817
25276
83175
65187
41534
464
59143
90392
72601
58087
49240
27773
60034
81861
13393
23462
29939
55605
64258
64294
50196
3845
10801
91756
47934
32544
84392
73124
45250
99689
43156
30245
40778
71771
98653
61276
93509
96518
86342
54610
92681
26890
77998
46996
8041
43189
44834
82229
30938
45485
56928
92699
2835
68664
14940
1126
94116
48816
34915
74511
86911
90915
81347
25381
28414
35680
13558
88674
87460
76796
19265
84786
53846
56086
99648
26973
96181
74236
89157
33399
77208
45611
27637
64395
18389
17423
8603
8744
51607
58915
30670
25822
39389
54939
7880
46483
46550
16590
28546
4242
13657
37631
35111
59618
65861
27919
7757
21817
89431
89759
34825
78609
92191
42758
51249
88028
31719
58755
65225
68638
29384
76114
19679
92076
34561
93072
95658
82497
31744
81992
86393
27258
22888
39466
91545
73284
50366
58265
78867
42453
44744
76742
92151
91469
95806
11446
92216
14664
34301
54232
43135
36640
92572
91979
21710
24293
38928
46704
28495
92140
15661
43439
86991
94540
40032
48144
33022
58210
13068
38633
82725
61013
45756
96026
22919
78513
23091
25651
5449
48512
99002
87768
74866
4449
3458
17329
66983
88318
72292
88167
12335
1693
64816
88532
62039
18861
28076
98823
24307
8390
9969
69020
68987
45386
32715
20970
51330
71476
24590
99936
81430
77105
56612
92061
16866
68068
99484
21351
99201
43204
62151
60060
64188
24891
47764
50148
72206
83051
61997
49821
92626
17590
14101
21942
52427
50506
8521
6883
61160
96077
21992
66884
58810
37064
58600
29375
50160
29790
2166
46797
91370
78820
62710
39676
35162
22094
81545
39582
89160
94039
45686
8228
11819
22617
9530
26400
3806
52922
53066
52004
17506
2343
34232
6649
36836
24400
28642
54959
88183
44274
96475
31100
3611
71538
10593
39019
31810
41645
7678
78187
66029
80411
34747
93573
22481
4615
14537
44813
42740
63805
29353
84411
86417
19045
90904
24465
64704
89522
88229
86247
7138
51221
97292
74657
98579
16327
85262
35600
52600
14086
50521
53147
6778
57606
98096
13604
59358
45457
32352
25009
36606
97259
34230
54035
46798
50695
77056
39666
11831
59838
68930
30193
44041
87932
67236
52767
93127
13856
90506
68914
35280
17760
72960
81870
71461
46471
93380
64832
54969
18192
35391
71572
71907
63002
91304
87794
99119
27759
18787
89337
13018
67018
24205
87291
71483
50711
95925
20477
36895
7527
77401
7747
9590
81596
7979
10074
59586
28548
40879
45567
97473
37968
24550
20984
71506
45187
80198
17322
70149
15392
44657
23550
97414
93941
52541
26081
47709
27614
83226
50507
58046
36485
74897
98691
59752
20012
10442
560
2963
23221
58986
96570
7878
52557
20769
42836
13465
15102
37949
47686
88865
89056
25872
87834
33947
7797
79031
23389
88327
14782
7839
83858
56539
33039
61898
93968
37591
70484
23907
11604
64312
40264
9409
86751
68561
50925
19450
22579
32384
93538
2440
9373
35150
46112
98320
69279
72930
83032
13071
54405
1339
28716
8623
12467
98525
13161
35733
63162
68666
40493
98298
60470
60831
49134
92189
3984
27963
80655
57386
91846
50645
56428
2882
41259
74384
52319
28990
8015
75587
36310
19006
21680
23463
8073
14466
42213
60648
35824
96929
13468
15753
6626
97937
74855
38998
26595
85385
7289
85975
63995
60511
8119
1037
75083
84918
97437
69112
38632
68825
2229
40876
2200
71111
93846
17287
27836
49694
56792
78141
23707
7648
36681
78998
23819
34447
92837
13160
19975
33184
60521
35597
91522
27985
28246
76500
4047
21078
89737
44971
60865
74700
91121
59416
44238
85922
50812
82171
64644
71936
59590
19037
30714
49953
73564
80204
41391
27088
91223
93484
48182
67547
58453
56166
33255
27401
275
2553
92219
32732
15529
94164
94538
66085
64533
95665
24004
93369
74801
99163
75253
8329
98807
67062
73160
58469
17260
37597
88164
68473
77752
99882
36117
34172
76220
37232
62831
18584
94620
47445
91672
36357
93785
49558
80733
92467
50988
637
46117
17820
88885
55585
54190
4591
23204
15215
98054
81971
13003
28160
81985
75228
73017
61140
52922
43534
88664
89705
90101
59315
47392
8888
26606
84126
61399
30783
5389
51942
5617
65650
60049
14849
96896
19406
45822
29199
13015
65982
39012
74562
21654
94376
89710
26338
49093
45895
79039
17635
84092
46807
24327
15350
97011
89364
79620
24100
88478
92491
24680
49136
21077
91484
52785
7416
13283
80182
87384
26295
99776
48253
4590
22295
62875
34343
75193
38620
71174
84732
16182
38142
72251
92147
40944
7369
48412
50737
8026
1322
25200
5824
35277
95074
11973
33100
81949
23006
25384
58283
68786
9711
64741
84296
60355
23086
1714
48330
7816
54049
4617
83584
83705
69423
50913
40343
29277
48941
71877
770
85969
34992
20515
89101
46953
73069
52977
68815
60654
30878
84947
96886
4769
47446
28492
6895
62553
53341
40391
81507
17835
63580
63104
68433
46384
1113
23447
46615
17780
18641
26812
76385
15928
84889
75315
23245
94382
68787
76270
81121
91036
32782
72320
57013
54197
43707
91310
79546
1889
6816
77963
31175
71021
58963
84412
68034
49866
95570
28500
93144
37419
15500
36605
67870
26866
15
23024
70500
39097
3782
30874
76142
64898
27096
23999
61507
29289
12642
85960
81797
39375
93949
50780
72633
24486
17822
36465
40197
23397
96493
65051
65615
33549
36385
23892
8067
54288
24192
81319
62165
23275
80856
36305
49783
50751
62770
6293
30935
50731
79905
37099
65760
69042
44393
50000
38201
70722
59767
76460
81020
12845
57239
58496
43246
16809
47944
90021
29039
31292
16990
9789
32876
58090
20515
44643
56677
25209
4076
55875
2619
11425
53206
98203
35654
39405
80282
69038
91576
131
51487
32090
44963
50357
32286
71448
67940
54539
14288
81141
42336
95186
30647
50776
25965
22239
15317
60189
92490
23734
98796
77771
60626
65332
16514
3089
42092
434
16285
83853
28658
97453
49428
54128
44733
31684
63580
75056
4148
90388
81350
77343
1102
13216
77547
87397
44667
2856
88875
73944
51353
60168
63628
84047
87410
70187
63956
24891
15927
45295
41093
16109
45417
10733
17391
53735
65122
77279
75539
19952
83082
95191
11969
31697
66765
99927
25796
86055
60027
64670
91338
33346
23086
91
66942
71259
6769
56287
82150
48436
31632
85881
84019
20250
20713
31512
62701
58041
56156
34407
98324
23211
28543
92361
10830
69287
73078
21984
83529
38022
51976
65741
10336
1865
76433
38009
38096
27596
27717
43895
77555
35432
31115
70125
38736
60629
67466
76593
71146
85309
10706
79589
44162
49449
5531
95164
23942
66277
33562
4891
69106
41055
94285
36394
63113
95159
4498
97737
43683
79095
94574
85479
92542
96744
6111
29203
14149
52129
97485
34602
21691
5180
71615
34943
6765
83726
82056
99412
68414
42471
62310
9723
18610
33350
29030
78790
92783
97313
98990
63656
56355
79072
79427
55388
30446
58248
64775
96597
47152
89121
7570
84041
6672
2053
31810
85019
52443
71108
13488
89719
70616
52608
74628
81634
65787
95224
94637
26257
12569
40030
45750
76989
15105
84553
4279
30697
7926
55513
70134
51317
6363
52302
88010
95009
61035
70975
82778
13479
9831
37351
61604
22001
65433
70023
55013
69821
88542
66480
44082
46372
99190
19121
95549
63667
53445
59691
55006
62323
2858
57748
96045
81384
29156
79108
6999
12052
14754
4619
1487
82003
8280
48497
28696
89771
62405
14302
34221
12114
96748
44771
17200
52254
69605
47377
59831
76090
22348
54196
30431
87885
38142
71158
73219
78832
2628
53806
69651
8114
92707
91301
30895
5172
8141
86440
75041
69348
97337
38271
87207
37011
23475
39797
73668
19268
4995
91819
75699
42359
30590
72677
96729
40032
74428
19067
50934
78418
36244
22202
87586
28188
67513
29440
47859
2036
38478
42859
67555
7836
52
53000
87956
49706
60062
75574
4567
65579
28421
73870
9603
43450
6802
11234
6813