34111
41562
4422
37336
16644
19259
35091
25927
30674
47038
15260
21041
16330
31514
39166
10440
46059
24226
6165
16304
26093
20091
37309
17631
47247
8774
49727
44434
46562
41757
25651
14001
16274
47111
9484
12830
35241
31033
19346
46768
41330
10927
16520
46600
36126
29228
3211
10616
29685
45912
31606
19177
7140
5128
38486
17911
20330
16965
16751
38954
19258
36742
25080
34895
7770
794
11718
20429
29678
32345
2745
32362
19413
19233
36888
32337
6651
47360
2600
48545
6361
40884
46228
11229
15918
20804
13423
20227
16017
32281
43184
49642
32163
25765
29043
33829
40246
5002
38619
2495
419
6005
34085
7505
16751
866
10917
42287
3879
11947
14762
22899
30420
17373
41701
31078
45433
14800
31709
992
37252
26872
11018
39826
45317
15574
27256
31052
10415
37309
24928
26357
28890
15679
6963
37261
21720
41117
2461
9788
3997
35687
1757
46131
44902
49580
8798
41043
38510
45394
39018
21113
13400
10462
20729
36378
3773
2133
8054
4562
25019
13355
44006
38888
40669
13508
30498
25722
27927
12025
18043
40259
6978
19290
7219
21392
44077
5018
47630
41718
9686
49862
10229
23428
33282
43854
33437
38104
29535
5148
36020
4015
7323
21171
35499
26199
14253
45935
10585
45479
24683
36680
14345
27273
16681
49891
28242
40696
42773
33191
17548
15678
14613
13047
32229
42600
37660
9859
105
6429
13205
32803
40015
39513
2630
41912
23657
34552
47707
21140
13768
44664
27119
17381
15470
32348
43058
18601
30921
46286
36788
33511
15555
1561
48147
12748
31705
7617
2720
34016
30896
31659
35038
30250
11918
32555
44595
40503
26359
40569
43730
37032
6661
2008
5752
33832
39651
10811
26033
12869
22793
10928
25473
30437
12761
11815
25411
13004
28517
11558
1122
9522
42711
23241
4388
9274
40059
35752
12314
49621
28365
11080
16569
32257
10959
21635
10204
44927
35488
27701
11084
12940
27086
33154
4146
1180
28163
19961
14159
656
36815
45164
43305
32303
39492
15700
47983
2924
29654
49498
20669
41877
13127
2102
12178
23275
44946
10290
14862
30270
25099
28157
17029
22134
39489
12831
8074
14723
45494
18320
18746
25522
40542
15216
43018
43226
36822
34121
4622
36678
42230
13585
44315
13688
2211
796
34456
45137
33088
41123
306
4962
3897
35746
4501
7267
20091
12354
15624
48370
42900
21939
19829
37418
39386
46492
15271
7353
28006
5249
25584
43159
20357
647
246
11794
46435
35167
19480
35950
16528
33686
22358
38088
11592
29482
26808
21797
35495
9299
6579
18290
36851
15733
45716
21461
18486
45839
34918
38983
28200
10835
47302
45717
38517
24858
19454
13804
21535
2424
14218
27016
39843
28993
1278
11159
28198
17842
18287
5410
3151
33624
2077
48665
13367
15631
11559
26317
35180
15132
12411
7629
37828
42287
22524
4641
42245
33899
31346
10734
1535
15914
9506
25851
14862
28525
41733
17206
39476
47674
9919
3715
30896
10470
21756
26682
2907
3254
14742
20052
18218
18508
11199
23800
12810
810
29522
23778
23732
16777
29399
8635
5896
40793
20580
32281
36341
43201
18466
13296
14612
34223
37772
23165
22926
36089
6437
6892
31486
8662
352
5726
11032
28336
34339
35004
24857
23613
1425
22730
13259
21276
49997
15250
25715
11532
4046
20974
15372
38030
26375
25460
43811
18274
7324
26440
7609
41193
449
17508
2255
5817
43828
18133
34417
19728
14498
3046
26635
5057
1674
21878
290
25655
49121
24498
28787
5090
45385
2971
35835
43190
1956
5960
17147
11041
39174
8381
48200
47001
41669
18494
15925
1509
12373
914
17388
18277
15429
4252
17082
18159
19300
14987
18542
14236
4945
26346
46836
24454
44037
34358
45802
32665
32312
22078
30060
18668
3311
5260
18754
42833
43921
9838
35634
48370
26039
13551
42095
23996
8628
34401
4833
44107
36128
15319
2267
25524
37358
14583
20336
33680
45641
42608
17446
16477
16761
37269
4725
14340
1486
2590
31721
41233
32555
29384
18405
48019
44585
24587
18972
7387
27960
48883
7207
3925
15503
48760
9078
118
7270
48550
49115
40003
46853
39454
25255
7817
8332
31238
47814
9777
12073
12318
43915
31438
8997
2521
18219
8556
30275
7802
29044
18746
13181
5975
27324
36827
44586
11721
23543
47639
28020
36076
39862
29547
10075
31083
16603
28422
36658
39176
46895
37268
9206
5785
42524
2131
29505
18033
39356
715
11061
49815
15819
48653
29158
35490
34149
29839
16701
17773
12368
5425
7533
38062
45108
25363
11818
16662
32568
47920
10487
8622
26906
32059
5556
31412
42822
13680
36293
36274
29416
31754
27927
46164
31649
22470
22374
6435
2793
21879
33330
22171
40765
34388
2866
10147
7331
34012
6189
39281
30872
5261
6965
2691
27110
36751
6628
48537
41779
13800
48608
8023
2103
31039
32359
15314
25666
12122
25084
38916
16861
17063
8848
41652
33811
44631
1642
11877
12016
35535
21288
49852
11585
40024
3056
49592
3858
44030
10108
23983
4914
25597
3145
34143
24418
18300
45831
22551
35179
26665
15068
13218
29637
42820
20784
8295
14470
30363
45707
33413
40452
19221
4997
24311
4864
27059
15733
31695
20694
47827
8524
49474
19423
5243
27643
1433
6518
11754
25631
23533
16048
28932
10979
45479
24097
49349
28934
12253
24786
26058
16704
8865
7800
9597
22629
37614
3654
15384
9756
20660
48973
27965
7861
27480
23445
3383
14029
19013
33931
36537
16546
5114
43944
37556
27434
28753
12473
1219
37279
6828
30126
28156
6795
11152
26601
9604
49997
15100
24294
35900
15197
35146
10689
6472
31619
37847
46021
11612
7573
44987
40891
38749
23448
25895
30655
23553
30588
18039
1741
9288
27263
18976
12973
2341
7679
5292
8954
34004
32067
9440
38374
22390
46828
7805
49990
14318
1135
17315
8021
16396
32527
31843
37153
7533
22889
13691
2647
45479
29209
43501
44104
39950
47667
7057
44801
13170
2054
38134
28386
49106
45587
4703
28771
41879
25620
36264
23429
42700
39050
7482
28121
3477
39575
8011
4847
40019
29759
27721
34456
48069
45562
19512
13358
13861
45225
34844
28066
29288
39033
8210
43040
2560
11463
25203
10702
1257
1315
32718
38349
31433
31606
9023
38263
33436
5666
44714
13565
27333
28955
17529
17015
21507
36724
41185
15583
9113
32999
5783
17856
34975
7938
7547
31724
32116
31038
43485
9813
27187
24988
10590
38336
30149
41856
2244
19673
7385
17667
14378
34997
37429
45393
48513
2192
33232
4978
45688
36817
23716
47046
26365
20774
21846
46765
36824
25245
19679
40167
9548
40916
22674
28789
44399
41791
16813
24706
45454
16402
41643
27436
37605
45709
1741
28713
1727
36587
22665
36402
31138
16018
3079
7776
29696
49176
19487
27935
24478
6056
715
28365
6116
31288
43822
520
8596
38585
8281
28061
16408
429
44447
7263
36043
49298
22823
36198
14270
30121
2620
11067
13816
46423
39768
46832
25078
33116
38609
21604
3765
37428
10766
12530
3753
2285
30310
45735
42847
44900
18414
46782
1170
4101
33607
48310
26163
41236
44403
24720
10883
28890
28703
31119
26548
40552
33738
25200
23508
30012
38127
45526
39427
26346
46110
20457
41593
28400
45557
46704
1125
2026
42035
42523
28231
35427
9505
45673
6736
19824
1605
38952
27432
39009
1136
40924
4301
48772
46063
45147
40422
20689
1734
34226
7928
38558
36372
42172
41829
29093
38892
17713
46835
5457
11655
378
48162
19885
34408
12630
24554
35987
34926
38757
16628
8767
15558
29444
20672
8101
16916
16977
23379
16586
41487
30358
4206
32621
37381
34553
37351
33621
33411
33233
17480
20508
34979
11329
3350
15948
35190
21816
13969
44099
33589
4965
8524
14927
3851
33712
1833
11637
36261
32357
26442
22679
35814
23682
25892
8704
21904
42014
2957
29418
10310
38296
26271
12702
12092
3229
31751
18510
44994
40343
4472
44944
36223
25099
13969
11183
32374
17021
19154
34990
17892
11383
42656
39016
31401
1066
11289
29365
48382
45784
1972
48186
330
32644
46564
24775
4244
26962
23351
13079
7588
17936
26258
6628
40543
21575
31571
37055
3743
16009
43748
36415
424
2120
5661
2172
2102
5513
32190
38005
3020
43996
31231
4616
37972
19721
22875
5873
41397
23716
154
15115
18109
9438
34150
12002
5585
16060
11946
23053
17755
13112
17048
19683
19702
29614
850
29691
40935
5820
27534
35952
33586
38502
46241
32556
19285
34810
40340
16594
18680
8063
42104
38510
39455
22126
31319
19584
11483
36407
1485
21089
6603
30621
49641
15396
31289
41901
22434
38530
7329
10179
36012
35791
45823
10371
32244
46892
32930
237
9792
40724
37324
34883
46812
37515
8645
31846
31782
42981
3730
20906
27491
28146
33997
46367
1881
8075
20710
43920
7925
7152
29794
31742
32541
18430
158
43933
3313
17357
41958
19139
5708
34086
16496
9597
33483
39169
13731
6593
36265
12406
40443
8222
46565
526
22706
47312
14543
10314
39389
43558
47793
32762
28226
32198
32070
35187
41511
23416
14976
9491
22855
46428
18775
41967
41501
35618
44200
25181
23376
46481
38790
9769
39925
33181
14139
1873
48840
11008
8324
24873
11134
23006
19509
24579
35596
31798
26956
25520
29765
38951
6722
8856
48135
45522
26844
32344
423
26862
15674
13700
31547
16853
36591
24819
19410
36253
18632
46142
41250
28746
43114
34162
49926
45476
49230
24360
19407
27047
48323
23213
17473
19661
8552
6915
2842
36907
7393
9207
2339
41475
32381
19812
22710
37162
20081
11065
4235
37072
29798
26626
45251
7440
12247
9082
9649
39209
48838
7877
17486
15302
34412
20972
8199
45520
37674
47824
18481
42439
2544
19405
12891
23170
49920
32972
44599
4952
5972
20277
28280
38645
16091
5218
28790
47817
18642
44729
38715
22736
19410
23534
28820
25567
532
29388
17535
4396
24097
23616
45784
18211
13007
14896
16013
46108
86
8819
38036
32883
6189
5030
48138
26019
6113
44251
47395
12224
47694
49006
12694
40323
30809
12936
27876
9278
38069
43486
1559
29856
15379
2439
44462
25635
25619
913
40624
45645
48836
20642
43880
21009
37286
27507
19564
27800
9404
31406
8916
17235
11213
8048
11330
29680
23338
24936
4527
21848
3354
40269
23385
660
7537
8484
24655
18756
1117
5589
30592
6689
46641
20571
39931
16682
32973
47086
49773
6409
1086
24261
2255
19447
24048
20172
13828
4085
39898
28958
44840
27785
9867
4682
29995
38966
9542
44906
13209
14214
29554
25542
39460
37178
42486
3835
12229
2771
49463
49850
7533
38141
33135
7993
26996
43552
28003
45216
7262
40391
24193
20662
30592
27787
43982
10696
27782
18963
21443
13325
28810
14328
15991
37218
25340
17822
46103
15819
7421
37421
40259
39556
20567
5461
12140
17358
49009
5259
37105
38840
48080
23258
40050
35962
45773
49209
24943
47025
30789
22173
36619
22044
48741
4605
11838
15522
19999
18168
30074
49009
47939
15873
22015
6263
23908
17268
5817
34389
23248
48715
27560
688
39650
27448
1419
46003
38151
41563
43036
27083
19299
43386
14879
38389
3753
2743
27622
22905
9249
24854
2990
22276
15682
41964
1899
23258
38338
24579
28984
31004
37257
32588
32963
47704
18470
43523
46474
41224
33388
7555
35193
41379
19444
1409
23263
33423
20618
20009
38092
6188
14265
41529
16108
36801
47557
8311
18364
31051
20656
17413
31960
7090
11677
45378
10902
18139
32407
47339
32133
47444
5169
27528
15365
28462
46832
6232
3790
39366
11872
44415
44181
8284
8002
34624
35790
49611
28379
18253
12752
2724
10517
18532
15689
27480
37910
16211
19018
7428
8545
39070
2831
2419
2053
47401
46799
29664
44916
2093
25981
746
25228
22437
41629
1815
27593
14505
10738
44858
30008
32859
23228
6277
28146
15338
4540
21293
17275
46861
15186
36264
32713
9640
29971
20677
9605
31688
14328
33313
41818
47582
9943
32022
19950
21676
42521
35018
21993
27412
48277
8673
26465
30643
25052
13021
24440
48143
38570
19020
17911
41813
32023
46338
30514
16131
20150
26506
24520
1642
45900
36969
33363
48699
45
27644
17465
43555
6470
19380
48184
10879
4300
8667
2120
41791
20656
42439
15219
39622
45693
6839
23650
5996
36501
3212
10891
38318
43897
22271
18890
17751
10597
18658
33136
18007
34338
45634
21844
24507
2965
9237
40046
21229
48356
4807
37686
32843
21284
20502
10269
10291
18822
29724
24744
34727
19564
8903
21115
43965
7338
23871
17571
5067
49216
10425
7468
28802
9270
2375
11668
24414
34932
37607
15461
10244
11479
11667
32473
2248
7030
48010
45348
38107
7652
36260
25428
2641
31689
11619
39605
14959
20461
23336
40337
49806
19070
15902
16753
34922
3937
47678
6800
16376
44441
17978
27554
33769
312
15981
23868
39464
26638
10949
3056
38178
955
40376
10772
47600
33794
23969
23708
17550
36608
31096
1499
5946
40634
7100
46826
40003
863
26840
39655
38493
47854
1536
48853
40823
44557
37502
46148
4792
2819
10838
3047
29982
5024
3429
12385
36682
26
37854
48636
40950
20484
46716
29420
19684
40524
30794
38679
46887
3327
15995
15932
4397
46336
37861
44216
22181
37849
24970
27646
15720
39689
23605
31740
43423
25548
47403
13887
22271
2914
20682
24578
4122
27499
32688
23944
9977
22501
15392
29344
13843
29019
11956
3552
45966
2221
17850
23620
16865
1280
28265
27609
10730
38991
30848
31183
7192
6432
39644
7027
25511
33181
34759
43647
37363
35895
49734
40038
48125
3805
4307
32524
29297
16001
10445
49721
19447
32199
3095
28657
273
45536
24782
2302
45419
21541
6648
41332
23432
33223
20215
40485
3262
21039
6524
23554
17689
168
46879
4777
4648
41673
33654
45480
37840
41059
30919
36753
23012
39408
28938
33271
20649
20009
25205
136
36089
26621
5048
42070
1841
6846
38557
9259
1996
27858
23730
13747
5879
22660
44939
29281
47056
24795
19363
25620
49764
11212
35330
38785
9675
1438
34065
16064
37175
31710
20857
22446
27533
30632
183
27812
11776
14878
8388
24781
4367
41384
1169
32318
14323
12712
44943
3250
44746
36155
9326
20166
33662
23203
15501
24653
39582
34440
2776
27239
32312
13054
15986
25120
13762
49930
914
19064
31785
31373
30589
28310
6577
10652
8220
1541
10900
28983
11313
17889
9155
39340
45989
44922
49612
38554
45
149
10882
27466
33553
34252
12890
27974
44078
6111
15547
5106
19
13170
33871
21804
7009
32543
8212
37279
21037
8599
17359
3497
24389
47421
40518
274
20039
23433
28730
39105
40644
28481
21669
48237
12591
27052
37887
29064
19583
47056
1201
1163
25452
2271
29685
10255
45204
45676
32032
28271
27021
1366
42045
8863
40910
25514
31182
20012
354
25635
3847
11554
31973
42319
39665
27020
36477
28043
6417
11698
28391
20615
16615
22778
33553
44925
45754
29131
37602
18278
9562
6900
14547
46484
26551
34941
15659
24001
37248
40838
16322
1947
43789
29769
13624
4051
44949
36025
21202
14673
30747
14571
8761
5171
48540
12081
1609
16663
10222
21745
44154
40434
21145
48845
45095
29677
3402
4822
41304
30079
20214
43315
37327
5736
33690
29082
3592
14692
821
41935
31424
34690
19444
9039
36065
20573
5635
1957
10163
21809
14590
10119
12409
26392
23619
7064
34894
10123
14205
14619
36776
24564
41638
48462
9930
24811
47952
17403
1102
8914
42028
644
3613
29763
14883
2573
30128
37469
26310
37467
20060
19446
24050
32931
34619
22665
48207
34238
14060
485
14416
30692
17588
43261
7837
45291
7369
13331
26995
46185
5565
7376
30797
9330
2695
34409
31488
34119
31142
42841
24992
26088
34950
32457
23642
18256
48453
44451
16607
42523
17675
17228
34710
27885
31044
64
42216
26748
31616
9566
45145
42434
13135
47445
24248
5318
12509
22185
19921
30756
32125
35751
20574
28816
3068
15949
48465
37147
35273
12571
35187
30612
36978
41361
16458
47194
47315
13811
27887
38240
37587
4845
27090
47733
35587
4197
43617
3250
28943
41281
35354
21377
19051
3718
13991
8582
47203
7095
7761
1809
29171
46377
34135
4227
22130
49623
8180
38025
20479
18784
26669
2216
31789
25066
8799
39420
43719
25863
25579
8115
12814
21394
12868
36035
40604
49743
21956
27589
30283
15122
36346
9168
17064
40422
38815
33243
13545
43644
13159
17483
6290
36534
23625
28775
47310
46224
38830
4864
22509
37546
42405
14128
20184
8679
48182
3255
45576
44996
24938
6646
10539
39824
7479
17277
48878
37726
42773
37503
27466
49596
14979
26844
23274
29815
37586
5967
19433
16484
5526
11411
19437
21776
41431
11288
43107
43623
17953
34938
3540
13017
37032
17740
438
26687
29895
11302
808
18463
4740
5325
12249
9134
49292
3581
48011
38267
33709
2283
48568
7676
25850
39981
38498
7798
39160
12128
41708
24604
25541
43892
33354
30856
41027
22026
47595
1465
46582
28921
14059
23721
40709
5576
41055
20297
34781
19204
43399
37088
46085
36188
5328
26119
25759
13050
5126
22799
26119
35362
21732
507
28545
32733
21163
22899
654
45990
8122
34279
18311
11538
17522
30336
25292
15199
45764
36574
19672
31301
43792
8590
33463
279
41191
37686
26779
28057
35248
43590
43490
3515
8618
3502
18517
36818
7172
46725
23845
776
30058
18355
3531
14806
19442
36504
27090
23429
38852
20847
31297
17618
5600
12482
17037
36476
34346
5326
2513
18006
21780
23984
27171
23353
2450
9805
37873
32976
33599
15704
11563
24054
37488
14545
48697
6486
32362
15223
46932
34374
13936
29394
35644
29211
18858
7520
18896
36690
24010
45684
11197
8715
8059
7818
41357
22544
22886
25572
173
13745
10139
38022
2194
44412
25554
31433
39056
2722
9342
28299
45773
40370
39904
35321
21223
46749
31664
27348
18058
24322
33068
35853
37908
47835
40257
37719
30835
18675
2849
23856
13373
34235
44431
16164
7144
18012
37290
8908
3215
12037
9868
26761
38791
26045
38157
46529
5911
3507
22518
20050
44386
19670
6622
1822
4219
44367
13373
16549
31993
30139
15169
3100
12258
11530
7278
18032
20918
5902
41870
3279
39322
26287
47395
42965
20854
18469
12583
43200
44806
20943
34472
28671
40869
10358
11908
44186
44337
1546
47675
2371
20856
33040
9859
16256
34039
33499
33753
46027
20751
21454
10613
45258
19315
20764
24798
18491
21743
20904
20948
1079
35058
45729
38371
46843
9108
30669
1389
7235
15473
25600
12487
26351
41357
35164
49051
31244
38356
13052
31858
4641
46182
7661
12570
32364
32894
48603
28074
49001
36002
41810
5376
32361
37168
49176
26011
405
7469
19859
27820
31647
19802
35612
33674
28099
48809
44794
38991
33781
26818
11626
14208
41215
27461
2801
12980
10171
15712
7817
16777
38277
5418
36187
36096
43617
13336
1844
20972
29047
47289
34626
48430
29765
2004
48073
19701
37040
18173
46231
12559
16711
47369
7302
26249
44617
40845
29158
11541
23626
26641
11331
20280
28736
11198
12090
1000
26743
36372
44539
25729
3321
35982
19797
34758
29235
37817
22416
26512
13265
13354
43760
22195
41417
46031
37747
14065
11110
1305
11656
7786
10497
29810
29780
14267
12916
45176
21588
38774
42555
44089
17558
47222
42137
23905
45859
33121
4058
2776
26298
7102
827
39306
35008
17299
45300
29058
45845
10815
31594
21936
39779
36730
1409
35155
25779
27122
36407
20757
20166
35966
36774
38356
3427
572
44751
12516
8055
15276
34866
49486
10553
15526
17910
24997
38475
25789
48600
20780
16218
33638
36583
16683
574
39196
26780
3840
1749
30
29290
8222
48325
23292
31617
28932
37340
47781
28326
26493
5726
36206
21731
28631
34776
13863
33714
9443
14791
19301
33937
22984
13526
4229
25867
33768
28989
43358
28654
46523
31991
38082
32666
6739
21607
31888
4678
29052
36260
49515
47281
41733
47054
368
41268
20372
11148
12782
33089
24112
11034
34146
34820
40509
22750
35836
26447
21201
6053
14602
16964
44916
6782
47631
30031
14551
24982
7314
3032
37868
35369
5228
10589
16277
31543
4551
27681
28529
37993
19342
43461
45805
2977
2842
38928
26443
12062
49011
30233
42194
8535
10488
21599
6843
20826
38501
34825
29915
13002
16081
29663
30034
19682
18299
11961
34774
11257
38441
872
10238
6176
11396
16351
32751
798
6536
45778
410
7640
35830
47881
24138
25198
7271
12884
16548
7992
44652
4332
41329
28947
10787
47708
27969
5074
14812
30033
32905
23674
7010
39928
23923
1562
18824
5911
37960
7518
39753
27544
11741
36716
3913
11482
2496
25020
1106
44525
12338
30997
31351
1862
9201
48611
144
43575
22697
49336
7636
43771
44879
49174
16266
47834
11933
10725
10407
37530
46197
34641
2654
45849
47170
20846
27981
49925
25852
12262
16325
7099
7289
11651
21879
19090
16100
14032
20705
36518
28983
49392
39675
21170
17279
33577
25093
11432
23253
29038
32066
22146
29600
38669
4097
43771
43888
15902
2140
36616
3131
48108
48117
30381
9170
44454
26511
14518
16192
24731
28819
15252
39608
41701
40350
19197
11513
1750
43075
30564
26600
23948
5321
27009
20048
4226
36231
13674
7771
38085
7970
7387
24313
13503
22922
41398
48785
219
31752
16904
914
18594
37244
16270
7757
39593
11307
40353
9641
4782
46680
35180
10185
22098
26100
19986
829
15367
6333
46030
7005
4822
25206
31477
33619
31252
31805
29329
1341
42408
23319
13976
8632
8773
21872
35268
46076
41452
29912
1836
35759
11414
2986
7298
49561
45600
14817
33482
31091
24477
10893
44828
17787
26084
28203
26634
18896
46483
797
46382
5862
41539
4928
36084
37526
18781
19253
11108
19616
17804
32522
25828
41741
26666
18953
8880
6880
47686
43755
34843
29869
1721
31983
32146
12718
32780
23575
22863
26322
29030
21522
16989
26971
46740
38414
35773
7468
2286
17631
12556
45220
24258
18415
47882
39692
29457
19941
11241
44099
38065
4002
41796
20701
12661
12066
16150
22634
19798
18414
6945
28517
39280
7031
11515
49557
24330
30609
36216
11720
3907
42750
32383
34382
11318
21921
21474
28005
10386
18747
15540
6552
46694
42012
45097
38361
28026
48854
48749
38004
33716
2721
25271
4029
44829
13855
42337
1482
36882
22807
11807
38600
12329
34343
18512
20659
39335
19370
38990
28741
19982
45712
19317
27261
36440
12673
9098
31585
39290
38659
48919
6613
5338
37722
26460
8147
40950
9938
28677
26836
30222
35707
49457
38608
43340
31217
47300
7244
46796
13854
36415
3435
38198
28590
44986
23504
49014
33307
33743
36279
15645
24277
27239
593
27060
29507
36247
27501
29141
2528
36095
3212
48226
15594
37803
21108
26096
8850
5993
32686
1051
5775
49820
41367
21732
36829
33613
19394
17197
35603
30411
24298
44003
25196
4722
19353
9628
5849
13110
18483
88
26681
33038
39821
38751
22291
34359
4712
37750
41205
47317
42340
43974
32619
20416
33385
8770
6463
22473
17613
769
6075
22505
35942
44635
9982
15772
21779
41842
13704
6274
47924
12429
21788
49799
2063
5395
34449
40068
11250
31300
30831
20467
7155
11106
38624
48490
37804
41723
18723
48971
23583
24580
25440
13714
19754
18746
37515
23565
39800
498
27759
44797
1107
21600
23620
37131
41748
41759
24225
44764
5881
44702
26384
42126
46331
14803
11950
43497
48849
35026
34034
12373
45071
24622
6844
16335
17499
36792
23056
13981
23875
22610
22940
23322
13940
25003
33818
37666
6188
32203
33804
15151
20473
24398
28139
16098
14696
22753
27810
16311
16270
19385
11381
25089
37667
22395
26900
21824
30881
17010
31689
34257
19541
9048
46481
17413
7683
30352
18886
44175
25561
48439
1062
35437
28951
46757
38625
32365
29641
27080
38850
4564
45916
25063
22623
43839
29220
40572
13377
13321
5908
41170
17295
49849
31950
41741
8553
41404
17659
12548
6422
45787
27761
9595
32993
44502
12473
7148
44562
5463
14645
14692
37673
49981
2993
16951
10715
10174
4366
44952
44099
11350
22456
11644
19764
17905
49398
6010
19243
44551
28746
23961
16450
20979
15215
10746
42855
41462
46066
46107
33761
10372
47611
44502
28405
28492
43535
34024
5630
31331
2964
44831
33774
15335
1143
26055
6969
45681
12075
39201
10976
38758
36708
10050
29521
20933
13874
31889
4016
30476
7985
9697
2592
16036
40561
13036
1506
37741
24566
42275
456
2373
34373
428
43117
29255
39499
31380
13854
41823
41672
97
8619
2179
28481
44702
35565
3380
11842
26471
13294
3453
33109
11312
19745
25936
27546
29051
10383
15008
45380
11970
36753
11860
45418
8
12521
30244
4807
28303
34734
19006
35090
48945
44126
910
2780
31105
30574
26946
44584
30899
6720
19238
4960
47513
33652
43759
3857
34101
34167
17598
812
15583
28026
30457
27029
11675
20144
45477
44787
45250
13842
41499
48573
32344
23347
4600
37534
23691
41378
31732
9837
19474
40854
25176
21620
35635
34206
5624
46815
15724
22247
16644
32823
47881
13137
30537
25431
49464
42613
23010
7024
20354
37371
43734
15943
16988
33933
4889
10573
46099
33871
14617
12
1276
31481
20334
22052
27678
21039
42288
33038
38763
22035
32194
11498
10930
22693
3410
33039
49333
15004
32155
46647
9741
34126
1688
29553
13053
17939
47750
45147
40854
29149
5296
31637
3355
3121
18847
22876
34121
12677
25395
675
184
21459
9720
8138
47296
28236
441
38840
40987
15121
38016
18641
41284
8422
16941
31401
48035
29301
34193
36494
15008
15095
49633
22179
22543
15679
40704
27561
23585
8030
22593
19984
29579
20393
26773
32589
1776
5363
42539
5129
48466
1025
3159
29441
7651
24088
2153
1265
4523
15607
44398
10138
4210
32075
39713
12714
3943
33708
41742
8952
46473
2488
34807
41395
33868
19286
36696
32155
25560
3947
9355
13997
40430
28799
14238
23982
26867
3968
47615
43864
43432
10628
21131
28278
1504
11095
25566
799
10686
38908
10125
29049
5982
44165
21663
17706
8390
2694
11848
9254
32838
15797
20729
11299
9983
44666
517
1680
39815
17505
19384
35585
39975
12413
17003
9415
29089
16595
31935
31471
18763
28603
13210
49228
100
9852
44626
48698
45008
44686
41985
49377
31570
48355
41183
18955
39204
3140
27340
18086
48103
47136
5307
19788
48358
3383
34668
22777
42494
36632
17466
21626
5339
6036
25434
6351
39310
36619
2051
24900
9157
18769
13816
13182
31433
4616
16011
30247
45093
8153
1365
37146
47327
34704
32652
45305
5022
48786
43753
7004
42353
11021
6995
9924
177
1515
18588
49881
37588
33286
35898
49398
39036
22497
39373
47316
34126
8873
14347
27939
33819
30477
2287
21291
4378
42832
14601
30693
36257
25041
13585
31010
30128
27037
8420
28465
30055
44446
10312
40601
49001
45851
13927
18138
12242
12145
19515
22259
26470
7063
11803
62
28987
1421
10812
5232
35394
31024
10881
45740
32640
29095
42863
42304
22148
29218
37494
38540
42487
7752
14644
25363
28362
7855
13173
13932
756
1121
9960
29509
22435
15255
7033
14880
43477
31726
42342
46370
13014
548
711
9397
31649
9516
26530
21148
21402
37439
58
19396
21761
2790
10384
24964
36138
43484
41947
32279
233
36805
41062
21720
10074
7070
14746
45002
22797
33946
30518
9353
32519
45618
40059
30457
29334
49250
30584
33553
20166
27139
44929
26013
22926
8518
22386
46310
14656
46853
20964
45320
33843
15959
17119
47624
44181
14343
6398
16342
570
341
25364
13761
23758
32353
31750
11276
1362
35980
8202
6872
22164
46037
6528
23922
32649
40842
34799
9072
47601
24412
26590
27910
24769
20207
30359
29874
42185
6181
14579
11513
13202
5255
41380
17554
42007
30432
42655
34430
26133
19664
19514
15573
45634
47722
16802
24089
15819
11995
547
25248
9207
39966
33317
43936
21125
41116
47317
30299
38229
6037
5227
4137
38480
48670
20421
12693
22187
9288
36487
28051
32488
43300
41045
54
39586
42532
6241
42998
6734
426
44043
643
19848
33573
24860
27310
3220
4748
43266
21238
36677
15697
22450
10087
47797
5182
12283
4985
3709
2014
3825
45979
27969
43693
39067
32219
5636
20642
19971
15368
3296
43139
13408
24009
4403
32147
22549
40919
42836
49953
10446
7948
9768
36082
13567
19110
49646
18897
30318
17123
39577
3108
21629
27576
11700
17831
46309
31587
26554
7105
34429
32706
36585
8617
22028
45598
28972
19076
11986
1351
12130
21489
16924
25655
35998
44336
24595
30362
19175
35634
39502
13754
30811
37649
37850
8297
37813
15537
32744
46702
19805
26515
12923
83
32843
3976
13033
8864
4980
11544
45376
21740
4475
6088
14336
3448
10479
42076
668
43400
827
36264
4949
5642
8905
27027
23005
21076
11737
32247
47108
39440
1932
42623
6445
3013
46148
5712
7249
6169
11143
25993
39040
40407
20698
36135
21257
4896
37623
13190
23081
14299
31896
13490
48165
19682
10921
2497
41569
43891
37429
7831
40266
6715
2133
45331
29328
44302
47853
11752
21574
39846
1052
32334
34490
26143
7873
13598
37701
26906
22158
36595
16804
18949
10903
29025
3152
39084
46836
37482
40927
30273
31109
48426
39740
44238
38034
16099
16419
11588
3990
17040
40492
42577
10463
22059
49332
45325
48088
24050
22749
33935
32595
18165
1630
32817
2386
38059
19325
13637
29725
1137
38212
35161
47028
39143
41949
15748
46164
23433
2830
16219
21907
42542
29763
43856
45792
47775
1179
10016
30746
47396
12798
42784
5328
47975
20003
1924
12837
20577
33455
25470
29684
5298
46851
30383
9550
43421
45849
42014
2243
9068
5236
38002
49493
27792
8244
23924
33161
16659
48039
6601
44636
14513
42218
33708
38061
7512
44247
38530
4125
21946
7402
9490
23123
12109
30553
29795
47347
23902
25232
12067
6039
43351
21626
16737
44837
18773
30053
27253
16588
33563
21017
47459
44309
41645
3610
43360
21383
29157
42455
13695
39172
40804
44669
8061
46716
44743
23690
44399
31450
8454
48479
3483
15607
15726
43555
35172
31381
41145
30173
18853
15410
3559
15202
36718
20203
41214
48868
22528
8224
23639
28619
149
20074
32422
40068
41195
37219
18159
35108
21915
10738
31652
45227
12034
4831
47983
12582
16856
28191
39315
34257
32053
6404
36103
9150
28320
6138
28184
8660
22348
46833
17631
49797
20307
18482
45893
3437
41365
17063
24003
29350
13548
13074
48389
3343
22330
47414
21279
7393
12383
36407
46443
34926
27190
41474
36941
45277
1481
2836
45629
24685
32695
36906
16140
34981
375
33138
13891
8839
36488
30186
30091
43909
23608
7137
10128
18685
26653
9722
4376
23637
16808
46457
4262
32463
8071
5417
1307
21094
8746
16401
33928
7902
641
30602
14767
32412
48644
35923
40802
39763
12645
43045
19573
29909
5412
33532
36333
1015
36799
38391
27066
13294
34664
18262
17203
18555
5420
7049
47283
39129
21412
7000
36866
47825
36665
37446
10676
11922
22707
22585
16274
40618
9644
4530
38272
24467
25599
28496
29063
32456
35360
15373
42062
38624
37134
71
18651
15071
25640
10786
5769
49155
14963
30424
46656
14645
18319
9939
1758
7360
12388
38562
28102
39079
14226
10010
1041
3250
23149
49637
49384
13330
33275
27248
2363
5136
41507
48590
6851
15300
15352
10288
22026
45078
45386
49598
34565
24329
6273
27133
1041
23682
25033
7059
31976
9259
24347
4915
11139
10193
49772
5409
17147
9711
19721
904
12577
18260
10357
47174
47009
9351
21628
33980
45402
3812
38618
1759
4236
11851
27132
6275
9539
43272
27202
40247
9774
49745
14918
46024
9542
19612
35527
15329
20848
28129
48723
7895
6735
6881
25385
35976
24056
28986
21378
24032
7021
20387
31942
49570
9982
27786
36474
19184
47309
30556
6483
31646
11564
43945
28590
7917
7372
19200
12753
23378
296
13779
3812
21907
20761
31260
35686
29496
13691
28446
27985
48267
45252
23726
11917
40412
15490
13096
29768
14373
29658
49509
1413
19498
39835
45888
7468
10092
36066
47503
35627
41694
22119
17277
28242
2763
20648
48344
45214
8633
341
19781
29656
31726
8284
6065
25159
42695
2045
43716
9705
23443
43994
39983
2018
13635
25998
23225
26874
28654
45888
42325
18010
17340
16995
11624
44861
24540
38656
19750
25748
13526
14462
681
5421
10653
34169
43648
29151
45762
3357
1154
11581
36033
18341
29138
48245
46279
37714
19759
23582
23648
19119
23983
23190
13126
9124
23131
936
17185
24340
11853
49404
9358
41658
47993
36101
804
946
49003
33532
41049
21759
11390
3313
20349
21371
48699
12885
6703
22422
23714
46311
16601
48185
6740
26080
8828
2417
44631
28827
33378
38019
42838
44097
5485
3967
10281
16599
20258
20485
16606
35768
5432
3012
27628
20727
27904
14113
43207
32156
31150
36888
32052
9150
10896
225
40330
9611
12039
5419
26169
1537
26605
37228
23692
37459
29802
42772
38047
21898
8671
24214
44781
26766
38623
30495
44905
16714
29330
35138
4971
13950
41251
9175
39189
37341
523
13578
48943
35242
34634
40955
38441
38568
21980
1841
35661
47002
44926
18910
26350
36871
49500
48094
12019
15927
49110
4234
32819
26429
33830
44172
23124
8539
16250
13030
24843
8290
29574
35666
8521
5095
4730
20614
38082
30087
49013
31714
38271
21530
10900
40397
40743
28429
30987
35413
29654
9798
35644
15318
45740
47847
46196
45157
49245
47713
38598
45176
20725
21757
11939
23312
13854
15025
28936
32679
44308
41066
19759
41464
35030
7194
33477
38212
49156
10683
45677
4866
18474
25793
38882
11137
44269
39869
27990
510
3963
41586
30565
16873
36934
5549
44969
20958
42026
29181
12068
8119
28753
22072
20587
25764
45282
24869
340
14953
1605
21337
29832
12865
28282
33424
28256
27406
20832
24028
26335
43726
28076
41569
27715
2078
43742
29549
177
20342
48528
1222
19109
8440
14213
13457
38079
26332
46466
16461
36841
22594
42075
24892
38079
36208
130
40775
9631
48901
43760
478
24894
48437
29375
33779
10672
32461
1251
46216
48632
35142
23310
44733
11145
14877
39180
6853
3107
29076
13067
31247
9106
18414
36089
3848
10059
23142
32953
33054
7332
25997
28725
20681
7
25909
32164
44824
1777
2077
27506
26324
17822
29023
19213
40864
17651
26009
43541
2748
48636
30406
4129
5242
42878
688
8955
11435
43997
40169
16349
33583
27843
43401
8312
28785
11855
5911
3694
20218
48877
12971
39702
11200
20970
39572
37027
46778
16525
39758
478
37628
4629
5861
371
45021
43202
1407
13326
46044
25765
32089
28817
31380
34411
29114
25181
31620
4964
24746
15027
47624
11092
6884
39335
17058
15249
2932
29990
15901
30682
19195
41666
41716
15099
28666
20085
5524
49277
27381
20486
16486
46794
1598
24617
13975
23490
31871
49289
14040
43730
4564
36626
14582
21686
12404
24931
17684
23766
34623
29806
31303
15378
44596
17999
32117
11518
27092
12609
25525
42495
26310
3237
32493
37278
14747
9574
46514
22989
43097
39481
18687
19199
23141
22978
36071
538
36181
19917
36543
12322
27272
35851
47570
35623
23084
34973
34998
22098
13347
36731
6
8373
41801
44880
45127
11382
983
8876
40272
8400
35892
10009
35808
23266
43389
1401
28150
32796
19834
9355
2267
626
29784
40007
12084
39305
39112
33716
13781
49381
8010
37298
892
28533
20140
27325
24513
1810
20370
24969
48227
168
120
5026
12563
17666
28981
33388
8115
19095
22793
19961
29829
12684
25133
6487
33796
15944
41276
39022
17811
6876
7703
18099
45588
10929
9679
10059
309
29324
19681
20829
16098
1872
23885
14921
16918
3001
23887
37468
18493
3615
18597
12319
44286
1996
11798
3375
3032
16804
21283
17776
25599
27385
44684
43119
12679
14610
14830
19473
38525
13463
12146
10121
43283
917
12165
12589
21771
45843
42135
44048
3863
9882
12914
12283
8404
14779
17354
5191
30956
19449
7645
36076
47637
28885
32250
9428
6858
38535
40760
1665
3374
45867
9818
35653
7872
30710
49483
7995
35345
36465
30380
48541
17115
11639
5528
4405
18454
43948
32629
40556
48255
8832
16591
4518
1514
45520
8759
16539
16688
34520
38455
45603
21912
42275
19609
2974
38049
49580
26483
49040
41116
4961
3604
12685
43749
1797
12403
47011
26479
19537
45195
33682
36789
46125
5659
10203
49111
41029
2581
9278
38629
35034
34933
2683
12169
27757
29841
15568
4314
36378
15284
9935
14231
44300
32833
44128
45798
16954
31705
22766
46225
1149
3038
48816
20675
33502
16727
1104
47846
23456
10425
30855
23390
12061
12760
21852
22531
22198
32117
33891
28
1279
44565
46636
39242
4223
9513
11935
878
29677
18002
10359
7460
35167
27462
46548
12848
19031
8417
19754
10992
18920
38998
33682
18716
41311
10481
31743
34585
28382
29325
14525
12164
47723
16337
16014
43516
13567
40180
30177
49857
46889
16611
45710
44748
37034
39461
18555
37899
22909
33686
25955
34881
45807
9495
36240
41019
45467
22774
47356
47052
35905
42641
20107
16565
6031
32176
42488
47301
39569
28003
20709
49391
6883
47037
45392
14992
31716
6584
43503
35508
25788
27108
39287
29293
5984
37375
11785
48024
41476
6958
14641
19678
24521
46896
7674
34812
13277
8100
42366
31953
43990
17247
4819
130
13413
13185
31823
34329
34346
8528
25343
40469
23730
36180
10082
22401
47878
13378
46110
16066
5227
29138
19876
26829
43851
24059
37421
33827
32079
34679
44997
31879
38374
29668
8514
33907
8794
1999
2987
14132
22892
1283
40298
550
12073
30399
48797
19589
42871
23796
15794
26539
43333
44395
13823
34890
11446
2430
6123
21058
46147
37018
40257
34522
26298
16978
6362
15764
1282
35692
20652
12420
27616
43793
10890
42720
24816
36809
32706
48416
47280
22292
2249
30996
43093
27985
23071
44107
27360
47070
40046
11558
46489
49393
10681
8060
17913
26363
2694
2393
8634
10605
46764
37423
8288
47612
42287
11525
39150
47785
13429
31831
6310
47035
19983
43188
17399
10842
14596
29197
25931
5230
48854
17517
4687
20107
46336
29436
5192
47515
4973
36234
17056
28953
26817
33670
624
34186
23878
30772
25662
15577
14608
26432
27066
27192
14792
10803
9372
34038
4386
15566
37715
10170
35228
16938
9368
39905
25130
29236
34927
49277
35295
41950
42258
30741
26707
46248
5925
44456
43899
13043
12518
21760
22761
10830
27822
42048
42708
43302
33627
28858
35941
26110
5829
11283
29685
27811
13668
45046
11436
38311
16610
40525
34436
13498
13115
17891
24340
12160
8671
41562
46631
36407
38949
17334
47328
17727
4071
5810
533
30000
6255
41855
43035
27122
10360
12521
22110
26659
517
15655
30462
2578
31591
3852
12988
18115
5203
24802
31671
24385
32032
23602
36396
36546
17178
5632
18118
43038
13730
23832
37379
10629
47220
16191
10856
981
27287
21671
33304
42545
18379
34636
33481
5545
7566
11324
18725
34294
20785
11669
28016
7658
14472
24282
3864
46341
46466
32589
7623
24414
31414
30317
36756
9708
12132
40354
26619
21951
46374
3138
4335
22627
47466
20301
44696
35409
34778
44168
21556
42109
13014
7383
40970
25481
28173
4652
34329
43503
13671
38578
36075
13219
9146
9266
34175
2445
3211
30440
31093
33475
37002
49366
5348
17099
22893
35775
35012
3390
45483
45211
26326
26657
28321
35853
9683
25240
14945
35321
24214
20141
26580
11127
38243
13957
24802
37621
56
36849
29316
19435
47089
34761
47398
38753
32535
20513
36443
29361
43290
24720
26046
21354
13212
34584
31623
35970
4187
39452
2692
45842
25927
31550
41001
36022
35244
3993
27886
35137
36904
21989
24117
9871
11465
35424
44081
33693
40644
6394
37989
47169
18180
43940
37245
17072
46619
33037
13928
33963
24628
19085
19756
11232
21750
10526
41640
18534
28433
40087
28225
37137
18623
45621
26126
21915
47374
2630
20288
48888
43122
30651
27981
15377
36677
39813
49868
15578
12393
42509
9079
16674
14529
4701
4304
5877
30862
34869
30550
8327
23870
5735
33432
8936
2223
47230
35598
41526
33004
3529
19907
12723
32313
19924
10694
23092
7647
46327
49212
23983
28063
49817
32884
6877
17659
2480
49788
8955
6738
17397
8286
17597
7484
12760
21006
9270
28194
19607
24934
21223
26933
256
6051
14862
42520
15241
16116
32145
41032
14167
1903
33699
16113
36638
43820
29944
24119
35517
38321
17014
11143
32385
38701
34428
3853
22713
22381
49581
33036
39580
27275
6111
2010
16123
42480
23258
48171
18817
44964
22637
44823
4788
549
40655
15822
24047
16550
43386
46262
21583
34475
30470
31915
36459
36260
35109
11152
9934
28069
17926
19919
9455
5188
24044
46528
27084
14649
39562
32637
2906
18153
32032
47926
19542
39311
27145
24834
34072
11268
46976
10393
41297
24072
6243
3653
10327
46690
13115
4143
33424
16146
8511
47102
33471
22348
1973
35025
42942
18128
49274
154
41808
23431
31514
10409
20382
24859
1198
39585
41119
10796
39881
16021
32477
27270
21337
34720
29555
17212
40767
37654
23536
8294
45872
41690
37769
48234
451
22622
35568
20713
31037
40814
17336
27260
13390
44165
16001
35428
29298
46876
40972
40664
21288
24028
36350
17917
29305
26398
14233
46745
20885
3972
31173
12678
17057
45545
37522
32578
11750
5293
27696
38720
44914
49143
17567
544
45139
43220
31145
28255
27039
2352
45137
39545
49960
3170
27373
12662
39554
16360
23188
14026
5006
4618
24753
33055
39737
35990
48240
38897
4180
38631
49716
43118
32108
5220
46938
43631
48218
812
18563
20855
48674
5101
30564
13934
15002
12232
38212
12423
15787
3698
21632
46229
1453
1039
12915
11041
26793
16909
29011
33769
7437
28272
19960
20860
12683
26628
20224
3695
6994
12745
38171
9111
33149
39222
21121
41841
28106
47383
32222
46114
22196
41457
45730
8931
29611
46082
13999
4814
39391
35231
20725
34673
33614
23712
18266
31049
18541
5769
26020
23794
34299
43353
46260
37038
9945
14599
43260
24351
39429
22664
38278
27084
26320
41498
19493
30682
19318
25041
18587
13034
23292
41809
34872
47605
13509
4959
36018
26861
12450
9554
37443
6359
3374
45292
27304
7448
26645
40839
26245
23202
18096
33651
49514
27028
9196
42593
45562
23087
6411
24991
20338
37226
7372
8003
8027
20109
46675
27051
46635
47536
15393
20181
46204
42740
30842
47036
16260
18440
48695
41620
8114
22752
4603
16702
3688
48135
16650
24429
19718
19115
29500
4508
35704
3032
11622
8051
2436
36089
25547
4415
11941
6408
40873
23789
38700
38316
17273
28362
3043
38396
43875
49170
49732
4976
33989
31576
3816
45553
44430
8711
6219
22056
22239
28792
7421
36728
49194
34265
26091
32009
15919
20836
16674
3877
22320
43074
3520
12043
6217
18154
31319
14498
20983
2898
25379
15425
41634
4292
41171
44540
23318
9126
36664
38109
27103
37430
21215
29844
23553
25624
30961
47495
39026
26441
5982
47566
1375
33553
36117
2676
8696
29820
358
40152
25795
23676
23392
25335
477
31777
36407
48851
23838
7342
2660
43259
34463
37531
8780
15605
22168
45451
30095
5287
16358
3154
44070
20044
23532
13655
37600
3844
37410
22107
37749
32932
22215
45981
12997
21571
8261
6003
36161
27194
9856
41768
28622
20035
7128
47809
1354
38086
46805
42797
24002
7917
45397
14367
16126
40876
11535
40356
36336
46831
44898
9841
24854
6850
31861
9750
23163
34508
3808
32395
12178
35735
8061
30157
46422
11643
38938
48108
16047
2163
42822
28044
33647
5933
49882
38486
49898
21725
41245
14647
35101
20291
32807
28028
43859
19786
13960
27356
22246
7757
2371
15245
25238
38888
13555
32213
1645
33652
2422
14409
20613
16721
7764
39404
47399
47511
30938
24747
45441
21666
31648
7009
40986
15531
25921
44080
26646
37483
4822
4993
43266
46777
44205
17480
45171
30107
39428
32872
17055
13134
8796
31777
32023
9045
26892
28003
2812
35872
35249
33892
45803
22643
28587
23563
2596
20867
14109
38208
32848
41952
30113
6482
16489
33123
22106
25138
31931
3475
44031
42096
15355
19090
21042
32510
29294
49755
9872
21175
35661
6766
33789
4600
9571
40615
39063
42196
6753
6467
20090
24737
23015
45960
41709
41724
46306
42521
34070
5202
13982
32061
23096
26412
32247
48848
14645
1363
42389
49569
23449
48389
8055
28120
38423
36961
43804
16445
41639
32689
40443
41647
36825
36765
18563
47972
40627
11282
10887
11257
3981
42822
21455
49545
185
16174
10508
37331
5622
32838
41676
1610
18879
23975
33503
42525
29382
8836
25325
49651
31598
30180
41308
24390
32837
20557
20499
24023
4948
31771
40089
39557
46394
13237
44027
19275
11363
48201
20352
8030
38720
47891
19654
21618
18394
46310
9872
3555
40137
1191
38447
11249
27300
22945
44028
28776
20310
36351
14236
21681
48320
37763
3429
30524
15066
24794
40180
43658
1722
34793
44273
28941
35870
38380
46968
23153
49335
7220
10737
45574
4667
983
32333
39503
36658
7886
33336
3748
16286
49450
28808
5620
27173
37241
34582
12864
14239
2983
12034
4486
25357
27511
20907
13230
30470
42361
14851
5496
33273
39435
7953
37175
20246
36898
48962
34419
43982
14004
11095
29561
7620
48514
1278
37536
5484
24598
16737
613
32346
7039
28706
40220
43291
28957
13944
28878
19911
16344
6599
37192
292
11972
1326
30925
42988
25645
6649
4909
15556
41944
9088
21453
5491
17050
33422
4801
33357
31160
15750
14951
5970
2755
16482
36282
26638
33085
9466
16667
17778
40158
11864
46793
16220
17940
18668
18301
22936
32795
10843
45354
24386
47672
10028
5078
27262
32000
23081
34372
44727
43709
43965
20113
927
13209
14399
48878
42705
796
15041
21546
43610
19988
30378
43593
20769
13075
39456
39025
42831
5498
35565
16769
44339
13327
10866
24736
47275
4707
39784
10642
15040
41912
36547
4898
4349
42368
24728
31641
36114
29364
33093
30477
42861
38205
4158
17789
31524
36486
20869
35484
15993
11890
22388
32654
4321
17592
13227
47037
18873
47120
36747
1084
45782
8224
891
39259
11259
18826
34695
1704
6937
18599
18957
34024
48762
14347
39265
24054
24637
23724
38286
26352
43204
2041
44485
39363
37956
33166
33014
9616
15386
27105
38301
1103
20019
49300
490
14016
33361
14849
22351
4455
44670
31474
44262
6545
26913
39186
7366
10939
11115
44506
1958
41295
30898
5481
16498
14964
22450
12864
33760
26562
17121
19243
27926
2740
24422
40278
27769
18301
17462
7757
35809
28012
13879
317
2178
11515
16450
3237
49379
40402
580
6101
25185
37880
14112
22071
42168
26396
20799
12971
11964
35582
39556
44631
30045
8904
15263
15711
16681
31023
15776
32856
37547
10294
12008
38396
17365
19234
34290
23936
34388
49752
29954
45913
7639
46059
2737
23017
30475
32042
41275
12154
4371
8097
14138
6701
43448
26386
21059
38271
43242
42072
18804
19243
20814
27419
4366
1208
35442
31551
15518
19112
8187
28294
29712
19364
19751
44628
568
46639
40875
1263
41529
19472
43501
21518
44819
19594
45652
25905
24174
5593
36935
30233
43141
11519
29640
35441
30316
44242
41509
18595
20585
18965
16202
37301
38080
11977
34344
32592
13094
30046
18236
35312
41212
24960
42207
41451
42376
18950
6406
29818
9100
44544
21185
4262
92
34632
30569
14476
21910
12786
28753
22746
42351
46842
16866
12107
29239
2600
43331
48077
11753
24347
44411
44321
28718
31010
24275
16333
679
42814
29627
37935
30870
20215
40953
7119
32791
16864
18711
37153
15450
20714
43672
49397
45675
49835
41513
31337
40018
41716
33112
11348
37808
29825
16042
47935
5472
44744
21793
4048
37603
46081
46920
26476
24805
30475
40153
10543
33170
44776
34876
19416
26831
21686
18702
22876
5706
18320
26861
29226
11798
35314
2206
17710
41575
2668
49757
29812
19111
36272
23552
26811
2380
35351
31961
11498
678
18745
49607
45135
48452
38815
44229
37211
46599
2494
6003
30027
11030
44436
45746
26723
31
19193
47329
2870
36139
5321
24481
29898
10399
41207
46469
24624
17417
8908
27439
49912
9120
18038
25707
30820
36689
41190
27080
27908
10544
11580
219
35993
15791
19806
14790
40328
9039
26322
24600
25838
43162
36136
26742
25648
5266
34430
21247
695
21082
35487
39201
42698
41627
3295
27679
33334
35047
3074
25117
961
29489
24952
35218
42719
23951
34500
47808
39082
11257
7730
34708
48222
39539
28016
41060
35987
7005
32731
38350
4884
28125
29954
20474
41470
10449
28010
17718
12947
22938
44819
6910
40898
6021
32523
34258
39559
29410
19425
35144
9699
23819
38604
6071
17469
21364
9692
34897
35205
19597
28600
38453
24973
38795
44
44173
6720
20061
21749
15197
36798
21841
17720
13245
6368
16863
14514
44415
4360
38125
49577
33663
24014
39141
16456
28234
5217
17382
36543
15368
34101
48245
26715
19155
20019
39116
18481
7430
38265
31340
21974
24064
16752
5733
28324
38189
22261
6995
43468
18655
27537
29837
17085
36677
28910
19137
29863
41667
43837
9699
21156
4907
25124
45007
19394
20523
28905
45986
26078
28875
41229
44506
30520
10378
12646
28648
32209
11993
44358
27750
9447
15556
17979
20655
39361
7176
21544
42644
28417
7950
12620
40809
48086
10113
13165
35098
7212
4937
3378
8325
43161
18200
46202
31318
42389
35565
49499
40452
48883
1040
17329
32011
4593
10249
24000
4276
28203
22917
46067
44175
39786
26858
35200
47384
37032
16215
7832
6791
90
39229
44665
29548
2300
3316
39181
3602
11471
5549
19187
27831
18661
2612
32786
14307
30794
12471
32740
18819
5823
40422
20061
31565
21695
7661
13473
43090
40771
12800
19678
49526
20174
43774
3582
37667
15576
8617
23777
11134
26051
11680
33149
6273
17022
10030
11042
40897
33818
42843
46664
14249
18067
774
36735
48178
16225
15269
37424
30551
20906
36779
48484
18230
22808
45827
27642
10152
48676
41207
40960
23197
17475
30989
5540
32160
15542
40819
48038
5649
23488
48475
35844
42042
8961
6972
6939
20836
16077
32993
10681
5651
23351
7574
7222
2911
15923
17940
15001
32600
26282
4028
47700
14573
14931
31332
31854
41565
48837
4241
35810
13272
16190
49234
42025
34432
2209
1310
7575
23416
12704
26362
4921
40153
28007
13224
6544
7343
11474
32817
9623
31772
27877
47728
22843
13821
34511
8554
24869
37835
21130
17805
27354
26113
19849
41027
6611
18977
19947
35320
49384
49460
29471
46629
32485
44670
40973
34560
5847
18442
47511
7022
35958
35357
41368
33855
4648
13539
30547
35690
24623
13646
45018
43714
24068
35111
24333
8842
28184
45965
5160
17308
7504
41769
27931
30312
29113
26908
35239
6890
11058
28285
19832
49764
15316
22998
8112
14226
48844
34894
25605
11684
24209
12559
37861
10143
33019
25901
26216
15703
34626
4851
48953
389
2372
47780
18091
1947
3476
11808
21143
31716
18121
4478
34677
36570
44583
40472
29133
8770
21526
45772
47912
40143
39756
45421
987
40014
38011
37980
10638
11306
29882
35850
27107
27775
22175
9011
6904
8691
38965
23814
21292
33615
43376
25081
39960
10218
11294
6436
10819
15138
35948
28437
16858
46265
49443
7341
6499
21274
42161
8021
43713
41483
36231
37338
5244
41170
37481
16504
7223
45530
36145
49823
28942
43738
10244
49286
39822
28783
38011
14134
35573
9454
21878
26156
24852
29034
35566
32610
2896
7837
47644
31205
13105
3853
17209
25646
11879
29923
17232
2188
6950
1497
27028
15598
10738
7694
32653
20830
26195
8245
5197
2256
15671
47014
38506
26883
44697
16484
23985
35479
30784
20978
39604
37764
11634
49582
5028
2626
11946
12424
41691
15639
47736
5529
43562
39729
6153
15951
11213
27217
6594
16147
12087
48493
7055
33368
14118
25649
7024
9704
9846
15289
18090
11138
4635
32789
37244
11461
6034
5328
48778
6267
48565
47968
18097
32277
34147
46848
22231
23278
10306
8106
19662
32666
12706
27194
22998
35914
37805
36888
2016
20107
32087
6199
10249
6052
10762
21557
41371
15553
7543
28144
25978
22261
43854
45673
33656
46254
27299
40873
3460
40003
4893
29585
34652
6739
17991
48206
37713
44472
34244
28325
26655
49650
23390
7966
2505
9502
10584
40352
14674
20047
33598
16103
37238
36261
7167
41269
14415
5218
19644
13146
4800
49820
11673
34011
14895
21905
33942
30391
9281
11684
47052
49053
24663
5800
27349
27774
24130
48448
44200
42143
26074
25496
33930
33553
14633
17003
2291
16739
16051
868
32633
8908
16781
44515
18104
22289
44103
46612
42692
10470
19504
24309
15577
20169
22792
41504
35423
48403
14652
40754
33456
32694
14389
37212
4534
20002
12220
16456
3765
22555
1814
1733
27227
4682
35838
1627
4422
24670
35555
15475
14397
49548
31203
14950
47146
11283
4262
32484
27474
16472
10415
21865
45484
8832
28768
26140
7908
34408
3018
35314
37489
41543
14096
42354
44814
31572
30970
17859
7452
29975
4387
37878
30402
37678
35811
38940
12863
14749
26710
45249
5204
17286
29865
31919
33760
16088
36084
26836
33041
17879
19299
31194
13872
5667
49815
24609
36340
18721
43438
19349
39833
31814
24747
42832
3114
41964
48228
49244
19010
27136
14696
44008
2597
35272
25355
35778
26718
14780
3424
30346
5216
18550
14542
40462
38130
31837
191
8075
35644
20353
22025
18848
21092
7416
26874
2248
18957
1770
11179
22662
24232
31438
28987
33736
29855
13457
5987
25604
14549
38432
20398
4288
30102
15145
37481
957
19266
47992
43921
16467
48822
34537
18634
34825
42543
5792
39495
9036
20387
26341
17443
27483
47363
49720
26751
35652
7004
19394
17242
34203
8940
46775
9493
8275
37632
15708
1735
36293
17658
3397
26900
1490
34232
32014
12314
14633
45831
1486
11630
7461
38712
22708
45600
4829
30732
46812
204
37697
46670
1795
17980
8871
32056
38457
26509
31388
4133
27816
39801
4833
14493
44443
48040
7597
46360
17899
10415
6687
20314
5358
7818
30335
8785
35341
24729
3387
6924
35125
30613
42498
29793
24042
38030
16676
36726
32852
41116
47417
45844
30671
46840
7585
46097
8544
15039
2639
2898
8113
40145
3745
33910
37758
15834
47982
298
21908
31755
10643
24043
24344
29386
34755
2482
24
37009
16664
16673
4786
49046
26938
40501
17199
44297
21654
24356
13107
12892
7597
12876
45101
19419
1269
17464
41644
17053
2633
9290
37398
14979
15928
701
31166
17840
42270
36295
34768
49602
22402
32986
15035
17168
46882
5507
43801
34904
31237
30533
37249
20220
38311
1678
15200
23446
24650
2853
40676
17527
39797
9369
49257
16120
14425
5532
29253
5716
48877
3499
39450
35087
48051
3386
17299
45011
1246
37165
35162
4646
36223
36190
8441
6893
6852
20707
11237
33583
1914
36617
5734
42899
37992
24967
49572
8591
26107
22594
17164
16096
747
1018
25209
45396
25394
41041
33787
46220
5483
48127
39004
12065
17118
3254
5293
36711
44675
30159
29553
276
5121
9710
6860
40698
15791
47877
8008
31879
42477
12946
31461
34863
23109
39199
32534
42683
29405
36631
49973
10645
26297
6337
45118
41392
5629
44587
12835
44002
26195
23716
27980
39024
18697
19611
10826
26020
21551
28971
41031
19179
47223
25742
27956
43866
37771
768
31355
43082
9644
38005
45028
15928
35983
41440
37167
27349
4226
26077
3613
47555
16121
15497
39218
34206
3164
4160
12799
14923
26656
39913
37555
42576
47434
41688
2087
45541
30823
34137
19518
32948
18430
43305
32983
33705
12768
16342
11612
46361
27650
14677
15178
19904
27016
23027
46428
26932
39657
21136
20038
451
10471
37424
12955
22175
37667
40944
15622
38765
19931
22414
24234
1316
12547
13310
28756
28617
23805
14090
14856
549
21987
43865
17314
42845
35089
18520
4892
43980
15476
31376
9564
33448
38603
28264
20262
5108
20070
36801
10742
29826
526
6084
27453
15348
4032
33871
17119
27303
12107
42572
1090
10337
9757
37921
25541
4632
45862
4604
29613
4776
45506
22407
9429
8112
4015
40184
4467
46985
30771
6042
40513
10654
19932
24046
39681
11314
39964
33580
21965
5439
19554
49604
399
13352
26378
37495
15193
25174
37556
45853
26737
33015
42590
4224
35276
17426
23535
7784
45242
34896
20899
18396
21153
39235
5547
43061
24600
26577
4314
16326
36938
24087
36698
16974
39644
14964
143
22332
19170
44566
11407
41209
491
33724
25538
49449
35218
43007
15834
47084
43846
1201
16239
40825
260
42128
46496
22763
24328
5659
17745
39636
45631
10291
20599
22349
35300
17916
13687
27668
35089
10890
4810
26199
33090
46158
19847
34941
44168
41359
27634
36406
25051
26542
9202
6671
31708
45717
49758
37271
34426
42409
34588
26851
2055
46498
7425
1371
35183
18729
47958
26111
46893
34170
10080
18872
39637
40091
44473
27985
7148
17081
49076
9636
39347
13105
7063
38066
38540
4494
5448
43781
45085
516
21453
19978
36005
10296
10952
37457
19505
3339
29163
41195
48196
8304
34768
17585
37406
14191
37976
1203
33880
24923
36764
37592
40968
17765
8442
29888
48217
34797
37101
4701
807
35246
48264
34603
2540
43203
29056
24705
45625
13628
8008
41979
17625
31327
247
17662
31366
31194
13355
35616
36953
34693
35931
39019
36038
37891
27215
24198
38131
3266
40850
5553
4643
31951
8428
7859
24413
46890
544
30366
14469
37744
48584
30269
5169
30911
19599
34653
16935
27958
21971
11834
13292
29122
5533
20562
45898
31239
30831
19260
39681
405
37994
10766
20356
45777
46571
41210
18689
28197
7068
18856
34080
18381
47086
45298
38352
11963
14519
9719
619
9600
35412
49347
37916
2711
45679
39743
6814
13544
46056
44844
10863
48864
10184
29110
44
22913
10702
24785
39065
27018
31733
30967
48048
36255
19545
44598
46979
29025
34764
33031
7863
45132
8906
10197
43647
34262
47538
24521
33044
33628
5033
36004
41156
45483
49894
47356
12221
5016
5153
7664
18087
15586
46103
27385
38295
18256
2002
34942
6488
5728
15208
8062
18466
23020
32389
27995
42247
45344
21191
33127
27706
16204
43598
36627
16787
107
16373
43671
31570
1769
45763
14318
40093
27408
7151
4178
17623
31719
41914
16245
19483
31251
5327
7098
10328
46047
30985
6696
32563
13736
1754
1142
44216
40771
37464
21015
1258
10568
23556
46569
38448
20808
36825
5122
49676
46134
39512
15692
35715
9488
20154
24869
9009
28676
32540
35894
25606
25233
14955
31187
37110
38001
11843
22456
11513
45423
26241
6683
24166
4675
17248
39630
46836
1863
42707
14468
3244
6191
42897
29747
34810
4772
16379
22496
17760
21684
10064
43080
20298
12474
12741
44893
18560
39613
17965
8651
43476
3238
25469
19429
11257
5393
49199
19522
23732
11516
23765
33859
3756
37975
12826
12783
38460
41911
8115
30030
12730
11514
34921
15934
18087
5321
27969
36741
28950
22931
29020
17255
27036
48599
12615
34937
37941
45813
49597
6826
45040
25246
36162
42773
13958
12172
23266
36991
11517
3648
6690
27354
43520
10655
38956
35387
19528
49754
8994
23390
7510
14207
14769
11784
24942
678
42725
30464
8565
43207
35194
49741
25787
18570
9146
7030
22941
46851
21472
38895
47235
708
29071
43287
13679
11211
6677
48505
48137
24647
41228
6258
40912
45439
32700
30583
15791
7626
36332
20781
7298
49802
9822
15491
21222
17703
11045
38004
26608
33422
45934
42857
27290
14947
38274
2480
38311
29005
10005
32344
12366
45380
45980
5046
9550
2160
44867
36170
32627
4504
14326
7967
15845
16829
11676
19657
11729
29526
44457
40241
49876
20911
33271
10622
21769
8567
49292
1239
736
9922
17737
18091
34970
3669
25217
34999
35131
33692
43100
44147
17052
46859
31058
35819
42280
45670
39938
17609
6677
43400
41800
19963
21451
49360
47507
22351
39241
43173
20957
20904
36624
3868
28160
43259
10718
9762
39063
46928
16644
4909
20807
2600
21228
49432
28484
9276
8356
15848
39592
27492
30586
4226
2439
760
34995
45811
37996
24887
36736
46809
36904
40578
47067
28421
32397
29808
37882
22804
41070
14338
36430
43481
7768
33243
20608
36468
11274
43546
9449
39774
24670
28549
1238
30311
17539
42932
10439
36316
45201
41751
44076
8700
425
1384
43725
48830
32771
31674
41626
17687
22403
9440
25597
24007
22792
22612
36708
38516
36068
46621
2315
19967
39886
28537
31853
18971
24181
24024
374
47794
32319
11409
9629
10225
26803
12934
24589
40047
46171
10084
36493
7578
31672
30881
1239
1678
25630
9761
8561
8010
23306
1777
28193
9284
42060
6775
24643
15702
36300
21000
3749
19762
41577
43804
47907
26092
39762
7625
21715
4264
11179
39668
44084
19787
35365
9546
33945
36250
16461
24962
20667
35313
46265
23307
46022
27541
31696
12524
42839
12381
12798
39745
22128
17843
6363
20536
24359
38265
42620
14334
28166
15341
6865
48219
9356
21094
32028
35671
2406
13226
14139
7575
40040
3567
5257
4684
28010
43359
1583
4391
13054
9101
31947
19674
23281
24229
13829
17786
30404
10860
12616
30013
36204
20714
16633
22927
38821
26705
6103
23563
15050
15956
44075
25785
34386
24056
17759
10949
26112
40113
2882
34326
31418
16950
9140
3212
19975
43489
44622
43613
30402
12558
7868
10017
28370
38380
806
6744
26539
27814
35068
10414
44180
47605
32561
10407
186
30663
43737
45415
6793
40046
34193
16124
6678
24342
46505
39713
27884
19105
1763
14022
39457
11308
21523
14311
46443
43426
37341
9184
20273
46182
9279
46276
47676
43701
34023
16288
14463
12122
15395
6238
195
14492
4609
44286
10935
42865
41856
45342
24653
37545
21125
17620
44002
16295
2884
36033
23792
14687
4489
19682
3387
27286
18572
21639
46370
17408
25554
25385
40197
11832
2918
30072
44764
32142
22749
6991
22366
30645
34199
25791
28677
20460
46004
33297
7289
42724
37439
16887
41885
3788
31043
36158
1288
42449
7653
20949
7915
8187
20935
21252
3899
18117
127
44293
40542
27093
43590
39087
18067
22091
37354
12079
30800
10109
9126
29839
27712
26400
39623
32494
22791
4007
40253
28232
30528
28885
40493
2518
40282
14024
27577
48209
25293
18938
44123
35179
10613
34426
17602
11021
48614
31180
32367
964
49554
25295
7567
39929
44930
34055
6401
46819
41608
5842
4023
24141
27473
22414
23818
28760
23354
6146
5352
45692
11044
39274
27292
48455
9908
39459
3923
2982
20066
12630
35818
35823
27067
42094
10044
39650
22627
1480
13758
354
15251
35235
17963
29515
8274
4392
45295
4232
1522
34643
14723
33170
1989
29388
48667
3730
15918
29593
34673
39344
34119
45556
38362
5765
47858
3858
7546
54
18115
44121
34980
19920
12504
11418
24165
25759
15074
42769
1292
25252
35602
21321
8037
3047
35151
43462
7735
39683
26866
15827
48219
47797
39945
1419
29008
19480
37949
27141
2821
42872
29667
22275
246
9848
27036
5347
10433
28969
45840
28128
7876
11979
49282
42656
31047
23591
27141
37979
48945
9967
20832
27778
24279
4298
23316
36356
46147
20402
524
17158
37926
33972
19206
33763
4677
35733
17642
30600
46950
193
23149
21333
7968
18287
22963
24527
30434
5728
30828
9926
21628
21059
4606
8317
43021
30864
20916
37944
2590
11652
21509
47449
14126
24996
6006
9009
20775
12421
19959
22819
37220
15681
48576
39850
17154
44580
38738
28768
42623
7857
30054
45700
25995
2373
3968
13341
35295
27850
15246
13097
6450
11829
24368
18149
44029
20566
29735
867
41476
6008
4798
38978
32216
48712
28222
37262
7428
18293
15024
9857
5865
28617
35201
28810
17872
5712
33550
16534
6800
7326
534
33257
42970
43513
27540
16727
44932
40097
6803
9440
9768
35528
16579
19134
33104
9310
17447
5808
15447
2242
38603
49608
24795
11239
16047
8082
27795
7344
16664
38581
28728
3346
30211
47267
8497
33393
5864
45410
40123
21177
20626
36792
35193
18940
42130
3015
9585
43607
35646
10405
44448
34795
2875
8826
2438
11533
28488
36405
13202
21358
47259
36892
36327
30922
21398
35132
23968
25407
32275
6773
10966
29926
26415
11764
23648
49566
6517
10140
35611
14382
26911
16583
6443
7600
43190
34187
2081
539
3560
46681
31838
10438
45007
12000
6552
9595
25563
17342
18677
13218
38782
44900
39209
27861
26918
21341
27162
34052
47243
49996
49148
11519
32035
46959
3209
35020
10842
36151
16566
1295
10442
4912
41986
42705
8179
28823
19537
30021
37374
11543
11078
12643
27269
31445
36424
28645
45050
9911
43940
4208
46585
23730
2497
29117
30457
12406
20976
45848
44421
39289
33138
2088
358
23176
39642
11397
28640
44336
41742
4422
41427
30946
24737
26207
23530
25736
43411
9884
19738
17616
38341
7904
4592
36632
3978
31058
49253
46444
46792
9645
32045
36587
26017
4258
11329
34286
43769
33303
23576
24238
12031
34617
14796
5961
49297
20617
42141
107
7877
37619
11798
27432
6443
5544
287
4966
42280
10068
45356
10486
44590
6466
43384
44655
13515
4572
4861
7217
18242
47767
28511
31734
11154
35845
15483
28425
7362
12997
3539
46600
44835
31614
19534
34189
5559
6412
19042
28152
40049
25986
963
5601
39210
39324
27072
40371
41194
13463
39617
8868
23207
15856
10543
43528
15711
15859
38815
42920
13339
28550
414
30895
30480
24826
26981
47807
15184
12274
8620
19341
31188
37760
44631
15750
16675
13923
40083
45119
29413
26409
46878
33087
3690
15544
25243
19281
37822
26583
27163
5791
1199
40425
47017
22021
41492
40272
8938
19296
35626
7802
8616
8891
39533
331
1754
45675
13316
33124
21567
43956
21207
33609
33957
12962
24937
9650
32373
39792
41573
14892
38675
13843
38981
36052
44325
10991
22396
41698
19722
3248
34638
27968
9161
25470
24035
6656
47897
34161
17655
16125
35732
15378
26959
36314
36517
17729
27650
23221
23514
34822
32940
43733
39475
43944
26338
4062
49643
7059
12325
26095
23167
27148
43346
13956
7283
34834
6828
35566
45335
4586
28304
2409
46612
13725
13902
47320
47819
29421
29612
29230
30704
28842
30029
24566
23015
1723
32218
1653
5853
35536
6789
46143
29271
24448
45677
7975
21405
43986
38746
12224
4086
10295
38991
43846
783
28981
25707
19993
28962
46362
36509
25604
44302
2174
28143
41112
11755
26409
19713
35928
15641
15636
11075
44940
45397
49714
13090
27081
23435
9101
28300
12644
26808
32688
13395
18368
44588
31917
30941
28068
20327
13414
45264
16841
44478
11689
1703
11493
39291
19809
2178
3115
47313
10087
43254
26645
38149
41993
6879
22311
41469
17345
16412
39178
27896
31948
41880
33867
45172
10528
30676
13265
40572
34608
3537
30122
10906
8562
16572
37174
6121
43374
33626
10285
18984
24354
35071
14856
48876
33659
45534
49746
28134
37305
35451
2913
40789
33754
17976
26261
15506
27231
27461
20434
16300
5592
13356
2157
10423
21909
43279
22427
47442
6821
45511
16431
35887
8551
6818
19732
32564
23707
33852
7067
3409
599
41778
25017
6320
793
30102
16612
34043
41046
40702
7570
15933
7479
37010
16278
7652
17876
18001
41329
20533
34027
14184
34612
13154
8267
34093
32249
32459
40125
26987
18585
18211
18446
16617
5898
21205
39681
16222
16963
716
20504
2504
17734
9808
11793
28086
9663
4425
11076
11519
20209
2660
1436
35148
36855
15284
11083
44825
27805
14046
36068
1967
46521
6204
12119
43194
30165
26826
24379
25814
11815
40179
17650
14485
35271
34114
10612
13450
45234
32676
39551
31866
7794
40456
43667
33527
24956
25223
27060
13648
30231
10752
41724
43648
47034
36110
40260
28721
4995
3955
12785
15759
25742
42083
11296
16397
9895
11472
48359
39188
38834
41133
13336
38405
16768
34158
15778
23804
5810
6227
23276
3285
1791
23103
9939
23714
28150
15633
5307
11592
23486
2306
4973
41960
23836
1360
16385
12359
17625
35059
34289
9985
25474
11600
16043
41546
46813
28313
34878
561
8366
29324
44667
42142
34684
5346
36122
15276
40829
31926
4174
34527
29429
39227
23446
13796
15423
45918
42833
29460
11789
39910
27366
13272
2747
12814
49119
6430
9959
44836
14784
17493
31688
5757
43772
30369
3047
17348
47124
30640
9746
11374
24693
29409
33169
22938
40669
6112
44430
3862
31723
580
3564
46463
7557
41782
17679
29630
22306
45260
45004
34412
19694
3440
6725
19445
40365
25110
15919
28813
17968
47155
3661
10352
31343
6248
11021
49907
46341
15127
15293
47068
38341
12384
24858
30061
42230
16542
14308
42477
33942
11600
700
13507
29907
3074
6155
8379
11040
43369
25738
48757
33551
21033
11266
35297
47797
40796
16593
26826
7416
1392
18835
1534
15492
24259
8739
40848
18488
44000
18301
26796
485
13653
23752
20192
33467
3673
42150
8495
46385
49230
20138
1259
46233
13034
7083
5722
19019
14932
47122
494
17648
38727
28852
31362
30779
2382
12135
43400
46953
36573
39640
30808
715
24098
11825
39686
16422
41519
27688
43660
49952
41233
47040
30525
6144
1744
17992
31811
49118
38495
5396
34178
5522
42304
4296
358
21161
29442
35021
4446
35753
49086
29568
29189
26374
10615
15653
30881
35105
1448
42058
41417
29095
24510
6270
24667
26253
30788
19776
22565
48299
4914
34358
31182
45797
10893
48066
45337
23249
39415
46510
35931
34800
11924
5346
48578
5824
18436
4197
16158
39364
2031
4761
12032
19341
5885
13326
43667
44513
27283
5754
38402
9047
43760
4560
16919
16701
43700
752
8819
16612
38631
48629
35751
18919
25720
48419
33078
37879
34488
2769
29580
15213
23370
37106
30627
11663
29218
48224
798
6685
36954
26993
29435
24131
41727
8129
22191
24100
49121
33527
49753
4790
4367
4606
24537
21569
28204
42074
2452
45498
9795
2812
28750
33651
19498
43263
20492
18031
3165
22442
5314
45526
37957
18686
20143
28772
11425
7886
38762
30293
13432
3741
36869
23747
2935
10579
24551
44716
21963
44583
32878
19459
35490
11281
30869
44711
34672
9506
2429
16322
3999
32790
6243
25449
10534
26220
45927
14926
34191
38700
43345
48560
13308
17967
40934
9953
4879
12033
47406
9821
46832
21247
21106
2140
19975
44409
34201
13197
49347
39134
29719
4531
20849
18949
13992
1088
41491
47859
25295
46511
40828
48892
7655
28230
23797
23377
25681
11872
31534
44316
45864
30085
38323
17258
21267
39535
11149
19201
31281
24607
39159
18957
46837
37721
5705
12973
49146
48264
38872
19485
29158
32052
11361
6918
10491
47653
8970
1076
10572
21560
39793
26090
41798
15473
20165
28743
28843
32725
2837
24043
13224
40602
15007
9720
3539
43789
10299
35686
29822
12327
18097
15960
10167
5543
8836
26052
7321
616
8846
7619
44308
30329
25251
47789
38020
49611
16430
44640
29921
66
6692
49704
34646
16186
47117
493
25433
4533
9632
394
34522
32150
1106
25388
38272
20062
13938
43445
139
18705
9321
1912
48509
27548
8516
14405
37312
28479
23285
8795
39021
14721
45308
9496
38265
40867
23736
40633
45890
10630
48866
32708
24094
3473
6329
47676
7803
14989
44474
33374
9671
14566
43965
14765
49638
29854
6590
1848
30048
18299
34502
20592
12015
9771
27147
13761
33030
38878
22949
19267
22285
11232
31339
20993
40649
4041
43373
6253
44263
30750
7936
23507
24966
12744
8029
48091
28375
9849
49541
1538
25733
27664
33995
5753
77
7631
17058
42042
47217
23171
45445
22746
47220
15230
48799
20904
30828
2692
38521
24391
10167
410
46219
31279
7566
46240
43025
21012
35548
10051
42319
46634
7262
19277
45507
15307
12435
8092
7900
44515
12467
4032
38799
30863
22718
46847
33792
30567
21757
38030
31968
24467
44116
42401
38107
39273
9019
36438
18892
39918
8056
35488
1152
26121
9947
31253
15786
18950
26321
8262
37671
12041
18186
34188
1321
2687
16762
40153
28460
32795
1820
30066
24491
34107
16026
48206
47689
48263
12420
25558
7280
27838
18939
17100
13945
38823
35979
48729
20004
6780
20774
6892
3895
37522
38444
16242
23679
4365
33639
33934
1393
4495
32585
33495
43615
13167
39214
29216
15979
9650
37131
1957
35158
21738
7391
27792
13446
34737
46252
28402
23350
6369
32008
20473
13301
45167
47702
48477
37497
4602
9231
32683
26914
39620
12137
24608
37712
13711
12325
44465
49735
6946
15272
30968
10165
45043
23548
4096
4694
11105
147
8964
35578
15201
32272
32281
10909
37609
47624
39204
45407
21302
45674
9860
27190
16194
42058
27655
3679
26711
43514
24622
45730
10578
341
21610
5799
12452
38301
19116
27281
28251
45568
8418
9368
48990
10148
45444
11997
47648
47797
26153
12704
14501
21256
4873
44367
43222
5298
538
24226
3856
6335
19198
9042
4761
36660
26328
24741
42600
39268
25267
25620
24787
555
5452
16710
49640
9202
19571
49505
49248
29785
26842
19121
46116
42692
10860
27732
26131
32803
4398
3205
48206
37541
41444
46154
28003
2866
47774
46918
43429
1363
33689
43092
41849
33264
36210
35734
45274
1613
3077
26461
29085
48130
34265
30663
2126
9813
19241
6996
14788
18686
8649
41636
46366
37708
41043
18929
47190
42080
47910
36346
17727
24356
35917
16371
34253
32862
628
24557
36999
4589
25499
33396
16812
33498
40699
43841
34585
14571
7764
4971
6606
10383
19484
40897
38660
31224
16920
13849
22434
23721
46772
48049
1632
44794
8980
49779
33414
48617
46765
6195
46162
30971
42583
49950
36982
35325
29516
43896
49446
28187
36127
28478
11096
2032
5182
7695
22097
27422
6062
31325
2887
1307
7373
23289
32670
35054
23638
21864
31277
29012
46291
20749
27760
43479
2362
44730
22646
18913
3217
43239
32256
30256
44217
44139
12047
3074
8593
13651
28459
8341
18361
19617
47074
49553
5226
29733
44791
22238
7679
8512
1566
24511
814
19599
33565
32610
24684
34117
34346
34036
3365
10995
39900
6500
48978
19285
20954
287
41757
15048
35613
25136
21930
2740
10304
10821
2276
19585
13967
16468
17592
20688
28000
4582
4297
49029
49404
31732
45414
25234
41148
29143
9287
3731
39115
998
16996
46901
21461
11232
45731
3404
41683
4320
41787
20296
42527
18054
16206
9027
45471
18198
17801
17497
46714
29686
11084
48429
37869
16110
12103
17315
45369
37414
10992
23938
4740
9241
40866
6066
30696
12666
41548
4583
35316
8632
15745
11398
39278
31212
9067
2422
4282
7731
33322
11171
1239
37468
24378
32869
34373
484
16486
34367
23051
38993
21238
36708
32188
4492
122
32327
22609
48111
11178
26212
7037
29717
21393
30159
43693
4210
14637
18688
14922
49731
35742
34019
14455
35053
45164
4930
46285
23699
32622
20201
42304
48023
23683
49097
23325
9214
41931
46389
28623
2271
26517
37313
44400
7471
14617
48922
43092
21048
17783
23171
1429
29063
4233
14198
26737
13142
46298
12584
22159
38334
28138
17367
10446
17236
39706
25584
33454
28234
18206
18757
12565
4309
33756
17844
44534
12875
7350
24824
38237
10937
6990
21865
11482
13009
1856
22078
46668
40668
39137
44173
35151
21967
19991
20298
4918
24657
13606
17404
36334
24654
29365
49063
8681
1545
19791
12286
41887
42829
16050
15617
25465
25950
14263
16310
27159
5892
31516
23684
8020
19390
38555
4350
44828
49842
34617
38830
45950
11383
15816
14404
34564
3569
36205
37611
22380
30120
35859
9382
7649
27112
15351
30062
35175
18986
7011
34736
29922
49389
47451
46958
31257
39712
17866
43303
38137
37466
20981
15784
9506
47508
41982
42394
11210
14635
4840
4731
39104
23365
6344
34764
10358
9527
14365
5601
21900
30890
17632
4770
32983
31560
19803
26263
17189
26789
20994
36452
29096
47714
38979
2434
4631
11993
6369
14861
38362
47081
13004
29815
4804
17589
28714
44950
4312
32493
20833
2620
43407
27928
41854
8141
9236
46549
9858
28353
47877
7403
42042
31279
42283
10973
20419
44902
45628
41739
22231
16450
36982
23487
25234
49315
18856
39670
39092
45521
7283
22585
35141
28554
29496
17138
9515
40569
21432
18353
27117
37789
45352
21455
46389
48701
44275
7251
46654
4357
11900
6836
45076
12388
4218
28980
25458
2351
13547
42441
5394
32167
37437
6888
43926
11119
41120
20077
22814
353
11966
19738
4418
41499
3165
15104
44147
46610
28163
12593
33791
26824
44251
38732
20322
4391
8110
31886
46383
3169
41603
43879
33599
41798
20363
37554
24099
34890
11570
36912
2000
45288
37563
36900
32859
42222
29853
161
13650
20947
9273
37878
17173
8834
19506
26605
24499
47601
3103
43348
32395
19536
11511
33348
1267
34580
35495
27319
16080
38705
32605
34430
41898
7426
39384
3599
21101
31700
11748
7840
12437
24321
44617
9720
5408
45831
46684
4864
12672
7829
41260
31123
48538
47503
27677
921
46260
247
9507
22234
31356
31385
23349
11632
32515
45171
30220
7866
34305
17119
48703
27936
7973
23667
28593
7287
20348
7145
46652
32689
27039
48498
20124
45514
15812
26957
48433
9444
14991
13512
7488
36320
5642
43972
36948
31886
2898
2620
24461
23652
8428
5903
834
4891
38289
524
46193
13225
3703
19548
32628
14031
35476
46641
38870
21018
41636
1457
29505
44590
9223
2891
36718
21853
32382
25949
29449
10950
15599
29142
13780
26173
6706
32380
23896
21669
40615
19583
29077
25694
38059
42691
4668
1167
41805
12976
37017
49598
9227
31575
37855
16802
9006
31252
41182
19105
5467
32605
37082
10986
11980
27942
32370
19505
20532
1761
25452
40410
11686
32159
20176
35402
16108
36559
8869
31209
36241
35333
18049
37628
779
43357
20555
44709
26749
42162
11885
4659
681
33275
23594
49578
10185
43434
27673
16024
32943
82
1942
48252
16086
35165
41251
46320
39698
11079
49291
2303
25433
14071
41377
25336
35673
49447
18877
35120
6006
45611
22100
32119
7979
12193
33463
37608
40418
19405
18148
13899
37659
597
20304
20281
3980
33780
7670
13270
29740
19667
44957
15584
43325
26357
21056
25197
29571
21572
25695
25850
40116
5062
5985
12477
17992
47884
7691
19496
40309
47720
408
15523
49059
47349
11633
46804
37055
10067
43863
43878
9211
26356
19947
4911
885
37579
6342
29722
692
13269
30373
38882
18619
8778
40336
7044
31119
48588
27226
44232
8154
35386
22937
30291
48941
27749
24672
26485
25958
37747
43788
15186
49106
27544
26666
36786
1362
286
16467
47873
15327
24817
10547
6370
48601
28751
2942
4722
24498
13930
38403
23508
47323
378
4281
15366
21205
16130
36827
40850
49515
17128
42314
46657
18033
18140
42722
20907
19533
37298
24280
43844
2873
31515
39346
8052
1632
42010
24764
31310
38602
17448
34822
45997
30221
48900
15738
31780
17459
40273
22107
43386
47493
17547
45318
3087
36996
7538
40874
12539
48005
20237
48902
14876
14740
38340
25299
46638
30612
10246
13385
41490
39103
19588
33645
38931
19096
25267
5175
47904
19465
29793
19623
1464
2785
38257
12752
8732
14288
24314
39140
7754
3855
17852
28627
28004
35602
7936
31025
41949
27578
25772
15768
45554
24287
8582
34774
40772
45685
22557
46035
22908
39978
26451
1624
1837
39887
30869
19395
1089
21078
39698
29280
38339
5045
1951
28692
23563
6672
45700
7564
20591
44020
24034
39575
27217
31134
17482
34861
9838
521
7832
47888
35708
20839
15707
25610
22747
10901
16843
6297
10690
13844
49304
29916
29175
40641
13537
15926
39950
38698
35111
48592
35591
18060
9511
359
27593
36042
5845
17913
10135
29952
10281
56
49184
16585
10706
10009
21761
30255
23883
32164
49252
29327
29807
25825
22720
3822
28974
27102
39880
22264
7035
37726
13101
42036
14220
30624
44814
2365
2733
45258
10658
3938
4979
16493
24634
49504
9481
6383
49845
700
29738
48699
32236
10566
10344
41595
44428
46620
29544
49414
26714
17515
9952
17651
4254
32656
3632
34023
47584
35889
20960
35586
13269
1812
47141
15965
30212
6438
45164
6417
49145
49830
15585
28882
15038
43207
7127
223
7622
26689
38366
33023
20663
17914
30359
3975
21490
47392
7309
36323
3434
48797
35737
44996
20789
1672
9001
18700
22067
21249
7962
33199
4234
12256
27990
15250
16585
34716
13419
27224
9288
31399
14211
12446
13452
37228
35556
32845
3591
5496
30333
32708
18346
8927
20890
20621
5989
46766
37607
5245
30837
48828
30275
32341
43486
728
15130
11132
46116
676
34291
47095
44256
11650
18443
26604
14239
18562
29698
37243
5849
36460
46931
44313
2914
34496
41195
20608
9951
12907
12257
39832
1033
4967
13744
46491
47853
43386
4883
38039
45836
1642
7657
19676
32383
38133
31791
47557
45302
6025
39265
24294
22250
10781
38024
41298
9546
2286
36885
32910
32424
14540
6155
35454
10968
17705
16385
3344
38248
29521
15885
9477
39674
10702
31613
26248
34141
26718
44204
42739
15167
30020
29108
25278
47012
7796
44074
33471
16811
10864
22747
40592
2094
43121
3943
35949
9555
44585
43422
5881
13210
17689
36767
47163
20168
41730
19217
16552
6453
23231
32867
42346
9839
14648
43630
34188
13267
4927
32491
36193
12492
25207
44602
37163
12862
12190
35021
32608
4813
2997
32642
19577
13052
45029
23327
33784
23409
39305
25909
33613
40963
35262
35938
14519
20584
12630
49446
41556
6444
12263
33156
17668
26013
27280
3939
48256
42932
9427
48533
27218
25855
36437
11547
44334
48403
49562
31272
47563
42968
25124
16908
3032
12450
41754
38638
33228
16959
28751
1764
17870
30966
36135
7052
38262
11958
2048
37922
33262
33435
30267
10396
16276
48913
24889
45114
19890
35203
33401
39820
25508
9014
33441
13458
38406
28934
44833
38568
20887
49047
21811
2551
29339
23260
27125
4871
10607
18051
23804
29470
4782
2843
25650
35736
32120
21079
47404
28174
21571
21801
36404
8450
15139
10603
40624
12225
24374
28999
31043
40119
34076
18192
14592
2128
46069
40637
41100
16692
18846
11625
12045
8816
11932
40159
43843
31892
16627
31657
37300
13678
14655
13087
2132
3143
16689
23419
43085
45761
5763
7762
548
11095
49199
37730
42270
16671
2934
41295
10180
4001
10205
26709
5745
15434
19876
8200
35641
31348
7509
44690
6
28217
24244
33528
2385
29172
23062
40823
35322
46039
48452
24795
42293
1990
8687
14522
30111
38583
8577
3523
36308
27188
42479
26335
28035
18416
12786
18793
39872
26370
9406
3649
49895
15308
35996
21387
28459
32478
40829
48694
11667
26073
33446
28645
12861
36866
47658
19504
29307
8734
42765
26193
1471
25246
40133
41536
123
29242
4483
49450
2636
32383
42679
28433
36236
42273
7684
33982
642
26010
32274
3311
36595
16909
35232
40598
134
18116
12039
37147
31777
38548
34821
24886
7233
43714
23378
1152
24216
15885
16982
4297
7701
35431
24969
28565
17974
28976
34848
34352
17357
30875
17266
4509
52
26659
40838
44912
29440
20821
36910
48651
41585
36545
20075
1632
10326
25724
7820
38492
3244
30751
14187
30109
36306
27036
14543
31944
38220
13919
14724
29691
31032
23175
47346
46042
44616
46487
4514
18340
19498
43634
111
29475
6244
33888
6234
7091
35749
27213
45672
47638
33038
21532
29907
41108
8256
35639
35364
32534
22400
11781
25473
28567
13638
20961
44727
39558
26578
16430
4583
34051
31365
46580
14883
18252
16746
21520
32576
24242
28563
25818
16080
878
49043
28414
34573
8385
12682
47196
8220
41396
11764
18884
30841
4716
28566
12887
2503
10584
3785
40489
10861
25115
14828
20949
40124
34352
28365
5325
36154
38294
36637
30285
8639
16
4708
10088
28292
3794
34371
41887
27861
10794
3505
4447
41960
20191
30098
4803
29413
42049
7930
14106
33531
9185
42597
21185
43554
24519
27709
39774
13348
42846
42050
11755
32678
20215
29754
19305
10235
40988
46827
6502
8114
11778
18190
4483
30446
175
42418
40318
3629
15819
46417
28123
36995
9249
18153
19372
24067
28798
13648
35778
32751
28813
25898
7762
36629
38934
28953
44483
40761
41199
21470
3760
1583
27787
47714
24119
7775
23570
41337
41610
8263
3982
21949
28882
22547
8960
4131
14314
12498
29968
21358
19373
22707
25979
37335
48876
45391
22928
34773
23523
15321
24806
40763
16180
33062
5246
37590
41455
44500
20606
39516
35606
46409
4214
24208
42081
26152
7514
15169
36549
12881
35291
13962
20756
13548
34093
19680
12690
9003
8269
49392
41260
48401
201
15991
19111
38155
9795
8261
7552
42096
47713
19828
11824
8749
13770
20200
47307
42885
20671
44305
38489
9685
16010
33573
31508
23397
44900
36724
29880
46104
28634
38574
11055
33792
23132
28376
11216
32203
7541
42658
29128
33777
35474
24633
39255
38709
775
14142
45986
10300
32789
10326
49240
27248
26021
31488
44351
3332
33256
919
26395
46055
30395
44737
21740
4515
28330
15648
45143
39124
12144
2813
42990
45946
48013
35132
19759
32987
1785
43201
26142
47360
36349
10985
29318
36390
45779
42498
49823
252
14194
48525
45982
46688
21424
30359
13547
8540
2644
17247
22292
11564
17969
319
2139
2134
21692
2258
19739
12802
19782
41461
15092
27058
21166
1366
35827
30308
49218
31840
3106
1774
47466
30063
583
7647
23572
15218
18338
24465
2310
17419
4002
9795
47515
5949
4277
43168
36167
25122
48987
7285
10855
43681
5747
23312
15635
35901
10348
20060
46155
30484
3252
30214
31189
11756
39745
31306
32590
37261
25152
15436
18011
45134
45858
46196
45278
13669
27104
23770
36329
34741
29478
27642
1507
26082
18719
44571
10444
7757
26194
16923
12646
9303
24200
35395
11193
11669
19444
14851
42817
26589
18080
43840
45674
45556
24066
28292
22890
39339
43172
35531
39214
21825
33043
29366
2025
35128
40810
32795
223
30250
16718
49251
1979
22252
28885
47067
40385
19129
40072
33864
4359
22238
6446
25967
16850
37952
43888
36038
16856
10013
8348
43772
12026
1531
21527
5796
35415
30395
7801
23714
40496
32638
8117
32038
587
29741
4245
35926
14824
24490
41251
21017
40062
17574
42852
199
8644
21380
5049
18500
37883
29419
5273
13112
5761
25035
12130
19511
545
43440
41247
1165
25841
9857
15478
29234
37769
39551
31523
49277
33111
27801
21123
27174
13871
48001
8889
10748
20594
46159
36283
27392
3680
28101
42056
9244
44541
3651
29050
19596
11242
16818
24533
31428
25553
20003
27365
6283
20128
30775
5628
32826
1191
16718
2540
7310
48238
38606
32546
5177
39465
9743
2102
48835
48922
5532
47030
13054
13183
29838
47404
4740
16216
39331
38446
18273
14094
47860
1813
1037
49886
41908
28303
30628
34350
26339
46351
35381
30676
11716
31801
28673
49368
21687
18814
31018
15218
21665
29560
36345
47318
30803
10103
43529
7774
28849
10800
41850
33197
9098
10246
45606
21746
42589
26333
36693
17149
24925
35987
12943
6921
839
21014
10720
16548
24077
5731
29830
22465
45643
7659
15768
2824
1155
20647
2171
48018
23058
14940
29234
33639
27006
21524
32299
36999
8059
14122
47689
5226
12877
26025
40063
3281
48610
29160
2967
33720
17740
17584
25327
21136
6049
48166
34488
11210
20400
41246
17797
25620
1560
14869
46522
27848
5169
27116
10388
42642
42630
30051
49038
7378
1961
11750
32807
41398
34023
3960
47778
10164
42241
38790
30655
47859
12167
45933
33619
40957
19225
47142
48012
27819
43322
15420
31449
26509
13419
23603
41947
21573
1693
32127
33239
29134
18770
19646
32062
38621
45376
12640
36386
8231
45903
35674
48601
39478
7876
13672
10037
22155
45557
13732
49515
28447
2314
37169
16001
37450
5504
10252
6447
40739
8384
17278
14009
8874
28488
3279
20490
14512
43084
46261
3681
46107
28657
19308
1236
11283
1367
3530
28262
6521
2054
28301
43355
5846
47372
36807
17562
21878
16972
27985
4879
46336
43869
36957
47992
23975
313
25687
47717
38002
32166
38421
12425
38653
35490
5361
39648
32254
22110
49845
39660
21599
34194
36917
42987
39803
1806
25943
35387
6828
12209
33039
23596
34910
27034
12987
24359
37199
6117
11614
13001
7039
22238
337
24099
17381
9822
11676
28474
41603
26828
38628
48334
29141
24793
20648
28214
44272
5328
21933
6515
18781
3007
16403
9364
26318
29007
17396
15510
47939
38093
46382
41083
41714
28674
37346
24764
15869
49597
19306
36440
15824
15615
41440
35416
21510
23777
48973
20559
30512
29243
4601
17295
48532
42725
47185
24968
39498
40495
27227
29381
36586
27011
2373
20871
27637
20381
40374
33411
5551
3082
26078
15791
3861
3617
49491
33190
20094
35790
26201
17113
28768
24488
32332
26100
28955
4006
2543
29606
8503
31013
36402
25271
34715
48066
37367
19629
7323
44167
29325
25525
8502
33663
48680
30599
863
46095
48628
21756
46252
636
9765
991
18797
2814
8154
25602
35766
15193
14307
5735
22647
12610
40664
44662
5250
41761
46137
7064
765
3528
32000
27493
26715
2057
43287
31832
16306
37200
9838
9435
5574
21857
49388
763
6758
44077
18705
29660
11549
25739
1219
27176
5362
16458
41750
1037
33248
33695
7738
38489
38001
29370
46515
25747
34048
42932
20399
10331
31626
20111
26746
14552
26920
25717
7923
37091
41589
30936
43973
3671
15756
24253
16367
42703
16420
3548
44052
13271
20609
1603
35117
2750
44664
7019
9305
47639
20288
40781
20494
6433
17931
46997
11600
27135
952
30419
10238
10376
4995
5234
5510
39575
7067
33738
49528
8361
3628
26855
17726
34186
2407
34728
33560
2303
6093
45115
43887
28853
14583
33391
46425
288
4373
41616
12510
14570
47648
40418
42139
32283
32991
2264
29254
8840
22140
40693
41087
49383
40905
14856
3945
34545
20514
8492
3864
1829
47429
42471
41685
40650
35923
24658
2045
3661
48453
42407
20673
13656
47362
6739
34136
1350
38355
47834
49460
31551
12394
20714
18556
15102
16285
3535
38047
9041
4379
23965
47831
33634
27117
20160
20367
432
27357
25964
656
34604
7909
38383
45810
2285
2788
45818
3759
32203
36130
14919
34341
29183
36287
23614
11132
6463
40441
37506
17283
33772
40086
37919
39740
30721
15467
21446
9808
33957
24288
3068
5705
27187
2464
39603
1718
34334
19163
14632
40804
36105
15281
45594
40102
1990
4001
4136
12592
27894
46553
18685
95
18152
41603
28330
5292
41234
14438
25142
26405
40671
40430
2277
8227
15459
45826
14345
20673
40759
46945
41729
32836
35153
31990
19254
41437
42759
33232
18835
31441
46600
36393
32032
39885
3338
26120
44053
49489
44062
134
46786
25067
44034
26929
10172
21512
19427
17675
47683
36207
24439
29744
12099
22918
28975
25630
36466
19635
38587
9074
48411
45578
8305
38062
2163
19550
27125
47842
46246
8006
34003
2091
28733
6492
30267
3803
1920
49959
43940
30688
9011
40095
30870
25000
3511
220
39440
43138
22446
48961
9943
8223
16981
5652
33092
4159
39064
37815
4704
6031
18561
21172
23014
40187
3547
42887
32684
2976
40410
46610
31463
32565
49147
1519
29572
27289
14823
6566
33581
42560
19331
19988
34304
4849
14827
35751
28852
4956
7121
42418
43774
38932
24469
18272
11824
1431
29192
42898
37256
28823
16043
2632
34692
21032
32864
27439
9939
28396
39533
34600
36840
38598
21298
16115
19324
21366
11795
1394
47091
27545
7909
6589
6079
31809
11302
32084
39853
42610
38785
1940
17634
35015
10709
26765
7220
47819
25425
30405
29359
47878
41479
6087
34888
29964
7310
26977
781
20662
37038
41619
42014
34701
29859
33561
19135
14630
14960
6466
32653
30123
45099
2687
46043
15274
23453
16755
11292
35264
48435
43372
2196
12152
2665
23122
6497
22176
15971
49486
22241
32585
3110
12799
45444
26590
19133
31274
12985
40783
34513
35353
42176
33956
39697
43076
29401
17921
14655
9159
48183
32969
37881
36965
36238
48715
40585
5623
19499
30106
17311
36684
27276
11314
25482
11772
28322
18039
39401
4515
35583
9055
2685
47639
37081
46495
29222
13772
38631
18321
36920
41370
15512
34196
2166
48409
32504
34944
73
24551
39571
43006
35823
19749
22666
44902
7431
2636
49653
46832
22454
6169
489
13760
28526
22857
36572
18124
29387
3301
18691
1543
30543
2238
12641
38692
14336
40368
24182
42043
22174
30039
13592
45371
31533
46966
35704
4337
43260
23486
20058
5231
1526
16488
31179
29969
3044
14539
21179
37785
16457
14492
24971
14060
15025
11804
6259
9006
15606
25396
30916
6859
22783
27114
18904
14059
3324
5662
24151
2873
20017
3612
30671
41496
25275
8071
32723
45163
33263
28209
8200
47688
21588
46719
733
892
5672
2877
1729
2582
23336
27739
40011
17249
46918
1203
23661
12809
19986
17333
26960
16311
49068
1966
18001
18240
48873
6709
33937
22576
30967
38697
29302
35988
29311
2633
10701
14167
196
22969
968
17189
10724
47529
9385
5150
45833
26627
12444
28366
32345
47861
22383
19041
42408
29292
44227
4959
570
41746
37900
48758
1918
29905
25807
4831
1540
35410
44413
21195
18994
2045
37886
46103
11469
7841
38626
29459
27673
34510
11043
1884
11060
47908
10804
48829
5342
33744
9497
42477
28746
14734
30022
21853
36723
24075
12982
14284
29016
7212
32773
2611
18527
16996
38399
23878
11091
6619
31135
13482
12941
6404
13193
36492
44124
38933
36826
28680
28157
12430
7023
15396
7313
27958
20484
43969
3407
30451
28464
15823
35170
45953
16866
20451
16949
8478
7683
28188
42844
40754
3648
24248
1161
12224
10215
29141
10460
32109
24612
25854
6512
33888
12141
36964
10184
2297
49776
30420
20706
47272
38162
25232
2552
4082
11880
19234
5849
17262
16576
37571
36484
35144
46913
27827
14851
47913
33274
18819
12802
22733
1332
9844
303
40051
28261
14220
17081
11081
38992
16612
4382
49261
42766
48948
15442
42413
45014
7570
26297
26740
48164
16766
43784
32916
8428
11276
6506
36106
31678
38612
29633
28039
24045
16142
34122
26817
43025
18417
12491
44831
37222
45268
4476
38961
25756
46686
42329
7879
46932
36209
13906
45164
14727
18983
19620
1159
37656
24347
15258
19798
43027
18452
48389
25587
2577
23050
20191
18946
11383
32839
12703
34168
10564
9462
25901
17286
47790
39202
48526
12376
49547
30699
36386
17829
26559
5870
48032
28998
25970
14502
30590
15404
16361
29206
14764
4088
22006
1334
34883
48218
21902
2264
13482
33992
26859
31030
40477
12861
42214
36824
27199
35780
11380
28898
38552
5013
39106
30824
21473
19409
35161
9857
36302
35066
11923
23371
5318
36413
8536
39914
28182
46251
41604
2015
21376
39426
32000
41843
23655
13154
31378
20173
47917
1092
34498
24539
1559
17821
14910
26357
7319
46423
31490
9425
25990
24209
40065
22563
39065
31576
34168
6200
37399
2632
8716
30071
18110
39051
32926
8860
29756
36287
36610
9581
29092
27093
6655
15422
25146
36271
954
45301
39612
33430
43587
24948
381
20438
24641
10302
16602
22062
38051
38026
45907
24986
10001
41102
47141
38379
39181
41741
6770
6729
13361
46750
26748
12343
30637
19265
439
26133
41448
39455
8062
41885
5023
10279
30479
13958
16479
24
21297
42917
10059
15984
6745
10539
29786
4455
18937
22391
39930
22731
46455
8253
18849
42164
26757
5396
15008
2014
28041
44785
20337
20807
14289
31628
28963
11300
31808
35723
34443
29279
398
7190
40296
48516
43010
38746
46817
27767
4825
46800
46627
5295
49162
18191
5891
40418
26019
19027
4014
8702
1783
22857
28203
12447
28974
13068
36441
42841
31639
39539
47409
47003
37442
17857
40387
3259
36790
8008
10363
39911
34439
16083
41342
13599
43186
40792
37723
40052
36501
15544
6292
48111
40226
21508
48809
7452
37796
26852
811
47990
17269
26562
29310
24631
3787
12431
12481
39158
38332
1465
32403
26761
38624
21695
725
48690
38140
41347
35512
25726
29099
20932
36801
37001
32057
61
5742
13399
14989
47512
4243
22482
14968
45036
7456
23133
18018
29950
27593
27942
2659
49157
15909
23876
26749
18714
27508
32279
21834
3848
46665
2014
1241
15583
1852
13504
35810
8108
37114
27971
40606
39472
48042
40513
3036
43030
47573
33330
22170
20518
47984
27776
753
32352
6594
45758
24887
28746
28788
48375
15269
9849
439
41410
31170
13887
24233
43014
12341
1516
28510
11186
1180
23401
41256
31770
22784
23157
18832
11619
37035
12447
18936
41845
17246
5157
44583
35624
800
43616
37069
19963
11269
5918
9286
14943
41913
29458
3259
24458
5829
21072
29009
22232
45681
24484
33066
10494
16714
2597
44513
49674
9165
5954
3703
33252
29517
11658
4015
1985
18989
26691
26313
46365
4104
9222
26973
15444
47542
48446
45492
7372
23198
1421
16840
43078
30148
8458
12920
17254
24909
9481
34364
15493
37597
17466
29364
22176
13686
43227
42682
10525
310
16825
38975
46956
12390
19989
15452
47796
22446
37227
32256
8156
33905
38304
36796
16258
17012
40113
37179
25830
5064
43327
29779
19603
16385
13681
12537
42036
45684
31546
10670
14123
48720
8576
11821
45280
48234
5958
18477
39853
7685
13916
19528
5856
3181
34635
23435
40427
1739
9587
14257
12348
9840
34542
33052
26728
48211
7046
8404
33028
3177
5262
34003
33207
23603
197
27273
21737
29206
8867
45088
19880
21952
49939
15710
395
28939
16258
4354
1245
39116
46317
26006
10216
20323
18694
13706
22707
16949
32833
30054
10272
38854
10506
20555
41681
18092
26781
35496
7183
30490
46925
12017
1140
11167
22507
20713
25179
2386
15451
11997
39825
10775
29107
10884
39045
43004
39324
35511
25519
45196
17780
8918
37774
9526
24680
17656
31738
11066
36364
22581
27659
19424
36777
49335
23690
19176
3292
35682
46729
19778
34068
25920
37183
17181
7614
3876
10375
26775
23280
32044
31448
34169
48328
49261
47647
43637
36967
22179
6517
15223
40718
3089
47589
1495
18249
49779
11652
34375
9834
45668
31953
39657
2713
11024
29690
29332
36424
25714
23100
6985
12419
31876
2411
29759
30843
34316
691
23477
38032
16567
28443
23285
7837
24310
2571
1046
30473
11032
49296
12063
48437
43105
14195
39880
39543
30146
40333
20705
4122
41091
42941
17420
29679
6627
46420
38381
49406
48017
20428
15842
12066
2586
20734
26731
43563
13242
10718
47047
24933
14048
25256
44025
46555
15376
32446
22505
40538
30840
35147
45769
14046
11818
11460
23568
42949
25051
48747
43672
33572
44753
11087
4498
38539
407
39600
15644
2490
43986
36860
16716
21775
19194
4150
47630
9971
26382
45673
17319
27821
45289
7438
2164
45883
16893
26769
15368
37702
17633
15668
25886
26728
35919
17817
4062
17020
28985
39963
21734
49878
15284
40262
22917
35662
27650
7821
16746
7241
16873
10334
49923
14997
42304
35616
44740
41320
23606
37461
42334
6186
28969
1464
21552
38657
26286
8113
18844
30401
2687
8362
4067
46548
3096
43296
17646
40014
520
19240
27496
3159
8570
31862
43283
14115
36173
39415
21092
38876
33032
41801
30100
10257
35015
11535
19341
40416
29189
31834
26283
29214
10315
45511
32289
42817
4380
3546
25895
2105
25338
44048
12113
27702
41180
27966
1851
7046
33993
47306
38908
6845
21302
43440
46141
5012
15611
9660
2868
45304
11599
47555
14066
1172
12841
6833
24593
19777
31275
41067
32877
37270
32418
14443
163
40253
26020
48442
4062
2577
10565
21854
37612
12590
6191
30866
827
30740
35889
46233
34711
46057
33925
20283
34265
5034
37169
20899
40615
28757
6325
26066
7816
4192
43205
41643
17022
39903
37841
43405
29761
45958
12835
36696
49855
15007
25758
8498
21881
40784
12426
36148
23310
6137
10517
25664
27399
46327
45894
35507
5103
24162
30140
32464
42854
33915
1857
19561
14298
1806
26952
43804
44357
29052
12098
27983
21680
11570
9963
32919
48705
41696
18886
12245
7792
32566
43516
18409
10059
34065
12943
49529
17230
39833
25972
4815
25436
4588
39109
36089
25655
19568
18477
42133
48245
42044
19212
19397
368
12911
26605
15517
1686
35118
9314
42911
32206
1091
43022
27496
10632
32101
22730
37110
12359
1174
25391
22670
10247
40485
568
10386
25723
2886
13505
22579
41495
3644
4848
21675
36134
22901
10170
43982
11180
4222
36717
46478
15455
2069
11258
2813
3441
5114
34773
34367
3218
28211
28497
43201
28710
47102
22868
24942
49534
44709
48248
23929
27357
26349
44405
40364
25268
23586
2594
9746
42713
33205
5313
16433
20578
29231
16797
28911
17729
8103
11880
46407
27196
14464
16991
41504
16660
23118
14086
6572
12094
103
45259
8061
21434
2643
7442
1616
7536
42807
26510
17999
9766
41430
26321
40047
5592
25135
34061
44692
35940
29831
17179
14837
26984
24793
19327
35226
32430
2682
30707
2076
17194
24281
20986
5683
28475
17706
39437
38404
27081
22871
44068
33668
44863
21050
38098
30349
828
31759
17139
21375
30409
6356
12600
43565
15495
9658
16455
34091
21318
2848
49219
11250
48308
11104
48849
36242
38339
38847
45649
3861
19264
482
18520
37020
37932
2760
28279
30881
11727
29309
15032
26051
31339
22460
6841
38410
26379
25828
31091
37251
4777
19062
49549
1402
43507
46957
29901
49324
22809
35341
21736
18839
2921
32597
25382
43237
49389
33391
16014
19877
34479
32493
16013
5197
23513
47740
44620
33824
33823
21545
16653
38572
49390
38742
26149
45068
11457
20017
15000
9658
16957
5471
17412
11809
24269
10991
21119
16935
14723
13637
12162
13506
30312
10566
48891
42363
17769
49555
19065
25636
33423
5554
8605
22894
16245
8096
14756
6131
45478
29349
33011
14092
28738
24888
38845
21958
41714
33535
10774
36540
1760
38048
13275
7198
36468
26701
16179
11797
19060
33818
19409
46740
34516
21582
5065
43573
29939
28756
1290
41734
30480
14376
23871
25172
17289
28990
35523
11972
854
32808
35005
28863
16665
6268
4133
33902
25909
43835
10155
40372
11903
8401
12161
30028
39079
31749
1313
17587
27209
6052
24251
48236
19794
1792
24301
34824
1855
24590
36694
13355
1741
31853
19707
17887
33040
29288
34098
4849
24551
4129
28294
44760
49
17664
43396
23299
33657
47203
27202
10752
27382
3559
6716
43189
11676
41978
39097
30830
4219
45382
16120
36962
32342
31976
45996
10311
15991
10566
10962
16517
39894
37487
37129
6330
37735
15797
43585
17557
15734
5666
36415
41596
19378
42860
1878
4972
20561
41934
15213
48909
47008
41764
44089
14769
17988
3612
9340
20288
4926
44488
23521
21851
33992
9087
35850
26129
24070
21411
27308
28538
35009
41733
3470
4775
18492
3411
1448
24624
23191
16775
3009
47334
39803
45025
42776
1955
2493
24804
11681
31565
6845
35085
30943
38689
18021
9861
11750
13132
23850
39043
2776
41863
17051
24899
2120
31666
14090
5009
33585
44542
22272
7149
38424
15176
29672
20218
28187
8104
3047
37819
20846
22674
21179
14448
23395
14202
12131
15778
963
45657
20212
31352
48519
36747
39538
18959
38746
34529
26007
2333
6227
7655
23390
19298
2252
12022
27406
34477
49868
10292
46285
32009
28268
19001
13852
47415
2267
39565
16241
1887
40041
40029
3887
24723
39889
11043
39219
25592
20839
29786
29020
26
4165
14894
14811
21570
34884
3288
19827
27930
47341
26760
14255
23197
45875
10325
28638
8581
34485
37776
21705
34636
46261
7048
5920
20380
46354
36841
9337
31123
20149
35961
33734
15474
33736
46163
9642
2348
37647
40351
38479
19593
3215
47152
24291
49762
6179
11038
18473
15678
26449
30550
22548
14481
14560
1898
44085
40189
13309
19643
92
20983
19724
43723
44356
29357
36985
26277
44561
4352
10156
48437
12357
42543
19301
42867
35508
37145
2821
2868
46663
9807
14771
13946
46128
17129
30333
20783
5018
43173
22433
32480
13925
47875
43668
30457
40367
24542
367
37154
22157
3070
48577
42546
7417
1497
2180
24279
20220
4377
29828
36915
15121
2697
35401
35664
7857
10079
12305
6864
42547
45466
6580
1171
9074
1071
48350
48658
27931
23367
15607
1042
1147
5143
48962
737
11503
9145
30059
15684
49399
21031
39885
3107
11541
31909
43409
46463
2803
28183
1617
30966
24917
27791
11038
49936
23811
18461
33234
34607
6131
35318
892
38138
19652
27199
18282
45281
48773
18412
29908
18210
47917
37493
7826
16831
23621
42825
9679
23097
36498
35348
37453
47187
32227
12522
27893
31136
42135
21211
10967
49481
46790
20450
39828
23369
22522
13289
4900
23781
5013
24799
27520
14146
23342
11351
30513
49392
27251
39966
8565
1854
40272
18043
36436
8333
26116
40073
24277
22447
6874
26975
20953
26697
24924
47084
20056
35842
6965
7240
9031
45952
11314
5141
47354
33333
38626
40280
47274
19870
22795
34976
42353
39896
7847
1595
28110
28384
3663
38563
32715
33582
26761
15386
28821
37197
42535
38171
1620
47872
34296
11962
16266
47691
34652
17457
31272
13446
3712
24112
11924
34465
27972
36924
30061
36528
2171
11443
23820
5048
11944
29902
23206
37332
22399
28998
37306
35133
8002
49851
30275
36805
7012
8923
43952
44705
26039
3359
12307
18792
13619
22278
27335
13622
8939
7233
30145
14769
34113
31153
4818
41793
49115
27210
31098
39631
20522
14974
4320
34087
34504
20886
9836
7670
14594
17465
32339
37827
35898
29953
25091
15380
49048
6846
21249
28141
48462
2954
44702
39200
6920
3416
11173
15479
37754
15312
41833
4811
13587
39778
17623
36998
7970
7606
24058
36646
30569
45816
10608
45706
39878
3255
7601
25394
23723
16349
10521
28861
31886
17196
10671
27003
11856
34236
43296
48662
25925
38045
9752
18080
21229
23283
18579
631
33404
29925
22164
19464
6591
32556
39963
40401
1321
44449
1519
31257
48378
40936
26498
26672
39548
33522
4864
43653
32662
38991
26150
7732
27548
21990
15003
10897
6920
12533
39648
49408
1470
33758
36983
9941
3581
30748
12300
12206
44754
31923
9695
39012
26841
5530
11778
20532
19091
849
5850
3615
45170
37255
41036
16508
33440
30486
46513
28371
32454
13780
22177
3914
42655
4776
42985
27249
2186
9540
47726
3178
36964
22865
22630
37059
3612
35223
33398
40808
33723
35501
26944
11257
49067
44239
33908
42919
31317
38053
20614
48385
5732
5974
2878
5036
36544
12361
16069
46219
36031
34310
18457
23197
28071
14746
34500
28337
25358
40410
41009
41474
23208
13979
47760
33270
44785
5004
2776
47269
41456
7078
27105
36087
16293
6810
16546
2607
8624
30792
9840
43805
9419
27008
40163
39867
32914
16737
10582
1569
40345
45850
2619
30585
25040
5167
4446
48926
15670
31442
18385
46217
30450
2285
7852
26801
12159
3106
3314
23152
7176
18558
30653
22708
41187
7077
31573
22084
46109
48837
35449
37527
32296
11061
39903
13721
18706
29788
20783
7334
38648
44537
12416
33556
40399
39888
43551
42989
43389
6568
24184
24937
37537
39888
1879
7271
43440
6124
37067
517
36048
2689
45279
7700
4620
23145
19450
17060
13363
18960
7793
29067
32310
5823
20148
24876
2268
2537
19569
12253
32783
24346
23034
7167
34781
31910
11389
43821
32810
18418
16425
35381
46163
31874
30641
5095
20468
39146
26501
2125
5204
40559
12190
28342
4463
48432
22297
35394
44145
45663
17060
9619
12964
48237
32099
17887
40502
19667
9765
17500
15463
31998
27415
22515
7502
35661
8817
31623
49215
5962
17111
23199
9348
40250
34334
38393
12136
26079
8299
2835
18072
12786
27289
4630
44728
45904
40750
22328
14753
14669
33304
28027
15692
45423
16386
30192
16852
11631
2428
32540
33198
9427
33926
46825
14888
33393
42394
46475
42288
707
7169
14958
16987
2749
16820
44026
18436
11295
7206
3543
41344
21944
42437
25483
12267
41403
4709
12044
44682
5060
27059
39337
18632
46711
35440
16818
25150
17793
35299
35127
13085
28923
24415
12602
852
39588
35576
41847
25906
46596
43140
31077
24010
42020
18259
24091
17783
15477
27032
45197
38609
14008
33905
37681
4945
20220
8423
23004
9768
32896
1297
47017
20918
10660
4773
29319
1164
47280
11610
13270
4266
49135
6688
36151
22154
47982
27976
13667
19034
14881
31189
12053
28994
725
34396
17865
25932
32462
30455
31099
3600
16180
4023
2415
27234
1841
18390
45156
34928
33668
30314
24122
7568
4608
44001
300
30050
32285
27309
28936
16523
29750
10666
15819
47780
22964
28539
49513
29744
46674
4933
166
21060
18723
49536
21760
45391
20269
30004
36103
7344
45579
45775
6090
12962
22408
22598
27417
5222
3654
29455
5470
24657
49383
19103
12301
6018
42250
37152
14114
9863
32158
12412
2519
14494
37821
40145
14008
26315
12950
28555
47629
25920
17085
28336
40119
10438
8560
38138
4410
48555
1750
29978
35368
41391
12468
20497
26349
11249
34769
46941
35979
14091
27957
18964
40949
26947
33870
4211
5745
16064
43805
43710
45896
11694
23295
8787
48861
13887
44816
14096
37392
39498
10862
3059
34182
26263
16161
34958
32252
32616
27102
36673
14292
33600
5916
45611
19918
44182
27147
30237
24343
33319
45210
28812
38860
11534
35810
30807
42348
41466
44152
25940
8436
32571
10935
3375
17662
43518
49386
29768
21528
49098
2464
35083
344
11950
49706
28234
4774
38682
19067
1679
35676
24272
4722
14297
19588
47016
1313
27425
40386
2854
8715
20958
39238
46736
19443
5894
23607
36655
37233
40214
9163
26874
41032
28447
43853
8318
8486
8231
47698
27736
16545
17305
44831
33762
17122
46536
6683
1715
7711
44999
31777
32334
33631
41516
26982
16044
15003
39276
31105
19607
4355
29124
17932
33544
31490
37123
36423
11291
43058
14911
12335
17380
35668
43671
13760
8651
15505
1970
26353
24996
7316
30085
7983
23267
35389
40847
1898
25078
37648
45470
26800
9287
31265
34881
8853
26042
10405
22165
29943
28521
11911
29131
25098
5372
46146
9481
17809
47226
6213
33618
14514
42057
2203
29405
46809
26468
43038
9895
29733
34429
19525
30972
7608
9780
45024
21416
15890
43727
4343
37863
26471
37440
43743
1510
8648
6257
22879
10822
18663
41375
12893
17156
41308
9135
22957
22608
718
44147
2073
36438
28587
7161
15331
27791
18493
13156
29208
24935
25741
10709
35807
20292
37622
23238
27076
7521
37706
44461
11638
13238
26997
47713
20255
6749
48321
23831
20487
43410
19514
18794
35055
24453
17241
23670
37110
8838
12210
26302
41726
22422
47071
40155
44075
6831
1705
45981
40559
41020
48531
42771
18302
8043
36846
13668
42250
19308
42392
23288
41628
49626
17389
21563
47688
44672
16310
18768
14725
37321
21358
36883
41470
24387
43477
18653
9313
19845
45001
47428
14101
29685
21252
37160
17874
24421
27929
15206
49121
49198
9701
9851
17511
19644
24531
6234
169
43813
49313
41860
27985
33652
9860
30527
26102
40669
11753
29328
15234
18119
32018
41653
42632
2233
46535
67
27779
10561
27851
33281
13517
38497
8044
7055
45911
40806
49410
48325
32381
3145
8816
24329
8607
884
10833
24147
45540
24795
26312
24298
2164
11222
39626
5999
30675
32143
47877
13495
6569
34989
19594
1459
34099
1968
13875
45131
47182
15778
7216
8226
33962
27173
40392
43331
12064
47782
12916
29269
43308
39600
30677
9359
47956
35273
21986
29307
30220
47734
16118
813
37835
19972
9854
26683
26028
15832
32025
10381
23205
12843
33069
40338
16622
35752
35628
14586
42909
22005
47897
35803
48429
46083
1322
21052
38676
18844
48307
31120
23739
30758
14445
40598
24960
19991
10069
9358
34904
40990
43480
44400
18153
3392
14440
11367
29533
28474
43243
40038
41958
15429
11322
7097
30799
23116
541
2795
45785
21318
7708
8369
43973
31270
4834
13494
16096
8239
27198
26236
41180
29601
9489
23606
36103
47432
34362
15503
41801
32258
2981
13291
47692
14685
9809
8272
5004
33333
15608
25779
13584
17454
2127
2404
48807
32542
16869
6741
45000
7326
3740
25687
32355
24593
28141
9083
22914
41794
33038
47478
20024
33717
46110
3662
41416
8218
213
19931
8957
48062
29478
2211
1885
43886
16129
7863
6451
36226
9516
23600
7757
119
44096
49419
26059
48852
43207
5230
30396
39079
41936
32752
33994
1478
24697
11525
35173
34163
40209
47669
49402
31627
40498
12689
24383
24875
35799
30565
5085
27882
31664
19041
43461
4794
12477
12964
30587
23621
6899
35597
18179
25570
26594
26449
43971
15946
24266
37353
41659
8841
48199
31160
14735
43477
30543
4373
48142
4990
20511
47916
18822
40082
42687
3335
17423
7629
19950
5965
19537
9172
29530
9980
22787
35140
27738
36729
16437
29286
40106
28068
31100
32320
22518
20061
33600
9809
24601
32065
678
28849
2152
14989
39193
47510
46073
8479
48903
18067
30266
49111
19199
31655
14187
3488
21383
18103
9392
37163
35048
4863
46920
17228
21206
17603
25432
35140
12453
34465
38644
36314
18730
36461
46021
30487
7257
36948
7852
14513
11994
6403
44969
13925
3108
45561
38111
12310
28594
28026
35796
1449
27070
40547
29887
31915
48426
45849
3895
32123
11446
40176
40394
44656
42256
32754
13082
10585
11546
47691
3893
3330
12348
48527
33553
25816
41627
43175
34820
19906
37843
35101
5991
12034
18116
18478
3868
43032
32314
39582
6897
41739
29168
37586
26356
21691
6185
20340
1428
15288
42647
6132
38745
36392
39568
22026
9033
17005
791
24728
43598
654
1411
6904
44633
1122
23249
37371
49440
45466
25668
30748
48139
27090
32092
47427
38964
13808
9621
12475
41134
872
35556
25670
28778
49211
8933
23200
39624
31162
6609
44008
5382
7158
15324
43911
41023
10347
36107
16138
41086
40928
9954
38358
31022
9469
830
4391
23574
29393
38804
23099
22904
30006
15530
3835
47839
43142
34374
17949
38152
22260
172
34258
12020
45934
40409
39908
29459
6158
17244
29981
36896
10832
10120
8909
39270
20120
20964
26283
12334
15530
4091
48933
14898
22190
43602
34570
46180
32743
41674
14002
26100
49688
39352
23420
22120
29409
26537
30458
16462
37144
10358
33508
9851
25612
31533
16897
7383
18054
14705
45082
31280
47987
30285
18816
34632
28473
43746
16465
3461
11043
7671
26191
365
44625
12536
45155
15881
32464
12102
34455
1370
29300
17515
28288
11090
12254
996
11611
11976
32015
11507
15819
38186
32846
42638
25410
12335
29822
43274
31249
39888
13189
8658
48232
45690
22656
21566
19337
25425
32784
48632
40265
39985
33937
38798
32378
33299
25640
47470
46073
8914
14983
32441
17555
48445
45630
47394
44162
27836
11109
26675
45204
14758
35783
40751
37969
14800
24854
16999
19620
46984
7738
49293
45267
39341
48600
27607
2570
44562
38449
24753
18707
37184
22962
47269
32939
42973
2354
11187
34010
16103
13250
16621
37981
34865
48714
26967
6035
28074
28838
48966
22155
8690
37921
42981
22876
35375
6243
15495
7690
13489
33816
33730
27618
7423
26496
34774
16226
38773
12637
37198
25492
46270
9342
22756
37374
3320
23703
27643
46627
37502
31091
15996
6224
15381
11220
15736
36521
4197
34654
10902
8852
3515
10201
45246
38070
1556
4100
17247
1847
1177
3993
10163
39843
40854
33342
44365
11140
5759
9565
33153
18718
26707
6520
37122
24312
33708
25143
41973
49997
33603
4168
30428
4175
20689
33916
1090
11473
17180
10086
29761
44496
11362
8582
8789
28860
44680
9052
45863
16273
3316
4592
2296
43211
21807
40794
2470
38956
38457
47288
18477
11344
28905
29498
1578
5282
24187
33968
22408
22677
31559
9106
14299
15377
30650
37519
47088
25659
11962
29428
1985
8045
2880
12089
16051
37249
38254
16918
214
19326
19056
747
49982
38309
12709
19855
507
5206
8163
21108
32916
42420
47385
1187
41285
40001
25639
11411
1662
29105
5996
22006
16250
39750
11401
27041
13922
13262
3665
15076
44856
39188
2494
14261
35222
6190
10485
17956
30730
46156
18372
49066
20836
42279
6280
24967
42374
19149
9308
45841
13793
48659
38349
20282
46168
22669
22946
49445
20555
32768
11331
43873
40007
11683
45807
15647
14653
2088
34511
20627
17315
17481
21544
45857
32685
28260
17465
17698
34235
31986
37687
27757
36193
24418
33003
11239
33596
6902
36412
48804
6268
22577
12321
12259
47576
25261
15392
30506
41974
21212
25543
38082
42016
49350
19884
16763
15345
8508
987
17902
31751
9872
10413
40042
34340
36885
12652
8498
17178
21188
2854
41756
17650
36126
36454
16734
43975
5695
31900
5693
14059
30455
31738
17492
22337
42522
21015
18822
19802
14738
22136
26537
18279
43015
31231
19839
27022
43353
36876
35985
21726
3514
23800
24358
17259
39537
39877
49671
27987
42336
29625
21349
15649
9246
27721
31136
5493
7874
47357
38314
18528
15432
30219
40628
20236
35501
15622
15356
18022
38112
29469
2972
29218
25409
33006
27575
30501
16470
43940
6983
48904
7443
41898
19558
44694
22384
3797
21979
29413
12548
8341
32503
6268
7024
27772
7572
11248
9264
29712
38808
40298
46095
34931
8194
29269
33054
34613
46225
37059
21342
5105
15544
18247
34548
22088
974
12437
41373
16669
17970
27731
4735
27255
18519
36689
1196
16799
3747
24168
6295
11680
22819
25154
21462
31913
22305
28124
46757
34199
34684
39044
28587
16435
41627
6757
16474
4872
39845
35121
4948
3247
10147
2017
12557
1699
21096
7779
28051
35322
47586
46154
5077
12731
49540
31171
19083
43184
6790
2411
33848
6796
25922
12993
9483
18225
39181
23919
11019
40045
3262
21285
42965
47405
40363
6332
3411
40188
37109
7177
37292
22391
48044
35425
37819
33966
28789
13917
44442
12819
2469
33387
14237
33978
48015
5103
11050
7631
26282
40428
6596
33696
2957
12689
18586
12384
35115
37728
39248
391
23809
40022
17105
23570
10533
2578
36380
33626
26452
41902
46579
24540
2811
41168
16161
35713
26285
47166
31139
8394
29068
49821
30370
42344
4709
44691
47387
30761
36818
14895
14527
24478
11839
44336
1558
9432
21170
2089
18213
6382
18994
10903
32255
31876
8022
14237
37206
39781
42185
35751
34580
36300
34838
32900
14175
33091
10321
21479
43629
20618
31606
31168
33979
36735
46902
7347
7657
25918
28137
35829
8780
44145
3235
1142
40959
21688
8411
30836
20483
13407
11864
29969
20563
9851
19250
34694
4535
35257
39539
35259
30847
7856
42519
11620
38364
38099
48021
30140
12772
8442
31770
49007
49034
47570
16899
21969
12424
16415
39519
41723
31605
19970
33893
37264
45964
22136
8261
37103
33899
24604
39966
35486
2087
47516
43065
4138
10725
45280
26814
13608
4656
17079
26401
14168
24529
38097
5601
28692
26376
27458
49767
22572
25883
42105
33969
36613
13405
1103
2123
11911
5497
646
363
19205
41197
6960
14419
10039
25329
17212
23884
22986
41273
23100
22245
29656
18115
30623
35334
10391
24038
19124
21183
888
41970
49423
26497
27792
22862
27038
3848
47318
47417
5520
6256
33685
16010
7004
915
47009
29759
46156
9079
4136
13373
23027
25664
45581
6446
39172
28986
12834
13607
24055
10319
4640
47270
13356
2945
28820
26236
40622
19528
11721
3070
15677
17441
18564
1473
12525
25384
47107
33150
32443
12936
30607
23335
42648
44479
46355
23451
17994
12696
45088
3027
43195
26307
21537
41963
16466
5154
16762
26611
41687
6353
35736
16133
8873
40251
15327
26877
31191
26034
48479
1454
16207
22348
43735
25163
10384
17711
10117
20623
31547
23165
33954
23806
39583
35434
38743
39060
7494
2520
8097
29580
49495
24590
17225
8455
36150
30938
29662
11192
15392
5597
30175
38785
20338
13119
34203
34365
6104
3261
36136
45580
14920
13041
18509
44983
19688
24253
26329
40744
5958
6114
35185
23867
18171
30259
39754
44511
29324
4010
4283
15726
25431
36733
48698
6028
12603
31874
8418
35024
187
8560
22027
44142
13522
3108
42141
19904
44645
46117
23864
35975
2784
19338
284
21282
4255
12475
22334
24771
42467
18027
23025
23433
5896
47426
13210
49368
10613
39154
42823
43777
4491
23014
37666
47765
47663
26570
31573
32130
47279
46019
12076
45334
35221
871
19400
5049
24823
11219
11103
16542
28768
44324
5684
21021
18806
13147
37565
10189
36422
46712
12657
29497
45368
44897
34523
4608
19606
39868
12584
30412
27277
29752
43395
42991
19751
28514
30428
18424
37255
25323
720
26919
49
27096
24996
24261
10467
47680
49751
27094
26658
3235
32286
5984
44855
42367
9443
44250
6325
41886
24519
27869
15813
8948
13007
28566
17299
47287
22916
44113
27500
3738
30369
4087
19143
22063
48063
28015
37102
22761
14587
13474
14116
25157
45799
14029
23067
30494
17610
46573
5553
9011
19180
8682
44438
1029
38651
22630
48235
29709
26591
29503
14387
25102
16133
28440
45599
26813
7341
43746
10560
44293
668
37369
46906
49715
45936
43648
12488
44027
15657
33506
4423
18161
19838
27697
18124
149
21940
49698
40351
9984
21358
25741
27644
12020
12791
34971
2873
8879
30714
38719
31863
37230
41349
16139
40186
15757
8118
3737
48163
10598
29447
24009
16353
16368
3165
18693
44561
49520
30564
37955
7406
45119
13021
15993
19400
16008
38548
17996
25060
17528
34610
1662
40231
26553
32258
38632
9069
45550
2930
31449
11563
13877
18870
34621
36025
16589
45795
3698
21076
17034
37847
12072
4991
47839
15286
17553
16262
13310
45853
4023
45037
10715
34596
15091
1836
5918
32801
33804
6419
33860
48546
24242
47910
14577
9134
10940
7787
10290
28662
36372
11325
43277
9985
37968
35271
12903
29755
28080
39985
26716
8871
30371
47632
27719
20398
13886
23761
39341
15470
13110
5003
2431
45447
41053
29641
48927
38730
2784
3261
12998
9784
46479
28704
19050
17718
33175
26998
13407
14669
32591
44737
35293
33460
1979
34140
36243
39536
5059
22392
37528
29080
39752
16454
36077
21021
11998
26612
44754
336
34964
15320
17446
21132
28139
48284
36085
33975
45184
42178
33906
13298
3173
14760
2963
45204
7850
10945
17803
4103
19075
27530
45484
37616
44918
15829
8707
21144
40893
43888
34637
17003
36886
37449
15923
39429
15484
5098
26678
41182
14802
24089
29457
35080
742
34926
1944
46401
28787
13530
45334
30984
4281
19233
23609
26324
39488
27265
9658
744
45581
23616
1959
30941
1218
44623
26289
33550
22938
29282
5975
22782
33132
33409
32379
46307
12256
5144
13702
9016
22397
36988
2447
13709
19053
19265
1322
34804
17850
24337
14496
14884
11533
39606
26807
11470
27910
19794
922
38758
17547
21832
25388
22895
35632
10942
4842
45724
20275
6624
42567
27803
45505
16284
14503
22648
45405
8309
1418
15017
27336
25216
35548
8534
27541
12544
11108
40567
28975
8750
7308
4189
15497
15425
45816
22245
37420
41149
46186
28708
18725
34045
33092
8565
42494
1478
46363
43269
45639
16060
3188
34956
8806
1268
28726
9957
24034
2886
18893
38468
2829
6241
6398
20125
17981
38721
14051
27090
253
43671
20779
31161
27239
39354
29616
44308
8657
29239
25653
16239
17882
39631
20399
13366
40589
36330
10839
48341
25658
15987
28176
6247
33082
7942
38721
21272
48324
12086
7999
43427
33910
25628
34266
48234
11794
38379
25407
22865
40979
22305
30835
25457
31839
38297
2826
47038
5670
38853
25403
12957
44417
11342
15432
20187
22322
8332
1044
8256
4493
49305
36863
37125
30283
32969
8930
48179
42965
42612
32181
35182
16635
28897
4497
38035
31715
26271
38530
48614
3738
31102
3903
35717
2744
2450
13524
44963
30784
22873
10912
2388
44134
23659
39360
8895
38552
46613
37644
12176
37029
47638
3500
23078
38874
33588
41067
34541
30406
39553
9960
41767
34814
27844
5603
9500
34799
18159
17864
24849
6248
21799
31962
12301
40433
13902
7584
22924
14025
34567
5086
9417
14832
41773
24231
24942
48487
42661
36715
17203
43019
29610
30865
45750
3441
38285
1685
48259
32001
33062
21509
8533
14529
48895
16181
27059
10733
8944
20702
21950
15216
48794
40312
33870
30269
4896
20970
27593
6573
48056
15421
16021
33068
4935
5695
12573
19183
49306
23470
36008
24203
29722
8035
26097
13382
6481
48710
18197
40097
27460
12791
40859
29035
39317
2735
35426
33659
22840
25630
7678
5577
37016
39699
15131
35822
44402
27363
28395
48564
38798
13824
23784
33282
11522
1387
37466
24435
27217
49588
2947
18016
63
3543
34009
41198
30594
24277
26914
30971
20342
21949
48896
3287
31495
8702
36915
29890
25740
36539
36842
25587
1355
10471
43828
26834
20027
40585
34144
37734
37417
10693
27890
47172
5693
40268
16089
33622
40290
28713
48335
15260
45674
26123
424
9440
46449
36853
38843
2230
14441
33931
47413
37247
6365
7269
24087
40295
5355
40033
8789
48224
26593
8691
20321
29673
20492
14931
34414
26085
7358
27957
11389
38240
40243
13705
31972
25097
27336
32465
42518
44733
476
19321
43595
3982
48134
1711
3448
48923
19003
26655
32133
11324
27082
41924
44338
15103
47539
10902
9658
6609
6941
35795
27383
13145
30738
327
3781
42978
32397
36592
20323
783
39538
302
48997
41439
17329
42918
24106
44643
7368
46283
41323
38409
39776
24671
32237
48271
2076
15725
12081
38142
24464
24032
32504
48631
6729
36792
31014
26520
16129
7864
48847
44332
48281
4872
42778
22228
32129
8148
8428
1452
14644
42996
37769
3920
19831
27432
30160
48673
7981
24705
27391
41793
47108
22401
38859
42897
8833
10557
25651
22059
30669
15637
13882
44606
19236
7828
40557
20867
13778
27154
20385
6409
34456
42147
2854
48549
35778
18448
47840
15990
6736
18313
46849
9707
23441
24986
46779
39737
25175
29165
46802
14645
1502
27488
6809
28794
45192
907
12022
37999
40980
22798
34
38777
35839
3655
32745
16479
27108
16633
44997
41249
9034
22735
42212
9299
11577
2897
13595
31420
29266
42716
11541
44765
9771
44497
21084
16030
9180
43975
23293
18972
4960
8776
12080
12984
31770
38630
46238
41679
26618
39271
27732
45706
46978
40467
19280
5859
2070
43703
12576
21708
28011
27605
20377
21912
34986
39114
6131
20054
23708
35235
24623
22562
38918
4811
8403
47176
10063
32282
2979
49614
5789
34100
46371
48346
19476
44254
12233
31304
15092
28087
2425
18564
4836
3973
2362
22545
49128
31021
34126
27089
1959
34743
44694
10910
15041
38183
33501
23537
15576
16695
49975
2474
46303
26105
35319
12435
4439
18490
43648
36199
2319
38828
2486
45530
17836
7986
30069
33068
18846
7879
37404
34508
29283
44181
39821
37943
8502
31541
14999
43024
39972
41674
10750
27140
47878
27870
18543
41111
30862
41905
24013
22676
4763
7821
45602
41834
13610
25422
8727
38157
5076
27112
27663
22828
41205
1958
47675
38865
31730
17336
20894
46577
11054
31705
33543
1424
8469
277
36026
12580
13602
4870
29739
8771
11166
44002
20881
40564
22281
17100
2507
37899
5114
19778
27155
855
39044
22070
3463
11916
9771
22398
23097
41156
18154
27538
40903
23333
28202
26857
27141
29176
41112
14382
14643
21007
8575
34705
18805
12549
14083
13972
18662
47167
134
28644
15640
6490
12502
33097
31890
39282
43375
40647
47331
27006
24226
22071
9127
19907
47609
49522
37227
8473
27985
37060
1724
6860
43742
48317
38783
37389
6384
29972
23550
37693
22525
44052
22208
40654
14823
11362
13780
31307
37909
2881
4388
45698
33855
31560
1369
33021
15954
40274
14669
45776
28468
26146
9566
21488
31742
13652
2558
13457
22616
6445
43159
44465
45229
16610
22046
13281
38779
49448
34135
25592
43580
37001
46181
35522
2793
44235
44474
21892
34773
4319
42070
19300
19555
22782
28509
8375
31938
35520
7821
4282
38027
3108
9726
29765
26673
2042
19918
5178
26770
8942
13145
46506
649
13879
23284
35204
15047
4586
34211
14308
41903
25409
14194
22254
39308
25777
17036
20341
22953
902
48225
17838
43747
24044
30785
571
30822
47749
634
41809
17708
3639
29772
6652
16746
31314
39015
25143
40380
23470
34112
23752
22903
17642
22345
27787
32279
8337
19290
20986
359
45789
7116
27208
8353
33544
31083
34919
31690
43420
6196
42287
44844
35490
2972
44581
39884
7346
39936
23163
49801
44908
23437
2502
12163
2599
301
33940
6078
47502
49080
24337
29532
9887
34521
34224
23816
18711
21191
34111
26746
25984
46443
34164
12176
30772
17805
5731
31837
29228
48074
40273
22301
43024
508
44284
30201
8791
42018
29048
12852
8538
17119
46780
5390
22593
1715
32127
39378
2762
31302
45573
32999
23252
39216
30213
8527
28591
37163
5173
36710
10062
19181
1419
35029
24690
25438
34501
46990
11534
12948
23687
14860
18808
8125
31599
14394
36109
31369
12221
5306
23458
17717
35793
10820
33529
5370
11314
26795
43525
16839
16611
13176
25267
8566
18508
44146
16639
33236
32195
68
7416
32375
49353
48522
33526
38182
11168
11678
18435
43776
43894
32888
21989
9678
13577
14743
13082
32622
26534
20028
47334
8812
46153
36906
30629
35234
32487
38896
47723
45122
27033
723
13090
30493
39831
13008
20105
32554
41112
5766
34849
47590
5644
36283
16661
32568
46615
18159
17106
36728
11877
14894
25369
15280
36915
45216
31345
34912
12082
26545
4624
5394
3017
25757
11234
43735
49392
46199
40517
45960
5960
26961
826
34183
27159
39052
24601
46823
18762
7490
32255
2555
45256
34313
43080
18470
18678
18496
22143
21893
28894
36299
1454
38263
982
45665
22443
33365
8281
13466
45646
4813
33728
37373
2499
29437
31885
27718
27057
37470
41007
32758
20187
21
27728
7074
31689
18177
24453
27873
41460
42133
36145
47458
8723
32993
12335
45337
33676
47053
19409
26849
7337
37228
44191
9996
10688
1236
5
38675
33776
35534
7070
13714
10430
9052
29064
13675
39448
10383
39337
3229
37436
13556
27672
30934
38998
15657
38950
18611
17856
26138
40536
41616
49066
20696
32360
36838
21699
9437
1587
900
10953
19000
36851
48719
48158
14936
33898
14827
12802
13585
47456
10773
9334
32006
37639
49382
17644
24636
47694
48926
19550
26335
9175
10772
9480
10943
42710
42128
41844
42646
49289
14993
41325
44074
6509
28537
40640
37807
42177
43105
37289
39606
48466
12136
21323
27023
31831
15902
4567
29547
30374
33710
27299
20748
38422
49637
49757
29551
34712
41548
44795
24604
46656
5706
32599
2442
17983
48372
10987
42807
33831
3309
25567
33078
47758
10629
12541
18397
5936
24331
10953
12673
46428
45937
24363
32280
8356
47592
18179
5371
526
27912
26443
19517
38162
6954
13921
47497
23383
10182
43390
7642
36119
48148
37018
7628
27184
174
35992
44982
12328
1947
6256
42623
33784
16078
29073
39241
48650
28206
38898
34914
35524
26719
3144
30921
7115
37608
36135
41558
49597
29724
22996
49019
44542
31180
27716
43458
5887
24118
48270
26487
29052
44845
21868
3604
10386
32638
42037
31766
13394
15857
8492
23914
37611
45473
30845
45791
1238
28512
36169
26165
29735
40566
32757
20856
36304
20288
11514
31038
40296
28463
11354
44448
34510
24164
20415
32415
29891
14120
37277
6235
31784
37166
34287
39462
35283
18072
33755
30419
18343
40924
12254
46404
20375
6585
41037
21843
8019
17811
5794
29284
18824
5225
46136
27008
23467
43138
720
21730
4225
47868
2118
32682
659
24266
7460
318
31332
46416
26093
7331
33699
18166
27692
17819
5976
31458
46820
30677
1144
26907
16878
18005
41632
16824
43720
11795
30848
38486
41778
31639
20754
6848
42971
12391
30207
28130
41267
10304
24368
45539
36156
29533
19995
40429
4710
39605
9010
32572
8858
8260
30767
34917
24587
18473
23438
22820
6742
19728
9725
34455
2632
1580
29029
40145
45237
28282
11834
1603
41761
41071
45040
39680
37501
43067
7932
36299
35773
30769
14041
9821
14944
6041
45760
11218
4054
8120
46764
33427
10404
28010
33981
26932
33986
19920
15796
20742
7309
33280
13799
1507
21105
42791
32883
5368
48688
7417
21038
10184
8984
41458
9843
7014
38627
2837
15731
30476
16928
29943
4443
24523
22736
34881
49368
35548
34981
9190
43849
18449
47392
25108
25957
20792
35984
42648
33231
31912
48129
40272
11756
10814
34911
42116
42997
47945
31571
44730
27513
16387
39255
49690
17431
6415
38335
30341
49389
22725
35799
36565
14374
30114
5059
39155
31829
49029
5124
11264
1210
1771
17315
48697
22500
39021
26969
20114
19468
25783
7765
28384
34193
37262
4465
37928
6544
40179
31811
24754
36970
11703
8785
23831
13523
6581
36384
4433
48559
24687
17545
25990
17683
2254
19511
22651
27149
47813
2783
4290
42694
7864
29055
21473
34378
25797
49084
28232
30624
23015
24845
13820
8121
3270
16750
32929
9893
42486
25384
32404
18745
46020
17068
15227
36430
19787
11939
40887
30509
42077
38721
12528
42268
1738
26254
46215
46471
49453
38539
22971
13957
11
16369
17600
13683
12477
17147
18497
10079
28088
15239
11337
598
35549
44372
11295
30044
34009
59
19901
13462
30621
36675
3857
5461
33842
9846
37708
49494
13179
36819
26440
18246
25593
26321
38811
1344
29317
510
96
38049
18415
42098
7874
23500
46682
36554
40934
20742
6321
32448
13949
29210
14445
14057
26573
23421
27227
31739
40025
44145
13224
38522
25697
48315
35892
35627
39746
20871
538
16637
14827
27692
32793
4779
20204
27229
23346
42047
37308
12564
39135
111
35563
48
19113
39294
39506
21333
45770
42679
39840
8359
27167
18949
20670
25312
27303
25493
21219
4270
29703
18057
9167
19213
29138
8485
8871
24800
13977
28586
29998
16026
12346
38654
19048
14473
1092
37803
1559
17105
47726
6982
18389
40368
47451
19976
35870
44514
42551
19900
30051
550
49974
45256
12996
30018
39019
34707
20193
25511
22702
22776
34748
47580
29231
32209
580
27112
17390
47077
43914
20120
14414
47846
44434
18261
13776
36280
43257
11318
6594
5302
34547
18969
31529
32108
22020
4140
13768
49507
26533
8330
47715
7587
43661
18331
19177
2162
2348
15721
30612
49326
41486
34800
2563
38169
27056
18788
15308
43886
32516
32247
46559
10601
7941
44951
3153
14438
42726
1669
4333
3666
41492
22023
25030
8278
46710
34867
14002
45627
37319
13346
12448
31205
49751
40718
17240
46709
43909
26303
44255
31159
40533
49626
5625
43160
8918
34964
39060
15006
32076
46157
42307
11655
35871
16751
22116
30736
36745
13373
19443
47780
9096
40866
31743
152
35337
2816
4013
29017
48931
43986
10366
25262
32365
38449
44378
37788
18032
25535
12365
16931
46497
30882
45667
24240
39880
31885
26934
24661
40788
25028
29173
38427
27952
33060
22996
48070
33382
27603
4385
39752
30022
27870
45079
38139
5865
33087
13114
13898
30732
992
11137
26210
5200
20964
13605
47440
27154
41739
11459
34607
28876
17902
47369
20457
29329
20566
42988
45433
38013
24285
13467
30370
12553
3405
41588
24365
41670
603
22152
39375
47775
39046
28387
41013
34402
9766
49075
14892
20293
39682
22140
6392
5186
5574
39777
26469
21605
46375
31944
18376
47513
40728
20405
46221
34563
30360
42561
9513
21216
16759
3676
1086
25167
29358
42255
10049
42099
27373
11527
15981
29764
12689
17519
10635
24736
49670
1752
24261
44469
39249
5286
32613
25290
31989
33820
14012
2245
16372
47625
34334
36152
49182
34109
49811
10579
32039
44521
32079
15572
19629
11226
33485
49790
8290
2166
44389
17401
23113
12337
35195
10014
38320
32274
20701
49557
45335
1846
27075
24754
13656
20200
4993
11572
5332
28994
35832
31409
36206
32024
32179
1099
14017
12798
1597
18784
2134
21845
12087
40551
25670
32289
15274
27298
44196
27587
45513
5289
30740
31425
32448
4747
40242
7232
28133
22235
48772
36129
33533
23969
4244
23726
19862
15038
8739
39936
2567
43217
33566
29573
3249
44740
29434
20766
43076
20153
26216
27632
21884
26239
10931
6192
17090
19649
21685
13799
26071
24323
21966
3703
12592
26736
27382
43355
24336
28029
4254
32645
7503
44616
19437
3019
26262
32024
32238
19770
22326
15549
31570
23764
1388
46159
2893
2533
20818
27840
15900
28244
20361
43655
30180
33531
45062
4774
28128
49285
48730
39582
35958
30837
41111
49509
10935
35435
3648
32085
26213
17821
21880
36626
42744
11569
46355
39465
42751
13022
46823
4211
41558
37783
15035
9515
3775
42996
36017
26639
2894
33172
46527
49277
16133
34617
12686
15973
41647
45849
42074
40507
8277
26641
6485
42108
44303
18170
19871
6389
46609
26134
19581
12007
1941
33007
23657
18906
6656
20693
3637
39197
5405
30832
7118
2181
29319
37772
23103
12271
14642
4843
36357
8949
46926
26260
4919
30986
33982
13604
7649
142
23638
14927
6509
19595
19054
35545
31048
3774
25187
28969
38266
13074
15392
25186
5790
29029
13291
20539
18869
13565
1642
21688
21528
79
30808
31001
11522
8937
11008
12728
30390
10711
5365
1879
25286
12937
40055
25748
28367
1387
42276
45473
18999
28172
11791
11641
35175
47231
22684
36041
39739
16434
20866
23484
45534
40622
3482
18377
4372
46389
3900
5490
33016
36071
23626
49692
7064
40706
39192
22585
33410
13039
37029
36008
20260
48737
796
16080
36668
26963
24760
49103
17656
16432
45147
20873
37698
16069
29865
23186
5801
43818
9983
22541
26542
26716
30205
13387
1966
16154
37951
1635
21056
4278
16679
23391
7760
8636
29511
32585
20115
38652
19438
33677
36203
28725
34339
43785
27571
23303
1148
16466
12911
33354
2127
9964
15355
44687
5865
24427
13206
38312
26582
12453
13761
3406
5524
13723
39921
17872
3611
49332
4547
2184
40461
7493
30077
19692
35961
13180
39848
17515
34140
23445
6210
35105
12707
43447
28026
45692
31731
34930
49785
26037
26402
35149
27338
12741
25509
16632
46022
33152
37620
24927
27420
12655
34521
41454
4376
32000
18446
3919
3653
17066
11903
8213
24956
39728
32358
16729
1025
47809
33472
199
47305
28869
19536
24189
38570
13548
44827
48034
10581
3891
27469
31422
19188
33300
14137
31111
36662
483
18031
33431
16765
5721
46860
46472
34383
27040
26960
841
22163
49233
20225
5897
36399
21499
16222
19207
7005
24968
46979
22371
12376
7566
29935
44094
44287
41944
46971
12087
4733
32876
28073
5018
38541
4470
22435
14303
1689
37605
35448
18135
25144
43210
16779
14174
24867
35587
39420
28529
36161
3455
18511
10721
10552
17419
46735
44570
20479
11054
41704
47615
11490
20775
37053
42649
2530
34382
28585
6757
35907
39748
12717
5330
5787
4954
26099
14984
28558
37943
4323
46055
30309
34267
23710
36244
36172
23583
18986
48854
24707
15781
17274
33876
2778
6788
3927
25431
19840
23997
45465
11406
47896
21549
34588
1807
16260
47490
1104
11231
45572
38063
15978
22211
9886
31775
3358
13060
31413
14535
20472
26715
11588
27800
9309
10979
11100
9694
6540
12007
2147
28654
32627
35366
32795
32899
20028
2276
11869
24929
29528
29964
21729
43524
31596
25318
41482
28466
40884
39984
47182
11766
38535
49798
2010
23016
29671
40869
22229
722
45508
31104
38441
13620
6987
17041
36158
5342
34107
8255
6455
4515
33099
30099
36778
14963
28941
29757
30220
19361
8009
18131
120
17218
25866
45697
12743
33052
43216
49185
5903
48282
13666
44164
16510
38045
42129
41664
35362
6410
26576
16772
34414
23292
20896
8476
17824
38763
27250
5542
34608
28614
43478
45134
15921
39912
42080
48258
43307
26090
28363
3011
21197
26755
18216
35477
42450
28013
7632
21866
14316
34613
17138
26445
7484
1057
5770
43495
28477
24131
3504
28804
60
11885
46698
23549
22728
27431
29671
42603
24904
32787
46461
4660
9104
2324
21103
28050
47620
2134
31389
22649
48130
7692
47451
19660
35607
37740
27001
42192
39089
49300
42843
30216
16813
26619
40228
25632
14561
45435
2416
32204
13631
43819
26662
18673
3043
35430
13183
19919
49617
13352
14216
42183
12329
11890
7800
20843
444
7842
34891
453
30177
41269
49887
43123
28129
53
11744
2183
39396
4748
11553
1907
27296
8712
24337
5820
46177
4975
32862
38740
17835
31238
6000
38428
25402
46898
2984
31763
31727
23478
43170
11541
10862
35279
42597
397
2592
37085
33617
12286
40582
38589
35870
37547
38140
31326
9732
5925
1675
17503
43532
28342
35680
38788
25659
9968
20949
22740
19964
34384
31629
10113
19856
46994
33491
35392
31672
42624
40724
47611
43760
42246
15364
16361
43251
15545
44402
21898
39041
11556
299
16642
27238
19472
1883
24244
19330
34052
38942
44169
39802
5860
35074
4210
27232
37726
24862
16537
47282
23202
6314
29978
14275
38992
38376
32320
6240
33559
39666
6988
5181
23790
24422
27433
47603
44930
17489
26367
41254
34063
1539
5428
30699
16897
31958
31462
19308
17095
15018
27739
26750
35057
31394
16655
22449
43206
5003
46412
874
39651
33577
760
11976
31109
7443
9686
6281
5209
36012
37180
49773
21603
44561
24743
9051
10096
671
14099
37335
20691
16507
28739
23102
45148
35379
43115
10234
21213
42690
37187
48909
40130
41442
25372
49818
2000
42860
17417
3390
30285
23486
23942
34565
22002
41851
44540
15638
38843
15596
38216
24402
31329
48169
26006
42265
29306
9802
34682
9810
5503
24270
30333
8751
49221
44965
37144
41923
4016
5640
22392
42074
42584
36643
4006
2259
43225
34246
34136
33055
10848
19443
47663
12218
49562
28642
14775
37627
30640
35089
9126
32145
26978
36278
40295
37670
26509
2924
7644
38498
19206
33099
18584
42972
42404
10846
28054
25497
32052
19667
5940
45927
36839
30672
26900
40449
43522
1358
34921
184
5842
32922
18791
6954
32213
7309
49111
14980
20512
45516
40068
43878
31279
15322
41139
18586
21101
18689
39282
37684
838
37435
35950
19130
48842
6339
9215
14583
42581
33932
22427
49991
32914
3254
6991
41007
44646
8015
47037
31634
32865
9689
27
9294
16189
35001
9040
13432
34631
42330
15454
26640
27811
32845
5137
30411
32560
43532
8391
22376
32059
38118
42677
32755
39838
44406
1146
14689
37038
3389
29135
48121
42620
2930
48057
11454
45828
35832
43880
38625
26142
7232
41735
20535
8152
32872
35769
14348
14925
13566
10275
39363
33606
8168
13068
4116
14158
49545
41104
14994
42820
31277
14002
30424
26891
1408
5184
49268
47238
42433
2506
16410
32909
22824
6373
18578
29440
15312
48337
5027
31813
25405
21670
4073
23608
716
13498
46963
32461
44574
39800
29421
33522
44080
44784
24134
22773
42354
22133
48153
39492
20158
38110
25050
25071
46069
39090
4159
44359
17688
27325
36202
44484
339
18683
8954
4725
8992
33254
41046
49596
10001
42016
12089
16251
19777
30176
362
12836
35908
11232
21474
10096
16022
12111
23254
7367
32436
5500
28602
13702
6952
12428
7676
19110
8715
22895
35716
14142
11911
27772
39464
40531
47493
26475
17877
40041
26815
21658
34922
48211
38967
15425
33177
35335
44594
46303
8900
9171
31742
22
35224
11260
16050
20000
29297
33497
16295
30133
9294
47639
35779
10334
29256
4123
13227
14078
12265
34123
43454
43669
11392
17833
49892
40749
16155
17246
2407
19550
12976
46096
47075
26585
14283
18387
26762
32071
18512
40608
37405
19303
46418
28452
49538
47045
18971
42931
16296
46278
47353
27830
14115
46395
44601
46305
42657
17890
13481
22238
15481
22713
12648
16918
42900
12343
8867
10039
31214
21288
13799
23508
8956
24655
42624
21371
14918
12441
20615
24517
6530
18897
30927
35537
36054
7458
21547
44542
44566
49389
23712
15901
3151
15603
28104
25490
11410
16606
17850
19555
27463
34991
4444
30580
23141
20622
9729
7706
28105
37538
22593
30167
25541
22603
41460
33761
7696
18478
44225
3176
28050
37293
27535
8058
16343
11188
25070
46513
16998
48966
18920
26721
3373
14171
32835
31983
6557
1470
28763
42908
11776
38765
19079
9190
34340
13046
7833
11616
29133
38747
47743
31378
26657
25194
43048
8151
33469
31094
7255
7729
15191
28803
86
23563
13970
35050
10871
29443
1487
4823
41674
27773
1561
43280
27574
26330
45888
35973
17927
20724
8889
34852
35771
8574
10775
10829
3513
14038
21546
1173
45831
43157
19323
22814
2342
34446
28990
42960
31682
43978
32855
38098
40148
10276
37223
28542
43749
40361
36216
16869
27131
37903
49949
3592
36110
4089
32782
20044
2339
42904
17433
40148
5850
21279
33884
19799
17826
33091
47859
37866
26210
22910
46418
48446
38504
19689
32098
43913
1854
42153
8943
8260
17541
9246
1015
27208
36976
19672
36867
9477
35967
16253
17210
39729
11932
20839
43144
36613
6579
38794
38215
34469
24324
42253
43857
1400
21405
17848
16947
17039
46226
48909
11848
45835
17892
22284
8632
30322
6672
21909
30552
22105
43692
40666
35618
45053
41511
25830
31595
8689
46751
46669
10365
34359
8636
34001
8288
25085
23160
43842
29755
47331
18361
40542
17285
31827
16494
40430
25396
35715
37220
22027
27228
35483
35392
40831
41672
25267
29467
9479
1136
35322
11016
12717
28740
49025
16280
7024
26077
11945
16289
16750
2950
12501
42353
33601
24313
12618
42222
16308
34438
43323
1830
37454
14939
30525
25200
41983
21214
8715
14093
34568
16006
30367
5525
46805
47209
18213
7193
33029
30291
24122
35130
17533
28426
35555
16505
15728
28800
25947
9878
36660
14773
3624
25542
22183
28104
9194
32008
31150
41137
14202
47021
44877
25856
15124
32028
45594
21866
4708
34012
15998
20525
179
30883
9852
12392
45317
30135
17798
6244
30316
14995
36777
19339
40846
43515
11233
1387
44786
11324
42050
29951
8989
30667
15505
2816
29031
10189
49722
44497
1357
4931
15708
16413
9730
41143
1841
11122
33397
8681
16642
20061
29989
4191
30957
28455
38379
46228
5663
5561
28925
23406
75
17020
17949
35679
26181
34537
9183
23127
3049
34640
14301
49360
33395
8660
24057
46712
25374
18508
25321
40875
28055
6159
39634
33828
8858
34750
29308
49451
2746
1405
22661
13302
38650
35580
41384
18406
12203
17737
35697
21946
19398
45615
26159
11554
22507
398
43888
16710
1061
48934
42597
44586
7748
12802
41478
40400
38501
5901
48769
1452
36788
12146
41787
13911
30562
1502
29748
264
22489
5152
23111
40990
46285
24346
39462
36876
10166
35472
44363
42807
6412
43256
22322
21947
19091
26771
33364
20797
4857
21849
5953
36937
15811
27309
22788
10813
3768
33260
46063
13214
13055
35785
26715
4172
34805
46341
13339
48256
21749
15341
37270
23007
4054
39858
13864
44602
12388
24036
3889
22218
1205
12413
26457
17995
40313
29873
24147
9701
27477
2504
41340
31925
30038
44866
19884
39917
38068
783
4965
8956
22212
24938
43919
32681
41300
34914
8938
23894
45010
37967
22808
1748
45284
40879
40734
43962
10406
3854
38001
41541
682
25517
3827
1010
15584
42276
3880
15859
30891
36973
476
26524
24575
18938
37282
40713
4097
37189
44109
9204
27048
9689
33077
22399
20414
41210
12561
27953
45547
3561
24021
2195
23618
44135
31994
12600
40289
41529
21336
43387
32281
7501
1738
18607
9426
27858
48010
20135
24485
22799
3477
22047
34169
32551
20179
10720
34372
9892
21774
27246
22363
22770
41123
43351
11795
24178
45870
3650
3860
8925
29627
36877
13300
40397
8761
28294
24136
43229
42861
9268
22668
28750
43449
3374
1554
3253
29818
11603
41056
47659
49730
12564
9563
45484
45676
49141
48641
6697
40623
23588
45722
37994
32546
15661
9890
49726
46429
3572
21697
40012
46403
29373
18396
15913
2263
12230
24767
25899
40725
13125
29101
18613
38226
32037
4516
37565
48497
48929
16597
28243
21865
36663
44095
37013
30539
38895
18663
41469
21923
45203
30268
14017
45273
18839
45054
20937
42991
10171
13366
16375
22528
22835
18205
5212
39902
32244
42281
25063
14461
19051
31193
38044
34333
11760
14521
3269
40204
39909
49117
7607
34116
21538
28819
23721
32712
33144
3343
43575
40837
37251
15835
34439
27582
9897
4282
35462
33043
22150
2236
29878
9469
29549
22119
2153
31657
253
31205
26523
49319
6700
9907
4198
13037
25496
606
12907
22632
17895
10647
28442
34319
46426
15472
31049
14965
7833
30603
13349
21840
48385
5148
48277
4707
610
18908
16823
10098
4550
39181
27635
42899
6380
26989
18042
6343
11136
47481
47398
48110
556
7664
22688
30363
15725
45237
45486
44057
36174
13885
41673
1793
14260
33800
11998
17355
33397
29309
20885
11368
15217
19300
29790
14771
27948
35795
44153
19134
18256
27263
31238
23271
7260
4146
26660
32052
21811
9974
43275
42032
45578
12436
2263
30142
28781
44875
40965
37002
47022
1872
41990
35634
7229
27002
34230
11827
46159
49641
47031
27411
6424
22300
36991
3571
1046
30368
43081
8209
34137
29294
44955
19635
36875
2476
24992
22847
13140
44550
22990
7157
10414
68
39234
11574
25230
48974
12083
45856
22236
30544
6392
38468
46351
48547
16993
44880
13810
10815
9102
5068
9353
2839
29244
21962
17630
1022
36426
34649
22497
19895
2545
16239
14941
4569
35265
18600
33749
15444
31126
35561
14587
35339
47328
18849
10495
12064
28073
6291
2974
30202
35125
9121
39394
2348
47933
17507
14709
8419
19054
48430
14746
14098
30269
44053
15854
39430
19246
32005
48903
41536
46705
17398
35818
14119
2794
4186
34624
14717
21306
2144
20932
19662
38352
9378
45642
14241
14006
38875
20
15139
23434
30723
37247
48563
9626
30177
28348
12167
27961
48256
5402
49640
40132
6813
30138
16724
19413
21747
32314
21879
19543
38852
29200
43883
1796
36483
45719
33297
28307
19225
19232
38823
36812
13215
22551
14150
14112
19689
18567
43098
2618
29433
30935
44573
27248
36264
24985
25059
14364
26058
973
13696
19602
43245
3117
21724
47869
41060
40364
22757
30158
40355
742
11251
24018
8160
44317
22657
23469
23666
23531
34055
5924
4310
42995
18776
42938
33576
10727
34876
3132
14254
49670
46150
13194
11645
12674
6462
16997
33642
41829
1071
31464
26550
5474
11546
14558
2242
28666
5726
26551
19764
45899
8381
48829
41097
11885
171
4936
26470
24726
22498
47727
31672
10235
1474
42122
44702
38537
25035
22303
40919
39438
11767
24604
14086
38388
16996
23575
7415
11391
42032
45667
36148
39596
8193
33696
44266
41562
11803
1471
12719
11054
12065
13099
2599
14157
14605
44810
35912
7617
4783
20510
7639
7844
44710
31919
13955
8686
40688
15288
28808
42342
25217
2634
29739
48647
19649
31256
26797
47535
46947
35685
27315
17181
717
16082
31313
19823
14353
38472
22844
489
7604
39093
32584
2638
33025
10628
10091
38270
12301
45487
2111
19585
36834
27570
17086
48256
17050
49218
14976
35257
47961
15447
5419
32068
43349
39339
2322
8656
37659
32274
32648
9480
43943
5404
20497
46709
39828
29471
5772
27505
14738
11364
43109
46996
30240
19159
2204
5045
48583
8716
8987
15940
43688
35023
8285
8132
10553
28474
5320
16757
19133
30378
27821
23770
28755
5928
49861
31041
23849
991
14073
41765
11047
30136
40321
38646
20506
22300
32205
3172
48353
7634
42999
45187
4015
25214
1326
21673
37032
47101
19190
95
28600
48779
28777
45765
35044
1753
47289
18859
29329
27217
9494
20919
4962
19530
40372
32297
41303
48871
49437
11068
37598
30480
9514
32463
27397
18336
30059
40311
32761
47136
19561
11976
2827
8907
968
13562
37804
46176
4411
40219
48446
20029
31601
2866
28176
34274
12698
4677
21159
20541
33721
10066
46549
1644
28050
43694
40250
31399
19016
48161
36888
4565
14806
41118
13625
36501
3277
38868
23224
32732
8006
40694
48357
33549
42082
41058
28358
24575
27158
1058
41077
49375
32902
1351
22812
29309
31789
49421
12637
31625
4712
11549
26067
47550
27017
2496
8497
2061
48635
30803
39804
16858
10540
11431
43674
31966
11122
14469
32906
44263
27502
4418
22916
33965
11025
8100
22290
46174
24750
1363
15451
47877
49424
40776
36555
25592
36372
28981
42856
116
3194
40431
1925
27319
38646
36767
33290
14322
15078
8417
12910
11849
7110
32387
36029
37957
16733
747
19670
25278
22792
32263
8967
48994
12299
11644
43706
29807
9761
20149
42644
35280
12729
21186
19828
35359
25103
18583
32766
8326
26197
1746
14300
23330
42608
26579
48668
4027
14894
29632
20369
5590
28787
41029
48551
45244
12488
15546
44672
23217
49975
40112
38737
36608
2833
18841
16353
46490
21548
40421
47826
20893
40242
26084
15763
15478
46657
33114
34980
5662
44946
26075
14688
19978
37292
26170
25338
5348
21276
11310
47394
23743
49881
26465
31534
23744
11124
47336
41704
47123
39362
48873
1584
49070
45015
7032
25312
6528
32911
6015
38615
35019
35306
34362
20726
2244
49386
31096
49210
26485
12452
23570
10111
25811
22138
36020
14011
386
50
11663
46464
42963
24323
17963
42495
2094
414
48625
28539
27304
21980
33716
42449
26081
15254
30618
45700
46191
38353
49694
18130
45813
42439
43273
34832
45335
48569
43515
509
30291
43263
38422
29330
47394
4410
6829
32997
16551
31888
31742
49972
38196
5714
31350
27505
43619
48203
44920
14794
46819
17114
9893
31988
46117
14830
13380
36491
9569
43158
8832
28933
12360
25089
15339
15127
27147
22575
42886
20680
49907
25309
875
33474
49374
30739
34457
9816
10418
46197
12883
26926
18275
16775
5245
46813
17197
16919
2688
1005
8600
18320
16290
18593
10152
31828
45769
38751
7466
3744
36549
29711
4333
31661
30730
43681
44599
18554
16850
19822
8415
2438
45690
2635
38794
27507
32848
41199
44274
49787
14070
1332
22928
15513
10089
31580
15932
10206
37971
21959
3239
32075
12076
33363
14762
28978
15958
2195
16120
5014
16463
48139
8740
8787
25819
23317
25074
44116
13112
29176
2444
29353
377
33939
44589
19924
12465
12129
12939
47388
17282
47979
4257
33796
46240
16536
38079
27047
28997
14802
24209
22885
7094
42169
46348
15967
33860
11422
10489
3979
17299
22525
27016
7925
47168
13735
30314
46393
17175
29894
43108
23413
9754
15204
32212
45234
31945
31732
40377
49700
34625
23970
34751
35885
15413
42895
5195
9166
4366
16070
28295
43781
20793
40408
22015
17700
15112
41939
6746
14764
43207
16270
22256
39539
49268
8456
633
41303
20360
14130
8297
11073
40029
6420
7526
3033
10337
31950
32789
13869
24905
1484
30867
30412
7357
6395
18347
22312
28326
21885
17434
6111
9751
25711
32063
9170
29800
25574
19206
25045
3639
29798
45735
3542
37275
37995
41863
29512
48494
22521
19045
31287
45775
11190
8722
31180
42169
31614
48006
6350
46013
44174
14712
12920
44425
14078
1494
2057
26547
20134
5200
18576
34111
6521
23991
42145
24206
40808
32973
29582
23728
7115
14546
10528
6300
10672
16405
20681
34038
44905
28917
32284
6793
38476
46199
19450
49128
42528
48268
17803
27866
25481
26837
31269
32204
37396
19441
23361
33773
17532
15715
46421
39886
12214
33366
45224
29182
8799
49414
36254
41325
5594
10194
16652
49540
28308
32127
35916
26756
40794
8433
6787
22726
24298
24148
49369
29589
25136
18680
45
19812
16308
5153
34587
22220
27316
28002
35945
23552
6554
40401
159
41435
11701
22485
31883
39017
33868
44423
48541
14177
13604
27449
30659
45081
19612
30543
9685
41426
23017
40997
6779
45501
5451
31812
2020
7486
25254
40212
25739
1747
13587
49556
36010
3547
3031
11618
1534
8255
3273
27523
26442
27086
13332
18787
1775
1101
45153
29065
12675
41441
9075
4188
16489
6505
12636
38931
39636
12227
4253
33085
7822
45722
31718
30188
11394
28505
7701
41444
41241
43115
37978
41083
44074
35934
26470
43306
6042
1882
30698
48971
20041
49611
19185
15336
10079
19458
44701
4539
20141
32451
14009
25164
48830
39063
18242
46954
21159
4479
20574
31877
42154
38446
48628
4595
12150
6266
24266
9992
41204
11278
30847
2087
32222
41033
5888
46531
35597
10299
2266
26249
18830
48046
36093
5774
16842
20517
35282
2025
28233
2310
25256
38366
33084
14695
49062
4081
16923
4573
8044
7668
4867
37257
12043
46538
23868
1644
36987
28174
6893
48924
43040
21716
17658
48925
13663
17261
40273
2664
33104
10899
41364
40556
16544
49428
80
34889
18117
18562
40257
33172
5258
11993
4766
28251
41818
45912
31726
24358
19169
24857
1996
17296
32954
45370
27115
33520
36941
46055
11288
13504
33512
43086
29010
15404
39077
37142
6469
10713
14774
626
45088
8218
23896
39044
17536
16052
39515
32658
6045
30282
31097
13175
6129
14145
41961
39397
42784
7673
28882
15998
37004
24991
39937
14333
40122
48453
28973
35678
32293
16273
42403
47967
2199
49043
24966
29204
47868
37944
39727
2710
45291
42293
16723
24546
18977
32680
33275
2617
29394
46793
23216
14765
34236
38037
20113
38643
38375
10240
12308
11119
40177
29878
3005
11499
11180
36863
33481
25913
23250
44380
15432
46791
40118
46181
13763
41088
29597
3881
25007
37222
31379
38259
30952
5636
1520
32071
40882
11933
15989
11562
6142
49278
48434
20505
25750
27002
39325
42806
12916
18830
45138
12987
10963
47076
23874
24433
33024
9470
20695
9605
3739
9073
23196
5096
43489
13433
26210
28486
24435
3317
477
14848
37099
46280
40137
5503
15881
439
47553
33359
22114
43659
5158
7273
20250
44745
11522
49264
36935
8910
30187
48819
31176
40841
21202
49972
42648
47076
1742
49005
494
34257
10080
26845
16506
6552
20212
28697
42888
47041
12970
9354
31301
39275
17633
42450
47794
28158
12738
40522
1625
17685
15317
15311
986
41894
2457
39047
39037
24760
19031
22902
46642
23198
32319
27482
37685
11404
8835
34286
42162
18584
2554
23643
22196
32233
36891
34032
5250
40464
48930
27709
37435
9713
42028
23870
8151
27522
20712
28806
16993
22073
1076
29786
6181
10581
43505
17576
45037
31973
6569
17589
3663
45378
21479
24195
38761
18711
1127
43367
49318
1941
7266
40599
46545
11314
35793
16200
49027
15958
33498
13983
297
7326
14047
32479
18467
15415
26677
6280
267
49537
15091
33403
36757
20656
39291
19143
27144
48197
20261
35626
5542
17771
9734
3792
42673
25215
4995
20797
27899
27269
14828
14801
1204
8709
39520
29719
17799
47155
34187
28387
23947
13227
14540
8761
19778
45503
21966
8458
10840
30071
961
10553
25704
20100
40930
3811
40977
22086
5104
41935
49867
23916
17914
16356
5761
48132
28910
35041
30288
39990
5352
27462
8771
49777
36272
36683
29462
6812
31550
47137
48564
45361
39932
36821
40533
49275
3535
41271
37850
21175
47930
16474
19745
38799
16780
46588
18433
48472
4553
1825
16706
2887
1965
12041
22916
19442
45641
39246
48702
17289
75
29060
33438
49014
24173
35875
46398
36369
3496
25889
13254
10673
45014
2055
2351
21669
12789
34161
9531
39293
48388
24694
8255
17056
22287
11995
2313
39913
48981
36757
11053
45149
39179
22537
25264
19839
26876
23479
28828
43231
9113
21790
49780
34135
14256
25919
42600
2938
5456
22157
9541
31144
44838
33315
31062
10831
46002
29845
34227
1230
34636
34932
27400
32543
48283
45949
12270
31297
45048
4558
3997
18050
18312
24343
45969
29369
31362
19137
33057
36646
30385
25103
31681
41293
14077
12587
455
11399
5083
1139
29467
3354
9311
35930
40024
23618
8465
47612
27301
44848
7463
14597
44494
26677
17827
43732
40731
7480
19313
19386
28792
23590
48284
8804
33265
4306
25813
25273
35419
1470
3886
22015
9780
28358
10855
17263
24661
26845
27564
37164
11605
15610
48308
12495
37699
6216
23862
26389
15811
21876
2085
15223
46532
14332
26135
2827
13928
29366
2643
44721
30244
37904
49808
43632
28288
40884
47947
7113
13207
11369
9581
20564
49781
35183
15940
1186
1192
19748
19310
1570
26114
35945
21357
11626
47746
28132
25226
42101
14697
44103
36336
30428
21937
43808
3882
330
2862
27062
35986
17674
28418
9942
23372
8571
40381
39354
20756
13231
13037
15636
26063
37973
14504
44655
31080
17535
12184
26360
23383
49567
41119
37419
11279
2411
49000
24881
8558
28536
24159
8054
21279
19750
2750
36979
3158
44162
13956
49460
2524
14015
12840
5844
40033
48800
48280
23059
7399
14738
40174
33422
46781
8728
29434
10189
43374
34954
37840
31423
37160
19866
17253
13420
26883
27216
44413
25221
26950
36475
4366
43371
36421
6277
43893
13887
33747
43771
41010
39049
5796
36083
25225
30448
7439
25212
20790
31731
16342
47131
30667
25614
33820
12837
6239
11163
17379
23238
16659
9123
613
39254
17638
13042
18604
25832
33611
41929
13383
28880
37474
47918
8406
41968
30149
22342
26671
32951
314
25018
40138
5227
42625
49911
27692
4874
25951
35136
31598
34026
24493
14360
24882
45252
17091
12851
20395
24898
10463
7943
11597
41232
28644
4924
38344
38116
33664
45017
9363
31393
22049
43459
27877
33902
6662
14178
43925
43514
28154
40903
39417
11640
32167
21721
28653
27004
40690
15098
34151
14735
32782
41746
49028
23100
30857
30713
44268
43307
28553
31679
28048
38766
15511
41161
38117
39168
43711
30554
37362
46342
7725
47331
33322
13774
49661
30900
14965
22717
29926
42139
36909
35680
22149
10448
45542
35715
46595
47885
15206
48092
28679
49609
37570
44953
21353
38147
30925
25082
36865
1977
36606
6441
14983
9177
43447
31574
39703
1705
30846
16615
6762
4097
44526
11799
16315
4200
37708
15110
7414
20685
23643
16142
25579
13173
41864
33081
39397
36324
37476
39157
31397
31091
21178
42379
26514
29968
586
40278
25807
36471
31026
38874
10915
391
23312
39404
2985
48592
18631
22465
19912
10747
10940
15804
26772
37319
27116
25092
49070
3189
19101
15274
28795
7842
24040
36867
29190
21000
11007
20917
45225
17600
40664
30440
6643
1396
12090
43211
40454
43335
45136
22429
8540
47737
4580
20909
10312
43915
39259
29405
43669
26585
21833
17284
44342
7736
13112
30166
8373
29579
26287
7663
46579
3655
22102
17120
26492
15993
17561
8415
11951
7716
30693
28079
29737
10060
21404
47028
27847
9780
4736
9085
9600
28659
8327
12839
7468
19325
7587
15289
23033
43146
35544
39583
27866
42269
1618
48216
1478
43906
48894
19376
21974
21939
49840
41754
41824
43783
13925
47159
7920
29706
18682
16353
25736
41474
4357
37715
37760
12378
40909
6718
3341
3887
2508
23947
6306
15651
28847
19149
32884
21001
13857
19008
35995
21987
25378
40631
2256
42971
5628
46702
23812
16344
13341
17829
13946
29213
48231
6120
23589
44366
24725
45871
5972
16335
42680
12732
38274
6253
49976
33550
6662
24337
35304
12923
25663
39079
7258
920
38491
20628
6346
10652
12512
33996
12603
31515
13791
49825
20097
45897
41931
48217
4575
10627
47396
7263
49416
15611
39209
33928
46614
24307
20870
38243
31602
7401
42557
4949
23972
6858
31479
38919
13380
37447
41138
47225
1247
41157
37296
31784
3090
33784
39984
38911
3687
24836
9707
32492
8157
31937
9611
43
30044
7123
27404
30851
23306
33332
46542
10388
41619
37583
31384
15809
30518
34233
6338
35046
11528
31209
48542
31235
6007
10111
11584
20352
17149
29388
33184
5601
18256
45708
30170
40990
24804
30841
21809
30422
23408
47391
15389
12042
8641
27671
44302
27644
29285
28549
22773
30708
1939
2243
14307
6625
8763
48202
37098
48757
33071
46451
40615
42761
31485
18754
32117
11289
34265
788
13626
31185
27426
46351
737
10620
35232
42842
24322
16550
25738
30974
43954
23847
13185
8152
4548
37482
8718
18832
17142
11638
23452
25363
23386
10834
17840
36286
35977
1622
28056
23048
25497
19566
8573
47518
12531
17937
27324
31985
1123
35806
19687
31921
47980
11201
7110
11980
19099
42547
48033
27120
16087
34310
26638
43298
16295
38577
13903
28376
27571
44752
42177
46412
42570
22474
8081
15823
35629
25023
32736
40252
27204
34933
41718
28082
33659
20014
17272
49273
43572
43269
36931
45084
38413
14288
12645
9929
26818
6585
45841
42404
30990
30847
29170
27678
13332
3057
44584
4416
11527
590
2809
48414
45837
16372
6078
7480
3656
7091
46504
1829
48327
36776
4031
47228
32737
45355
11610
2579
2804
15562
12391
13958
37166
16064
27680
48641
32208
5102
36552
14511
4085
28070
21166
10380
27013
13053
40360
14028
19425
43073
37533
29057
21846
22734
23100
28266
43558
15753
18715
11916
26445
38178
660
20145
16510
35947
15389
19100
26521
42348
43470
36552
46523
4452
37446
23421
49098
36874
6639
16421
1187
214
38764
1678
20298
3877
42425
40496
33372
5265
10793
24530
35416
42330
29975
15595
26247
25866
26830
13447
2843
11518
35236
4977
37078
37949
20890
23039
33368
7420
19144
29658
33404
17173
16475
39466
45175
601
16547
14340
3583
34204
42677
8327
534
37423
31275
32647
36215
25089
21835
16815
42785
25474
13701
11204
40175
34441
2460
37146
22896
44511
6914
48230
44710
27812
1458
26226
23897
29464
14939
47180
45985
38898
42348
2582
19737
7929
26786
36719
26623
32629
33586
251
21182
7387
13415
32884
5825
22659
40801
34857
6658
44294
17202
14880
10163
31921
22268
29425
39744
9851
5050
28641
1048
13181
32708
43110
39299
3104
6732
47938
20405
32810
49901
30267
38265
35198
10465
48467
904
18707
4409
23747
46104
25737
8207
25803
16169
23863
11745
6310
1901
28588
37693
44773
4410
26356
10010
7876
22447
3937
16276
37451
31870
2737
41298
4235
19496
10940
5556
24673
49349
49692
14553
38363
31764
12751
10843
45352
14447
33870
34398
49035
40922
12089
39686
30081
17535
15985
14484
4069
47864
21740
38807
19921
25963
31211
47285
39709
39617
5657
10708
30119
40949
39173
4147
32411
47760
34331
37050
37793
41667
5501
14443
17490
36666
35306
18775
43869
19215
8522
7438
28576
21804
24869
33022
23748
11257
49802
39192
29432
17757
22663
34719
47922
23950
9780
2730
47459
41193
1554
8048
9935
9347
27146
18788
19853
39120
26224
6031
9471
1537
24040
44772
41365
478
35885
43350
48095
35705
2318
33717
38631
11162
5045
41534
36479
12216
33355
6560
31923
45950
20136
14775
31439
31889
40217
16662
38875
7369
26578
37764
34911
34598
21933
30947
42859
44218
30767
1816
22048
28825
28487
40863
7137
24102
49156
44701
48851
21013
36814
23602
27973
34832
11760
30083
48663
47153
29058
36060
48301
7596
38204
14227
13166
37876
24605
47182
39394
31970
3036
47998
40189
34186
32405
28495
48556
25122
40207
21375
46976
16868
15304
49870
11259
35656
39737
46339
21212
1840
1366
41125
12676
6149
19139
16222
23221
29645
23014
19203
1137
27446
43427
36198
42707
37218
38234
3979
8994
31017
45013
28471
38908
38568
42465
46697
4232
5411
15893
37972
35678
13228
17433
4323
23015
12721
28637
8252
21637
565
590
645
43076
49854
46909
32440
28793
7541
11953
10079
3088
14858
18029
6781
13666
33075
20666
20186
17528
26878
44232
16299
40626
10996
4676
29185
41615
10420
30015
15810
33987
26063
13999
14114
46994
14675
2197
42657
4094
2173
46124
26909
3521
42750
38350
7050
15649
44653
32910
31361
18107
31571
42398
14141
27107
30858
2438
32279
6370
5595
48690
36360
20398
41360
42819
12939
37006
25549
47368
21105
10862
46860
3495
26754
36566
3578
6722
21079
28728
26318
23844
14831
9608
20038
11712
31195
26453
49662
24471
8241
16864
34974
10948
21798
37413
16838
33625
27247
19377
11043
49040
2812
46693
35868
39557
23842
33997
39676
7966
8300
31620
15530
44014
41495
13493
39817
6218
39580
20600
24550
18842
32973
14313
12745
18357
41081
15805
10359
1109
37779
25485
41317
18399
39164
49118
31420
16288
19419
43072
46451
24114
20754
1520
29177
47533
5387
21197
32809
8406
30453
17653
2585
9696
17931
46367
22284
4286
34216
42869
11065
21181
9697
8476
9060
20843
2041
32201
15017
33969
3355
42024
2391
43095
42087
7712
41362
44273
12205
29128
7038
9074
39462
3353
40312
39615
13472
37978
43223
5514
45710
20761
31080
38195
32871
31117
23234
18493
35926
45148
46559
30671
45219
31791
47140
9336
45202
32873
833
15246
32249
18260
31276
44986
13609
31577
2946
44032
12858
31872
9068
27628
43500
25714
49314
45164
13161
40478
5206
48878
7355
7897
23050
3491
47072
43923
38650
14956
6132
19943
24215
4075
45464
2621
22688
19431
3536
32246
36197
21479
37811
31060
26680
11409
20029
36018
35697
48158
41757
25422
30387
23197
44642
12049
45317
7467
42005
37141
9035
16768
17418
16766
2472
42829
49049
43346
34049
35407
9324
33971
21438
32012
29996
19821
8983
320
18125
45697
8733
21757
23506
36015
31923
15593
41110
23493
16482
4361
10741
5702
38466
12208
28050
43312
29155
44497
27246
19459
4473
24879
22803
31068
28662
46579
48232
48730
31700
46253
31826
35646
19707
37393
21025
34748
8262
38337
12201
43242
10120
11634
49883
38223
22897
31366
1462
8899
44563
42407
820
32524
46641
28999
23666
41994
46
8650
27082
44499
31462
47328
24306
44253
42427
17822
20692
26617
26012
19085
25022
24189
32184
21415
12417
26459
43404
30303
11864
8071
40034
1916
29901
11765
6636
39459
43383
24880
19875
43026
44657
27136
47696
34307
11670
11423
46843
35636
1545
10110
40272
43774
17042
34631
34157
46934
15816
34907
15364
28764
39160
12345
1585
16341
20779
12960
24930
27536
17032
48548
28305
24141
17568
48017
35261
44247
12916
405
48835
29753
5777
49373
1830
34343
27756
29452
37889
8848
13698
31812
44
41795
22304
47626
3650
36316
35013
29905
3138
34691
2624
41021
27919
33031
21447
18831
32983
23509
31271
37198
17029
47834
5237
7611
7308
5173
11186
14515
12899
42780
10498
28093
46863
11762
2818
20191
14930
4094
35150
4725
19327
10235
24446
2557
10733
29857
31675
16152
38121
5389
32182
30701
47981
3265
35476
40556
5078
25321
46555
18138
28860
44595
7224
48448
32125
3931
6794
47716
10249
39615
24523
28018
36077
14117
49089
16257
3995
25773
33505
26269
23228
26236
36995
8377
25878
2545
18350
997
21742
38923
40946
47685
20476
29957
17578
32143
42071
16220
28857
43197
8863
5114
32754
48609
31750
42715
22711
8267
22786
10318
32762
14372
11005
12338
18684
3279
46211
21480
21490
14601
21264
48819
29801
20363
8064
962
18079
18336
20365
20581
13741
8442
48647
47340
34826
19965
24654
20658
40354
18124
7663
14797
37507
49723
49577
49407
2521
24261
45314
28273
3566
36196
12518
29448
28307
45086
34738
24604
47595
28734
12524
9219
18382
10141
7841
3529
31446
17317
34454
19203
880
36073
35839
31648
48909
42553
40128
42908
9274
32847
7299
27659
27116
3572
17232
44689
22308
42678
20861
45293
46651
10597
4628
20869
47181
40835
46641
14629
8553
25730
46300
29945
13244
2125
9198
5242
47747
28081
15670
45389
23928
22345
31459
42091
538
7487
33756
5370
47146
22072
38228
43709
18120
20534
32553
3483
29783
13512
9244
36196
30290
43727
14175
13143
36309
2973
40616
20960
355
8111
36343
38426
36602
5628
18725
26571
4523
14936
12277
23980
22486
39557
35347
39094
33684
38152
26065
13476
43063
22949
6386
18969
47625
22740
28650
28460
9138
4362
964
37565
45696
34338
44146
19933
20950
42604
6666
42523
34314
25092
22553
7327
33505
46090
31947
42445
13167
22105
8502
14380
38081
24950
12298
27421
30515
27816
38955
22941
15621
1674
49780
42042
19730
19453
3264
2583
19286
43069
33618
16942
32217
3879
47841
37861
41013
37932
47022
44904
47915
38880
31989
39521
792
22991
31560
6110
21516
23055
41056
12655
6464
10432
37251
18244
26435
18794
28391
16050
39582
21828
4412
19965
38403
15618
46611
34129
33836
1661
9564
34419
39089
24439
20361
2672
32796
9296
3425
15489
6781
8349
33522
11473
29536
11098
25435
18710
40217
31514
9524
43193
40170
41131
43144
8142
8132
12006
9040
32315
47221
27255
26345
32784
45604
46613
39712
38822
6995
30552
14497
15779
7633
7386
16729
20136
3199
47147
16858
22828
20994
21654
40869
9777
27563
14128
10972
197
16015
22328
25521
44079
37354
5284
8168
18099
49911
2746
38003
48009
6709
21084
11176
11668
19308
79
15385
33172
30766
39661
40767
38343
2489
4286
24743
4777
9299
30564
4133
36936
40324
23147
22885
38781
39683
17756
31301
29526
40053
43227
3908
45997
7927
6462
7564
13401
10217
34651
41629
2958
33550
13194
5803
33587
9916
41886
20388
3199
32465
36588
47707
24253
48945
33177
39008
33340
11428
43981
12319
24835
12444
37014
25101
14014
28656
32249
27908
44602
17727
17183
47494
12495
31731
37087
33507
34459
25760
5069
41111
46359
42920
30163
19043
21067
37724
9714
27103
5010
33740
5870
8718
10838
6185
5785
11563
13278
27897
37680
9284
45226
15493
21343
23863
47285
20984
16119
33500
43109
48040
6386
2610
2334
49483
22874
7099
39836
48387
3590
26568
38557
37267
47021
13400
23909
48779
46779
31847
23404
16803
23746
7654
23940
17610
44667
37970
28726
3067
25487
38877
34536
30811
26882
15183
29805
18649
42705
8093
23025
20529
26478
39038
12664
3926
40072
36560
35050
26648
8692
16835
41655
3032
43183
32722
46188
42622
28010
26707
10644
10205
29261
42118
37150
3450
35907
40475
10183
7558
1241
20633
43242
12709
49657
11774
39844
38604
37842
29645
12945
42019
11143
37275
45699
48528
9398
19300
42465
43540
41581
25605
42241
40863
32595
13247
43724
8290
42022
41439
764
1806
37577
29345
36516
28974
28220
36026
48052
19545
33758
41010
24525
38240
48326
46431
29742
28510
45823
9547
44861
43520
2983
22251
12688
29582
39605
2547
12012
27385
37019
26066
21977
34044
38034
6151
25037
41875
46454
3673
20206
23153
38175
32925
6761
4730
15343
39778
41641
25610
8096
8334
43382
34700
16209
33352
41736
49593
24649
8922
13120
26797
36641
4368
17635
30147
20899
31243
35587
17796
37003
17287
4434
27701
6360
41149
45499
36382
1238
43518
24218
7549
28837
42310
29702
21133
4066
7087
34137
3124
35092
5258
11490
44195
37242
12364
11955
2659
10037
30827
24335
46387
35361
3214
14079
5116
19166
30774
6986
4277
22919
20479
28319
11373
8181
36457
4543
41798
20472
46945
35225
19641
6464
32249
28016
18781
48357
43348
5099
38110
19399
39927
43291
2333
48824
36074
26812
43114
11179
39317
1354
22010
20805
23648
17841
48894
44101
22414
38722
40860
23482
3967
43277
5601
41980
37235
13014
22258
32199
11479
49496
13997
24657
34474
46835
41133
23451
27
35853
12506
9925
13608
43709
13149
46740
3548
27545
25576
11435
20500
4149
2719
21656
40595
1691
11888
14005
49276
5550
10416
38997
24526
46240
42081
19084
5445
35715
22262
31529
7378
27493
21768
25707
45399
49185
16768
39033
3830
26889
13910
3024
44401
8478
7653
4120
34305
34784
16206
16138
2490
40795
30910
27425
35869
14026
23614
43823
6892
21175
8438
17868
1568
48693
6288
4114
36849
16638
1519
48125
21723
31873
16210
33242
36009
14904
15302
2576
19382
11447
17668
30929
36369
20349
5181
10856
37253
12386
42656
18584
13121
27386
36219
45632
36014
12261
34587
24354
11810
24983
7856
29967
22266
3799
17935
8573
28984
11524
14502
33391
220
28555
5045
20597
39702
2904
38568
19364
11098
3583
11246
48756
44514
30102
42163
25262
2718
36990
45061
23733
47181
19158
12182
37859
22710
8693
33809
3862
18258
7126
44070
6889
44773
36591
7983
21423
19004
3080
14250
4573
8745
42008
19656
19223
21925
24552
39359
28861
46487
26470
1072
33445
19546
30349
48274
29161
2093
33115
32338
34423
26038
47972
33238
16337
39593
6593
2785
21006
9247
25391
37108
3577
22723
36975
2118
40959
8225
43407
6518
7557
18761
39837
26414
34883
39968
29955
10490
12304
11574
29091
44423
31841
19486
38153
24052
34557
40636
31990
32346
26543
38151
22351
49117
11942
11191
16536
41293
48214
24502
4050
2159
49411
22696
28249
41845
6846
31368
25915
20976
33273
21302
28864
3980
44301
23877
8748
2969
14781
12788
5253
48770
38252
47276
12325
26570
26252
37024
33723
35074
6443
31764
43468
9450
22068
14325
16344
21824
35194
49803
9283
21764
15283
468
10835
13546
34626
27892
43836
32991
24270
41945
18108
4924
16051
14552
49998
42636
33517
17233
28631
25545
32292
46231
23180
328
42509
45087
40391
45328
8913
31006
31173
3358
10722
38596
12301
18027
32741
22791
29590
30846
1441
43469
43045
3241
47684
37802
32899
44823
46076
20832
13285
42617
33338
2596
15902
25977
43689
14848
40223
13428
49569
20136
6668
34865
7908
48583
19259
46742
21776
28516
32399
42512
2611
40045
47732
29359
365
35991
40304
10309
33169
25956
42895
32471
7149
47430
18238
49265
47058
27224
12262
35049
31715
28142
31747
45717
28223
28050
6841
48532
36863
31108
24703
28679
40372
23908
36733
20930
38831
29849
37776
2812
46337
25677
41353
25502
23048
38183
14823
8305
32075
28908
5034
37768
5544
40797
48268
28977
19462
19690
32752
26898
18307
39470
35334
7990
48040
908
37028
24182
48152
10152
18403
15376
46973
44367
25620
10283
25290
8731
40919
48631
24954
14535
15899
20250
48607
20295
20735
29469
23352
22656
37910
10175
40453
415
40930
21199
42168
6239
26593
17844
29318
49195
2545
21062
42628
22258
22625
43472
24917
49568
36056
41444
16797
16363
18160
12414
49941
18516
5060
12152
38709
49544
2578
18133
8020
17649
26117
31425
40978
28952
45463
21574
34241
18626
29700
27471
42422
23881
23346
5992
4552
18987
23712
583
33184
11294
29956
28947
18070
4522
20290
47408
22900
32234
2731
13339
43134
8177
33060
12426
41538
8557
1674
27218
49591
25043
43345
28363
23466
28525
27653
48318
42480
26099
47045
31018
8917
31847
41438
9300
21013
13885
26480
27168
46058
6404
44977
18039
33328
24666
46358
41551
22652
19289
20529
43206
49834
41052
1973
23501
26748
26590
2711
12559
19791
312
44570
44111
18871
34166
30825
43535
6119
7228
5223
42244
38889
22578
29758
35152
7248
10886
22789
32026
17409
18608
35950
34258
40200
26375
42382
21639
33587
21981
36612
14856
7415
5536
11863
10246
32933
48720
46181
13618
38501
14155
23905
49551
25617
37165
9349
20400
12897
26522
23844
1639
42567
41998
47271
7128
24027
4848
26686
48352
42555
36029
42458
29196
8620
49802
47254
21078
27100
11914
38374
4540
23616
45075
16415
40386
12707
49833
24368
16849
34357
37239
45120
4699
35720
10830
48239
47808
26796
5340
28716
21551
7998
28690
12796
41034
18526
35820
30893
14413
13548
47988
17755
13573
21250
14665
38337
23095
22084
5434
23313
19924
11588
11612
16826
31218
23883
49764
40589
25798
36557
442
37844
44092
7369
24381
35935
12416
11459
15271
11438
25180
33446
15290
30848
34505
35535
4191
49710
32926
17772
41666
43251
15003
6730
31318
33489
43180
5223
43816
30355
36014
21745
42961
42451
6051
25531
15290
13742
30336
28693
4932
17546
23337
9626
470
23757
26361
33157
43272
21631
24939
27168
44222
21976
39111
26132
9797
27265
26855
34092
2973
8853
38833
284
43800
37126
31139
17156
4984
31258
22951
20048
14744
9296
49978
27432
48113
29038
48563
45200
32300
30464
15402
678
26081
3130
10363
7208
2887
48130
25602
48543
34783
16385
30002
25563
13748
24735
42017
16028
39638
13016
9288
48031
41409
31131
21259
40749
28099
10845
27679
22041
6007
5946
23203
29703
4976
11814
39353
1465
5888
23983
7572
21970
17826
27620
26358
47443
8406
32099
39822
18159
45132
34532
40841
43682
29706
39836
44206
10060
23139
9855
29056
30661
34531
33300
41875
8890
19490
13172
46948
44166
18337
900
35177
34415
16270
22864
19210
36271
21614
23011
20021
22373
37813
22436
25342
21149
44784
14773
6763
23024
1134
28690
32409
7621
11097
23631
17355
23791
42203
30518
28891
3115
1702
33648
46340
12926
30338
25918
15998
34182
49283
1175
74
44254
20074
16343
148
46116
44607
46512
14866
4942
9331
37037
45316
42256
47235
2767
15218
12763
17457
36621
2295
29672
10495
26978
29
19024
49975
34572
49754
4140
8404
22347
12212
12188
36281
34878
44603
13214
39221
10118
37633
12717
31988
30800
6125
14953
38443
45768
23004
23109
30840
20925
21579
25457
7143
22023
6639
24730
29383
43160
7035
32861
39848
30246
21084
27175
49856
35075
35711
21127
28592
20617
44503
193
36316
21
34554
24722
41065
41407
18080
39365
3390
12775
20555
33165
3833
41947
31605
23446
19544
18216
41647
11926
15898
26304
2652
21070
46645
39286
44462
4797
46276
6648
9550
22835
22304
7068
9759
2016
5311
7069
39056
17960
6277
26874
20576
12971
371
46002
38963
23878
17313
38012
4083
13550
43616
35137
43372
47613
32076
9344
7085
6501
32557
43828
38474
27492
27404
45720
16864
26107
32065
38072
1892
1978
43262
10095
48265
17634
44455
10703
13808
27951
23068
18027
24615
8184
10782
40886
31834
47121
39804
1752
36236
5798
5413
48897
1399
34521
6714
22705
32442
47777
30253
20420
1277
4522
22334
25152
8675
25719
12251
43643
47118
4392
19010
30488
17256
44548
21970
4119
43574
18419
37154
39945
17955
24078
25247
33680
41161
24756
23335
12209
38679
27279
27500
4501
37040
34865
39350
9226
26790
13556
15932
7337
13596
32120
17372
40469
45134
36054
7012
18152
24156
40314
30633
27217
4667
20364
12675
23988
29893
46808
13142
22115
8394
36562
34330
48851
4133
21445
410
32503
49756
25916
2507
23539
41303
30086
3394
5291
3565
1739
15108
34501
33286
15484
43005
22845
1154
31812
36980
32593
39321
16954
22623
37262
44991
5990
45985
9449
47067
5266
35327
47493
22911
36900
49633
47830
15706
18503
5793
3067
32401
33881
31551
29626
31829
25921
8457
31212
22809
20437
40700
45740
20874
17182
27216
15745
30598
36111
49042
8300
11366
2682
46927
2789
8236
39436
27109
28616
17185
42060
46245
41742
1032
32737
15186
39149
34925
10395
44915
21191
43718
35686
48273
49747
35419
13535
46872
29723
23748
29987
33082
6488
11716
29176
5538
17632
4070
44660
36857
17357
1684
24781
17106
42160
41969
1949
8663
10214
46535
708
39372
12214
30289
34857
2309
40832
36697
25907
41518
23234
5555
49591
16423
4609
13660
46553
39632
9366
37828
25179
6356
5986
31919
21329
32063
45247
35900
41354
1482
47179
46089
13405
1645
13813
33102
26247
19256
12767
39778
16569
46858
1990
20963
688
5797
10272
12193
2939
27339
49156
27037
32500
20798
1130
45916
28609
15978
27725
31190
42271
37623
2716
9084
43553
43049
39342
33528
9920
26594
30699
31722
30013
41079
31947
35350
26899
6452
33247
38755
27722
18639
249
7050
41279
38147
20370
45728
21374
29828
4210
31723
1264
24194
18671
20484
4712
22647
37872
7587
49224
20412
17219
27092
44333
36509
28718
39535
17407
25956
8975
9003
25741
26832
10051
13602
13788
23714
39165
21302
14472
40693
491
35723
8244
28837
28871
21451
27574
36715
6316
35128
14426
40417
38534
35868
12921
5972
39605
8921
15167
19187
17383
16176
29150
617
36257
36166
39087
34460
5334
11552
1512
18298
7770
39535
12196
20494
45395
21982
48938
1906
21833
33491
40053
3670
23069
707
28322
13628
8830
24393
27432
26851
1088
20437
17018
29048
29548
15228
44055
28311
16906
18598
33916
38280
31005
36980
40106
47817
43933
44659
17419
22173
30255
44130
7638
44832
7641
29143
29074
49088
14478
1279
38061
1862
42333
24908
12823
34652
8471
29235
31176
44364
5345
33810
48157
37227
3873
18364
45492
25841
12435
1673
5979
19636
9522
31434
36762
36970
36461
21605
22174
42144
2076
14528
12795
28648
40927
29599
30318
4828
24446
23983
34697
7315
34651
20974
10777
10459
35422
21002
16422
4541
35812
3957
18614
36749
16483
40943
37740
27010
3013
31600
32775
35025
17076
25264
18379
15161
42784
1409
23190
22966
44849
18066
39957
14153
23023
49153
46649
38676
30237
30822
14291
19041
19846
45697
39216
11750
5711
4504
47581
48708
49433
21798
25965
45079
45986
30327
31177
18349
36257
34862
12632
7677
17000
23043
36114
29620
36998
26126
46933
38353
34029
28416
2115
45259
13486
13407
42762
49832
40461
11552
18844
11110
35246
39385
3226
29715
38503
37499
43131
5328
10133
39148
7879
22807
1533
23204
41735
43881
37667
14893
18927
46805
8129
43880
23895
17453
792
21892
18447
17668
14734
39935
17789
7991
45258
5833
7241
25807
14917
657
34539
46805
44040
49721
45873
9316
48172
39856
21593
37412
31397
9524
41110
14815
10419
35385
27731
26093
22599
28433
28325
27589
36946
47941
26312
13114
11609
35762
12846
507
21884
6894
16523
39472
29913
31275
34601
48483
30461
15325
26386
5636
29200
8654
36560
49413
6663
13492
32720
43484
31868
26694
31272
27091
27112
37111
21932
30556
12874
19213
46840
48875
32964
32379
48910
17035
4794
1694
40346
30955
41135
4533
42545
4410
3317
18715
33732
27821
13371
49374
41076
18126
29549
25524
16689
5595
30412
7889
23057
38610
14436
42421
18733
47205
49729
34683
18992
5816
43020
35548
13940
7023
12092
26842
17033
24427
14589
39805
10109
5192
27849
39057
15193
40587
45272
37590
47482
2484
13553
32831
33213
25317
35724
23861
47802
7711
11943
19765
46241
4978
10321
34055
12901
32165
11652
10000
2502
19221
3531
11806
25124
6689
27837
17822
41095
3297
45808
25555
8037
32743
37985
17701
4926
21095
23328
2310
38278
1643
1221
22332
2366
46390
46477
39205
27205
40810
48893
8377
31318
240
43229
2844
44906
36039
14885
17969
3237
37290
28358
40588
43747
26533
1462
47328
28602
10517
49769
32406
3449
44950
29402
46636
4909
25936
44387
35798
43991
21709
3451
44993
21167
15156
4484
7954
29946
12527
14086
42726
46660
22407
46311
46536
31349
3419
43267
15748
20556
25821
12575
25561
25672
14872
35596
47021
22642
20122
49340
47791
25265
565
28250
26471
49749
15225
29158
35697
28991
28209
26716
36494
19214
26471
39568
10736
7785
45488
8868
45067
38266
2523
39653
14176
30412
5757
21645
40675
31958
19516
12534
9357
1793
43039
10235
17859
10600
5885
5561
10047
16276
36263
12755
18266
5529
15980
24879
11294
23770
17329
19892
37927
12300
44357
16820
36290
10076
46689
35625
35082
17775
43632
42511
2300
31480
14105
11360
36519
47725
21994
7732
42310
16774
19669
23105
8642
13528
13734
29478
40805
22748
48835
41915
17976
28237
40595
24504
31852
13140
12186
10807
13590
48911
42944
35171
7643
14428
48450
41184
20389
43640
39135
43264
16280
5500
3654
45202
23288
2563
45274
30230
20280
3274
25098
19751
13286
7954
5197
7031
23216
40202
32044
39329
4295
21063
10963
15426
288
17469
12983
45081
5858
10360
26069
18335
37770
26101
28806
550
40273
19046
35172
41748
47978
12821
20489
17995
6138
39314
37903
18668
47403
49669
43453
15299
48829
38012
48167
36722
47669
10641
40955
37585
11946
35854
3880
5053
21843
16227
21171
21174
9412
46795
42093
10482
13815
12883
34770
44964
42994
35342
114
30682
18947
41935
47594
28448
42550
39779
26834
13748
25870
327
44887
20237
12168
6392
4199
44130
6393
47751
25032
9865
39712
43420
3432
12050
34237
42671
23589
43042
41002
35312
44997
28911
9841
17607
18975
24540
27419
47718
34331
3293
12631
10502
9863
17514
24008
20531
23707
17955
24751
47685
31958
44878
44800
33572
19927
38737
27347
6676
38943
29552
8496
32243
38164
47354
3613
44998
48012
38177
12340
47824
14627
26291
13406
21358
16528
21228
14123
15217
10588
13050
3491
28080
11036
12506
48061
48216
23499
49536
30517
11958
44089
24561
49827
10426
27308
569
1061
12248
23677
48929
36241
13003
18170
33136
27089
9116
19489
28455
4386
39568
8757
34676
46112
27307
21369
43733
17024
13542
47463
39164
12959
24230
15508
6685
421
5860
13529
12438
49780
19033
25783
30555
20538
42848
21884
21051
11529
41477
6385
307
32087
33406
25841
45475
13707
49923
37872
8059
45690
35095
7719
28776
22867
36215
3258
44624
30252
23760
34878
40482
14631
48626
1178
46609
43951
35152
34246
48453
19695
31355
33583
18847
26097
27294
4097
42212
29851
18146
46380
20703
248
30200
38226
7181
21680
19560
23116
1088
17469
26394
48129
45786
44495
13547
4829
26569
36509
13855
17989
15746
13686
47387
23053
45776
34758
42845
43116
3522
28330
1448
25282
20675
28439
2486
49134
15911
10091
20333
5023
5253
17519
20670
33068
30354
35869
12924
48170
6785
9485
8917
25791
43424
16156
16805
37251
3381
36832
19768
49575
8194
30910
45555
4069
45463
31519
4202
35481
30109
39087
38614
10264
19225
2725
43488
15367
28200
24329
17496
40624
3418
23196
18834
22948
918
17684
15099
24281
36958
6880
21102
36990
15835
15790
23916
12768
9633
11068
8827
24105
48658
34992
26866
14282
1402
44221
26195
2077
48972
16829
30555
19169
33837
19747
3156
41383
10425
22576
21932
48763
17228
39144
23224
2512
31083
39923
24206
46162
33384
49797
48049
9758
43269
13528
8689
28510
2154
39943
22692
18750
37522
48307
37843
34823
1972
43938
40643
34821
33126
35056
13562
7657
5967
5233
5072
49146
32074
39017
30008
2494
47414
350
45487
21869
42330
41375
6962
31721
18393
31262
34517
41223
34629
34569
19736
4013
23270
27978
7871
14874
10563
42925
31123
20102
11559
28554
20677
22176
33269
33435
35711
22502
13162
27042
20021
1630
23756
10421
32203
5771
45284
33016
28089
32915
34078
25436
37414
43868
38232
29964
15136
30944
15421
46977
10512
8876
40047
43111
19059
40536
37998
2106
1161
39057
37886
14043
7490
43268
42790
41025
31882
702
36525
18220
49130
21007
45897
10610
48515
18413
10894
49869
28848
4180
22718
41308
5833
2234
42932
35146
27222
39635
28654
31790
5699
40649
52
21468
45786
10884
20767
38656
8761
5080
1910
7913
5060
37657
8580
20436
32214
1600
44324
36762
11894
18817
14533
28984
38528
8732
13088
32769
37967
47064
41369
9855
22261
33063
30105
4170
22642
321
14581
24065
10294
26280
42944
41203
48417
30565
40209
1808
47079
15634
40914
4007
23748
33779
42500
47683
9793
17244
23021
41730
16084
9490
18727
25980
32852
9454
33948
40841
40804
46372
13991
28097
25059
41400
30543
2546
46026
31110
36056
14635
6915
3127
39260
5975
31215
46466
22836
28390
47366
49927
30050
35597
34686
31859
12899
24858
7901
5980
30303
41379
43243
33771
41038
43460
4156
10605
24943
31787
9485
18770
13895
9335
43013
5862
33934
12517
2300
2682
46530
42548
1635
42747
9233
12411
13431
31657
12024
42860
25601
14540
25542
12410
21675
34093
24054
44223
1072
36746
19146
49343
45238
48466
31792
47418
11964
16291
49294
17551
16534
2156
10370
39833
42676
16351
37454
46891
18165
39274
6414
11355
36572
26379
49357
7766
44093
28899
45799
32122
80
44653
9115
20496
22891
33972
17708
4453
15587
12653
16646
12755
13494
17903
49012
32628
42144
42733
46
2687
33666
28766
16856
9968
13185
17903
49644
11789
48054
14339
36537
14475
15891
17536
40488
4588
38537
29909
1995
39968
37844
9392
9007
48578
29073
34621
25048
38460
35998
24616
1776
44831
265
46297
28926
32326
11630
7116
8152
46186
31516
35545
39764
21033
30271
19664
43664
16639
421
6249
31150
17221
34445
16755
47301
2624
1116
11087
928
27906
18407
20954
26260
11088
33486
42674
30646
34467
22332
9317
45747
13018
26715
6560
28248
7277
21158
39800
41082
8261
41652
43135
31447
45629
44585
30315
49829
29789
48997
30293
15076
23219
45439
6981
38544
46114
4281
2192
14956
33304
12288
3690
35513
27446
16529
20855
14255
16728
40336
39258
12126
26888
40390
13032
27608
17496
25083
38551
19237
38496
19958
44116
18629
26567
15011
29095
35921
21063
41374
19121
11208
39854
21700
12864
40396
10222
22852
27118
2294
6488
3905
3205
23240
31241
46018
29168
18152
36786
15550
24756
34866
43063
49966
14078
7081
23669
24456
12474
18305
28468
29843
15788
19661
35808
21164
29073
16733
13602
38444
18472
45753
45991
11349
36452
40758
47815
43311
15258
14255
40779
42559
17887
17972
48576
24885
31182
34414
24495
4640
36418
39291
47901
30866
2770
44621
21617
14738
8221
1365
2088
6984
8674
8593
20809
1725
30872
45069
36743
3816
752
10588
35521
28262
9180
10754
12655
35903
7214
36711
12608
8574
6785
24720
13842
49439
7193
40663
98
48940
19349
4794
9879
39292
43343
38665
49521
10556
6206
45413
35610
42321
38419
31850
18192
4108
40183
32584
11890
25489
26706
47887
35699
16487
37132
8261
12964
25160
44687
11821
2760
6257
15235
38285
3035
20549
25785
32851
12595
1776
21497
34127
3848
19044
2808
46515
26538
43946
24797
13967
42209
48985
36965
14797
38780
25041
4566
17871
24053
18119
29330
41766
32544
40273
34336
19996
31802
44963
34464
21420
40552
8964
45937
33912
47733
8720
41898
47313
30329
5313
9371
39991
36614
47927
9023
40522
23811
44899
44123
46106
32419
46302
15150
25648
39464
32026
17201
6266
38
29447
2553
13524
32908
8908
21066
31440
10439
15836
626
2526
33465
30143
8362
25321
17440
45763
35555
46677
43165
3073
30741
43750
45273
3015
29520
18642
1514
25007
16211
21637
18790
14605
45416
37881
37546
49537
10252
13961
10671
49918
11607
25003
44956
42254
49372
42492
33118
16590
21437
17352
39384
49854
9606
9848
19019
26203
46800
42071
22010
49857
39120
18643
21261
30313
8763
2354
47568
13917
36785
37269
23004
3068
21543
1842
22196
39941
5605
30622
45338
17037
21265
49039
44769
22840
8450
17260
8258
1437
27544
457
4661
16837
47777
43448
48235
45670
6431
25126
45056
26583
38403
47039
16988
23673
4217
4039
31050
36051
45185
38846
42129
30248
34337
18458
48325
41863
19835
31145
27398
3568
20639
8787
27351
19408
27660
21289
35553
15468
44788
46104
9645
1154
34786
9868
5981
15978
39274
26064
20203
13648
48517
8324
15346
4109
36373
22908
21834
48233
30240
42868
47711
24763
39514
10964
4161
37392
4405
17635
45323
11547
21914
7059
42144
33284
2757
15278
29882
36498
28162
21391
25170
31073
36763
32213
49139
8978
13026
41479
41857
43731
20822
28132
24502
41596
44062
45674
4522
17406
3934
20027
42626
48877
36453
14614
24466
11007
16943
20465
45590
37042
33426
35362
34522
12472
20878
13663
38650
29221
23182
3571
32686
39755
31788
22442
47688
2586
46574
24246
14002
37446
34858
447
19861
31717
22298
38447
30981
6026
22993
27471
22185
37709
33844
4125
4427
19517
18966
17623
7775
16489
6351
19609
5392
43103
21895
28337
47812
22774
17558
1681
35594
25444
41602
38554
17924
6559
14048
49671
37077
16260
19333
24525
11639
2752
41562
45838
7998
13300
2053
41879
25156
44056
48657
43068
41836
41188
2223
580
8168
47730
21977
4479
24738
31106
23731
32675
20392
43815
44036
6196
41992
46243
21259
15542
21863
40071
23935
17232
31498
19145
47822
42385
46095
4995
48945
2305
33165
33809
41864
19683
46897
27461
32547
44934
7480
32230
20867
27767
9583
28420
8758
44580
23538
19041
48079
15234
11536
13082
36761
23057
10153
32760
17434
21755
40255
47595
27986
26328
45268
34034
17753
29574
5572
765
45106
30340
15542
5546
28591
37128
2021
37932
10428
39848
27299
18043
30118
43471
16477
101
41085
35344
48723
9354
37374
2220
15243
12409
40259
4810
24111
23155
11455
32212
20008
46701
20172
32260
23209
33179
31957
28209
10302
24871
5424
41982
5995
40719
42936
5328
26706
11121
40406
19888
33215
14437
21229
36568
12335
1
43546
42242
13122
31220
5777
11256
5045
12252
8767
39211
4792
24682
26116
8233
18630
21394
39376
43632
2029
22507
10877
43368
30155
41461
15105
11735
12347
45633
4584
37670
36501
37244
28575
33225
31658
1758
34709
5495
27900
14061
15169
20910
32237
10415
13679
49547
40940
30280
43404
1207
7694
42963
32196
10714
41940
27746
16555
25650
3401
20244
34455
41310
16612
43591
35690
28077
47133
7894
23362
27767
7382
47050
33990
7904
23969
21788
41755
13288
6347
25242
48310
11135
42947
15769
13815
47474
24066
31253
49743
45
5718
35784
2051
49306
21045
1653
29954
30919
31721
2019
28612
680
44301
25979
33572
14013
34457
42798
30757
6523
11160
7983
42522
14131
13050
15751
22070
3392
15093
11558
3587
38969
9606
41209
21193
29382
4909
15908
20867
47857
45930
47161
22631
23423
48550
21858
28773
2800
36355
28327
39766
9856
9431
9715
36067
13054
20401
19845
44228
42309
18900
22568
48523
17772
22755
34011
33362
7837
18279
2966
981
25181
7310
15043
29054
38639
18955
19408
28544
31745
10530
17161
26031
20091
667
38910
16242
46541
34723
28437
41232
15177
23486
14273
15757
7164
34742
28169
2145
31141
49989
328
6794
9909
48423
4079
12749
19815
3526
47388
43682
12203
26069
42262
41208
15972
5683
29385
1544
11045
7741
5526
35854
44865
13876
35919
6037
2296
14060
13919
7466
30830
27607
43669
44413
48389
26114
43872
35041
32406
15205
24615
47395
823
20080
11455
32107
49967
27114
24899
2820
45091
11730
24510
37813
43500
39098
39951
11010
38106
35899
39794
12712
44507
44916
1858
16705
43157
28181
26580
49574
42469
37600
428
18716
29620
27076
13794
47589
39726
34271
23302
25182
21655
32655
39285
2849
36805
34330
42542
14887
49740
35984
36332
34543
29309
3382
13325
31440
21102
32129
12797
49158
16329
37466
43351
42496
41826
20532
36967
19753
28942
11819
36300
29555
48977
38119
7760
1404
27097
49350
37961
39950
15288
27590
8968
37939
24802
42282
38568
45495
13375
32611
10378
48688
37963
25722
26505
40569
4724
28028
23426
10860
43097
35859
35514
33261
36516
24205
39159
34914
3826
41031
26907
42161
4500
19947
28920
676
7885
1829
6020
45401
5488
6196
1989
16608
9076
37023
21370
36587
40212
3223
34144
4869
33139
26110
9786
40819
8621
12246
42246
17855
30968
46010
37942
42288
8902
21260
45304
6740
27831
36430
41998
49433
36220
35372
9052
26917
31908
16514
16678
34972
26845
39961
44255
35687
47222
43305
5784
30555
28877
37554
17275
2287
7774
10116
1025
10545
21751
38435
5389
9802
10305
42041
5904
45453
19799
32707
24161
32773
43113
16484
45017
6679
17128
4627
1582
5259
37550
37142
19295
43144
48587
18017
29540
45723
8450
30687
35300
17246
33620
47364
42124
5681
22300
33139
20427
28032
22208
2263
1457
45990
16773
21367
27237
9784
11125
2943
40358
38489
27397
35136
16222
4405
26289
36048
49720
17144
15199
49707
18010
29227
13601
16980
33128
19721
2993
35505
12740
38753
27028
12041
48991
38193
765
23966
261
43933
42943
26044
35058
19963
8151
24592
18998
16857
48611
6979
32950
8680
33244
27492
31099
28568
33463
48280
13500
16811
42363
29039
27558
19258
12697
41658
28763
40102
21803
12666
48216
586
9418
18078
47122
18384
14825
1429
34140
32932
35784
9173
17426
12941
15484
20950
18189
7434
47696
39623
27436
25307
37498
49815
6972
6441
27795
8788
34150
2555
20193
14829
4767
8253
36190
47546
3889
1756
29939
40206
34926
3035
5520
36455
5875
12463
6025
33216
49965
44965
13001
6572
34577
5767
42921
2001
42431
726
13105
8538
42106
8071
23841
11392
11156
45678
31068
40363
1639
12463
31158
21434
688
36712
20040
911
31590
4486
11534
48442
42095
31658
44394
3508
31734
1993
625
16781
48601
41549
47470
36509
1564
20854
37560
18994
22519
556
3026
8225
45300
46303
33745
32071
24581
44875
19987
31917
49383
44776
36598
37245
25184
11370
11406
28653
22645
43003
23928
2157
7852
37773
41642
19708
13617
13542
34767
2079
25299
21744
35420
34800
8792
19944
11604
46739
46425
45405
29587
37483
42680
18927
43037
49890
13882
30616
23189
44023
23918
32060
11137
17974
10720
16701
16179
17380
45966
30999
15111
7880
22187
34772
17612
28303
42591
24289
6904
23319
8027
32197
36464
17176
19636
29313
31144
41557
42439
18820
41923
43168
38868
24426
1425
36422
6744
29745
38017
24533
40971
23272
45510
44028
39362
3413
5093
26215
9245
44488
4783
6948
15462
40128
9938
41631
28471
24398
43134
6172
30267
23973
19701
32216
20342
7802
44278
1505
9483
19046
5456
24969
10086
45391
36274
37900
35447
21791
23634
706
34831
43489
33566
42444
36904
23603
31895
3022
28333
41284
26752
47436
46703
37128
42383
3954
34688
45624
44430
41671
18477
19468
46538
1251
14051
27479
6953
46708
9270
47851
42760
24081
16183
19624
21669
37650
6468
16614
1840
25352
40618
8040
16457
19741
14405
4017
31011
37980
29515
43513
44775
38432
33983
34430
14676
24106
3524
8918
46843
13461
10895
41595
12572
2100
11116
19707
33813
6289
23990
12750
20713
11474
37006
45583
29126
18508
39047
29110
3463
19054
14756
22573
31930
34266
14959
26090
19469
43096
6236
24434
1093
9646
39040
35928
5084
30554
32284
19458
11392
15593
9027
24881
9369
26576
16056
26956
34987
2042
26808
20233
45574
21889
34022
49164
15333
22860
43604
26252
48076
41306
29959
41866
48793
17209
27579
1909
18207
1797
34491
47363
46658
6914
31509
23815
13665
40110
28331
27488
20280
39134
43610
26265
44574
16931
19129
21706
21443
14252
18387
3045
41082
15910
31926
29454
14666
9670
32537
48975
11857
44533
18781
49501
16198
45428
36474
28582
13134
19273
28120
7889
3674
7587
25161
26690
42835
46213
32018
255
4877
48542
17803
44800
2956
35261
33464
31391
42832
18225
20563
6759
34023
16721
42329
25388
17447
47869
34222
39490
12873
28149
47459
38037
5910
46290
47522
4533
5155
14440
18375
24226
40005
25651
2144
31102
43048
18038
49024
17254
40617
27537
389
20796
4983
37527
27797
18575
22159
3710
33122
11048
31869
15823
20794
4042
32757
22707
4415
8068
19322
2712
43138
30300
49395
23699
42249
25208
22401
43362
40681
38534
37508
2451
4041
47681
6779
31716
40100
42862
35701
199
31024
45699
3146
24061
16079
11489
10090
3577
3327
1355
3404
21717
45252
20209
24742
28269
28929
29255
34940
23081
48815
27787
12948
28478
28154
37580
11237
49061
32022
23799
36260
35416
12417
36693
41386
25636
34377
24686
22232
23734
7790
36649
3322
49113
38610
10369
23753
4078
15372
19190
43629
49933
22927
41426
24972
25932
14120
38742
8610
47756
30095
4393
41981
11884
44977
17870
11229
48015
47865
19878
21188
10253
11509
11007
37259
38865
17782
12546
45036
36871
42001
8166
7365
16603
42678
8729
19896
6795
26934
31906
43385
1268
15230
4529
14587
36121
48967
11281
38054
48029
26179
44659
27725
30781
2538
5638
8669
11225
22143
345
5775
37493
49009
31239
20101
41928
37548
1499
49741
38350
35863
21618
47046
6609
38562
25209
9742
12884
14489
20264
34337
39684
49561
47847
46678
8641
13605
14760
18073
15678
25180
36206
36403
18064
10875
25909
45160
2332
15790
49007
5852
11220
25967
5346
11481
38197
20834
41474
45042
17790
41959
40573
16354
2688
23098
22049
10780
45492
43634
41348
33187
11209
5155
38187
40333
37524
18917
49821
33173
25629
35322
16154
36805
11412
44483
36176
33338
19819
37763
3808
16551
35172
42831
49667
19937
46898
23987
47907
26606
3283
33498
48905
7450
1015
9578
4244
46946
20652
27302
23770
40234
40528
16588
38476
21485
12013
27826
3315
10792
49612
18367
33954
45757
5676
39481
21985
40556
47017
25815
24730
45119
23790
39686
18435
11813
44268
4967
34797
37411
16942
36113
44525
48517
21151
29686
43847
317
549
1788
41501
30110
49547
44966
8122
24471
15259
13083
32636
38135
6113
49747
35833
21875
47104
31247
44109
15461
9562
7258
7857
40836
20599
45093
3147
47865
6620
284
45453
4276
7371
9589
13488
5629
17568
5482
18948
15394
23090
17947
36409
30102
35969
13817
21400
29971
23090
35059
13264
31769
1775
19801
31053
5431
40927
46379
29968
1670
15343
3413
8283
29062
3634
32370
41781
16285
3804
15565
38128
18425
18079
47937
22711
8699
7320
19001
44349
8537
44078
14095
23915
33434
29881
15467
14800
46807
48952
32962
15902
28391
34610
39431
31638
25581
7296
14097
28373
16791
10573
71
36771
4253
17110
8442
8441
14101
26668
40348
36572
18659
35973
7510
43020
13818
28965
21823
46322
40863
42276
3702
25868
19212
10589
12475
32474
9425
42231
47483
13205
324
13661
19225
9950
48720
5432
26577
49579
41966
10355
6001
4757
5786
26363
10256
44782
39107
42962
733
40459
41717
25067
15065
9425
13799
4485
48302
3427
32944
47685
28425
26092
32869
44293
38126
40635
16503
23939
644
21368
32650
28493
23468
2514
16286
270
655
10494
30538
48957
5843
11460
46200
27951
46585
36536
4896
14093
24891
44585
32025
39486
7770
33426
41560
9077
6327
37855
45538
2315
25028
14748
31595
4889
47719
28955
21029
6356
487
23278
18797
33009
33218
25431
48962
38826
31806
24582
42552
14741
34527
37141
49218
13294
5902
31469
39015
7574
44187
1178
20461
47831
44514
20011
23821
29035
13694
32823
35654
39969
3000
28265
43059
8114
34146
37175
17471
8111
49484
34022
29658
38871
42942
24429
102
15618
21687
24474
43006
11327
12469
6565
38141
34337
3006
21362
20570
25897
6506
22090
2390
1149
47059
25231
48327
15722
12609
31956
37567
32736
12849
34726
21199
33344
11016
46983
29325
29859
36043
44673
47828
35967
20956
18541
20335
36305
16631
48070
46964
14365
28292
48519
40807
29099
38400
46821
38513
11718
21296
1851
44044
44455
12089
24203
23313
32119
24211
5998
12638
47662
301
38042
14476
33013
38670
10427
25908
35111
460
20965
16614
13354
19291
10967
1268
45224
26071
28208
49840
21544
13224
35817
16441
19162
24792
3306
11815
8574
23798
19546
47263
12142
19011
9299
5953
11799
11628
39809
3623
6685
3546
19907
17223
35325
33844
2546
18633
31869
48896
41702
36361
22970
22994
28378
28708
10826
719
36538
23651
14015
33222
18330
41040
8645
15564
23587
16188
25692
14803
11505
13185
18348
1394
431
26527
813
45450
43809
32191
43715
23802
31105
48720
2420
462
43135
20057
9726
40436
40205
19257
14742
16207
21204
42352
26806
43228
43507
45405
48193
42755
49499
21636
33944
24914
43051
19232
38495
32643
19236
11811
24587
18956
28209
35607
3405
45536
21980
16964
47205
29367
7603
6929
13842
2158
23998
6810
48547
17308
49489
2669
22438
9471
17119
14433
17948
24128
45004
21083
17477
4143
36319
10973
17461
813
25998
6157
496
20593
36920
3302
24813
2958
24040
16296
26180
14242
22818
46822
38605
8310
27409
28501
6976
42180
12025
33268
29614
30547
42613
20953
892
32868
22190
37912
4463
39142
25295
17245
27800
28917
4360
19900
14778
36958
14640
2946
5540
18208
4395
36485
28594
44217
18414
42299
47547
28394
38
13485
37115
19596
22560
22245
37457
25370
7687
34977
16839
35232
19994
25298
5084
38108
17006
45920
6060
4043
44138
35291
32143
49072
44571
2862
10569
3763
17230
40985
1186
24196
12236
28771
29573
12928
42906
15868
39450
7162
25302
18563
31801
23750
4999
10563
6198
18432
6760
7871
6586
36398
7221
27435
37077
27191
36697
8777
12350
20368
3734
14057
14242
15705
33914
37354
17642
45582
28506
12833
20189
19309
35619
36935
26783
23415
6823
15071
19656
16474
34661
20310
19028
33424
28630
35087
10961
1283
27806
16730
41333
32131
12508
44690
1880
46159
37956
36820
41705
16089
46890
36471
23538
3502
44013
32520
43523
16551
49334
9177
31375
30569
23152
21948
33725
41164
47124
42921
2937
499
39020
24298
42976
40091
20890
779
39781
27899
19272
5983
47708
1319
24638
40305
36223
13277
36623
8346
15024
34137
21899
35630
21104
18205
26057
3185
9815
12109
44359
18174
3104
19509
18314
37102
17151
18739
40135
40009
26180
42758
10403
10661
33980
23984
3325
10549
13061
10350
49403
30097
6274
46424
2656
37957
1129
31224
1893
45666
3357
35747
10094
38899
38153
14606
40103
28043
27413
28751
10257
40739
45656
23156
26014
30748
37193
41666
28127
24943
14496
9046
4511
6681
45506
28383
14270
31035
45070
34262
10693
36202
46740
38925
39644
3430
21927
29647
6064
2401
25259
15540
40703
17142
28744
7397
20284
19418
44562
31585
48929
4438
44178
47027
10976
43581
49550
14069
11310
21906
6747
13596
47743
30645
43369
44737
40524
7822
24552
22085
40345
13384
17209
5871
26106
29923
1908
28225
20799
44397
20327
1540
1139
14725
31342
31716
39062
38956
48350
18839
45648
345
25381
35337
48373
11224
47745
42063
19292
43793
39725
34998
42184
49408
33265
48351
47351
31016
15373
9198
35432
40003
24383
39917
7083
48699
21897
47545
44821
35501
19898
10971
6127
30963
11905
39887
35566
6253
13122
11492
22334
36109
22549
22183
15857
30317
7586
20674
5197
33770
39902
21135
36382
12670
42420
46
38090
39093
1881
9288
13120
32603
40131
16318
30570
10392
7272
44429
1233
44101
32493
47866
110
17104
25663
42474
10698
9496
13575
23440
40447
14100
21784
8599
43620
27525
15127
29822
47290
8727
31191
1253
32580
6410
9011
42591
10106
4358
9550
26856
28143
5296
11977
46678
8876
45398
45297
49097
49283
938
27445
15348
32596
21454
6443
47308
5916
15287
24757
23546
26617
2599
40530
12159
6174
23013
7155
48842
32190
38292
41388
1215
13659
21598
43547
8278
6952
23211
18062
37491
22628
32720
31409
47563
42569
36502
6059
26601
48612
32978
27040
41457
16617
43402
29756
710
32557
21016
32936
42652
26534
23431
9276
20587
31853
27641
33690
36182
28180
23957
37066
27730
11461
31332
12337
27046
16509
42596
28380
4064
6100
49765
23721
30502
29636
26590
2159
16739
39912
8989
18389
29245
48068
41163
25092
1749
40473
40616
22628
4342
30202
8497
30274
34295
15212
1487
25059
46310
18877
40159
9533
3371
38761
7981
16405
16698
27432
40510
3638
18342
28818
14586
31903
49735
15935
27539
44430
3766
44992
6026
14525
9144
42946
14867
13643
1622
28581
13452
20507
20973
33085
28930
23009
31007
7585
38675
49966
16891
47916
36087
39623
40927
40640
33251
9627
44430
35818
37764
15174
34466
1064
36269
30837
30887
30527
34794
27666
43334
25416
19232
6105
5055
30984
34538
12657
3497
2978
15844
1928
2508
48597
35666
24600
25052
7165
27476
19971
2033
29436
7922
20806
6365
10347
11797
42508
45857
30588
2958
46055
33333
30488
47763
24029
7074
22873
7749
14594
17655
48532
34152
1712
23669
48055
27822
9812
561
36563
29548
2840
44817
34714
12027
42106
13192
41727
26448
3833
27254
826
41343
8488
17856
45603
19047
8027
48505
3399
6238
35047
46945
45484
25766
38665
47166
42573
25467
14119
39549
18489
28489
38973
9650
9793
42509
38832
43912
19909
8895
10110
47150
43377
44682
34951
1640
26037
17422
44124
20386
11914
15130
12225
49986
22057
22628
353
7102
41717
20041
2872
18158
21423
30695
28575
46713
27254
41854
32845
5404
4877
35475
7606
35482
13990
4278
18399
17462
44540
28527
40741
23080
6755
14473
49641
4340
16898
7350
44863
36630
47791
21452
47028
6961
32115
18644
35014
15520
18726
39678
36975
24165
43027
25796
14024
10257
7433
36965
4563
8879
5785
18739
23963
21407
2884
36119
47208
49808
10284
27224
30596
49314
29478
23971
25799
20117
26042
14742
30986
36077
30876
30443
19195
22033
30115
27922
37266
23265
25276
21082
31535
48052
22410
31733
2531
27865
1576
24140
24086
2762
42253
20328
21164
9356
39446
14488
36525
46609
20948
46489
42919
10330
42048
48663
6966
33299
32567
3646
15772
17786
24836
43406
24988
44024
748
31364
2647
30012
41520
48093
15967
36245
48527
48844
33505
32559
30897
20847
43084
31178
46002
19733
34749
38603
36262
6214
38697
24580
38990
2671
41593
30599
26661
29836
26397
33878
7470
41539
2664
32101
26821
32524
42696
32891
37756
22518
37243
20680
37827
29430
28189
44050
30748
3592
7615
35694
38508
23551
16567
49137
31893
5104
20210
39995
45129
46538
25962
30316
9011
26601
11375
40570
35933
35350
11727
23394
40171
44065
36748
3303
16715
15290
43104
47790
49795
42305
7005
9414
21323
37870
16842
28533
30970
11885
16231
9861
33995
44589
16080
5325
26302
43132
39770
2394
6253
38109
25639
44189
30648
37489
30160
17342
27512
9522
42009
29153
30437
32761
34747
1658
2755
27580
37985
46110
17881
25361
18079
32219
22953
35134
17431
20075
25899
38661
7087
27636
36889
49657
12163
47244
16512
39962
672
48955
22176
5284
39305
34136
32473
7753
19995
26566
32232
26665
23959
20497
17807
47730
33883
11609
20636
27354
14560
30649
22722
15131
45375
19137
32766
16962
7991
13824
39271
42724
34769
427
3285
10925
26864
15383
19777
28439
1384
40526
16716
48154
11130
25377
2739
43379
48001
11412
31318
23307
13358
25802
11318
24826
47251
16968
47224
25961
2254
7272
30124
47228
22661
45050
32213
24854
17283
8967
33490
30714
26528
7910
12017
35103
39130
5481
28037
46630
11524
10852
11469
14340
46037
32211
18489
22781
9497
20402
40949
19961
49032
45490
46088
47650
19166
3885
19268
11142
20993
20205
14930
46341
29976
17254
57
16563
18280
12355
42136
42336
47267
1407
43493
17815
30126
1318
41516
30611
41913
11104
16481
37051
42256
19209
46972
10540
40975
14922
44172
23586
37485
42672
20162
10784
24273
14327
30536
6324
3867
49465
24821
42835
12893
38663
20556
41199
32825
47661
15858
18433
45412
41386
32045
34880
11450
27854
33751
46473
5620
37915
23305
36221
29086
21261
19099
22191
14419
36141
21523
300
3371
13134
32420
11629
28379
42251
8980
49236
47359
36855
5552
15661
4246
34275
23524
33976
31668
31397
12956
2076
24138
30483
13960
35162
25933
17785
7868
7649
41599
38921
22067
675
30907
9111
31755
27037
17001
48164
44348
28182
10898
20055
6763
5630
23264
21085
9428
16200
40186
28977
37686
18258
21631
2243
21147
29928
24447
315
30693
9096
27491
14920
18932
16579
40346
34862
6752
3740
1589
21726
13477
19487
19099
43733
31940
41584
152
42274
37582
44751
49815
35322
45157
19775
49492
17401
33060
3687
23886
44410
11880
26960
34749
35029
30403
10641
49579
25517
33003
10265
31227
43196
34241
25787
29166
49057
20224
24566
41370
21772
24873
43896
22237
24931
33120
36514
37169
29247
40012
35941
22819
5839
37297
43070
5904
47581
49474
49942
37697
2494
40592
25521
682
36893
22521
25791
41163
4746
41116
24785
8965
19973
21397
7259
43380
42118
35469
49005
30373
42066
8974
5257
24791
18931
36608
8399
29228
30563
4753
43370
6956
114
1705
15892
14877
23746
35530
44148
18304
49533
43822
9028
30431
11486
8305
25272
13980
31259
9847
6096
48141
49683
6177
13375
27475
21396
28896
14807
25430
39694
5088
11855
21638
35856
31436
32593
15791
15986
20792
35763
9690
31058
29901
44740
10153
10176
4803
1907
39476
23826
21692
25329
49890
10949
39600
29813
12514
48927
34410
25338
17262
37401
43007
7753
25041
18633
43626
18371
44340
6595
7353
17137
48144
2248
20984
27708
11721
46448
24812
2231
46250
4041
6898
13043
34620
40530
37684
16919
1083
29412
33212
34792
11307
21949
18062
34432
9209
16342
23668
26505
43006
18216
3151
25718
46216
15744
33752
3957
30930
27475
20084
36310
28315
20791
13023
41092
23231
1784
35865
5702
48854
17856
40315
1620
48955
6961
7005
7690
23471
10110
8605
4170
13175
20388
5696
27798
43936
33502
10745
4597
38900
39093
3391
47997
4669
36220
12456
32176
34415
23586
48422
2382
48045
13104
1349
18056
46237
21133
29726
19379
35213
11014
8071
43701
47511
35498
43699
49765
29629
6806
14227
2764
2542
1957
2361
14701
3101
8308
47723
27297
12828
45443
26611
48744
6948
5930
30114
37330
27701
49420
21596
4686
19127
41901
44081
20289
33463
27868
21381
20846
3173
46210
12860
43560
918
38659
4742
12739
28456
44396
3105
9399
20991
25734
16225
28959
24533
7212
48537
44760
45547
46072
20157
12107
17320
13901
46226
227
29235
32544
23063
34064
45950
28441
27115
39921
9385
28641
46929
28279
35330
43535
29444
47428
44229
3130
48735
6813
23140
3801
17081
38761
27745
47340
21823
36612
21362
47769
47572
950
47081
25193
10854
47519
32113
16805
34296
38957
37629
21890
17745
34483
16732
46107
1200
9700
45387
29143
21326
37979
18506
3913
9198
40787
13461
25181
24552
30470
41737
42595
4414
20513
38057
24299
15330
40994
1737
40352
28362
3506
48764
27041
4166
18438
48940
36281
6479
18753
9542
14408
42954
6055
34773
26226
7000
43116
30696
12697
38154
47942
14911
49366
13886
10878
41824
4781
15563
21458
36212
38202
39607
25959
137
19155
10871
38662
19555
34269
33206
48393
47928
36084
42179
29349
5891
40941
33227
35282
34903
38685
22950
42911
38858
35291
36147
12467
36542
48775
19363
48714
29852
10859
4660
26415
7922
22464
38956
12897
13062
31962
31796
24481
43216
19482
15535
21812
10650
23547
18087
35695
24722
3696
16871
22912
37573
17685
30888
32231
15003
13288
13890
3755
8967
1548
41820
4689
22209
7072
40613
47781
23247
13182
1658
48133
8471
30762
31807
6837
37921
22650
12349
20052
27863
1073
38866
27491
11471
29874
32525
4734
23973
19944
48963
18522
16769
18920
30607
14152
12153
47480
38038
6562
23162
8978
46708
22097
26938
3589
46479
38414
40107
17250
18808
20224
44273
48103
29064
3757
46643
14627
41794
48237
33637
10287
27676
40112
22551
11911
19908
1755
10159
42378
27586
42963
48862
44984
40493
33228
5252
28098
48380
32034
10085
11020
15392
19936
34073
42155
13835
23442
8307
1681
34081
38139
13004
23514
30789
23398
11627
48895
29067
30878
22063
7151
28181
44530
8437
14154
25533
26260
16141
3388
7908
49462
36903
544
23266
20886
45164
36719
14278
1738
13326
43190
22038
13489
16236
21153
26857
18487
38459
13576
22038
5871
42366
25796
48195
33505
34810
6888
13238
21013
4424
9692
46516
9657
22866
13294
34329
28669
5975
47666
8338
26123
2110
18222
49588
32231
30584
35662
8814
23526
8865
11097
39734
16372
11644
25019
46945
43512
28044
32574
25256
44359
14395
45600
47243
48153
21985
21284
48054
24493
44557
42241
43974
9578
8884
3523
44837
42416
39028
24228
48721
41304
48438
4403
45698
23846
19287
9763
27418
39433
28236
11361
10452
16930
28723
25043
35880
8269
16922
21637
10686
14958
32988
39965
49759
32313
37997
38212
10410
12819
4306
38832
35228
49860
41079
31625
23468
38129
41780
10863
42593
31474
24446
7461
39820
36487
44514
28511
13735
10201
34633
23986
13364
13965
8148
11444
32757
23434
11171
20349
5186
34595
31942
7701
22548
20863
37259
43274
4271
7764
49469
48004
30023
1981
46749
8050
20368
2971
42798
31799
35836
14737
12133
12504
25427
25384
45035
39103
4315
19783
33773
20516
15504
44730
5591
6200
15538
31352
14469
5800
7307
45312
44126
9419
27319
46178
20496
38290
46762
30299
5424
7943
29684
15850
9900
12538
25980
3348
3006
18383
42477
3647
26940
15388
19112
4931
32728
47380
25890
41508
5599
21056
48977
29421
41088
3577
30700
1765
47163
18557
33103
12348
41832
25189
5535
37382
23606
26610
35634
45677
16605
37313
13235
46249
17699
14582
37883
24585
21427
2482
20529
47017
37352
7305
2712
39185
23998
12407
44859
24067
16811
9482
44775
25257
36679
23210
704
44809
26093
9610
531
7109
42081
43347
21778
27547
38729
37208
14316
16853
24769
27110
3556
11953
27174
35533
12052
25835
19155
15216
10056
36200
32302
44622
7011
47705
18039
5174
13304
9197
47468
7508
36775
47263
16194
26228
27474
46771
41736
14395
40216
8336
30317
21506
20160
22785
35832
7700
14426
282
32181
15151
16186
24598
34607
47100
35590
35053
29337
12973
33633
8720
29229
21210
36756
37278
39216
12149
29429
6264
44920
12052
1573
4400
43729
25993
28330
5986
38341
35060
1930
26827
15468
46885
44825
7910
21101
19097
7698
22240
30
36788
8470
39934
13715
23164
43343
8487
16920
3694
1899
33525
8708
27643
31164
7474
35043
10303
16604
2048
22243
43062
29329
21081
32841
26519
40050
49070
25099
48740
6716
31286
31765
39672
47282
49214
5474
33846
35718
28670
23219
18184
24408
42009
29571
24867
30586
41450
6806
41196
39227
39691
19789
27836
33401
46723
18555
24412
42303
47626
40781
40368
23551
27989
21320
33981
46071
16734
28084
44803
10843
14564
4423
40417
14656
22440
47506
12033
20760
46769
34497
6202
15960
31620
46270
22833
26924
22739
37821
29949
11758
1133
3218
47512
16266
15243
4945
9150
41319
9840
39295
46200
31845
31484
40594
10926
32146
299
7477
17498
13610
2782
46714
42001
46246
49202
21871
15870
1761
12855
24388
3012
4948
37069
5914
471
23726
29381
31104
26852
10737
36454
9860
7573
31793
29220
33587
17170
23936
21828
44871
8130
15810
35992
30691
10750
37995
39084
23377
3749
8041
43307
21338
2639
19995
41712
44797
28074
12692
8044
8391
32825
18053
4982
14638
37600
45698
21132
20455
13195
45056
29660
879
8551
25144
17244
29059
36250
33438
10620
37929
37792
23706
16437
45507
42866
7983
30810
48205
42810
41753
31063
13014
6892
12246
30983
24222
46052
20161
18294
21686
46758
41807
13455
45023
3348
33724
18579
18479
31948
8400
47017
43949
9425
43843
38320
48746
32234
7677
6331
20404
11124
44804
486
34033
2085
48881
34275
11010
40356
5068
29703
20818
15553
13422
42562
17393
40357
28001
21983
1184
32185
1665
40808
4812
47047
37101
45972
27652
37862
13024
19399
5176
26867
2972
35606
12511
6990
30486
33803
15928
6658
28164
27877
5345
14129
6553
49320
19228
34632
12193
15981
13610
19753
31991
36498
42503
1082
24305
41084
12819
15058
27678
14915
21884
18770
13001
48191
21438
24221
42880
25222
15063
29478
33361
13232
35794
46012
26000
41261
32689
46472
26235
5455
36707
30698
8392
46006
9298
34091
37388
19113
27196
41275
36907
3160
7088
9411
23156
29411
30876
3006
45741
39206
42778
8440
14008
45740
7791
48173
24865
19738
22852
5618
31773
12403
4515
32629
22568
34671
31699
42210
29829
44106
47845
8078
43734
32000
40970
34363
34713
33163
40303
20417
8908
10352
44455
38029
17181
1823
40954
42058
30496
31851
35002
17593
17490
29385
39498
28215
2480
20959
41354
37016
33476
18383
7794
33750
45301
1226
47675
45338
13080
40026
40821
31306
21826
6123
19286
32445
3327
4978
34017
3225
24302
49914
18249
5698
25296
8133
39392
21658
11455
43965
9321
12055
32977
25452
10354
29798
6859
18267
29116
11165
12597
39031
8101
11351
35269
4264
6411
9309
30620
5924
18080
47414
29310
46265
10787
41279
42800
31668
18414
10336
49315
23272
48184
8430
48345
4777
23505
22085
16434
13034
2312
44875
47309
14185
33979
19063
24156
1957
36996
9470
28297
35667
45939
49837
46539
773
18293
9224
14338
26412
25870
26358
6008
42369
23942
32525
20639
3336
40217
31335
10934
36693
21833
27662
3600
35923
26415
30124
37582
31080
9975
24169
40234
1645
35200
10861
44222
17160
45163
30703
16393
33102
2416
17773
46947
27974
41372
4868
3826
35477
13885
38808
21438
33485
48910
34655
46911
12396
9287
38519
22669
28097
4177
34233
24842
14877
45481
15960
38360
12485
47742
25351
30580
12136
6583
4752
1050
34399
2408
18646
30702
14289
30742
35902
12621
47084
18773
41274
43148
21664
18890
15324
49388
43504
33616
4168
42952
49904
27575
42587
48539
11954
18686
49023
4834
24922
27082
3103
41213
8252
8175
35256
39655
4900
14752
28139
40175
25681
43179
12339
6896
14573
20770
21843
36518
45506
10059
4315
42285
43482
17836
7265
38097
32007
35444
26025
36213
37027
2462
21239
48909
37174
49348
33599
32991
31326
28320
35803
44641
17073
34390
4411
43976
20182
34795
3410
4203
91
31118
17519
12141
36948
22047
6912
42001
44730
46317
23989
25716
4096
30725
10286
31065
28267
15641
12482
14919
14587
89
29992
6169
17949
28633
14146
46049
20331
23700
21847
30311
32840
46547
41449
12922
44677
49854
5340
43667
30513
44247
459
47643
21470
49781
25357
47010
25938
8004
7412
15400
13049
18248
21282
29592
23834
39675
49605
49513
2458
23021
20242
21376
9276
776
17266
38274
26908
17377
6941
27147
35786
8611
10589
104
32906
45739
25653
36673
22817
46311
31698
14287
19905
1259
2765
3987
40456
27473
9890
12935
20135
3075
2233
49259
48077
47282
30659
38257
18591
11487
17411
49821
27975
26455
16230
639
1010
34125
46334
46594
7591
40668
4166
16900
36359
5714
35915
41475
11893
39414
1608
25924
16938
40300
17821
45220
49368
45198
785
48841
17926
661
25497
49155
9564
31986
1599
24811
21436
32574
48061
1811
43292
20657
44308
42976
26634
25662
9536
15008
46337
43103
25757
14986
12988
24046
19720
46610
3418
24483
38501
5163
23714
20095
30376
26095
35068
37933
41477
14963
17273
12281
20247
46198
15197
19712
41812
44825
29354
9196
3881
37644
35424
32651
3990
36586
44779
7903
10925
49730
17882
46601
33537
3092
25529
34153
5898
38950
7118
21332
43981
36485
5903
41504
42152
41862
40887
12787
18248
4536
27316
48750
38317
48302
30141
27066
28241
44734
21118
22835
49410
8820
16598
42715
1155
7763
17513
11261
24917
2698
32776
5264
2865
4944
2204
6339
38709
18828
25786
44992
41356
35058
40318
43884
30325
43362
39390
42144
49360
18595
45985
1030
39936
9051
27905
9910
4726
4067
43057
48306
31571
22789
165
9653
11317
1952
23561
21708
4970
38673
2780
48838
301
45450
24127
23079
1506
41635
29432
47790
3452
21215
10932
22558
12560
21729
7947
48008
38335
42919
32278
29635
28802
29046
35618
25413
20514
37368
32791
27326
33110
36645
23823
37671
16792
16542
23788
35067
5188
18769
9356
14342
37182
22993
747
4806
553
1868
6655
7025
30532
17488
34188
27718
32870
43841
24286
18521
15846
47069
22936
3143
35986
20239
15259
14690
32405
25355
24955
24601
8316
41788
19197
30086
42803
21837
35090
36008
44847
6326
39411
37453
37208
14079
31235
10701
45417
16015
36873
23260
37386
26547
46745
39090
47802
4381
15949
17974
8568
31842
28415
22168
21170
27234
33550
28011
5641
13519
26684
31793
5047
20342
24916
42696
39309
6940
48801
18215
11336
20406
8789
32257
12858
12774
6287
9695
7070
7540
21873
4649
539
8545
5536
34625
18625
6655
2567
29812
13498
47198
312
48247
34919
34207
30630
22322
41650
49273
34780
32605
32239
49100
45325
49465
25198
33474
498
8133
15388
7798
39589
3535
19082
38294
34779
18170
38828
23451
29976
5515
16242
44853
46493
8926
40797
11789
21855
791
19691
2665
27961
42835
21693
27182
41012
39118
11072
36955
40349
4808
16669
866
8471
40587
20604
45850
35615
14241
11054
41140
12767
15282
36859
4589
37757
7653
10176
40796
657
21129
22521
42052
35533
152
4490
20938
49716
5983
27938
41683
16052
43372
19048
15551
28397
35878
36379
8186
16911
11900
21012
39356
38349
23829
29482
41473
41045
13942
33246
5831
44979
17916
7028
44335
25412
26105
17460
1363
39732
34980
31023
42686
11155
48255
32010
21419
44800
45842
9459
43329
32524
38072
1752
5897
42243
11351
36692
38458
30559
38797
13070
4685
36458
21689
27972
45451
944
40641
26320
5006
46045
18971
28591
12140
26218
46354
20088
29264
10061
39607
26843
9974
23450
27080
49774
20243
23627
17033
26755
8575
45549
24734
33022
3419
34011
36953
18881
617
5557
6172
28497
49869
23229
42859
37650
41854
27813
4306
30921
37043
45484
26556
22261
30640
36451
36257
13409
25448
33445
7253
6435
42346
13636
32418
3604
2409
37
9859
30040
35257
47438
35986
14239
4913
12430
8310
46655
12229
11680
48761
24285
6059
18902
43081
32304
41647
21851
37601
45240
34288
24581
3529
28653
42503
36810
46976
21213
42449
31236
46876
6634
39686
34693
45988
43089
9238
22878
49457
25586
36989
47580
33809
42360
9887
39075
29966
7194
31950
15513
43190
13976
15914
46304
3425
44701
1285
40975
25698
15789
23460
616
15162
19286
8814
15954
42566
10813
26602
23537
13025
15
20006
17125
23098
22718
35939
11186
30738
45642
19840
14669
40202
15189
2005
40456
32859
32365
13045
40427
2532
14552
9922
39828
33842
42141
8046
9102
39963
42416
9985
14438
29571
16810
17524
1155
31356
23598
40713
37456
34247
6047
17126
21882
800
20819
38813
12378
13168
2568
26221
10428
35922
14401
44142
9740
7655
45079
12308
2002
18254
32503
23016
5707
38352
28689
34621
17954
13682
35377
11323
16796
37532
32112
12059
11730
8209
45082
41583
3458
49605
27002
522
23627
37532
15006
4497
21003
12445
15292
41696
2543
36085
7799
12829
34487
8331
16094
22509
1843
31031
6479
46054
33606
38333
12346
26253
48743
723
36942
44330
29031
7888
24721
13049
6438
38539
40248
10781
19063
2312
48905
20314
30357
35685
40860
6804
4377
41066
45998
16433
41783
15178
6620
13302
32020
30132
40444
5908
18077
33208
30774
30463
39566
34823
1216
49459
20125
6298
45485
27074
34178
79
42560
37018
13540
34334
24868
14012
1072
44911
22664
24520
44757
7945
46694
4985
48002
28488
28362
37305
9546
8681
25995
21607
13229
39322
39226
44136
15202
30980
23075
6350
33068
30071
24219
1843
1852
35780
33348
17470
981
6533
3045
24391
3760
45804
6994
11900
48935
42620
27572
10441
43458
42885
48856
37690
31686
21122
44004
6088
18071
39079
11680
14225
35830
44784
3260
914
33388
42246
16536
29589
40677
22616
29316
10842
22476
16606
19043
46643
4944
48017
13847
12058
16663
44726
39393
38113
2598
28797
6697
35900
30348
47290
35440
8222
2381
36586
26711
22308
29061
1773
36599
5678
38596
6500
13706
12613
7468
23406
24109
28475
40300
16986
47787
20176
47095
41452
40829
49144
27512
465
30795
38199
18750
19802
40688
23444
21377
17610
23328
11164
22961
30062
22606
10613
30250
22835
43952
36784
11053
41335
19191
17052
2095
14072
38693
15800
1439
4166
16988
48576
43215
9229
29243
11348
3684
27636
27411
46396
23373
44972
35160
32010
23966
40834
33197
9228
35356
32400
12610
13197
16894
35876
47933
30339
46665
11196
44934
35295
25035
23697
5609
37599
22426
17947
46162
35170
46705
44788
3183
23699
39820
7935
41289
47583
7154
2104
31863
6124
42840
6167
45310
48075
38
357
46736
25119
8092
14512
45736
26042
10791
22570
44429
40941
11131
24645
14756
24974
22938
15388
5856
36168
45715
34348
36746
13058
8886
3990
19169
14546
37683
43576
4554
8185
41333
33127
49947
41455
10653
42411
48767
7306
3635
44911
43132
5561
42702
48459
25023
598
34213
28519
41731
32087
11878
13561
4197
47923
11242
12063
21267
12082
44267
19025
37698
13138
19538
26758
21209
38594
13176
28931
33056
36589
12654
17069
17198
44738
14635
17557
4200
2368
47732
45882
29620
40892
32398
33165
46863
49454
38867
1866
8031
8143
7847
34584
21861
29567
16597
26616
26364
43213
16428
2335
17809
35822
22305
6048
1296
33243
31394
8222
38450
8093
29958
48847
35713
41344
42671
8594
12992
9166
16820
33785
33242
18671
45968
28444
11631
36383
41004
45767
37029
35070
36437
37676
12752
30878
19717
15043
31406
23060
3209
24693
411
31840
17210
20166
26065
28701
20420
2584
22040
43713
30070
46535
19605
24638
10271
39431
6670
15059
44021
36091
22479
12727
11457
3397
20234
9448
2726
40185
8677
12996
3705
31416
4816
24437
19364
20829
26055
23118
31433
33809
27658
22375
16199
12576
41145
30232
901
45800
40055
23497
5763
31064
11470
41076
23585
8781
1622
48166
32265
16929
11885
2306
9668
14819
2151
25841
38353
46714
30756
31513
49530
8192
44018
14499
29116
3486
32374
24274
4252
42178
21715
19333
30831
9038
19556
18396
3040
34506
42909
2261
523
33498
26954
22889
22446
40911
26104
38769
17057
21766
2844
560
309
13336
46151
4324
30476
9176
17502
29465
23640
4521
28296
30826
12795
13260
47896
3131
9977
16647
26869
3680
43096
41574
20107
28053
32765
9057
2430
35510
4829
9050
40423
10670
28964
47995
31869
5554
12792
47417
6258
39560
39668
42007
13589
36864
2851
15391
33179
12993
19497
10713
20880
36335
38603
23932
10665
44268
13627
18436
13144
40198
38815
1474
11080
34995
38432
4612
6680
29338
26048
26096
4484
11300
3577
31965
7598
9751
8887
26705
1095
37108
24832
13633
30703
22317
18535
9975
44039
23466
3070
34619
72
26269
5614
41698
38943
9126
5631
2251
3757
21213
3781
29627
20228
46003
12186
1230
5494
32940
10361
5461
17013
21173
16326
47159
16866
28107
20286
19735
3246
19985
46117
15035
25420
23321
35734
19765
6280
39824
3751
49762
19232
38855
47455
37761
24222
355
48281
36332
9980
19142
20406
43806
4414
3459
36536
5623
7791
4916
46930
42913
26090
26603
13712
47945
38893
11910
30265
11769
24025
1418
2123
39349
30742
39025
25955
16348
7587
36307
10730
44160
32280
40381
29622
23915
7650
20695
36843
47845
30828
43922
16953
43939
46441
45382
37431
12723
26139
7944
3774
33570
39581
12547
13281
30092
16696
20644
27857
8242
25034
37087
24771
8170
7722
35913
46999
33108
1942
20157
45711
16940
12518
48726
13617
49611
6268
23730
44023
22794
34214
15347
23233
4525
28549
46957
35250
16803
20933
10679
13347
1950
46229
7248
22733
40865
18313
33628
13696
9363
48759
6610
18916
26256
40669
36598
32115
24719
45914
2018
29042
38936
7
18520
15498
7170
11422
11728
4932
29334
45848
25519
24166
43782
34187
25466
1922
34198
42495
22652
37425
18817
41965
38757
29667
28041
34706
37698
14201
33414
36349
28373
3711
4834
30631
3544
8139
7619
37654
40747
37298
30182
12548
4312
19603
2261
32093
1855
10403
14489
38464
39137
6998
6828
44281
31688
17207
18743
12940
7014
30027
45067
37132
8906
47941
49198
17348
39705
584
38324
11242
2428
23525
29345
7323
12431
27893
41338
41137
27921
37193
2793
29007
16388
27451
33365
43250
33637
38574
16238
2270
49179
10609
37297
36029
47127
24755
18698
12930
29397
8492
26774
13418
7966
40433
31205
21274
1966
27922
26149
20296
35811
6777
17837
25427
31668
4213
31963
3962
32342
45822
16402
16730
7159
9692
6735
12615
37415
3806
557
34648
16573
41540
17418
14055
11587
49543
13719
35638
48925
48732
13577
35728
1268
7474
33092
46048
5430
21526
20984
9234
15751
41568
34512
33127
17829
36149
47158
17161
22321
20488
22274
14597
34261
48010
15802
41064
11867
13112
668
22553
49425
15603
3804
10645
4405
40763
2051
10324
1963
13093
34756
36138
26569
28516
16782
32390
15527
29050
49698
38235
23322
4466
26104
40427
8532
1416
35594
46309
38925
36528
23703
11541
4039
41833
16486
30655
9408
34083
36002
21732
33295
19967
4141
45211
24449
47775
19885
31020
45009
22658
36442
27664
49486
38751
5302
5308
46490
14989
49711
10487
49606
43441
8758
24189
17171
10653
18353
11764
34478
41555
48817
5905
27304
2033
29596
6082
33050
1773
49601
11874
29310
48888
23151
25414
44784
7427
17191
4599
12931
47137
20447
22376
26172
10581
27208
40412
4673
46507
6861
19182
30317
16378
18620
24202
34245
38023
44583
33655
42818
19662
22939
42173
19811
15977
43483
49510
31598
7503
27279
45330
5388
12466
24347
41376
47674
32873
29047
36932
18314
930
9714
36215
43945
31635
48655
4310
33600
42162
23964
17273
9222
2657
29633
45178
10907
19578
15367
17566
40929
14279
13644
48910
31833
31055
2329
43749
31210
17600
34142
16929
30854
12501
30571
49703
26707
25375
27627
48841
28571
33218
30499
10451
44895
13483
21703
15235
7065
11373
13623
37879
46889
23022
35363
11916
30912
36248
39794
42364
38308
28084
15444
24350
46288
39035
11845
27307
25721
30968
11409
21220
24509
26929
44925
7763
48885
3898
21550
48605
24308
17839
25928
40999
13764
7240
45148
28518
30357
46618
20665
356
2455
33470
5461
34190
5749
22152
1341
49804
49235
4510
33915
847
19205
40966
7552
24953
7061
32223
33410
31600
16595
23949
36795
25213
49646
4012
3638
15535
14778
22627
1367
15573
47492
31566
4769
19390
10282
4550
5057
10341
41241
25916
48247
12432
10229
13151
19455
1985
22838
40165
8160
7221
34718
13093
2543
43627
34021
20395
31163
21338
25970
48679
10887
38698
42986
13738
47944
31934
25361
4985
3178
47961
9667
6
15021
35977
13168
44583
36037
12755
42550
17195
23794
40385
45103
28671
11713
26681
31738
10909
34772
10174
34576
40596
31546
44645
45749
35257
42866
7811
45514
29393
41119
34861
15444
48306
19951
6433
48194
31618
47955
20038
47792
7087
17289
40650
34781
17648
44170
6283
16326
19700
37577
530
11065
10975
411
9402
24984
15984
45794
32585
2435
39854
47852
10162
28577
23899
34810
33248
17502
41091
370
39717
7047
45820
37004
15113
49059
22685
41559
32
49708
22182
4033
24509
7565
4237
6093
39732
7111
6931
21150
44709
3332
48502
556
1098
41147
49067
36330
26116
24687
36186
17653
18187
42915
32815
25383
25271
33239
43157
18062
10793
16859
46949
9760
32019
4247
16554
10971
34742
8580
36501
23665
49160
24483
37631
37227
49417
34343
3674
29745
35731
11212
49590
41659
6079
44861
39117
8268
10405
37228
35508
5900
27136
27000
47940
4409
21459
35995
35181
43035
24584
45654
29113
38543
15670
38528
42580
24270
6526
44961
37832
43752
21356
1410
18555
25483
9683
3712
7844
1472
27283
12898
10711
844
38899
9455
44929
33468
18458
8913
4907
43797
47840
5013
2900
37736
32036
16354
46632
38997
13249
41280
16675
32431
25423
47109
15832
48694
30204
34791
26474
44154
10288
8944
29412
37321
8502
7534
6397
48522
7941
561
48757
46778
34854
2737
21082
38046
29438
25657
20942
11381
33161
27256
33159
18711
43868
42327
10781
36496
611
21429
25303
24713
29023
17868
26909
47476
13851
17778
19522
43776
14970
24114
28513
27520
4891
41832
28004
34432
37392
36975
4404
26573
36770
17423
22847
42254
32163
3603
6329
11494
36131
7818
230
14554
960
31907
12270
34196
1613
19601
5207
30469
46342
23895
12401
6535
45400
19201
19659
28584
406
48733
24038
2911
12131
19789
35273
36785
15974
9518
45772
36901
25933
23122
35632
10781
13801
34754
46072
36832
40361
38530
41369
31450
24773
24834
9148
11681
5253
17234
16899
19086
6123
93
31312
35082
4672
30010
3175
45208
46796
6498
1787
26804
22573
4953
9862
37047
46887
6715
27753
27716
33362
25699
7052
36275
19262
36756
25481
34722
43044
20559
8325
37607
818
18702
12274
48931
21792
23283
16231
26540
17372
43613
17719
10371
22726
31158
35306
48708
27689
38951
11650
25175
46641
28788
20023
19052
12315
32534
10704
29844
43309
34977
8360
27024
19791
12460
12465
47132
18126
18294
4576
47718
36636
33506
14853
40974
42753
35292
18868
9985
49040
7835
8066
46049
21552
41854
37319
7470
13623
45986
14978
21618
5221
3920
49569
45452
11825
47457
3360
40160
18352
3975
86
16259
36813
47931
10313
45187
107
48876
45609
16932
31027
34658
44663
30041
31615
34797
48462
17162
26128
11905
712
16026
13798
12739
30627
7390
19240
18181
26833
30862
20331
18098
41086
34140
33023
35051
37876
43363
20680
25922
24080
48404
3646
23334
43683
9624
20391
18607
18960
17176
37483
43591
46875
45005
19246
47182
525
28607
27707
30610
894
16141
26879
41082
26386
23826
13589
25302
33021
15100
8248
2986
9090
10541
46861
30931
40781
25680
20466
31900
6697
49685
25954
49399
3178
46432
6200
38101
47936
24984
31845
24587
1042
11936
47888
905
28428
26512
16080
44814
20308
49198
40879
4054
23775
12001
30123
18963
23100
22150
40982
25617
21320
28189
33053
17248
9167
44743
9163
9695
35906
25259
2154
44408
49937
34119
31836
12763
20217
19796
20724
45236
47904
30440
9014
18653
37402
2961
36240
27963
12311
10889
19825
27560
28763
39816
19343
40405
11999
2043
16706
4773
809
28539
8876
45353
15023
34313
36506
21783
39549
6884
11665
24608
41138
49308
8226
40377
27269
2367
21509
43933
17546
23578
34711
49939
10212
4352
16557
33002
34661
13904
14167
13696
44059
12523
40223
38775
34987
8875
43187
1629
21425
2982
253
28461
20142
20076
43527
17347
12530
442
6758
44685
5370
28480
14557
38790
38091
41871
26789
436
8811
6391
7874
48413
23466
49306
25950
49416
12009
13634
46753
7288
2416
38306
27754
10960
6563
20625
41194
39282
23551
19990
21668
49571
4555
41381
45787
41301
18110
44318
42517
6161
34056
17832
12870
36245
42765
39682
11492
10326
23674
10471
17361
40194
49217
43080
12545
47243
37211
20810
44317
6438
25402
718
36370
2286
30028
1319
16532
15749
9614
18193
31684
39736
4141
4366
42191
24045
37587
6474
2710
16227
29975
15392
41389
10659
16014
26323
28279
18748
7276
21466
587
36850
37553
34315
22177
40836
40335
24625
24421
40553
28074
43041
18924
35964
17408
16102
14429
22363
4095
33010
46358
9224
26084
15642
48633
3207
12199
4324
19260
14962
5858
48005
36203
8071
10157
30612
28157
12300
32483
23467
28652
10485
29655
36012
37076
20216
32690
18706
25641
22516
44848
44613
18176
45491
44883
38254
4121
3484
4873
41311
7660
5141
14830
49744
47283
27642
28491
39708
4751
4290
41046
35157
15666
46192
21090
38773
39520
16391
13717
24971
10782
35674
278
2065
46036
43044
9912
10441
45459
15912
34493
15775
23833
7301
3599
22864
41064
36399
46989
36112
3305
44761
48178
17407
30462
30573
44793
31893
28549
44595
16622
33564
8232
32082
3948
13498
42162
26905
15480
41011
37366
37581
14630
31630
17457
9553
8071
24438
8616
28487
25885
20176
26859
20140
8055
11123
12797
26086
16578
28983
48138
23261
41664
25716
4691
6842
3751
677
35263
3401
30465
9935
11658
29595
23956
15582
37138
12561
11856
48391
136
30522
21018
17565
17288
1844
19470
22499
26157
14991
19003
6512
15015
19258
22840
36111
47429
30407
23167
26745
31503
21161
43993
5541
11262
20112
26343
23437
34616
23120
28277
12894
44297
47035
17119
26200
27591
42943
28032
28591
30426
19578
43581
38232
19598
12130
9338
42500
1077
1164
2162
21692
7095
33055
748
32711
39295
5371
19653
24696
24357
3633
43435
27445
43560
11046
16706
3259
20734
19014
15619
35983
9028
31429
39602
22532
44527
40552
39358
15494
9100
49621
33571
44906
30336
1779
46270
37546
8171
28440
45259
24591
32223
7910
28618
40298
41504
34883
3960
13103
15189
10656
10283
24911
30707
15009
39000
46551
47443
2617
13505
1369
49748
3419
22554
37784
24138
44501
41404
6780
24694
20152
29234
10284
47317
34478
7800
40702
46888
33300
16683
22534
23085
829
2324
29827
6581
23070
16909
32574
49373
219
41891
8648
16633
16110
48739
40505
7863
17146
6337
42969
37533
46595
2313
4972
24511
37689
40187
31718
9791
16266
29392
27553
28342
17317
31892
18444
46100
30638
39464
33532
28635
22309
48173
8804
36167
7062
19022
25440
38407
44197
33608
21273
36139
45436
25677
31433
48299
12138
12880
44077
15587
48098
38992
32110
4904
31404
19935
42291
42581
669
32384
15774
46486
31554
39924
41979
9210
45549
47930
34063
20195
40345
31365
40312
1006
40287
37787
37198
4641
39032
41347
44975
38657
11667
7510
16544
6837
1756
22560
31559
26056
7297
159
23945
48885
38377
40840
32030
45120
9496
14469
309
9408
31780
35097
6455
39858
8056
39142
36530
39926
7917
42424
39861
33469
3293
27815
49512
36371
23160
23179
17331
137
15315
43244
11326
30308
47049
31744
13850
380
26144
28423
40429
38276
16050
46369
6329
43586
49446
34821
20475
27046
36813
17809
36474
44474
31158
28336
40697
17870
30279
25815
8724
1509
45395
30019
44960
43225
15984
44505
18913
30303
18675
42735
6434
17742
48257
24478
42965
18345
48746
47105
31677
25398
41578
4298
44039
42086
45588
14127
4204
42931
33938
29856
37159
29638
156
5213
4784
22443
40072
2932
30860
21113
3951
134
14486
38687
40690
35539
5731
46708
18773
33597
10653
27143
46905
23406
2610
31239
3238
32624
15439
25089
6251
5032
18810
32121
26114
15195
31207
6834
29722
38936
8141
40173
11924
24561
37155
41858
18882
19004
32564
39153
36863
32290
5382
33336
13317
40563
42220
16248
18684
16331
29811
15205
45888
34260
8084
4618
39039
29736
47918
13584
20048
25354
9225
15947
6261
46072
46139
12452
38040
1989
31405
10474
40847
25962
46975
45193
734
16274
38546
44461
45904
9208
39969
11591
19765
33621
49150
34926
41187
28456
27434
33333
40087
46802
34405
15304
29345
34792
9906
11754
18885
18090
6359
8275
21474
27621
21455
39814
13549
40272
40760
4804
10037
43770
47096
2915
7600
29586
30318
11581
31729
18005
11088
18629
14706
47568
20428
1049
17275
25148
29190
49578
23116
31411
26020
18520
20188
8190
34590
49896
6690
48382
43077
17314
46471
24002
24343
47276
28273
17387
20608
8181
36217
2357
8614
47087
17435
43079
22713
17175
4224
42274
1739
32201
24547
8844
46335
25373
33469
27484
18610
11519
6922
26870
22137
39164
38050
37215
36932
29160
5700
234
28293
10315
7034
47487
25880
4820
49768
2646
18839
26663
23832
22376
1364
193
10226
15738
46820
26764
28846
47040
12804
17953
5127
15094
33337
35823
40143
17603
2081
24764
43882
27243
20001
24301
22611
19796
5376
40826
6819
28311
17570
489
47047
40212
16401
7440
20250
17748
18694
12477
47960
14514
2874
13440
7115
20167
35194
11005
11161
37409
25410
41768
10272
20250
32044
42809
45712
43527
10148
14397
12694
6250
7565
40252
11620
9802
26480
18250
35135
47156
19935
100
25311
25425
48743
4783
3809
30926
19771
18741
16688
41932
42214
47798
37783
20104
21449
21848
2889
48617
17569
12371
42732
27252
44883
14233
33460
4857
16976
4545
24287
48106
4053
11159
36145
46169
4898
17560
5344
20173
32407
9934
26741
21624
25133
26132
1339
20042
29883
7690
36786
24616
43773
5362
15005
47909
47111
21808
37778
28107
48405
880
31240
8269
4508
9973
20965
16041
1985
3446
21106
33387
47542
4104
45665
9479
46303
26629
41256
13537
28891
49830
33225
27496
9658
42031
18980
34125
698
26671
33569
35440
1957
14516
20482
4308
31640
27312
14595
24050
5977
10590
26275
48442
11192
35305
37753
17494
26849
42450
35378
4052
35444
41954
17164
22086
21824
6192
12592
34488
45774
32604
9993
46995
20741
46411
49245
31077
34428
33687
42238
9137
13995
13305
4579
48597
45856
9438
8059
37243
9724
12130
23096
30147
23014
20359
2235
32239
47982
8282
794
44158
30613
21275
1861
27980
22323
21384
38292
36601
37896
43336
33606
4536
22348
16069
16191
22140
45301
43222
37965
47648
14536
28311
16218
28932
720
42464
27811
35758
28026
10387
23605
25109
21306
35031
35784
12408
40371
19596
8530
9970
17029
29810
13807
909
20528
13217
18440
44255
10504
23898
37633
45965
27671
16899
41293
895
46384
29986
16298
14386
12329
47381
29946
35733
21831
6338
33372
30217
7911
8138
31515
31709
22207
34068
27106
39660
27913
46381
13815
3342
48529
9963
16711
15142
9357
16990
44172
13531
35470
38918
35243
25916
2919
37778
42075
41105
42269
32889
49343
8
40178
35666
25149
16116
28280
49372
16690
30006
46090
28320
48916
32656
5169
378
29458
22631
3569
2396
27446
8765
7385
19465
30652
42673
49386
13055
47901
13055
26822
43377
2277
27430
35716
11116
40687
21753
44083
27095
17285
20187
13949
13273
38768
19977
24266
36417
26138
22780
9480
16
614
23413
21378
28893
49304
14980
2382
29401
42010
23004
35034
13134
5920
36429
28307
15769
31184
23321
20120
20036
12754
4438
21676
7668
5571
39526
3006
31653
18272
12454
4419
40970
27245
11267
37878
36723
35518
37183
9096
46900
22502
30932
1710
13820
6045
5729
47028
38282
49366
27157
23666
14692
38702
16554
44055
39385
22728
20419
3910
1226
47553
48427
9073
27363
1726
42620
29453
44298
25374
17619
45294
23122
47728
10570
16386
21540
39175
45735
46698
11155
42073
12307
15552
21771
30234
12427
1929
3889
11143
9493
38733
31441
37916
24945
27731
31181
41381
32570
14526
46295
44453
1636
45500
22090
41013
26296
39506
2629
39494
30021
24878
10087
2967
26171
7892
16645
32630
29418
42216
40528
37865
29389
36441
47430
18734
38746
11461
9826
21740
19935
12064
2647
47510
12332
8554
43287
12036
20632
36392
6455
27396
43070
33662
23012
35156
39492
27261
36959
15987
7056
9158
17352
5710
3342
15845
35337
612
26713
35017
6716
11720
46501
16545
11738
31461
39931
1689
42283
46600
49085
10534
28009
38059
5823
49005
35546
28185
21420
32591
3912
32156
6145
5387
42993
42393
4491
47937
49391
1936
29005
22953
38945
17199
31049
19600
22976
15231
47893
16848
23143
24708
44848
49297
11703
19566
15815
13346
3320
12685
35457
40029
44606
9283
8698
48922
29569
13330
14741
34185
19177
26983
17958
22746
13643
25211
27042
36879
28984
47505
14309
11512
30742
41999
47083
18266
48319
2894
11768
31922
12194
3846
41957
11873
45257
5230
23543
43105
1053
29518
22406
49552
4173
37628
26720
6846
30528
21448
45224
27883
16479
17276
11249
28126
1533
21769
49663
13304
9934
48728
25969
2688
18900
44355
3948
25473
14694
42744
3228
33070
30213
36852
29447
45453
8488
18266
1536
1543
28804
5546
4695
26965
47284
30178
12821
19990
1970
28517
41468
24610
33620
7458
6829
48336
42029
31842
16558
260
14006
14215
45991
37065
25588
2420
37156
15156
25189
36607
17668
1558
3395
18857
2159
13704
26017
14898
26847
39381
1773
23564
34131
13121
2082
24040
40043
47876
19314
48257
21361
23884
35234
17234
13585
18438
43491
40807
34951
11385
48282
35551
2383
42266
14859
39630
39910
46645
8598
24968
26672
8769
43309
17883
5438
20515
20677
18336
6242
16499
33679
31565
36246
45397
60
35386
30758
38137
42656
10540
32955
7311
49896
29540
12148
20348
4765
14399
32877
26141
41350
21325
48097
33520
49006
46197
31714
10294
10472
15120
16810
17637
2274
49090
44227
34183
16765
10901
18975
27357
2484
29324
27476
47317
32217
16435
38551
36963
15242
3734
36585
12206
19283
7911
21772
11384
15094
48394
19862
21079
14260
1462
10911
29230
17616
43334
47988
4295
8912
29598
49381
2407
48791
32806
6198
31215
48567
35555
6236
6648
13642
2028
29880
17192
8245
10716
12470
10235
16147
20766
2768
34943
42435
36536
24912
18497
19169
15747
15755
4805
28954
15858
48621
36757
26359
38750
44176
45544
21569
34353
11232
44672
45158
7219
49404
28496
33965
4488
25461
10405
42375
6425
43992
15966
47121
28816
17801
9165
14206
32393
2580
32126
28473
26992
24836
46436
14234
35801
24562
10607
47955
25079
23109
47384
42259
46473
34783
32465
41403
28997
6197
48759
17108
15611
14999
19015
3485
14988
44640
37471
18956
18149
49382
40118
38058
43608
11036
19034
30184
42250
36708
7358
16792
26401
7327
11716
13264
7442
48615
11585
28487
42566
32979
30189
31242
23312
6331
27242
39371
25820
39319
47138
14630
43123
18481
46843
23746
41513
48696
14104
35515
42022
8235
23649
31909
1694
30247
47158
9457
11183
27834
33420
20399
49902
747
16131
19033
5220
31770
31459
38273
7728
18495
39208
27538
9440
43974
2927
12610
49254
33278
33483
41485
31091
8333
22278
44094
9815
42291
31859
47643
5799
45295
10799
32707
41885
34118
10745
37409
45364
41511
40313
12377
45903
5460
43997
14538
36792
1486
19272
27644
19494
14941
38231
19723
10211
8599
40659
7453
12370
21314
9887
15210
44898
20303
32132
11908
43659
46087
42236
6082
12255
49404
31309
47432
28612
33187
1275
35887
15552
23738
37022
18832
1633
8587
46070
2409
31752
13479
26582
15001
38559
8488
39406
26442
46277
3588
17056
49193
48518
38208
33330
41826
37175
33741
20465
43241
8464
10146
27269
16655
38806
9187
89
42090
45270
4714
2820
3299
18662
29238
24717
18334
22950
35980
28340
16598
24246
11300
49312
5471
10654
35136
14929
5147
47375
45714
19403
41232
10988
29864
48685
43651
37007
22912
14991
12821
45737
29359
27812
39184
36421
12744
33813
27237
29906
16654
30097
27228
21442
44366
17079
19153
49614
38427
29260
35033
40330
32614
21645
7319
4275
7385
8243
3189
18152
8883
43747
22191
30774
18828
38164
31770
3383
23526
21723
41959
12512
21362
30241
36040
44916
10526
20187
20453
10997
29464
18373
27629
21224
22898
40044
43120
30312
28899
22976
27159
16356
3073
27369
33092
44066
26999
6346
9401
12562
24041
1512
7120
46258
26460
19505
42056
15064
9072
15833
14539
21975
34031
42680
25020
47962
20614
45240
45696
18293
20165
43550
17927
47382
32303
19736
6728
5069
7218
14594
26807
32801
14816
46508
27403
48427
43178
15440
39935
30184
42946
567
5286
38650
22835
23842
40300
44293
23376
17487
30437
40642
28159
15232
21806
29975
9303
8662
8326
29461
28116
26597
34566
11176
23466
42177
29941
22262
16629
41481
46706
32828
49650
41174
48763
10934
7461
37128
47464
16545
46837
39471
38272
21176
25218
6579
10192
18376
43589
21759
39320
11390
16022
28088
17994
3841
30976
35754
16368
27387
15183
49262
13868
21412
18226
2790
13119
42691
5788
39911
31447
9439
15453
28667
31647
7374
24009
36794
26988
17663
10359
19308
5201
40175
44174
29112
19286
39437
20919
13727
13328
27147
24833
38347
2033
17575
24909
14712
41302
24656
16471
22672
22916
4737
39873
15802
35116
47568
36201
32960
26605
34767
1223
39203
32617
11246
40777
13793
11272
31168
10011
47269
31633
25207
320
35281
19851
45092
30598
41651
11195
39009
39879
12074
23658
41533
11574
32433
18183
28674
96
35796
30609
30476
16488
20342
9882
30662
886
4717
38836
27121
41262
4289
46900
29492
46030
37819
18663
38822
41629
5992
37536
38496
3350
2883
9670
24376
3672
5295
25447
8922
9045
38885
47872
31071
43684
9546
44783
48329
16593
29453
8236
30837
37948
20362
6360
29045
9064
45424
27737
1748
925
2582
1672
16382
10083
24141
47421
3046
41627
17709
9918
5176
15555
1842
24533
8128
42512
2257
42370
12673
1387
47727
17559
21686
10041
24953
1888
967
47442
38955
24490
12700
13333
44395
1599
13852
46594
11611
9617
42246
8341
21017
46858
11286
43080
21279
4479
2413
22719
45281
8895
30433
1904
13440
2898
36115
15678
28563
15949
10580
6821
40415
49690
389
31412
41797
1705
5167
34997
40778
46499
28452
46569
5159
33539
40774
14175
4280
21943
28375
42481
47437
12231
30136
2227
19863
47202
15497
31596
4672
15638
48541
41051
20585
42075
17175
14307
38801
28828
23487
26513
34738
1934
3689
47598
7498
48510
10805
38321
6056
4467
17088
31857
9796
39848
6111
14763
28295
44388
5294
20615
45352
21085
3712
1779
8205
9279
49
3864
46554
17174
41235
2168
166
43914
41063
31527
28945
19030
18823
41033
10948
41141
21799
41290
974
28341
17059
38005
36390
12759
38233
26313
7223
47478
14397
49319
9062
27699
5889
37754
11358
42374
49826
7945
33138
1059
14282
25100
15344
11559
12726
29030
2608
14903
49261
36635
49651
7664
30398
46714
11607
5205
13556
49758
34001
9763
11538
18672
4581
47915
12257
27148
43362
9165
43708
8964
40733
48578
775
36445
2448
360
5716
21028
31339
15320
10556
1243
45775
27730
14039
16014
11751
31685
7856
13996
3103
14530
12392
5343
48036
22750
8689
26460
44350
23665
27956
35515
36649
22547
17228
31145
41612
5103
10852
42609
14192
6773
42877
29285
31055
33498
37767
30927
37561
20479
8395
11196
28296
32902
31353
37758
37119
17979
15739
42764
31767
31058
27527
49790
18206
30742
33979
5753
33151
20333
20389
23370
7250
25672
23292
19781
47019
26680
27158
21731
3030
43348
17118
48518
46228
21220
24914
25510
1750
35022
40001
38332
37885
47077
29770
22152
32787
13173
15286
11616
17056
38777
36262
15535
6337
44073
24365
17204
29046
30418
20977
37586
288
28278
27447
35541
47398
47484
45401
16126
26376
18144
9029
33008
34138
7670
1833
8526
19177
31260
2368
3022
42762
49664
45133
36231
14602
46355
37283
7233
4817
13714
39026
38880
35797
31325
45049
26247
47709
46038
46657
2046
48725
17801
8066
23215
27426
29155
30122
19774
17858
13188
45238
18159
40304
40987
44443
1441
1492
40810
2796
34494
50
46469
40592
39735
47611
37468
39403
32035
44242
49378
14149
44624
46056
13498
49065
12320
10651
18060
18494
24362
39689
22808
26589
48326
29788
9263
6587
13850
25229
16807
2473
20240
329
21076
11638
48175
41448
31054
18826
16611
29302
15492
25010
32121
15522
31912
34366
16670
26503
25862
12560
34275
12118
45397
34368
37251
23176
9939
1098
12623
13319
2565
3495
3580
37416
43191
44248
8474
10726
41960
25502
7348
4913
8966
27815
34489
33480
45961
45198
1596
40053
35986
25820
9543
46335
47314
31794
30934
3424
44471
11974
5523
885
42427
41117
43682
13786
43259
29219
33290
49089
8026
1001
40463
13095
28779
38580
22923
40620
2884
36918
4343
48885
2158
18888
11311
13611
2491
8169
19794
18384
17235
26850
49355
37148
21165
17593
6342
41523
34678
15579
19778
41184
20782
35598
45945
14324
44083
43440
32165
13663
12823
45064
44
28201
8737
34826
24181
13427
9089
49640
41421
31012
29555
9950
45674
13839
35250
39239
43298
21286
38229
4239
25360
35952
39932
16994
4605
38268
33935
17064
40004
21938
46228
4523
44154
46764
46723
5696
3448
2716
23646
37657
2224
13898
36378
31789
36225
48611
24182
8919
39295
64
22094
47625
10258
30798
37010
48187
47102
615
13533
15607
8438
14129
38423
32962
34882
14169
29706
4080
8180
34077
5101
35248
5770
40709
44541
25289
43138
40684
1265
2632
28913
17598
5381
36841
49239
12412
33889
44492
37874
13547
1945
10668
46803
7081
10259
41493
2080
20806
23800
15880
38350
6628
26316
7620
10609
17446
1591
31188
17761
9503
40865
27640
24145
45347
18075
20837
7805
959
9923
11159
17017
20014
24688
9373
33239
19346
17253
46896
44836
42320
31775
10770
27125
31147
18363
9249
41136
19040
20407
25692
38383
25455
30942
19619
8535
29415
47878
14798
2229
19986
48663
13845
44550
28382
22189
8028
11558
19954
7666
26981
56
27989
33916
43176
24447
23237
41575
3232
22777
27677
43302
1556
24214
35750
34179
17500
8626
33376
4009
25929
27996
10121
8959
24876
16831
42845
1616
15525
21642
10274
23036
26177
12814
8120
14063
36764
29337
17050
11944
29825
37200
24189
4894
13272
1192
29382
15255
30771
22228
13375
18710
45984
288
531
5184
7747
45957
4048
31944
42773
19608
23853
4822
28082
11872
5705
24008
10996
48833
41304
31891
39515
36733
89
22851
12920
46036
44381
17109
27369
16876
924
48301
42672
48454
27854
35298
34968
2806
44701
738
48244
48243
2825
38951
11258
33797
11389
13414
40370
46243
10942
39515
5602
30287
30203
46153
27820
36634
31271
37032
4557
19730
28080
25173
14748
21484
47063
5770
39564
41124
28145
26645
33623
5325
3387
41383
44625
3611
11249
3892
38188
26992
15819
6578
33422
22217
39704
1464
21756
21232
20843
44397
49188
3388
32783
23929
18541
30260
42074
39981
31289
44855
46634
7949
22921
38123
14661
9667
21517
9040
8663
42500
42480
31217
28439
29871
18255
28534
6955
48753
47235
33519
5144
16798
21331
6606
23818
957
690
4589
49384
12789
41777
37469
21995
36969
10282
30335
16591
15195
7611
29388
49089
46668
19248
27727
20238
16365
32301
3558
36743
29632
16567
24117
29251
5719
37020
36208
30260
24058
1673
18237
40045
39819
5025
3038
5851
37366
33129
2111
34270
39116
33014
35961
17397
49886
27143
15306
9855
5164
42701
33375
48031
15517
38383
26998
7085
12199
16829
13691
17721
36819
36513
34546
10819
8990
31325
13606
41734
32985
18381
27993
3357
43785
12959
27694
42221
46287
9121
7318
31239
47740
19860
38467
28475
23118
3254
46391
7709
27998
46968
14740
23087
10509
19883
4377
17725
32728
4451
10960
7221
45380
41550
21447
19011
11583
4323
40949
19590
30708
28384
45277
23085
6798
5521
38712
41530
5800
12851
38645
23447
35703
9181
5435
41131
16744
14136
33855
8894
2031
11070
20925
41816
25326
22706
13930
7844
6552
34586
29162
49235
47811
22060
20820
44674
15254
3799
40301
28482
34367
31940
21260
3473
12589
3914
26546
17239
20194
33387
2938
4967
9564
31088
13071
23974
40279
33299
30222
15671
34933
19098
7350
9913
11339
13237
6109
19025
4565
49819
36485
6351
32573
18455
38428
31895
44754
19133
4099
28360
40602
38090
22284
27154
45527
16135
28436
27627
4449
29296
45933
12003
11050
45363
27653
33477
43643
39383
22887
6331
28644
33653
37825
10850
17103
36815
32063
36366
29971
2399
21595
35397
48744
42250
31528
4032
11393
5577
24467
16499
21608
40011
42832
48777
5054
22647
43209
22843
36298
34729
3056
19375
22499
21893
7636
15817
14266
30649
47788
35205
35888
26156
33557
41765
34120
25526
47724
13524
20987
12375
18253
10689
1671
29199
18482
22258
37694
49393
34131
6424
3381
586
21151
38091
890
31042
19434
49006
39203
10161
10933
8077
14000
48756
16504
33235
39027
10728
28650
14394
10308
32893
21598
5945
31315
43729
2238
16802
39904
49551
35961
14658
40985
2139
42547
21179
17706
17395
39109
6129
20335
31411
37331
40211
48721
48727
10428
3016
21022
33229
43224
38004
25916
44245
13723
20166
15610
26055
20101
11869
18580
43337
11166
4081
19777
37524
35398
30694
32189
3733
11523
7729
30690
21165
5432
41440
42959
10981
29257
5387
42594
46122
8508
3634
41784
27882
17440
34460
18196
10377
15861
33122
12777
45065
1394
180
6374
18739
2957
30875
41643
46186
2552
26666
21350
22775
14845
17263
14049
5097
44566
19837
49012
14996
5427
36926
20288
131
36577
4387
38798
27728
25821
31261
40206
18959
878
30206
3114
36806
12514
23546
17540
4108
8482
34346
31943
33012
26317
14184
14474
8848
42270
41430
4211
12236
35448
48659
31871
7523
35536
35491
22292
25665
17607
5961
25811
7527
46672
18440
34895
39649
29708
45539
35776
1384
41956
27715
41656
9266
4375
33826
25344
36103
1647
25413
24018
2485
34243
22483
22504
45894
34944
39186
6474
26684
33537
13381
35052
32805
49643
39570
4965
8038
4591
22728
36611
4082
34635
44732
24554
12734
19723
2414
43025
33214
38113
48904
41627
16721
10185
43311
20019
36167
26412
38448
48717
1027
13421
24581
5893
10696
28473
8410
29747
33375
44084
9230
41527
47798
34748
48231
26828
44773
25053
22670
7981
48644
20474
5045
1451
25225
26120
7978
20821
30689
42913
3492
9321
2819
39255
37505
1683
11339
23563
24145
19193
21248
25116
5084
30977
7225
21349
36993
47749
9282
28321
36304
19890
24820
15073
2263
44470
30807
34179
6008
48485
26977
28601
14353
19009
4275
4578
42961
14934
6407
21818
36763
25130
41220
35098
46090
23844
5287
8915
26533
32641
5231
39105
11244
7576
12433
40579
5337
30197
517
33853
8602
22508
23346
38235
37470
1756
13399
42813
22245
38052
21514
6974
7670
19079
4436
24931
7657
5326
42546
33638
29442
25507
25276
46159
279
9769
35332
15700
37531
33120
44064
26576
25535
14232
5644
26941
22475
13418
6895
48921
11425
49871
13248
49146
5731
19869
4052
11469
43549
10620
29397
4715
4763
44893
9946
12888
36513
16186
22123
3192
12534
6427
24554
26065
9317
32183
24221
16293
37477
8824
5167
26781
16209
45088
24734
8536
19765
20792
23529
6840
39279
15275
30903
845
26708
15413
43272
18809
31721
11308
36602
19691
17347
2714
9274
26682
5789
29018
27382
3803
40338
24290
32356
27369
38324
39237
37355
9945
37797
27478
18613
10079
15961
31087
23668
37054
37371
40065
13072
46475
8370
33696
30033
6064
11498
46846
3376
18388
42045
17806
48278
41600
12895
32340
27419
8952
5209
23783
8339
44322
24066
35361
44339
6822
44448
36404
45626
29900
48437
28937
11100
18315
14349
40002
1069
36951
41365
17589
45063
3606
6769
40057
30946
16319
1094
28218
48231
32450
18723
23428
10454
17829
42758
5454
30610
15980
4693
48619
2133
45493
41696
32311
19678
20361
34222
33984
48708
6368
1742
28054
20545
46853
39518
3612
49348
30337
30228
11198
541
29556
1831
13665
27519
46967
35723
4163
42880
4896
5724
33781
28589
13793
26529
37718
22187
26180
33619
22225
30941
20889
23613
24153
12801
17744
15435
37416
3132
15478
42079
26100
36844
41330
36149
13611
9315
20850
17938
21976
33454
18366
35303
49903
11725
37235
36340
14578
10923
38618
42474
16724
5977
38405
13427
2265
44409
14200
22568
68
48929
28797
32685
21116
27191
8649
26118
36939
26573
33555
24941
26028
16231
31490
31863
27716
9422
7150
42463
17131
2502
45160
8756
45583
37270
40994
4632
35402
15371
10295
48642
13660
22825
32958
12961
32009
24570
29809
31807
45753
42893
23129
15936
31249
9132
44043
13108
34973
22703
22099
35393
15770
39450
24732
12763
984
12565
49616
35237
33743
35770
15534
35248
16389
1097
1593
48549
5960
33353
36262
41837
1803
28076
12207
27228
12709
43448
13654
13184
14268
786
30422
3180
8405
23115
27124
19905
18344
33431
48458
3581
34138
47401
35636
18193
5262
12979
8576
28899
35871
3868
39928
47507
38678
3093
12073
4161
27712
6176
41066
2001
18674
9545
29011
2553
5653
41752
45674
11296
37133
19334
7896
42913
9182
29459
39433
32553
43815
2699
45100
15253
31126
35596
49828
16702
3052
39024
19141
11040
26509
35927
9291
24436
4560
9969
26208
46490
38738
46240
34242
14061
38915
5764
28029
33166
1642
33172
23777
40536
24613
34248
24423
20804
14172
81
23355
24623
14456
20883
19853
36047
28086
34304
16482
45137
3803
48995
19072
10773
19718
12308
49291
22979
47371
22658
44892
43781
1482
5824
42464
16288
31805
21147
47597
26463
43391
2196
38294
33618
553
17721
22699
30337
41236
17114
37340
1251
8914
14679
34734
10569
1313
36943
36436
41526
13148
6392
13650
44117
12274
47649
2276
6600
7494
44323
31995
489
29121
9023
26385
27374
22374
45017
22175
26179
24243
41478
45376
8645
25146
33488
20544
29528
13597
40139
25164
20555
15373
24311
47384
8096
8429
19128
31220
679
18846
10304
25767
28550
8560
16183
10731
41500
43856
44783
48472
18289
23801
28707
27700
20394
26144
28816
45053
16170
4879
19416
47120
42785
659
18640
5224
34573
28765
16361
22306
22022
30538
26924
8046
14467
11038
49724
34902
44196
34455
41161
15837
27281
10044
12233
32261
14948
24031
19269
13325
43247
20667
7278
1935
10324
17478
48325
35792
33972
25236
26147
38386
36987
23436
20159
46060
35943
42143
14890
31806
48887
17044
18556
33765
19091
35735
15179
25731
48273
6665
34427
47377
20452
28899
16870
25928
42333
3365
26866
838
9822
20867
16298
45082
35198
42544
18543
22328
8976
25166
1131
16678
12856
47811
32905
34058
2445
18226
43115
1106
13857
10699
3332
19574
27885
12100
29757
17861
48681
28056
47635
38591
13144
31103
38632
21540
28150
47716
10289
8981
384
35448
12445
5608
40704
4737
24095
28400
19757
38375
24373
37210
40368
19335
33350
35257
22877
29721
18871
47125
20363
5534
10977
3609
9494
19853
25524
11857
46368
47377
36540
6892
31777
18449
9189
4038
40243
39940
44341
16101
49381
6929
39389
45801
24276
28554
10268
23722
47457
45863
11300
9415
34077
27920
18617
21673
12921
6907
27387
30241
13429
36443
6867
41444
32800
27536
40270
9280
40657
32057
14005
31491
36636
21100
34602
47045
11771
22057
4867
2026
45205
46995
21945
23414
23061
38198
5553
41560
47192
14021
7347
38635
20592
48051
18296
32963
42865
776
33015
46358
27442
6024
49829
35272
40567
14069
14484
31475
23858
4598
35761
7123
29683
3552
10655
28218
7905
22155
4668
38972
14512
29918
35806
26835
35368
43162
36234
30998
20292
1197
19417
27941
19158
12516
37668
23285
44594
36156
3114
49130
18193
41817
30307
31656
31143
21903
35833
9403
39673
2330
7481
45630
32606
47813
29050
18511
46845
42245
1812
25847
17071
11436
5970
10317
40550
15167
26601
25286
41156
39569
11520
8097
27702
13066
18744
37582
43072
6565
13803
1011
6613
17025
21601
31606
36045
40681
25839
19720
4795
36108
9206
49927
4452
22548
14322
19249
47360
11290
27913
8037
25789
7931
19984
34261
23287
31752
32750
37348
18634
20223
48362
31697
18726
17010
47206
48064
41445
37483
46610
12079
16712
10535
14569
15170
40855
32728
16756
16170
6614
17110
3397
18077
1124
35892
46246
31017
41760
22129
35931
40482
26158
32617
41239
24195
41628
11989
48426
24111
23520
45972
30980
10834
14867
43601
20990
36785
42696
27135
2573
26415
27700
46894
42168
36372
31702
11919
37277
3042
12383
13756
37531
26972
24381
15477
14848
16831
15024
42174
6978
42376
649
32359
3556
19731
2139
30167
46805
35454
23639
25671
16843
36182
47402
22813
28318
16477
31374
40280
2030
29231
13977
20165
36873
44748
2802
243
49535
29478
20712
23610
1646
14674
47176
2935
41074
30129
46050
47032
13700
16662
39657
42356
31851
23119
20237
38032
2335
9499
1905
33867
17498
2608
46433
26809
3433
20180
21817
20785
30326
1925
46993
26905
13244
38033
21738
23424
21062
2095
23904
33189
31315
3203
27503
21164
43704
11082
15423
20853
833
19028
44931
43745
1991
4073
29391
41803
20433
7949
12001
24778
45952
23594
18579
17685
12159
5334
8919
48558
21916
19469
8315
31353
49668
31848
15960
25738
12110
23513
11812
19614
5469
29582
10889
2885
33011
19391
6029
11575
18148
19409
22282
17686
5370
29134
6191
21863
36851
37996
22349
6962
9513
15255
26312
4018
39790
27439
48137
18341
21333
43621
32922
14557
29749
6613
49981
38477
28427
37206
26652
22339
18619
11605
2400
23703
12980
29648
38946
3337
21831
46870
4635
4537
31755
3811
40536
25102
19796
2142
43010
40715
16094
1953
2959
15383
33424
14254
43670
24265
44764
26749
28320
28133
47977
46321
36836
17417
11178
17949
43549
48171
27438
26542
10097
41210
13554
22036
12406
42348
4369
27054
40159
45637
34332
13437
41907
45607
35415
20554
17915
27823
13069
49298
4929
11975
37486
33027
10152
21676
21810
14171
2926
43896
27631
14498
1829
18445
14075
10324
48354
49747
40304
41139
3127
30163
39339
43601
5791
28432
31790
39542
47298
32907
37258
30046
36853
22783
37979
42882
19109
10100
34939
1208
34459
37332
16789
37619
24472
13185
7551
10978
34803
34381
6993
49865
9137
8044
32658
32057
19025
26918
13054
17230
14865
23074
42340
22951
2757
5529
217
785
14670
20502
27551
41687
6764
7314
47820
46351
46502
12033
15822
22843
17116
16191
16566
46455
24251
7198
29966
28224
39304
39119
6416
13726
7179
15356
17693
20169
24520
49061
14293
47987
4832
799
10597
34576
43275
20851
46627
44713
5969
23536
23217
20360
7484
49204
31917
37154
27082
37694
1191
28702
4573
3324
23592
39744
34369
10309
44621
29940
16831
45246
3112
45935
34944
35413
45409
26615
42340
11886
38617
17769
33604
5609
46838
31820
16144
22328
49509
7235
32219
6958
4226
16977
13645
48646
37052
1733
26002
24765
27689
45249
18605
35612
18739
25145
26475
33135
35890
28800
43291
28039
40290
2125
856
35625
45407
49508
8325
4714
32554
41577
44281
17836
48095
6218
39869
1203
49321
20174
19035
38318
33798
38082
46431
16370
34456
48126
31712
21647
18340
6979
37365
46033
12292
45158
19180
39484
33923
3432
41130
31745
5989
12345
10966
12572
10380
46285
24295
27600
13951
45885
33576
43550
18976
10095
49521
16893
38724
15833
9574
35934
2209
37137
20668
39205
6461
39170
36943
25491
10105
9577
32382
11098
4141
381
30399
13006
10034
26688
44954
29191
9841
10576
33586
17569
28547
40763
38634
21543
39437
24819
5882
36522
34210
35022
35316
6251
41333
48446
29512
6151
16895
23999
47920
7863
23998
6877
23472
25688
49023
45538
15041
16285
27959
906
18736
12316
13963
396
21235
18000
3430
5116
4814
48113
2349
31750
21506
402
24994
6683
10474
46855
24227
25501
38521
18614
3903
39220
45579
9938
29439
19227
13134
15482
30550
21203
11646
28092
28769
23340
19607
49475
20824
49238
38515
4271
11618
31036
2611
17057
12166
38954
32565
17950
1761
783
2470
46181
34133
25402
4153
20195
3872
33494
375
6569
23471
10340
17722
36389
7103
8423
28448
16954
42158
49635
14525
16339
32206
12163
37571
47830
37858
21000
29167
46450
24422
5458
21874
12011
3140
13149
47460
14480
42687
28637
25225
17512
37778
5650
46847
29170
41319
36040
29560
41830
26116
18155
42524
5788
29367
49149
39315
37889
9834
45654
37068
9262
16376
14385
47960
9084
12387
12269
26547
23221
24162
34204
32297
42157
39159
19960
16986
13201
49415
18405
8370
15243
48757
35282
14557
40286
49626
6098
34365
19001
42107
15725
40888
46851
33869
22200
5050
11543
45195
10247
4464
23769
24495
26418
26693
35157
25130
25232
30151
8850
37208
354
30616
6142
12504
13979
14605
20043
6273
24336
49262
38613
12411
12516
6282
28720
27921
8072
13774
20902
47978
41670
21846
48711
48573
41856
10332
43865
4851
30807
16620
30927
15934
17823
10908
45073
8980
43081
22261
28872
38394
701
41489
33535
11556
28543
9026
46127
21173
16852
15760
1051
36676
35797
48783
2911
20230
30265
6373
44263
9031
26750
20893
46149
29714
23875
22174
6220
30811
24357
1972
10004
20350
38513
13514
33105
38664
26847
4309
11954
8615
15567
36442
8991
29960
15774
33199
30121
14391
4225
45005
41103
8826
38935
48318
30611
12339
25727
49801
46365
44600
19569
264
2687
9364
9286
11542
44975
27567
30284
18299
38852
21573
44297
32239
43292
2275
3188
45945
18849
21748
18958
7980
42854
36013
45632
32800
48053
33786
12309
34737
49560
26555
35070
41903
10402
24646
12182
13039
45741
15191
14885
25797
32542
21578
7270
16972
28535
24951
28354
47126
47568
4034
3983
45735
10464
7317
44699
33397
24126
47465
20407
9061
24247
10508
23061
4486
2483
41339
36483
31705
35951
897
11442
3778
3480
34469
18844
39108
36804
41075
25725
24193
33016
21906
13728
40221
12930
20806
4460
47088
14615
1967
33519
22528
33137
19475
15263
39447
10900
12677
35318
18035
29210
31474
35354
12886
40699
38059
42570
21423
11077
40585
28908
35884
17016
46066
26379
42460
36293
19355
43543
11628
25163
41013
30777
41716
41761
46422
33116
20609
10705
32522
35168
45233
35161
20858
35942
35750
28651
10857
14847
18040
5385
37652
11669
28242
48471
28364
38952
8913
28427
22666
2893
10238
38641
18845
23205
35942
8278
35991
23875
31256
24055
43926
22235
15795
4760
48486
4122
19600
9179
35018
28918
10260
42476
20815
13623
37245
40740
14781
9718
19721
23767
14244
3525
48425
49563
23692
30180
8819
17928
43408
32012
38867
22399
6132
3381
10284
47907
42365
9040
8671
25805
8367
31389
46892
15880
46880
11047
6308
36778
30674
36456
10778
40916
20975
12393
15110
14203
41177
27316
18972
45567
19908
34267
2496
23862
37231
26796
48159
11149
41824
38696
24575
16315
47893
12326
28932
33520
18549
41723
42939
27928
22603
21976
38481
15181
7152
334
10712
435
26979
44926
5173
26679
25022
41386
15848
6698
2282
15724
15507
4670
28573
2984
27920
3431
38475
41253
9870
24423
1276
47412
7681
40171
8073
25754
29961
41634
26050
14739
46932
3604
14240
6396
14672
23436
6367
31167
23587
36302
23423
42070
3607
25469
26565
14317
12945
39902
20843
23178
11697
39881
23807
41648
32670
45915
46358
3609
8583
30574
27682
33248
11418
49695
17843
41695
41448
42650
6234
27276
26919
21454
12686
15905
45568
39712
14033
34468
7702
16465
21423
35132
34913
25960
37300
18795
4880
908
20412
39130
26771
37296
5395
3389
17189
6185
46485
12560
14688
42167
45830
1566
40429
32853
45419
33274
16640
42224
39102
46767
2418
37442
2739
7469
7661
13255
43578
14355
49997
48544
15706
15385
29877
45015
27653
19673
39746
15715
10655
10883
25642
38825
42410
1809
38564
22580
37627
2187
6103
37611
24041
33312
4191
9374
28859
19522
16315
47574
49355
14175
42194
16967
42454
17971
29336
43200
47576
1805
23349
11356
27249
3409
38057
9109
30971
11008
11324
41328
40055
34177
48697
19033
38528
5851
24619
3055
35299
32118
37121
27554
40663
8431
25322
19460
38761
23037
48789
37940
35923
39218
2216
37321
19468
18086
49072
5060
25642
41355
49390
8490
21498
7017
1729
30652
42331
19857
43400
29615
5239
2340
9007
46908
25669
46184
11470
49751
47749
43674
36990
8003
30127
11622
16428
36377
46221
4683
43890
14316
1442
49550
5823
39482
16226
24736
39691
24628
23452
19037
39787
42162
49337
6261
1996
6781
49621
2889
35773
9152
37737
15102
18983
33826
18913
33049
33215
17551
19624
18672
40600
33564
20051
28972
18605
9671
6048
46604
4922
12262
38752
29701
42000
48763
38047
48780
42179
3447
10511
43395
14564
22518
47914
47258
35697
2954
30219
24649
30386
46229
46843
28062
35351
6043
45000
10375
43164
28452
12680
49496
28031
30763
46099
24756
37547
32295
37717
15843
36795
33996
28850
48683
44620
41501
36006
31410
33720
5821
10722
34937
19655
9131
33451
15280
46108
27740
8269
9217
12623
87
18042
13274
10289
7200
10255
7746
45136
906
22635
48010
36619
47174
30556
44793
42673
43832
34016
26986
32379
23452
18183
47450
38460
29490
49327
36281
14892
20924
43489
24123
26666
18454
32128
21950
43405
23826
26986
12301
29001
21122
9138
7140
29678
12479
6048
25500
38815
3325
22840
33858
12228
26360
12813
5130
6855
48909
27594
42759
18389
31438
7444
24454
34161
46858
16941
24268
44027
10609
46519
41172
54
14635
19539
25133
7260
44554
48833
3461
30654
8870
31085
183
42556
36840
11619
36808
11010
48433
6400
5300
34891
34205
31562
14515
7618
38925
23027
34103
40633
10507
32520
3708
46412
42136
24624
24307
10724
47320
1921
40514
44732
21159
17497
12145
20057
29350
22883
33786
39195
37291
2942
49839
46068
48505
29228
22608
16236
31222
24940
42609
35002
13264
23626
5242
4578
4440
41387
21609
21571
38935
4256
47385
35543
16527
9081
40047
18420
6911
18929
27847
18709
41402
42502
36730
33001
49071
43489
21875
43748
48607
30646
33167
35905
13730
37773
28495
25968
46545
30337
32868
23370
78
33011
5849
41062
15
48795
44439
37733
44378
33004
37933
5857
21093
10338
7004
22591
32033
23391
36480
30627
41494
41677
30987
29102
27438
29626
18387
44861
3654
19038
12675
42387
49963
36888
23411
41956
43034
28478
47608
40017
19816
8277
42254
49979
39610
45957
28037
22029
35672
3797
1738
30604
21512
39273
2938
33510
37944
23747
2051
22416
24176
32007
31956
36309
48181
14091
9699
39805
40235
43991
43489
37642
39699
2323
42590
40837
23733
3866
38730
47878
45742
19368
2758
4683
23539
46449
12738
26881
33529
37724
16430
17311
21514
6732
48896
40489
43302
33660
28554
37348
23782
49890
32701
39872
30653
19911
25450
30043
10165
38033
17934
31267
46725
10278
22689
33293
47117
4530
3315
10719
43282
1777
49799
3194
23878
35422
7990
47670
18029
31426
6802
12373
33793
37454
39937
32767
33298
45590
31172
48531
6804
20961
43179
414
46881
44107
19325
40925
23305
617
29922
35294
14019
32651
36100
1855
33753
18331
658
40428
12313
12434
32189
2598
17681
46582
31352
34053
11748
49540
40599
48799
44813
19613
224
15612
1480
47594
28274
7915
40452
10061
29441
33475
32830
39407
11289
30045
8413
48115
9935
39963
25191
23989
35910
9285
23874
44016
1135
44477
37920
9015
32398
30550
16075
18315
16373
36110
16276
29056
23490
8786
20203
142
47891
21844
33349
40692
46090
13501
25459
2084
6
22652
6654
22382
25187
39534
31282
48520
2649
1487
21227
41930
19553
34834
45538
11988
47486
14930
29077
8680
2468
26927
37368
12421
28154
18821
27240
35856
42182
1193
49272
26169
20540
44695
4480
16465
23802
28512
22120
363
368
12515
27166
6397
30326
15652
30019
36690
20171
3293
45998
27112
1690
6624
37582
48938
6105
48440
14815
35126
49519
20362
7217
29424
15821
8043
22218
36136
48035
16289
47389
11741
8912
19327
13145
25368
4742
10523
21261
32011
8614
25540
40803
12279
29685
23221
20596
41051
49698
44739
1949
40580
29465
36107
14621
42015
1023
17754
40374
44298
42903
43515
45044
8771
35935
49184
21432
3280
22144
48428
19740
22323
13171
1574
28783
15435
48594
11945
30750
30249
39268
4275
33740
11249
46997
43821
583
24181
19409
18252
8282
18673
15947
45362
13196
13670
30088
38416
27189
37873
22211
8487
25419
5196
43879
36335
18458
19029
19257
20755
37610
18220
15968
45137
40751
13064
39924
10657
44963
49849
159
28724
17936
16745
48534
10000
33850
37797
40837
24137
30259
21880
26189
31512
3661
14162
4665
6885
35237
21174
35654
33916
30511
11967
42426
28217
22886
24057
22613
44974
6195
41861
2085
7567
30417
10361
11098
16029
4485
16425
31025
38357
47043
9929
44334
7478
32510
21716
39952
5328
106
15805
35194
48799
6369
40827
9635
13772
13169
34065
46415
4898
44291
45885
43230
7170
43614
18258
1168
39336
8841
45923
46564
3372
2020
977
41190
49998
9260
24282
17186
34898
47391
29502
39067
43863
22550
2977
41591
31428
38522
39446
3815
42127
46971
3729
31658
43516
9851
37504
34355
3772
36444
17813
29925
10026
31462
33094
14040
37428
29105
2430
28941
27684
8888
5354
30890
36927
30584
18340
35969
12540
1406
16993
5055
42513
13550
35682
9074
3325
32585
7863
22710
24032
15993
10331
338
17862
36533
31026
44436
7276
17301
21717
814
49569
32920
5958
39152
21540
28636
40230
48902
10746
3643
39632
15521
3707
34273
32558
88
6630
46802
15831
15448
39112
17143
25219
20037
21568
44831
44495
34652
35902
1860
47684
7005
6670
29579
22076
6239
38549
7225
38602
35783
48154
43657
10533
36877
43299
31912
17496
14630
24853
8410
6123
24015
25514
9060
32542
7596
47870
4509
34142
38960
31228
23144
28759
46897
14666
5418
15350
29752
20294
2695
48381
12627
11074
49841
22714
20999
15230
37800
12576
14340
19167
49164
46879
6304
3458
28437
41972
13258
33177
18576
48621
3807
3706
5366
2286
25208
11272
11260
9538
39474
29766
44160
16455
12299
23158
49547
46402
3453
48756
11923
26388
25419
33011
6969
17248
32819
31780
27614
28411
25459
17728
30718
45702
24725
18061
35042
30295
35050
41604
9093
39690
37457
2284
45192
37689
28407
28799
31033
18434
2611
16336
37615
28630
3015
36834
33495
7267
6415
1835
31951
21011
11463
503
17783
13724
18167
16660
29945
8755
40070
3985
3117
6929
40617
31267
46771
3552
28870
23824
15825
19990
24632
48181
96
29895
22959
46935
14818
5018
7204
16892
31098
23171
19646
26510
8863
17179
14300
41475
36034
2626
21919
43188
1207
45628
31555
48689
20502
931
42864
26847
47184
10076
48104
22648
11
22655
5676
18312
25508
7098
8695
31516
48467
19579
36298
18877
29532
32265
15203
32773
7909
41086
38111
19201
33312
684
40265
9026
28124
35527
35925
48606
31605
15059
39489
26648
10092
26651
14952
32843
17521
29042
38379
10065
28216
30469
17935
22326
32372
464
27953
49491
25548
34571
8018
26570
16875
17768
8729
31031
21411
28710
48853
18686
22646
14941
29784
39612
12775
4656
25729
6824
15303
39045
26952
23008
16851
14454
5333
41509
32910
29011
38193
21295
49440
43507
35571
27534
33868
25075
27868
6117
21091
1893
41277
9991
17574
30505
46122
27454
19935
25048
31770
17237
15821
25607
1929
21859
22110
6515
12117
4125
7260
2940
9913
42799
12953
34265
21219
3186
33649
26670
45224
30242
20253
31596
18808
44549
6584
42394
7348
7445
5444
25249
27239
45858
8319
13813
44055
41005
33726
48071
48448
37672
34517
48215
22870
23342
11479
24528
557
16063
31363
24461
45992
38065
42337
17243
41823
35445
48726
42405
2802
12497
3663
12034
33849
34125
38079
19412
31140
6971
10924
32366
21250
33380
35994
12495
21105
30566
27230
46434
39196
40753
33799
44090
43221
34078
34790
16738
2686
7183
42053
2508
48854
7682
6019
33137
33769
21847
18466
37932
37400
3755
34651
27756
42872
20342
26096
26890
3556
41569
38903
84
5919
25806
33079
49482
43121
48095
43605
23726
7002
672
35581
35867
13922
45252
29628
33710
7351
39021
4278
45069
33482
32899
16433
35741
33757
5494
16185
31542
17286
48535
45032
38791
41180
35118
12340
40442
12278
37250
40440
36925
47881
25109
31604
24831
43835
41355
13971
11760
847
757
34290
26876
3587
10423
1858
26443
27895
47670
46047
37352
11885
20131
35365
35991
2914
40402
36807
41591
14596
7473
15491
7953
43258
16979
23342
40362
27405
18444
147
22956
23712
9189
44915
32674
9396
45513
22711
14361
24017
33581
8911
42401
13997
34197
1329
9572
32019
25866
26472
20440
22626
44839
14810
45046
15543
24465
40019
20146
7555
17238
8031
40712
47554
38089
8827
21889
36127
39268
39929
25673
31325
33619
13252
7855
19582
42137
31942
44773
2041
20018
18949
4747
47033
1469
26615
32288
24581
47632
16516
1748
10543
19086
16502
10720
45195
8884
43560
34313
47122
46521
18903
40655
42895
48550
27848
38960
8481
49217
570
30446
2651
28233
49837
17402
40540
13058
13094
13170
32113
17376
20937
22028
12956
44345
35602
26954
2503
16568
14303
27016
40337
45890
11647
48592
8440
25435
30543
45865
33245
27953
29903
37595
24658
34034
33642
49935
21739
20618
30851
41497
27545
13917
5956
32268
6529
12376
8740
38109
15016
20865
36325
41254
44634
24549
33812
23326
2539
47036
9118
21472
6115
44350
1086
21670
46721
46360
38944
22445
23533
17750
59
43222
38493
36776
11995
25881
44051
35053
43735
798
17640
13060
29253
44120
26505
32655
42421
22462
31385
15879
31670
11214
2431
28215
7460
10248
43905
38100
11141
9948
37753
11912
12893
22865
39269
46319
2110
27289
4302
38407
12485
990
37406
41504
17175
42489
41662
796
43989
27403
35933
1011
19953
41953
31363
2176
10994
46273
27727
34532
38057
4688
316
35623
48653
15253
6457
33225
25638
7734
4087
21024
21302
19444
39649
46701
4088
7066
1971
41629
6327
6606
26384
16542
38553
447
18395
34790
9548
27302
49377
19062
2786
18638
164
18865
18379
26081
43584
936
16891
31733
27453
26380
2540
10192
20804
8092
29753
49427
49546
9129
29605
29266
8653
21576
30578
41583
40234
22241
25531
35403
49519
22990
35312
33940
37341
35331
20632
39348
43913
22542
46982
14404
35337
16395
15504
11620
15373
31799
3469
4609
5260
7708
11855
19310
25736
3561
27305
48114
17204
35765
21607
9038
30167
22005
16568
5586
45960
34588
2124
17417
18972
27820
20847
105
20499
4015
3800
25989
16319
30762
16148
40736
32914
163
4730
31333
35926
31361
11587
28564
35642
49520
26856
21776
16553
24008
49763
38845
30603
22076
35446
36647
34037
8287
1543
42786
10196
5248
46382
44065
20369
49058
30972
27217
37785
40107
7609
42879
19122
43260
10038
1823
47673
28803
47550
1719
14542
2904
27432
34181
845
12369
42268
1644
3838
38737
4030
14190
44102
785
2791
33626
35518
44813
28977
16890
13154
34541
23214
17236
5209
36722
33691
1146
40264
49118
16409
27935
19577
3320
14923
15674
37709
44055
29237
41450
27780
36417
45396
31494
2416
38315
38027
47837
43958
13111
8540
41361
40071
24767
36755
46007
27214
2397
14612
45828
14580
13087
35066
16488
39415
29979
24032
38877
47537
23308
33174
66
37187
40603
923
23107
46749
27244
7203
1366
11626
31026
29155
19048
6229
34984
188
19845
45554
46141
9201
24997
34356
28379
27838
17045
2685
40696
21384
30777
13300
2517
27037
3751
43525
9790
26668
34487
40186
39160
19421
21902
22357
17885
8058
29289
13934
2225
32019
46823
1350
16784
25635
18939
47322
36345
33847
10399
23527
9920
2977
48629
38629
14837
44319
1586
13990
38412
1668
7938
47662
8849
44802
5867
14178
38471
20194
46682
40700
510
12068
47305
35465
41761
45324
8089
35738
2130
36006
34314
34726
45146
45256
26639
42383
10273
41670
27763
49517
36299
17552
11029
44126
45940
2118
43999
41411
37194
15908
39154
25361
2999
19153
32109
24519
46453
47802
949
4274
9769
8419
20566
9394
49754
16151
18029
43853
34083
21797
8945
42363
18013
16164
47192
1151
27951
21820
23417
49659
18164
49116
13935
26459
11339
14144
36715
29130
17921
18839
19188
21256
43013
301
22001
27035
18710
12826
29298
380
19586
38603
41277
34797
10669
20093
14490
1192
48393
1018
16963
16257
3865
16792
3250
44806
3684
44148
24609
21823
12562
10104
7646
43158
22854
31361
24710
42486
16268
44081
15252
40090
280
368
39429
46900
6230
21394
25794
41733
29238
19035
5049
5618
28825
33554
23501
38322
38761
35969
46886
22586
14641
47821
8266
783
47709
18459
6396
16804
1009
17941
49622
7205
46128
44115
28283
35665
44458
19705
29110
14678
43507
49115
33165
31252
46241
27503
21661
15218
46441
9105
43030
6744
127
46358
25701
41304
2067
1258
42144
43764
15568
16907
32780
35196
42175
3649
32085
11827
16326
43771
43933
38421
45984
9273
16146
9775
36264
48658
16161
44093
30848
2124
5485
44261
30426
49787
14143
35805
26534
65
24900
38461
12268
11233
46853
47479
21820
25497
30083
2022
48408
4542
46984
40041
8379
17379
25078
28057
31840
13085
27220
35561
43001
23223
46395
3587
36405
40526
13342
19458
1772
34524
13992
24577
18463
10851
23704
22206
37286
3563
12767
4068
40496
44099
10198
25663
18648
39102
45063
17927
26099
33192
6868
18193
18796
5765
12369
48085
42256
34376
34196
33516
283
46695
8638
20921
28767
30373
45759
19517
29825
9396
7881
30425
27890
46712
47399
28842
44180
9355
43834
13489
37146
42046
25443
18860
28352
31404
34118
5556
42389
38377
41856
24916
4198
9495
43184
12506
6323
1121
1352
35881
26055
9050
6977
41034
28711
4593
7055
7147
5771
12155
28498
39634
28492
44186
5147
34279
1145
34512
36536
29560
12776
41698
9759
39194
47599
21419
3523
28795
34425
4515
24402
32464
42809
15616
2035
30977
49814
23933
23164
26445
24348
46188
39804
10998
9864
44262
34015
47850
12052
40745
26367
16995
29587
1222
44284
16903
7365
39055
32935
26720
5421
48145
23271
8575
21956
29239
42840
23934
21766
22588
41615
28471
48884
46540
40280
42323
1139
603
38292
38350
1418
33979
6789
24890
16660
44309
19304
47800
27437
3596
37078
28857
1598
386
29585
8118
7976
44739
4848
17691
23359
3224
48005
21027
608
37292
2204
41745
40170
31028
28893
43096
30762
29730
18261
8268
39630
14434
33482
47171
20171
43915
13411
16314
7879
49688
657
35744
40065
20455
11277
48013
9560
46854
15720
17791
25041
30681
18015
37016
6669
49610
935
8868
16270
18124
49479
22423
35286
6222
26900
887
8330
45542
21064
43073
23862
28528
26156
1544
48427
25876
6458
37871
47820
20112
4886
764
18638
10517
10389
25174
37251
38119
40666
18383
36835
36667
38306
16387
34578
18727
13937
42339
38182
25466
29847
13682
43958
8352
8657
35398
13988
24921
17401
46723
1141
27819
14145
38063
38222
7920
2084
45073
5284
9890
25383
15075
44240
41423
45085
24642
41550
17102
31984
31847
11856
9538
14209
16833
24009
82
36659
35837
11975
9418
4084
4228
38290
8536
36178
18102
29820
1641
46622
34725
12250
30521
5284
812
8981
38606
14791
13822
28591
380
39674
7456
15366
20809
39625
11252
2854
10905
1054
26901
14495
46555
26712
14404
43084
37005
46912
39763
25682
23992
11023
25349
18312
29358
6875
28765
12363
18212
46202
32423
38716
22876
11590
9430
45608
43299
49921
36075
7779
26761
11253
6436
36930
1279
26292
45256
19390
5730
23129
38589
24910
48796
34838
24404
48017
33280
42118
31759
12796
2710
7495
18337
30852
16124
8427
44412
27026
16169
38879
6929
44297
49225
16590
15173
22442
38515
7170
44106
44232
31987
33099
39545
39269
38777
41261
41792
21564
48605
13775
44134
5899
4105
33052
31605
3059
7310
8146
38811
4252
34039
1566
247
49702
4052
37319
31041
39972
15862
19441
37415
19488
42973
19571
16051
42400
33523
16273
33268
39553
28320
33070
38184
2355
24851
44999
20467
948
41154
36097
39806
28406
3874
38703
5333
10654
27544
11041
29594
37096
35103
20755
32145
30309
47174
8962
13133
8422
13566
10823
17359
40761
23771
6729
19384
16984
13006
33456
2203
15839
10956
45870
23028
22208
3416
38678
9235
2528
5652
5192
20503
47157
7878
11755
26280
6416
25426
9025
8667
9976
37724
31862
35111
21761
25062
2337
25785
41560
44682
22183
37740
38971
4987
31439
7231
9682
17417
2762
27717
14977
28854
31144
33133
44838
7165
30011
25062
41420
39986
1655
49373
39635
37948
43255
14845
49591
42356
20877
26823
3372
12996
19138
6932
48707
10046
44113
12875
28634
1988
6777
9240
27233
3323
34043
15119
22231
29460
40067
26342
35628
29301
19396
38159
23500
47281
20769
30396
691
2814
14353
14902
40535
35916
28267
2204
47845
28884
4885
31137
21407
8738
10948
32786
27908
22048
27075
14513
35611
8193
20510
24786
8354
16614
25092
48340
45333
48230
14522
44899
30016
7154
15850
27901
31460
6852
4410
18368
36132
11688
31481
15176
35749
31857
2006
8490
37052
41653
45435
13383
15491
47048
40511
8987
27116
11896
4866
28566
6741
33046
41848
45287
42021
3521
11612
23129
37439
6635
16972
46687
23263
11867
38731
18853
42900
11720
37751
14877
13144
4173
35526
30105
41481
2998
47672
23602
6488
42556
4229
792
35556
17131
9666
34467
41260
37149
590
31691
44969
20870
37949
41726
47045
33625
32884
33245
13617
32739
27587
824
33209
36447
41019
34588
40018
36314
48679
33504
30458
11759
41056
5093
23239
14749
21366
39358
11475
47785
9806
28356
47285
27787
11514
15415
8261
31828
1418
43190
43630
42984
24759
35104
48018
24788
18080
19329
20766
30307
26396
25142
23861
25821
27917
11433
48307
38944
48605
12245
23524
6126
45090
25734
41043
33809
18557
2026
11455
227
6808
1677
242
34221
47103
8158
34428
34277
29335
31368
22351
13335
3560
4620
37885
48493
32401
14163
30451
44426
29125
11959
41
41339
31843
27013
43979
32273
45950
32298
22109
44516
1288
42145
5230
40820
1165
14980
28988
40741
46068
25181
46291
9760
11118
34872
7477
20826
16553
10742
48630
29575
30398
39500
30201
35722
46337
24351
42660
3696
45955
28947
15425
17329
9794
29482
39230
1100
39965
20219
3988
11455
29155
5785
49189
37313
20975
29425
45053
42303
2073
46822
42516
24662
30612
42115
17496
40225
23337
24287
908
42036
34996
11081
4084
7789
42969
49299
39920
7661
11043
6726
15608
24915
23320
46537
3106
29204
8717
46964
16518
7654
12921
33929
33884
23177
44444
17987
29702
32623
46891
48860
31282
22610
24790
26955
36297
4877
34840
48961
9972
23139
4768
43945
23741
12695
28731
8874
1592
15356
49145
40413
20819
30832
36876
36114
44601
20564
17160
13621
27036
36078
45307
48842
30064
2358
42284
39754
11933
40327
36903
6422
15875
12725
20810
18101
33906
8353
12153
13543
15777
1289
47451
33519
7574
1898
34876
22599
10654
2093
40868
6433
11377
4198
18071
46523
22603
8895
12455
25203
26059
37679
287
40175
27371
15737
43584
9857
33150
28335
15750
24184
15773
8681
34694
17765
10342
16210
6515
24177
47048
37453
46201
19194
28080
46707
16242
16505
4699
7263
19046
29201
33716
1832
38185
6169
44062
41250
48150
21796
1571
17065
19502
13426
34283
15430
37100
34633
9635
7442
3357
1069
37576
38093
43458
31414
2429
6654
37487
42564
14831
48161
36486
31815
1903
22549
24249
29218
28620
15062
15302
32744
38728
809
32665
21039
35661
48203
22186
45288
12499
26900
1032
20896
2402
6532
9504
482
1044
49944
36865
37083
6037
49554
26544
41406
35367
33239
16423
42512
33196
27896
6646
24195
24805
12709
6778
1585
45565
18236
6992
4176
2679
19899
5733
47683
8585
29269
522
46685
33823
4429
24584
49339
11924
15610
16481
9115
39784
13877
35236
38290
48081
44640
39739
45818
19563
46490
49057
39103
33559
27772
26991
4030
31920
24674
31331
43339
1102
4570
16675
225
29540
41486
15488
34724
37045
21607
25154
49785
29293
6688
26155
47138
44254
44983
13451
10028
37946
27072
1924
38884
32720
39496
43534
24949
8118
17034
21969
24213
35828
23870
8970
25336
25270
46967
44444
16074
40246
30363
43648
23012
40960
26821
32287
18072
18704
8753
28194
13966
24434
11562
48985
22233
45916
36909
3780
16763
20030
37069
22484
44124
32357
39966
18550
40455
48397
34276
10447
45971
2976
23914
9955
7986
39885
47613
30516
23689
36898
18100
35152
24277
41589
27268
43041
32270
16420
48508
3369
6839
12083
29460
31251
27993
5328
21018
37945
30568
5910
42994
16246
47823
18743
10911
38603
18770
42223
14172
34102
7107
3528
10633
16037
5737
24069
30155
33972
43110
44408
37195
27701
17415
3959
14703
41728
10612
46345
24985
2138
16393
1606
19859
30962
36608
15538
39433
24267
14259
22521
31763
12553
46965
6354
5176
43479
3510
8369
44575
27309
24645
31538
48315
37382
40478
12435
25055
24675
24815
44383
1008
14854
34925
16807
31033
38381
9471
31220
15226
27119
4224
38455
16415
48465
41230
26456
27699
23889
1137
49227
26877
12263
12271
15679
6497
26584
4346
41938
33999
4726
18701
39518
49408
44610
20707
38541
30946
38412
47424
8430
31826
14516
32892
26230
12962
30610
17619
3436
19869
21507
12770
47443
6862
5542
27262
2315
333
44547
46387
31900
4860
48128
16639
39911
17854
1032
19131
41287
29652
21598
17465
2566
31866
6690
30725
25018
21068
42170
42337
1438
18702
46323
40448
2484
23899
32746
35283
40921
26499
39381
775
44485
25075
17196
5990
36563
46438
29498
27620
13497
26475
8521
16341
48370
8772
8083
10676
36316
19925
8951
40286
19881
14313
29285
293
44213
15814
31690
20987
43943
29812
42654
45291
32587
14161
30429
1085
17311
14170
36577
93
23123
28500
43838
13309
16542
33236
3612
20560
47973
18650
49475
43517
35553
12705
48998
27644
5340
26431
10959
42488
8085
34245
11485
24041
22912
43030
3369
7869
46766
21211
30641
34257
21397
13055
38577
32158
25222
37286
19548
46724
31365
45933
44621
45780
18794
32206
32564
10803
17840
7992
45794
15753
179
21626
20153
42666
17067
16051
1564
28421
34150
15514
28634
10830
5130
30208
28421
16515
14093
16021
15880
45561
31717
14867
23316
7879
49448
11397
20411
44653
34778
16392
17696
16229
19991
36677
45999
30231
12782
2195
2109
12005
14243
30547
1087
23214
43129
41643
13148
2031
6388
39229
9506
49511
32259
12946
23029
33473
11451
38483
38354
15328
46469
36402
25748
46429
43631
24495
6025
35958
47261
6125
32103
13789
37454
39593
38296
25200
5141
35627
20637
9169
18260
3193
2140
39447
32700
12344
16986
16941
32691
2840
31128
24178
12962
40406
14913
23167
26079
21363
20595
7338
48020
17648
7875
17555
8172
31537
38119
21837
18929
24395
49446
47936
47947
19550
49149
44029
8216
7192
15894
42642
1550
37379
46310
35987
14828
29203
1427
10922
4553
46591
27115
4019
17955
8696
26109
24507
45966
26556
19897
49980
37135
35647
24094
10598
47307
28029
13412
6290
26855
15438
25222
28460
18998
49506
30357
15764
25400
32633
21203
31272
4915
19094
28967
13616
29995
46633
10574
18002
33583
15001
6052
36553
15444
49359
45589
33043
17287
1157
39741
927
39040
16528
41253
24509
33463
40953
13516
46504
15358
15748
8978
21076
1645
36325
8395
47344
875
3173
12581
48709
37383
45116
14705
36242
21035
21731
17800
38529
41770
10298
3416
7516
22434
39809
49652
41619
27950
15975
28
33529
48345
12035
18182
42217
4618
35761
42630
8680
34199
33538
7441
41775
42843
41600
11922
14076
19488
41999
26487
20907
43736
33505
6408
14235
41242
30332
37815
40176
6710
20387
34261
10674
35492
4196
17258
4317
42896
42326
18653
33580
554
42335
12292
43046
33212
1722
26791
22272
42976
7070
49297
49883
9948
24231
10450
9487
33522
49007
43823
29781
17148
41922
23212
14082
2781
6229
37396
46777
48410
13826
39967
28139
47904
14041
20736
42020
34043
37509
4632
17631
3338
37084
6455
37197
37304
44030
4041
42363
48765
8711
4233
4314
47277
28118
31774
39780
46823
26866
40856
5076
19676
25621
8642
16608
936
677
17288
18116
49329
34367
25299
42161
43304
11728
13603
21982
8911
37138
3931
42490
17899
4401
30261
18858
24940
2095
33553
29055
19293
43330
13218
28475
25777
40499
36791
46800
30875
41741
47172
40227
13568
13716
46606
24581
6277
49513
18592
29460
15335
7544
36080
4144
18673
5003
47540
25096
4572
27306
13068
47682
10270
25139
16200
21103
33163
22414
45674
2737
25048
22934
7109
24387
21233
22979
14171
37089
44671
2533
41885
44296
30593
42511
37613
27069
45883
1421
41015
17981
13358
34300
33907
42785
27454
6013
32865
25015
19277
1295
47387
26258
39612
43136
40296
23311
49683
42931
41015
36413
15891
46298
31037
44061
22017
47013
7906
34344
3145
39467
49472
23078
9466
19549
22762
34185
1998
17179
14927
40114
2350
14297
38159
17990
26772
18280
11577
33115
32017
16981
38916
38260
47662
16014
47794
36318
25678
30050
35974
26705
41582
29866
42134
7121
28209
18172
10016
49337
20508
20725
41274
12108
9006
43411
98
18671
18808
16792
24036
49519
1201
11195
13078
39779
22090
2475
30071
21085
43387
38496
16713
18543
29302
3258
3802
5398
11369
513
30128
14059
48006
41632
29188
19667
38179
13198
40119
18303
14113
40757
33168
44111
14803
21402
14471
33165
47421
49493
48349
33855
29525
23106
41694
14723
36701
36365
6648
49078
33839
23742
22183
20713
20558
20749
14362
35417
48338
11598
38483
21219
6305
42772
12218
44306
30323
44371
26753
39270
10687
33917
30508
29831
35671
2881
14966
28755
5954
3100
45091
29667
21884
14529
23234
21701
36174
44673
18395
42162
6568
11866
16597
33721
22948
29782
35223
29567
400
46065
45014
2156
38498
7951
36362
47881
8028
2391
13623
44823
2969
10671
25779
13983
11220
38149
45000
13343
16738
12546
5328
48239
25764
7139
16252
49890
4942
34818
16537
13507
13600
34853
38896
31308
33497
26158
7285
16494
27397
7274
47197
1105
6448
18050
43221
4523
18568
34652
7185
2536
16886
44396
49197
25096
34697
29224
47660
12471
13214
33959
6154
19383
28744
23154
22386
2303
22035
40060
32192
28972
22050
42368
4248
17982
14869
42194
49495
37449
23918
47468
49616
13426
13246
32061
16563
34298
16279
41632
25741
24149
20790
36467
22449
4079
37575
43078
48582
12096
6025
39362
23839
9777
24506
2171
40671
32229
6126
23030
44192
16552
37229
17641
41941
9782
43772
36871
13988
15984
14419
33170
8754
25844
7871
22861
22471
5476
29512
5650
4613
2486
39050
14471
5478
7929
8691
45890
33657
14869
37965
16772
27140
670
10659
19525
12273
23627
44522
24915
14988
44849
15466
40533
34033
46342
28797
9222
9938
46305
9981
16899
21942
35336
20283
2331
36349
40075
16626
17418
5284
43063
41391
48367
47509
48734
7961
2799
20843
35427
36302
3818
49751
31750
36038
49806
18701
1792
45418
10938
48849
23930
15994
42897
13696
18623
44228
31364
39688
38419
38598
44626
32913
1116
30830
35430
15854
43768
20231
13575
14683
48170
34487
22051
10761
9501
30926
36281
44432
44130
33119
8440
43836
41807
38341
39236
43225
23941
39920
5441
24490
49062
20250
18140
35773
24535
34136
2323
38177
37727
544
43396
22495
45376
47548
865
31824
16656
15842
17411
25840
5085
38662
21083
4588
13564
39406
13205
37885
11111
7663
36840
48548
31635
40091
19399
30366
48561
3416
21133
33099
18653
17517
49174
39817
4103
648
31573
30666
27022
10863
11046
40873
7832
15018
24608
3047
45989
11995
903
13422
11416
12757
15797
14980
18051
48121
13021
47010
15795
24556
32100
44411
1175
35095
35488
37707
21313
47146
29472
42834
37859
2144
11263
45900
25176
45743
1162
45203
24550
13235
25866
1126
46284
12684
36348
1688
2120
6576
19229
31149
12873
4165
9759
37915
23537
33194
13395
29257
35121
37011
21349
27549
35341
23121
25507
29258
36414
30287
10026
14777
35892
33501
41976
5464
11422
1482
48260
202
31399
10538
24045
28707
31728
11652
48965
29076
44705
5308
17472
39480
25161
4373
11292
30688
48666
6360
42060
15958
30185
31481
42377
16440
7048
10364
21008
43300
31730
41809
718
29074
15715
9113
2578
42353
36227
33077
16035
8794
9365
6196
34651
13815
18308
41267
15807
26937
12630
11744
40330
41288
9477
31791
33967
11895
20054
36953
35546
17228
41416
16005
9295
6705
23359
30906
17534
39481
46890
29003
49985
13870
4622
36820
27592
43027
8128
6068
46287
12958
15542
45678
37577
7186
39804
87
42097
16321
35283
30250
48980
972
33569
28603
655
1923
5346
36807
5210
35114
42132
49177
46153
23403
3046
15701
25726
38788
7964
26234
13261
14116
19317
46101
2742
44877
4635
34748
22998
23256
48081
40001
11094
27226
39720
18955
44595
27823
44990
46405
36813
13196
33827
11501
28317
16589
32966
27152
33071
19602
26987
18430
43174
19639
31181
43396
48998
20137
13496
15336
5446
19201
20165
47553
8008
23627
10306
43457
40732
48020
13034
6750
2903
12983
8614
29438
20157
13698
12105
3949
9507
12273
22666
40694
32548
24704
25278
16141
5977
22682
45571
26912
22153
17488
40947
28046
5028
45426
38679
43358
41997
42668
12432
43812
44646
24997
36840
32272
32446
12127
13949
3133
36221
11570
31158
29188
6906
46935
8194
44962
20443
27827
44968
33238
36021
41107
14161
26773
7223
15334
32063
8889
37235
43799
41796
4037
21709
4512
18444
156
39083
38360
40517
563
25894
37067
37007
48488
23735
5492
14855
15223
26710
6173
20223
14865
12841
19736
31612
29598
16126
13477
22097
2842
35093
26069
34584
49642
7165
19563
7052
44739
20278
15385
33603
40497
3738
44386
28113
38160
8501
25542
31631
29834
18538
44383
23247
49871
2556
20797
13455
25805
16515
8002
20931
23625
40724
48793
36104
184
40511
20594
37921
20541
3643
49999
1756
24462
16173
17451
22012
34494
40581
20009
28635
16944
32040
9763
35605
11823
19630
11068
17578
40216
13341
39016
49358
46829
571
42227
42929
34701
43075
29379
47467
38453
37067
39553
49646
3950
15890
41803
15432
29941
15202
972
31856
32556
29552
11315
18761
26764
7753
4537
21730
24722
45329
6999
8885
18789
35691
26302
38928
48697
40134
13848
22333
15436
26123
2553
9738
31144
25136
31481
16203
18652
39046
27951
3934
39348
47629
32159
13069
27942
43548
2631
19502
30491
8250
12237
11364
25848
28898
44234
13654
22580
48169
27040
34253
644
10835
43438
17615
4097
13776
21382
48545
35481
36158
46880
22612
42928
27703
7542
8983
40099
11453
48609
18226
457
44838
47387
23823
20596
22112
10077
8743
8087
24171
17052
4242
4609
37701
18079
38291
16931
44349
2370
39387
37280
44999
41162
40370
40058
32918
41596
33222
22892
3026
24614
8556
11816
17271
48211
39647
29755
40608
44371
38582
31868
9307
10222
27641
3001
12727
27455
38670
14071
29413
19236
13782
32278
11237
3824
42656
1686
27568
21302
23491
8809
11431
36303
31493
3607
18447
197
26815
26558
4035
42510
13165
26524
45324
17416
6992
28464
36489
32953
2039
24575
23315
26754
6132
25864
38392
11639
38006
49802
584
19541
22151
47525
10834
1629
38440
5370
35472
21223
32090
26614
13243
31450
15224
5436
29842
14520
37130
14426
31533
21724
29260
38294
41731
44270
43063
21205
33293
40489
33030
44770
1553
21586
24219
28668
34125
33937
3251
48433
31292
12647
31432
20543
1566
31233
10745
30021
25774
48952
33117
4471
32520
5495
30777
16007
19339
7717
36214
34633
40572
18974
11085
19399
879
30918
48583
48923
36591
4356
35546
38136
40754
31304
27346
17870
6826
156
22025
1422
49687
5256
6792
47868
25431
19781
47853
18547
42428
2012
5302
46718
9321
36251
29576
14316
30520
1161
14006
10421
4412
28905
4350
15513
34759
20636
31191
2691
7853
27234
40474
33342
40780
13287
24960
17629
23314
34963
23296
38438
35452
15276
44593
7625
7213
49673
31126
26557
12182
35563
41442
48745
14668
33651
4441
13926
6022
13125
25012
29270
27051
34042
19231
7825
29424
30882
21620
43396
27365
17278
21125
2126
8397
47592
38549
40629
33566
27455
28623
17658
42746
19823
39750
22188
24945
18342
24328
28650
30859
5041
80
3432
10863
44852
20350
11902
23174
21345
48884
25748
11415
33416
26647
6438
33468
24035
28549
5028
3976
40433
25542
12849
20793
10462
15548
3756
28592
10315
26177
34383
17511
37837
7401
16442
45795
24017
21195
28964
15923
2384
13706
1688
21543
39138
9721
32687
30864
29913
2866
6811
31185
26784
28764
40587
33687
30489
14797
14988
3203
6281
31538
10759
35735
12825
11995
1179
38303
11497
16323
24438
21407
4352
44854
26237
11355
33373
9965
21320
13231
2545
41731
34378
39769
9450
32947
35727
30863
2297
34229
31617
29199
34012
24208
3969
28354
11179
9367
15574
49063
6162
40180
3605
35354
21465
35427
41214
23750
32428
35789
4556
3610
11672
30635
26088
38840
5069
46937
8905
41201
24650
13873
41345
42743
28899
24931
46513
21302
38747
42313
27256
45094
1580
24236
26196
4576
38129
34281
49751
12659
12788
8904
15111
39026
38796
36224
41486
7327
35040
22718
20596
6752
19711
46015
17244
20484
22265
46454
38190
18912
3707
19741
25463
44904
27342
24666
23045
36506
16018
21574
45569
2915
46972
386
17010
41657
45832
23775
27419
47971
49511
6386
42590
6773
49341
19647
5591
45034
33845
10375
5205
9425
29706
40526
28968
32302
6494
4416
1408
2706
9649
11842
3230
35879
691
21753
10392
17352
22541
7615
5754
24480
41197
41315
40173
31772
39408
29896
11575
26074
47901
29280
1027
41633
43342
37409
47008
10646
7424
12839
8966
32026
18529
24486
22006
31117
2471
7195
45742
33115
24744
24310
3443
11
23337
5681
24156
24994
30826
5171
41225
40285
14386
12464
45026
34626
3968
28196
1905
12711
47848
15075
3658
2031
25467
28369
43190
16309
23845
18185
46182
20430
12309
35412
30005
44683
38768
24447
91
8340
16582
18979
1731
42002
47106
38535
3709
27905
45334
25112
17583
3927
33088
9304
2549
7671
39219
24412
5475
10005
13133
3159
44891
6020
3021
26417
665
31000
21195
37769
30778
37961
24767
24131
9300
32828
42565
49352
36538
19874
18423
15800
1474
7242
43725
2231
48777
25924
22239
28839
33855
41505
40789
48060
42635
34455
484
39406
13663
8732
7806
31233
45162
258
38355
38196
22036
12718
28032
47927
16886
41047
37392
41165
20597
32851
11231
47948
42150
26914
3712
20444
393
28422
5228
33515
24182
1162
49218
4084
22145
26186
3355
12273
46623
35981
8876
9352
28102
13221
36537
18726
3091
2683
38990
30285
6421
39326
29358
4939
5405
1222
19866
26331
5057
4562
49009
39473
21708
18283
29542
7689
31542
26587
10764
8038
3644
19260
5201
15407
6182
43796
40916
9873
34211
6522
39660
12017
10173
1592
28663
2595
1917
24396
9041
19828
27987
40631
48038
46599
27873
39819
25657
22742
11019
20523
46423
14165
48806
11755
10365
48070
32103
19803
35252
2268
33335
25465
32324
33103
15677
4328
28869
4757
2302
25524
14570
5396
8178
44069
8071
14015
35647
28988
12420
44272
47408
22142
30576
44638
48404
3693
32208
45969
23303
20946
17550
41047
6467
30576
7715
13029
22954
43891
10044
49338
2720
47508
12819
20011
30646
42710
35136
49572
36538
22985
17926
7767
26193
14451
16606
34723
22574
39909
11931
16335
44399
36312
21550
44313
39713
18666
39125
25634
279
139
44514
39624
39650
42036
6187
5175
29220
23909
14669
29024
13243
12359
9364
12477
10820
28354
16794
17117
42737
4208
14903
18453
18442
3038
11884
331
18050
27504
610
47703
22945
6248
35405
35987
3025
296
18383
39187
12166
43393
20118
40901
24718
17877
42802
42491
13210
2578
46306
39386
10437
34758
804
14084
25349
9674
23757
18991
49803
48669
29056
16248
41010
3858
48195
15715
11957
47661
49991
21054
40847
13742
23041
41949
22670
37216
24679
24895
30724
1978
34113
31654
5286
28987
10400
38040
20966
30629
25037
10010
26653
33061
27321
5912
8709
16784
47604
2744
560
48822
6674
39227
3994
10039
47506
49794
49624
24484
10726
28240
23753
8767
49721
47120
35299
29293
9864
18356
40790
21260
49201
48733
24269
4392
19864
2408
19370
41491
6090
39936
21998
33330
41983
33032
40156
20979
9728
25401
33665
25957
25638
14862
36859
34608
42303
30290
9705
4762
46426
9193
7883
15586
49809
19110
31688
3110
22476
42406
2490
2260
17976
36270
3307
27493
33652
25892
26040
7371
44017
29118
32183
1090
47415
27042
27548
13312
49173
47020
35986
45751
42579
37660
37449
6272
13904
20066
13070
39686
7932
35160
29658
13319
43416
23362
34858
24801
23416
37060
8647
30368
5991
39158
6110
16432
18464
37869
35121
39472
9507
48281
36595
1532
14384
10306
35818
37922
207
35853
22751
27159
32831
24168
32916
33833
22706
40008
25058
12026
5111
12894
17136
49068
45184
20306
41973
8500
2126
33169
22446
6030
41614
33560
2443
44573
29616
20445
41299
36128
42122
24028
38314
17080
618
9372
34611
48098
23283
18491
21946
38497
20753
41704
14511
44160
49305
5310
10265
7350
25195
11608
34670
38110
46576
2157
21488
33416
14892
43993
26338
40434
28392
40978
34645
21903
6745
21910
46360
25597
11435
14192
37009
8975
12749
9816
23188
29562
23469
39656
5372
43746
34090
25095
24519
15078
25512
7102
8127
46660
48002
22972
11060
39005
35302
1997
23501
38606
46632
48924
28788
23576
4788
47893
924
40589
42155
42055
8258
35330
21855
21158
19738
43483
3381
44849
28999
13499
46491
2456
11208
37422
36442
21411
47758
30798
2828
36795
9669
6791
19022
39952
24092
22529
36215
2675
17623
48618
30438
45948
1568
49644
23136
10343
31537
28554
24035
46307
47178
32280
37317
48745
47175
22732
49967
7731
20911
22338
30358
12287
34396
21093
33223
29152
31490
17249
40004
19559
10836
33724
25667
21737
46578
30477
15124
25996
42796
40124
5074
17347
10571
28969
1093
10573
40646
32533
20339
28568
11777
15485
5247
8458
9309
1263
16780
6737
13486
36765
29798
48067
10283
31324
29153
38612
39375
14237
6065
40221
8556
867
7660
39143
33837
13401
8467
23181
9451
36713
44548
36073
18808
11257
33770
16400
4291
30305
13958
1140
85
31764
15338
35442
38137
42369
857
7873
2456
24829
47376
29821
44982
16908
49825
34582
17822
15540
7086
8383
34729
16979
1101
35497
32831
32503
36854
17631
14401
46462
41238
21797
10929
3982
28911
15311
30389
10992
49880
37802
40396
27394
31821
12142
44686
37409
49925
37671
14665
7528
21685
38628
4461
48365
6058
29726
10022
37915
30905
4721
5194
40205
15733
24651
29378
7960
24326
19488
14312
8282
33088
45841
1348
29464
27993
18115
23661
8722
6730
14864
36089
19854
10615
46373
25699
32170
32672
5389
39858
16412
49729
2464
7702
8000
24753
19420
604
24359
42303
26630
24397
40590
5339
48712
23601
10399
22789
26574
37416
30535
42088
3471
48200
40129
22962
38702
26560
15429
6187
18307
46750
36252
7987
33983
13613
28029
42488
2801
28939
4760
3438
46055
28630
37712
36448
32488
42429
22759
30363
10908
29331
15580
36995
8372
30436
42179
12835
6116
43067
16595
9121
44217
33575
4725
17200
32108
36196
41787
14052
22967
8083
15086
13744
42516
8103
4457
10035
14460
30553
8300
8493
40756
12527
14880
9424
46005
48803
28452
29287
42089
5484
16500
4401
24302
33985
13535
5089
37892
44262
3146
33826
43742
40213
44908
23672
15413
30188
35082
4595
4366
27118
36174
16567
30883
18669
7122
3298
32290
19655
25885
21757
39763
42871
19560
14467
6525
21474
39508
28934
27094
32747
37968
40991
14974
47247
39847
43207
37784
38437
11428
24911
23327
14242
38538
22887
16500
38106
46889
30658
37039
30531
22774
25153
15904
46259
2313
5696
38409
4525
29471
38033
27892
8488
37540
36822
15824
9512
27606
23511
26741
3935
37985
41257
4750
17135
40297
48519
31190
543
12528
26592
31004
24380
48510
30514
7652
43704
37236
13301
11214
46188
15825
15582
45596
48058
9466
32122
30048
3788
9134
48779
20210
1047
37639
39076
2032
41503
27539
27525
21299
9826
17452
30888
46832
24181
17851
42032
43790
36030
33060
45067
34750
28873
27697
33060
5495
9888
19170
35395
37926
27865
7514
44518
35286
22278
37658
20006
49351
20637
26873
9369
48845
43937
30163
49778
14688
18933
8593
6173
34965
18985
30614
18762
9632
37647
19159
14077
24178
21550
40676
42397
10733
15025
44300
15558
49473
39663
46552
8851
5926
29127
14527
6512
40911
45325
16503
19664
46640
45003
33173
23798
42875
49779
37587
31344
47443
6628
41277
28771
18879
24056
4210
1278
5360
29288
23206
32820
47068
6735
11185
9187
39756
37840
6612
34520
4764
34730
2621
47545
19815
22210
21356
27785
46831
6337
13062
5145
40740
2743
10027
42619
13797
92
8320
35103
28596
27165
23454
38983
24106
44562
4010
34518
29032
3176
32789
15012
49769
25060
11595
33298
22835
42471
21255
43834
12157
36905
42542
24379
26697
39942
13725
46793
40528
7289
38661
33883
25280
30968
99
33780
3840
34415
23271
45146
20622
10607
48544
49963
3634
35642
41104
8828
49939
14563
49825
18453
33
33015
27863
18535
23658