0
3
3
3
3
3
4
6
7
8
8
9
9
10
10
11
12
13
14
17
17
17
18
21
22
22
23
23
28
28
28
28
29
29
29
30
32
32
33
33
36
38
41
41
42
42
44
44
44
45
46
47
48
51
52
54
54
54
55
58
58
59
59
61
61
61
62
65
66
66
68
69
69
70
71
71
75
75
75
76
76
77
79
82
83
84
85
86
86
87
88
91
91
91
93
93
98
100
100
101
102
102
103
105
106
107
108
109
109
109
112
113
113
114
114
114
115
116
116
119
120
121
121
122
122
123
124
124
127
127
130
131
134
135
136
136
137
137
138
141
141
142
147
148
148
149
151
151
153
155
156
156
157
157
159
160
160
162
165
165
166
166
166
166
167
167
167
169
169
170
171
171
172
174
174
175
175
176
176
177
178
178
179
181
182
182
182
183
183
183
183
183
184
184
185
186
186
187
188
190
191
191
191
192
192
193
193
194
195
195
196
196
197
197
198
198
200
200
200
201
203
205
207
208
210
212
212
212
213
213
215
217
219
219
222
222
222
223
223
224
225
226
226
227
227
227
228
228
228
229
229
230
232
232
233
233
236
237
237
238
238
239
239
240
242
244
244
245
246
247
249
250
251
252
252
254
255
255
256
256
257
258
259
259
259
259
259
260
261
262
262
263
263
265
265
267
269
269
271
271
272
274
275
275
275
276
276
276
278
280
286
289
290
294
295
295
297
297
300
300
301
302
303
304
305
306
306
307
308
309
310
311
311
311
311
312
313
313
313
314
315
318
319
320
320
322
325
327
329
329
329
334
334
336
336
337
337
339
341
343
345
345
347
348
348
349
349
350
350
353
354
354
355
356
356
357
358
360
361
366
367
367
367
368
369
369
372
372
372
373
373
374
375
375
376
376
377
378
378
378
379
381
381
381
384
384
384
384
385
385
387
390
392
393
393
397
398
399
399
400
401
401
402
403
404
404
406
407
407
409
411
413
413
414
414
416
417
419
420
420
421
421
423
425
425
426
426
429
431
431
432
432
433
433
433
434
435
435
435
435
436
436
438
438
438
440
440
441
441
442
442
444
446
446
448
448
449
449
450
452
453
453
454
454
455
457
459
460
461
467
467
467
472
473
474
475
475
475
475
478
480
482
483
483
486
486
487
489
490
490
491
493
496
496
497
498
500
500
502
502
503
503
503
504
509
509
513
514
514
514
519
520
520
520
521
521
523
523
523
524
525
525
525
526
527
528
529
530
531
531
532
534
535
539
540
541
542
543
543
544
545
546
547
547
548
549
551
553
554
554
556
556
556
557
559
560
561
561
562
564
564
565
565
569
571
572
574
575
576
576
576
577
578
578
578
579
580
581
581
581
582
583
583
588
588
588
592
592
594
594
595
595
596
596
596
596
597
600
601
601
602
602
604
606
606
606
607
608
608
610
610
611
612
613
614
614
614
615
617
618
619
619
619
620
621
621
623
624
624
625
627
629
630
630
630
637
639
645
645
645
646
647
647
647
647
649
649
650
650
650
651
654
654
656
657
658
660
660
661
661
662
663
664
664
665
666
666
671
671
673
674
674
674
675
676
679
679
680
680
680
681
682
682
682
684
684
685
685
686
686
687
690
693
694
694
694
694
695
695
698
699
702
703
706
707
707
708
709
709
709
710
711
711
711
712
713
713
713
716
716
719
720
720
721
722
723
724
727
729
730
732
734
736
737
737
739
739
739
740
741
743
744
746
750
750
753
753
753
755
756
757
758
759
762
763
764
764
765
765
765
768
768
769
769
773
773
773
774
774
774
774
775
776
777
778
780
780
781
781
782
783
783
784
784
785
786
787
787
790
790
790
791
791
792
793
794
795
795
796
798
799
799
802
803
804
805
806
810
811
811
811
812
812
812
813
813
814
815
817
817
818
818
819
819
820
822
825
826
826
828
828
828
829
830
831
832
833
837
837
838
839
840
840
841
842
845
845
846
847
848
850
851
851
851
852
852
853
853
854
855
857
859
860
861
861
862
864
864
865
866
866
868
869
870
870
870
871
871
871
871
872
872
875
876
876
878
878
878
883
886
886
887
887
889
889
890
890
891
892
893
893
893
894
895
895
897
897
899
900
902
903
905
906
907
907
907
909
910
911
913
914
916
917
918
918
919
921
922
924
925
925
927
927
928
928
930
931
933
933
933
933
933
935
935
936
936
937
937
938
938
938
939
939
940
944
947
948
949
950
950
950
951
951
951
954
954
955
958
959
959
964
965
966
973
974
975
975
975
976
976
978
978
979
979
984
984
985
985
986
987
987
990
991
992
993
994
994
995
996
997
998
998
1000
1001
1003
1004
1004
1006
1011
1014
1014
1016
1016
1016
1016
1019
1019
1019
1020
1020
1021
1022
1023
1026
1027
1028
1030
1030
1033
1035
1035
1036
1037
1038
1038
1039
1039
1044
1044
1047
1048
1049
1050
1053
1054
1055
1057
1058
1058
1058
1058
1061
1062
1063
1064
1064
1064
1065
1065
1065
1068
1069
1069
1069
1070
1070
1070
1072
1074
1076
1076
1076
1078
1080
1081
1082
1083
1087
1087
1088
1089
1090
1091
1094
1097
1098
1099
1099
1100
1104
1104
1104
1106
1106
1108
1109
1113
1113
1114
1114
1115
1118
1118
1119
1121
1122
1123
1124
1125
1126
1127
1128
1128
1129
1130
1130
1131
1132
1132
1134
1136
1136
1139
1139
1143
1143
1143
1144
1144
1146
1146
1148
1149
1149
1151
1151
1152
1152
1154
1154
1155
1156
1158
1159
1161
1162
1162
1163
1163
1163
1164
1165
1165
1166
1166
1170
1171
1172
1172
1174
1175
1175
1177
1177
1178
1179
1179
1181
1182
1182
1182
1183
1184
1193
1193
1194
1195
1196
1196
1196
1197
1197
1198
1200
1200
1201
1201
1202
1203
1204
1204
1206
1212
1214
1214
1214
1215
1215
1218
1219
1220
1221
1222
1222
1223
1224
1227
1229
1231
1231
1231
1232
1232
1233
1233
1234
1234
1235
1236
1238
1238
1240
1241
1242
1243
1244
1244
1245
1246
1247
1247
1249
1250
1250
1251
1251
1251
1253
1254
1255
1256
1258
1258
1260
1260
1261
1262
1263
1263
1264
1264
1265
1266
1266
1268
1269
1270
1271
1272
1273
1273
1274
1276
1277
1279
1280
1282
1282
1283
1283
1284
1285
1288
1289
1290
1290
1291
1292
1295
1295
1296
1297
1299
1300
1300
1301
1301
1302
1304
1304
1305
1306
1311
1312
1313
1314
1315
1315
1316
1317
1317
1318
1319
1321
1322
1325
1326
1327
1327
1327
1327
1327
1328
1328
1330
1330
1331
1332
1333
1334
1335
1338
1338
1338
1341
1342
1342
1344
1344
1345
1345
1345
1346
1346
1347
1347
1348
1349
1350
1351
1352
1354
1354
1357
1358
1358
1359
1359
1360
1361
1362
1363
1364
1364
1365
1365
1371
1372
1375
1377
1377
1377
1378
1378
1380
1380
1380
1380
1383
1384
1384
1385
1385
1386
1386
1388
1390
1390
1391
1392
1392
1393
1394
1395
1396
1397
1398
1399
1399
1402
1406
1407
1407
1408
1409
1410
1411
1412
1412
1416
1416
1416
1419
1419
1422
1422
1423
1426
1426
1426
1427
1428
1428
1428
1428
1428
1429
1430
1430
1432
1435
1439
1439
1441
1442
1442
1443
1444
1445
1447
1448
1448
1449
1451
1453
1456
1456
1456
1458
1458
1459
1462
1464
1465
1466
1472
1475
1476
1476
1477
1477
1480
1480
1481
1481
1482
1484
1487
1488
1488
1489
1490
1490
1492
1492
1493
1493
1494
1494
1494
1495
1495
1496
1498
1499
1501
1503
1506
1506
1506
1507
1508
1508
1510
1511
1511
1511
1512
1512
1512
1513
1513
1514
1515
1516
1518
1518
1518
1520
1522
1523
1523
1525
1526
1527
1528
1531
1531
1532
1533
1533
1535
1537
1538
1539
1541
1542
1542
1542
1542
1546
1546
1548
1549
1550
1553
1553
1554
1554
1556
1557
1558
1559
1560
1561
1563
1563
1564
1564
1565
1566
1566
1566
1566
1568
1572
1574
1574
1576
1577
1578
1578
1583
1583
1584
1585
1585
1585
1588
1590
1590
1590
1591
1591
1592
1593
1594
1594
1596
1596
1597
1598
1599
1600
1600
1601
1603
1604
1605
1607
1608
1608
1609
1611
1612
1613
1616
1618
1618
1619
1620
1620
1621
1623
1623
1623
1626
1628
1628
1629
1629
1631
1631
1632
1634
1634
1636
1636
1638
1638
1639
1642
1644
1644
1645
1646
1648
1648
1649
1652
1654
1654
1655
1658
1659
1659
1660
1660
1661
1662
1664
1667
1669
1669
1669
1671
1672
1672
1673
1673
1673
1674
1675
1675
1676
1677
1677
1678
1678
1679
1681
1681
1686
1686
1687
1687
1689
1689
1689
1690
1691
1693
1693
1693
1696
1698
1700
1701
1704
1704
1704
1705
1706
1711
1713
1714
1715
1716
1717
1718
1718
1718
1723
1723
1724
1724
1727
1728
1729
1730
1730
1730
1731
1731
1735
1735
1735
1737
1738
1740
1741
1742
1743
1744
1747
1748
1750
1750
1752
1753
1753
1756
1756
1759
1761
1762
1762
1762
1763
1764
1764
1765
1766
1767
1767
1768
1769
1769
1770
1771
1772
1772
1772
1773
1773
1774
1777
1777
1779
1780
1780
1780
1781
1781
1785
1786
1786
1787
1790
1791
1791
1792
1793
1795
1795
1802
1802
1805
1806
1809
1810
1815
1815
1817
1817
1818
1820
1820
1821
1822
1822
1823
1824
1826
1827
1828
1828
1829
1829
1830
1830
1831
1831
1831
1833
1834
1834
1834
1835
1836
1837
1838
1838
1843
1844
1844
1845
1848
1850
1850
1851
1852
1854
1856
1857
1859
1860
1860
1862
1864
1864
1866
1866
1868
1869
1869
1870
1871
1878
1878
1881
1881
1883
1883
1884
1884
1885
1885
1888
1890
1891
1892
1893
1896
1897
1897
1898
1900
1900
1901
1901
1902
1904
1907
1908
1909
1909
1909
1910
1911
1911
1913
1913
1915
1915
1915
1916
1917
1917
1918
1918
1919
1919
1921
1922
1922
1924
1926
1926
1926
1928
1928
1929
1930
1931
1931
1932
1934
1934
1934
1935
1935
1936
1938
1938
1939
1939
1943
1944
1945
1945
1945
1945
1946
1948
1948
1949
1950
1952
1952
1954
1956
1959
1960
1960
1961
1962
1962
1965
1966
1969
1971
1971
1973
1973
1973
1973
1973
1975
1977
1978
1978
1978
1978
1979
1979
1979
1979
1979
1983
1983
1985
1986
1986
1986
1988
1990
1992
1993
1994
1995
1996
1996
1997
1998
2001
2004
2004
2004
2004
2005
2005
2005
2006
2010
2010
2011
2011
2012
2013
2013
2014
2014
2014
2015
2016
2019
2021
2021
2022
2022
2023
2024
2024
2026
2026
2027
2030
2030
2030
2030
2030
2032
2032
2035
2037
2038
2040
2040
2040
2041
2041
2042
2042
2044
2048
2051
2052
2053
2056
2056
2056
2056
2056
2057
2058
2058
2058
2059
2059
2059
2060
2060
2062
2062
2062
2064
2065
2065
2066
2066
2067
2067
2070
2076
2076
2076
2079
2080
2080
2081
2081
2081
2081
2082
2084
2086
2087
2088
2090
2091
2091
2093
2096
2098
2098
2100
2102
2103
2103
2104
2105
2106
2106
2107
2107
2107
2108
2108
2109
2110
2113
2113
2114
2116
2118
2120
2120
2120
2121
2122
2122
2125
2125
2125
2125
2127
2127
2128
2131
2134
2135
2136
2136
2136
2138
2141
2141
2142
2144
2145
2145
2145
2146
2147
2148
2149
2150
2152
2154
2156
2157
2158
2159
2159
2160
2160
2160
2161
2164
2165
2172
2172
2173
2178
2181
2182
2183
2184
2184
2185
2187
2188
2189
2190
2191
2191
2194
2194
2196
2197
2199
2200
2201
2202
2205
2206
2206
2207
2207
2208
2209
2211
2215
2216
2217
2217
2219
2222
2222
2226
2226
2227
2228
2228
2230
2231
2234
2234
2236
2236
2237
2237
2237
2238
2238
2239
2240
2240
2240
2241
2241
2243
2244
2245
2246
2246
2247
2247
2247
2248
2249
2250
2252
2253
2254
2256
2257
2257
2257
2258
2261
2261
2262
2264
2265
2266
2268
2268
2271
2274
2276
2277
2277
2277
2278
2278
2279
2281
2281
2281
2287
2288
2291
2294
2295
2295
2295
2297
2297
2298
2300
2300
2301
2301
2302
2302
2305
2307
2308
2309
2310
2310
2311
2311
2311
2314
2315
2315
2316
2317
2317
2318
2319
2319
2320
2321
2322
2323
2323
2324
2324
2325
2327
2327
2328
2328
2328
2329
2329
2329
2330
2331
2331
2333
2333
2333
2334
2335
2335
2336
2338
2339
2340
2341
2342
2344
2345
2347
2348
2348
2351
2351
2351
2353
2353
2359
2359
2360
2360
2361
2361
2361
2361
2362
2362
2364
2364
2364
2364
2365
2366
2368
2369
2370
2371
2372
2372
2372
2373
2374
2374
2377
2378
2378
2379
2380
2380
2380
2381
2381
2382
2382
2383
2385
2386
2387
2390
2390
2392
2393
2394
2394
2396
2396
2397
2397
2398
2399
2399
2402
2403
2404
2404
2406
2408
2409
2409
2414
2414
2414
2415
2415
2416
2417
2417
2417
2418
2418
2418
2418
2420
2424
2425
2425
2426
2426
2426
2427
2430
2430
2430
2433
2433
2434
2434
2435
2437
2438
2438
2439
2439
2441
2442
2443
2444
2445
2445
2445
2445
2446
2447
2447
2447
2447
2449
2450
2450
2451
2451
2452
2452
2453
2455
2455
2456
2457
2458
2458
2460
2460
2461
2461
2463
2464
2465
2466
2467
2469
2471
2473
2476
2477
2479
2479
2479
2480
2480
2480
2484
2484
2485
2485
2486
2486
2487
2487
2488
2488
2490
2490
2491
2491
2494
2494
2497
2497
2498
2501
2505
2505
2505
2506
2506
2507
2507
2508
2509
2510
2510
2511
2511
2512
2512
2513
2513
2513
2513
2513
2514
2517
2517
2519
2519
2520
2521
2521
2524
2524
2524
2528
2531
2531
2532
2533
2533
2533
2535
2536
2539
2542
2542
2544
2544
2544
2546
2546
2547
2548
2548
2548
2549
2551
2553
2553
2553
2556
2557
2558
2558
2558
2560
2560
2561
2561
2564
2565
2567
2567
2568
2574
2574
2575
2576
2579
2580
2580
2582
2585
2585
2585
2585
2586
2586
2587
2587
2588
2589
2592
2593
2594
2597
2597
2598
2598
2600
2601
2601
2601
2602
2602
2603
2606
2609
2609
2609
2610
2610
2610
2614
2615
2615
2618
2619
2619
2621
2623
2623
2624
2624
2625
2625
2626
2626
2626
2627
2628
2628
2630
2630
2631
2633
2633
2633
2635
2636
2637
2640
2640
2641
2642
2642
2642
2643
2643
2646
2647
2648
2649
2650
2650
2652
2653
2656
2657
2657
2658
2658
2658
2658
2659
2662
2664
2665
2666
2666
2666
2666
2669
2669
2671
2673
2673
2674
2676
2676
2678
2679
2679
2680
2682
2684
2686
2687
2688
2688
2692
2693
2694
2695
2696
2697
2698
2698
2699
2699
2699
2699
2699
2702
2703
2704
2705
2706
2707
2707
2708
2708
2710
2710
2712
2713
2713
2715
2717
2718
2718
2722
2722
2723
2725
2726
2727
2728
2728
2729
2729
2730
2732
2733
2736
2738
2738
2738
2739
2740
2743
2743
2744
2746
2747
2748
2748
2749
2749
2751
2751
2751
2752
2752
2752
2753
2753
2753
2757
2757
2757
2758
2760
2761
2761
2763
2763
2764
2765
2768
2768
2775
2775
2777
2777
2779
2779
2779
2780
2780
2782
2784
2785
2785
2786
2788
2788
2788
2789
2789
2791
2791
2792
2793
2794
2797
2797
2797
2798
2804
2804
2805
2806
2806
2809
2809
2810
2810
2811
2814
2814
2815
2815
2815
2815
2816
2818
2819
2820
2821
2822
2823
2827
2832
2832
2833
2836
2839
2839
2842
2842
2843
2844
2844
2845
2846
2847
2848
2848
2849
2849
2850
2850
2851
2851
2853
2855
2856
2856
2857
2860
2860
2860
2861
2862
2863
2866
2868
2870
2871
2875
2876
2876
2878
2878
2878
2879
2879
2880
2881
2881
2882
2882
2882
2884
2884
2885
2886
2887
2889
2889
2890
2890
2895
2899
2900
2901
2903
2904
2904
2905
2905
2905
2906
2906
2907
2909
2910
2913
2918
2919
2920
2921
2921
2921
2921
2924
2924
2925
2925
2926
2926
2926
2927
2928
2928
2929
2929
2930
2930
2930
2932
2932
2933
2933
2933
2934
2935
2937
2940
2940
2941
2942
2942
2942
2943
2943
2944
2944
2944
2944
2944
2944
2946
2947
2948
2950
2951
2952
2952
2954
2954
2955
2955
2955
2956
2957
2958
2959
2961
2961
2961
2962
2962
2963
2965
2965
2966
2967
2967
2968
2968
2969
2969
2970
2970
2971
2973
2974
2974
2974
2975
2976
2977
2978
2980
2981
2981
2983
2985
2986
2986
2986
2987
2987
2988
2988
2988
2989
2989
2991
2993
2993
2994
2996
2998
3001
3001
3004
3004
3006
3007
3007
3009
3009
3009
3013
3015
3017
3019
3020
3021
3022
3023
3023
3024
3025
3028
3028
3031
3032
3033
3034
3034
3035
3040
3040
3040
3041
3041
3043
3044
3044
3044
3045
3045
3045
3046
3046
3046
3046
3047
3048
3049
3049
3049
3050
3050
3050
3051
3051
3051
3052
3053
3055
3057
3060
3061
3063
3065
3066
3067
3067
3069
3069
3069
3071
3071
3072
3073
3073
3074
3075
3077
3078
3079
3080
3081
3081
3081
3085
3085
3085
3085
3085
3090
3091
3091
3094
3094
3094
3094
3094
3094
3096
3097
3097
3098
3099
3100
3101
3102
3104
3104
3104
3109
3109
3109
3110
3112
3112
3113
3115
3116
3116
3116
3117
3120
3121
3125
3127
3130
3130
3130
3131
3132
3133
3135
3135
3135
3137
3138
3139
3142
3142
3142
3146
3146
3146
3147
3147
3148
3148
3149
3149
3149
3150
3151
3152
3154
3154
3154
3155
3158
3159
3159
3160
3161
3163
3163
3164
3165
3166
3169
3170
3170
3170
3172
3173
3174
3175
3178
3178
3179
3181
3181
3183
3183
3184
3186
3187
3190
3191
3191
3194
3195
3195
3196
3196
3196
3197
3197
3197
3198
3200
3200
3201
3201
3202
3203
3204
3204
3206
3208
3209
3210
3211
3212
3212
3214
3215
3215
3216
3216
3217
3218
3218
3219
3221
3222
3223
3223
3223
3224
3224
3226
3226
3226
3226
3226
3227
3227
3228
3229
3231
3231
3232
3233
3233
3235
3235
3237
3238
3241
3242
3243
3243
3244
3246
3247
3247
3249
3249
3252
3254
3259
3261
3261
3262
3263
3266
3267
3267
3267
3268
3269
3270
3271
3271
3273
3275
3276
3278
3280
3280
3280
3280
3281
3283
3283
3284
3286
3286
3289
3291
3292
3294
3296
3297
3298
3298
3298
3299
3299
3299
3299
3300
3300
3300
3301
3302
3306
3307
3309
3312
3313
3314
3315
3316
3317
3317
3318
3318
3320
3321
3321
3321
3322
3324
3324
3325
3325
3326
3327
3329
3329
3330
3331
3332
3332
3334
3335
3336
3337
3338
3339
3340
3342
3342
3342
3343
3344
3345
3346
3348
3348
3348
3349
3350
3351
3351
3351
3352
3354
3354
3357
3357
3359
3359
3359
3359
3360
3360
3362
3362
3362
3366
3368
3368
3369
3369
3369
3369
3370
3370
3371
3374
3376
3378
3379
3379
3379
3381
3382
3382
3383
3384
3386
3389
3390
3391
3394
3396
3396
3396
3396
3397
3398
3399
3401
3401
3401
3403
3403
3404
3409
3409
3411
3411
3412
3412
3414
3414
3416
3416
3417
3417
3417
3418
3418
3419
3420
3420
3422
3423
3424
3425
3425
3426
3427
3428
3430
3430
3431
3431
3432
3432
3432
3433
3434
3437
3438
3438
3438
3439
3440
3440
3441
3444
3444
3444
3446
3446
3446
3447
3447
3447
3447
3448
3448
3449
3450
3451
3452
3453
3453
3454
3454
3456
3456
3456
3457
3458
3459
3461
3462
3462
3462
3462
3469
3470
3470
3470
3473
3474
3477
3477
3478
3481
3485
3486
3486
3486
3488
3489
3489
3491
3493
3494
3495
3495
3497
3497
3498
3498
3499
3500
3501
3502
3502
3503
3505
3506
3507
3508
3508
3509
3509
3513
3514
3514
3516
3518
3519
3521
3522
3522
3523
3524
3524
3525
3526
3526
3527
3528
3529
3529
3530
3531
3532
3532
3532
3533
3533
3534
3538
3541
3541
3542
3542
3543
3544
3546
3547
3547
3548
3549
3550
3551
3553
3554
3555
3555
3556
3556
3562
3562
3565
3566
3566
3569
3570
3570
3570
3571
3572
3572
3573
3573
3573
3578
3579
3580
3581
3581
3581
3583
3584
3585
3585
3588
3589
3589
3589
3591
3592
3592
3593
3594
3595
3597
3598
3598
3598
3602
3604
3605
3606
3609
3610
3610
3610
3611
3611
3612
3612
3613
3613
3613
3614
3616
3616
3617
3618
3618
3618
3618
3618
3621
3621
3622
3622
3623
3623
3623
3624
3626
3626
3626
3627
3627
3630
3630
3632
3632
3632
3633
3634
3635
3635
3635
3636
3636
3636
3637
3637
3637
3642
3644
3645
3645
3646
3646
3647
3648
3648
3649
3651
3654
3655
3655
3657
3659
3661
3662
3666
3667
3668
3669
3669
3671
3673
3674
3674
3674
3675
3675
3677
3677
3678
3679
3680
3680
3681
3681
3683
3684
3686
3686
3687
3688
3688
3688
3688
3689
3689
3689
3690
3691
3691
3691
3695
3696
3697
3698
3700
3700
3704
3705
3705
3707
3707
3709
3709
3712
3713
3714
3714
3715
3718
3721
3722
3723
3723
3724
3729
3729
3730
3730
3732
3732
3734
3734
3734
3735
3735
3737
3739
3739
3740
3741
3741
3741
3743
3744
3744
3745
3745
3746
3746
3748
3749
3749
3750
3751
3754
3755
3755
3755
3758
3759
3761
3761
3761
3762
3763
3763
3763
3764
3765
3766
3766
3770
3771
3771
3773
3774
3775
3776
3777
3778
3778
3779
3780
3780
3781
3782
3784
3784
3785
3787
3787
3791
3793
3794
3794
3795
3795
3795
3796
3796
3796
3798
3798
3802
3803
3804
3804
3805
3805
3806
3807
3807
3808
3808
3810
3811
3814
3818
3822
3823
3824
3824
3825
3825
3825
3826
3826
3826
3828
3829
3829
3831
3831
3832
3832
3832
3833
3834
3835
3836
3837
3838
3840
3841
3841
3842
3842
3842
3846
3847
3849
3853
3854
3860
3862
3863
3864
3865
3865
3866
3868
3868
3872
3872
3876
3878
3878
3884
3886
3887
3887
3887
3887
3887
3888
3889
3891
3892
3895
3896
3898
3900
3901
3903
3903
3904
3906
3907
3910
3911
3911
3911
3912
3914
3915
3916
3916
3918
3919
3919
3919
3920
3920
3920
3920
3921
3923
3926
3926
3927
3928
3930
3930
3930
3931
3931
3933
3933
3934
3935
3936
3936
3938
3939
3939
3939
3942
3942
3943
3943
3943
3944
3944
3944
3944
3947
3947
3948
3949
3951
3953
3954
3954
3955
3957
3958
3959
3961
3962
3962
3963
3963
3963
3963
3963
3964
3964
3964
3967
3970
3970
3972
3973
3974
3975
3975
3978
3980
3981
3982
3982
3984
3984
3985
3989
3992
3992
3993
3994
3994
3997
3998
3998
4000
4002
4003
4003
4004
4006
4007
4008
4009
4010
4015
4016
4016
4017
4020
4021
4021
4022
4022
4023
4024
4024
4025
4025
4026
4029
4029
4031
4032
4034
4034
4036
4036
4037
4038
4038
4039
4040
4042
4045
4045
4046
4047
4048
4050
4050
4051
4052
4054
4055
4056
4057
4058
4059
4061
4061
4063
4065
4065
4066
4067
4067
4067
4069
4069
4070
4070
4071
4071
4072
4078
4081
4081
4081
4082
4084
4085
4085
4085
4087
4088
4091
4095
4095
4096
4096
4097
4098
4099
4101
4101
4101
4102
4103
4104
4105
4105
4105
4106
4106
4106
4107
4107
4108
4111
4112
4112
4113
4114
4115
4115
4116
4116
4117
4118
4118
4119
4119
4120
4120
4120
4122
4123
4124
4124
4124
4124
4124
4124
4126
4126
4126
4127
4127
4128
4129
4129
4130
4130
4130
4134
4134
4134
4136
4138
4139
4139
4139
4141
4141
4142
4142
4143
4144
4145
4148
4149
4150
4151
4152
4153
4155
4157
4157
4157
4158
4158
4162
4164
4165
4166
4167
4168
4169
4169
4170
4170
4171
4172
4172
4172
4173
4174
4174
4174
4176
4178
4179
4182
4183
4184
4184
4185
4185
4188
4188
4189
4189
4190
4190
4190
4190
4191
4192
4192
4193
4194
4196
4199
4199
4199
4201
4202
4203
4203
4204
4205
4205
4205
4207
4207
4208
4208
4211
4213
4213
4218
4218
4219
4220
4221
4222
4222
4224
4224
4226
4227
4230
4231
4232
4232
4232
4233
4233
4233
4235
4236
4237
4238
4240
4240
4242
4243
4243
4244
4244
4245
4245
4246
4246
4246
4247
4247
4249
4250
4250
4253
4254
4254
4256
4257
4258
4258
4259
4260
4261
4261
4261
4262
4262
4263
4264
4266
4267
4270
4270
4274
4274
4275
4276
4276
4276
4278
4278
4278
4278
4279
4280
4280
4280
4281
4283
4285
4285
4286
4286
4289
4290
4291
4291
4293
4294
4294
4296
4299
4300
4303
4304
4305
4305
4307
4308
4310
4312
4312
4314
4314
4315
4315
4316
4321
4322
4323
4323
4324
4325
4326
4327
4329
4331
4332
4332
4332
4333
4333
4333
4334
4334
4335
4339
4340
4340
4340
4341
4341
4348
4349
4349
4349
4350
4350
4350
4351
4352
4353
4354
4355
4357
4358
4359
4359
4366
4369
4370
4371
4372
4372
4373
4373
4373
4374
4375
4377
4377
4379
4380
4380
4380
4383
4384
4385
4386
4387
4388
4388
4389
4389
4390
4390
4391
4392
4394
4394
4396
4396
4397
4397
4398
4401
4402
4403
4403
4404
4405
4406
4406
4407
4409
4409
4409
4413
4413
4413
4414
4416
4416
4418
4421
4421
4422
4423
4425
4425
4425
4427
4427
4427
4429
4432
4432
4434
4435
4438
4438
4440
4440
4442
4442
4444
4444
4446
4447
4448
4448
4450
4451
4452
4453
4453
4454
4454
4454
4456
4457
4458
4459
4459
4460
4462
4463
4465
4467
4467
4467
4468
4468
4470
4471
4472
4472
4473
4475
4478
4479
4479
4480
4480
4482
4482
4483
4485
4487
4489
4489
4491
4491
4493
4493
4494
4495
4496
4497
4498
4500
4500
4501
4502
4505
4505
4508
4510
4513
4513
4514
4516
4518
4518
4518
4520
4521
4523
4523
4523
4524
4526
4527
4527
4528
4528
4529
4529
4532
4532
4532
4533
4535
4535
4535
4536
4540
4542
4544
4544
4547
4548
4548
4548
4548
4548
4549
4550
4550
4551
4551
4553
4554
4555
4556
4556
4557
4558
4559
4559
4562
4563
4563
4564
4565
4567
4567
4568
4568
4568
4569
4569
4570
4570
4570
4571
4575
4577
4579
4579
4580
4581
4583
4583
4583
4583
4586
4586
4587
4588
4588
4592
4593
4593
4594
4596
4596
4598
4598
4598
4598
4599
4599
4601
4601
4603
4603
4606
4607
4608
4609
4609
4610
4610
4610
4611
4611
4614
4616
4618
4618
4619
4619
4620
4620
4621
4622
4623
4623
4625
4627
4628
4629
4629
4629
4631
4632
4632
4633
4633
4633
4633
4633
4634
4634
4635
4635
4636
4637
4639
4639
4639
4640
4640
4641
4642
4642
4642
4643
4643
4644
4646
4649
4652
4653
4653
4655
4655
4657
4658
4658
4660
4660
4660
4662
4662
4663
4664
4665
4666
4666
4667
4667
4668
4668
4669
4669
4670
4670
4670
4671
4671
4671
4674
4674
4675
4675
4675
4675
4676
4678
4679
4681
4681
4683
4683
4684
4684
4685
4686
4686
4688
4688
4688
4688
4689
4691
4691
4692
4695
4698
4699
4701
4702
4703
4703
4703
4704
4707
4708
4708
4709
4712
4713
4713
4713
4714
4714
4716
4716
4717
4717
4718
4719
4719
4719
4720
4723
4723
4723
4726
4730
4730
4731
4731
4731
4735
4735
4735
4736
4738
4738
4738
4739
4740
4741
4741
4741
4744
4745
4746
4746
4748
4749
4749
4750
4750
4750
4751
4752
4754
4755
4755
4761
4763
4764
4764
4768
4768
4769
4769
4770
4770
4772
4774
4774
4776
4776
4776
4778
4779
4784
4789
4791
4791
4794
4795
4796
4797
4801
4803
4805
4806
4807
4807
4808
4809
4814
4814
4815
4815
4817
4819
4820
4820
4820
4822
4823
4823
4825
4828
4828
4828
4831
4834
4835
4837
4839
4839
4841
4842
4844
4844
4844
4844
4844
4845
4845
4846
4847
4847
4848
4849
4850
4850
4851
4853
4853
4854
4855
4855
4855
4855
4855
4856
4857
4858
4859
4860
4862
4863
4863
4864
4866
4867
4867
4868
4871
4872
4875
4877
4878
4879
4879
4880
4882
4884
4884
4885
4885
4886
4889
4889
4890
4890
4891
4891
4892
4893
4894
4895
4895
4895
4899
4899
4902
4905
4905
4906
4906
4908
4909
4909
4912
4913
4913
4916
4917
4919
4919
4920
4920
4922
4922
4924
4925
4927
4928
4929
4930
4932
4934
4934
4936
4938
4939
4939
4942
4944
4945
4946
4947
4947
4947
4948
4950
4951
4951
4952
4952
4955
4957
4958
4958
4962
4963
4964
4966
4967
4968
4969
4970
4970
4971
4971
4971
4972
4973
4973
4973
4976
4976
4978
4979
4980
4982
4982
4982
4982
4983
4983
4984
4984
4984
4985
4985
4987
4987
4989
4989
4990
4990
4992
4992
4993
4994
4995
4995
4996
4996
4999
5000
5000
5000
5001
5002
5003
5003
5003
5004
5005
5005
5006
5009
5010
5014
5014
5015
5015
5016
5017
5017
5018
5020
5023
5023
5024
5026
5026
5027
5029
5029
5030
5031
5031
5032
5032
5034
5035
5037
5039
5040
5041
5042
5045
5045
5046
5047
5047
5048
5049
5049
5050
5052
5053
5054
5056
5056
5057
5057
5060
5062
5063
5063
5063
5063
5064
5066
5066
5067
5067
5069
5070
5070
5071
5071
5071
5072
5072
5072
5072
5074
5075
5075
5075
5079
5081
5082
5082
5083
5087
5089
5090
5090
5092
5094
5095
5095
5095
5096
5096
5097
5098
5101
5101
5102
5102
5103
5103
5104
5104
5104
5104
5105
5106
5107
5109
5109
5109
5109
5112
5113
5115
5115
5116
5119
5120
5121
5122
5125
5126
5127
5129
5129
5129
5132
5132
5133
5134
5134
5137
5137
5138
5138
5140
5141
5141
5142
5143
5143
5145
5146
5147
5147
5148
5150
5152
5153
5153
5153
5153
5155
5155
5155
5156
5156
5157
5158
5160
5160
5161
5162
5162
5165
5165
5166
5167
5168
5170
5172
5174
5175
5175
5176
5176
5177
5178
5178
5180
5180
5181
5182
5183
5184
5184
5185
5186
5187
5189
5189
5190
5192
5193
5193
5197
5198
5199
5199
5199
5200
5201
5203
5203
5205
5206
5207
5207
5208
5208
5210
5211
5212
5212
5214
5215
5215
5216
5216
5218
5218
5222
5222
5222
5224
5226
5229
5231
5232
5233
5234
5234
5235
5236
5236
5236
5243
5244
5244
5246
5247
5247
5247
5250
5252
5252
5253
5253
5255
5258
5258
5259
5259
5261
5261
5261
5263
5263
5264
5265
5268
5269
5269
5269
5270
5271
5271
5272
5273
5274
5276
5277
5278
5280
5282
5282
5283
5283
5284
5285
5286
5286
5291
5292
5294
5296
5300
5302
5302
5303
5304
5304
5305
5305
5309
5312
5316
5317
5318
5319
5321
5321
5322
5322
5323
5323
5327
5327
5328
5329
5329
5330
5331
5332
5333
5333
5334
5335
5337
5337
5338
5338
5339
5339
5341
5341
5342
5344
5345
5347
5350
5350
5353
5353
5355
5355
5358
5358
5358
5359
5359
5360
5361
5364
5364
5366
5367
5367
5368
5370
5372
5372
5373
5374
5374
5376
5376
5376
5378
5380
5380
5381
5381
5383
5384
5385
5386
5387
5387
5391
5392
5392
5393
5395
5396
5397
5397
5399
5399
5400
5401
5402
5403
5404
5404
5404
5406
5406
5407
5408
5409
5409
5411
5412
5412
5412
5414
5414
5416
5416
5418
5418
5421
5421
5422
5427
5427
5428
5428
5428
5428
5428
5429
5430
5431
5431
5432
5432
5435
5436
5436
5440
5442
5445
5446
5449
5450
5451
5453
5454
5455
5456
5457
5457
5457
5458
5458
5458
5460
5461
5461
5462
5463
5463
5465
5465
5466
5466
5467
5470
5472
5472
5473
5476
5476
5477
5477
5479
5481
5482
5482
5484
5484
5485
5485
5486
5487
5488
5488
5489
5490
5490
5491
5491
5491
5493
5494
5494
5495
5496
5496
5496
5497
5497
5497
5498
5503
5504
5508
5510
5510
5512
5513
5515
5516
5516
5518
5520
5522
5522
5523
5523
5524
5527
5531
5532
5533
5533
5534
5535
5535
5535
5536
5537
5539
5540
5540
5545
5546
5546
5547
5548
5550
5551
5552
5553
5554
5554
5554
5554
5555
5559
5559
5559
5559
5560
5560
5561
5562
5563
5564
5564
5564
5564
5566
5566
5566
5567
5567
5568
5569
5569
5569
5569
5571
5573
5573
5574
5576
5576
5577
5579
5580
5580
5580
5581
5582
5583
5584
5585
5588
5589
5589
5590
5590
5591
5591
5593
5595
5595
5595
5596
5598
5598
5599
5600
5600
5602
5603
5603
5603
5605
5606
5609
5611
5611
5611
5612
5612
5612
5612
5613
5614
5616
5618
5619
5620
5620
5621
5622
5623
5627
5627
5629
5629
5629
5630
5633
5634
5634
5634
5636
5638
5640
5640
5641
5641
5641
5642
5642
5642
5645
5646
5650
5653
5653
5654
5656
5658
5658
5659
5659
5662
5663
5663
5665
5665
5665
5665
5667
5669
5670
5671
5672
5675
5675
5680
5681
5683
5683
5683
5686
5687
5688
5688
5690
5690
5691
5691
5693
5694
5694
5695
5695
5696
5696
5698
5699
5699
5701
5703
5704
5704
5705
5706
5707
5708
5708
5710
5712
5712
5712
5713
5715
5716
5718
5719
5719
5720
5721
5722
5723
5724
5727
5729
5732
5732
5734
5735
5737
5739
5740
5741
5742
5743
5744
5745
5745
5745
5746
5746
5748
5749
5749
5749
5751
5751
5752
5753
5753
5754
5755
5755
5756
5756
5757
5758
5758
5760
5760
5760
5761
5763
5763
5764
5765
5766
5766
5766
5766
5767
5767
5767
5767
5768
5769
5771
5772
5772
5772
5774
5777
5777
5777
5777
5779
5779
5779
5779
5779
5780
5781
5782
5784
5784
5784
5785
5786
5787
5787
5787
5788
5789
5789
5790
5790
5790
5792
5792
5792
5792
5793
5794
5794
5795
5795
5796
5798
5798
5800
5801
5802
5804
5804
5805
5805
5805
5805
5806
5806
5806
5807
5807
5808
5811
5811
5812
5812
5812
5813
5817
5817
5818
5820
5821
5821
5825
5826
5827
5827
5828
5829
5829
5829
5831
5831
5832
5833
5834
5836
5837
5838
5838
5841
5841
5842
5843
5843
5844
5845
5845
5846
5846
5850
5852
5852
5852
5853
5855
5857
5858
5859
5859
5860
5860
5860
5862
5862
5862
5863
5864
5864
5864
5865
5866
5867
5868
5869
5872
5875
5875
5877
5879
5879
5880
5880
5881
5881
5881
5881
5883
5884
5884
5886
5886
5886
5886
5889
5890
5891
5893
5893
5893
5895
5896
5897
5898
5898
5899
5900
5901
5902
5902
5903
5903
5905
5907
5907
5909
5910
5911
5911
5911
5912
5912
5913
5913
5915
5917
5917
5919
5920
5920
5922
5925
5925
5926
5927
5927
5927
5928
5931
5933
5933
5935
5935
5937
5937
5938
5939
5940
5941
5941
5941
5942
5945
5946
5947
5948
5948
5948
5949
5949
5950
5950
5950
5953
5954
5955
5956
5956
5957
5957
5957
5960
5962
5963
5963
5963
5965
5966
5966
5969
5970
5971
5972
5972
5973
5974
5977
5977
5978
5978
5979
5981
5982
5982
5983
5984
5985
5985
5985
5986
5986
5991
5991
5992
5993
5994
5994
5995
5997
5997
6001
6001
6002
6003
6004
6006
6006
6007
6008
6009
6010
6010
6013
6013
6013
6014
6016
6016
6018
6019
6020
6021
6023
6026
6027
6028
6029
6029
6030
6032
6035
6036
6037
6039
6039
6042
6043
6043
6046
6048
6048
6048
6050
6053
6054
6054
6057
6057
6057
6057
6060
6060
6060
6062
6064
6064
6065
6067
6070
6071
6072
6073
6074
6075
6075
6079
6080
6080
6081
6081
6081
6081
6082
6082
6082
6083
6085
6085
6087
6088
6089
6092
6093
6093
6095
6098
6101
6101
6102
6103
6103
6103
6105
6105
6108
6111
6111
6112
6112
6112
6113
6114
6114
6115
6116
6116
6116
6119
6120
6121
6122
6123
6123
6125
6128
6128
6129
6129
6129
6131
6131
6134
6134
6136
6137
6137
6139
6140
6140
6140
6141
6141
6141
6143
6144
6145
6145
6146
6147
6148
6149
6150
6152
6152
6152
6152
6153
6154
6154
6155
6159
6159
6160
6161
6161
6163
6163
6163
6165
6165
6165
6167
6168
6169
6170
6172
6172
6172
6173
6174
6175
6176
6179
6180
6181
6184
6186
6187
6188
6191
6192
6194
6194
6194
6196
6197
6198
6199
6201
6203
6204
6205
6206
6207
6208
6209
6209
6209
6210
6211
6212
6212
6213
6214
6214
6214
6215
6217
6218
6218
6218
6220
6220
6221
6221
6222
6224
6226
6226
6227
6227
6230
6233
6234
6235
6235
6236
6237
6237
6239
6240
6241
6242
6242
6242
6243
6244
6245
6245
6245
6245
6245
6247
6247
6248
6249
6249
6249
6249
6252
6252
6253
6253
6254
6254
6254
6256
6258
6258
6260
6261
6262
6262
6263
6266
6269
6272
6273
6274
6276
6278
6278
6280
6282
6283
6285
6286
6287
6288
6288
6292
6294
6294
6295
6296
6297
6297
6297
6299
6300
6301
6302
6302
6302
6304
6305
6305
6306
6306
6309
6310
6310
6312
6313
6314
6314
6316
6317
6318
6318
6318
6319
6320
6322
6323
6324
6324
6326
6327
6330
6330
6332
6332
6335
6335
6335
6338
6340
6340
6342
6344
6344
6345
6346
6346
6348
6348
6350
6352
6352
6352
6352
6354
6354
6354
6354
6355
6357
6357
6358
6358
6359
6359
6361
6361
6362
6363
6363
6365
6366
6366
6367
6368
6369
6370
6370
6370
6370
6371
6372
6373
6374
6376
6377
6378
6379
6380
6381
6382
6383
6384
6386
6386
6387
6387
6387
6391
6391
6392
6392
6393
6394
6394
6395
6396
6396
6397
6397
6399
6399
6399
6400
6400
6404
6404
6405
6406
6407
6407
6407
6408
6409
6410
6410
6411
6411
6411
6412
6412
6413
6414
6414
6420
6420
6420
6421
6421
6423
6424
6425
6425
6425
6427
6429
6429
6431
6431
6434
6436
6436
6437
6437
6438
6438
6439
6439
6442
6442
6443
6444
6444
6444
6445
6447
6447
6447
6448
6452
6454
6457
6459
6463
6463
6465
6466
6466
6467
6467
6468
6472
6473
6473
6474
6476
6476
6477
6477
6478
6479
6480
6480
6482
6482
6482
6483
6484
6484
6484
6484
6487
6488
6488
6490
6491
6492
6492
6493
6494
6494
6495
6495
6499
6501
6502
6502
6504
6506
6507
6507
6507
6508
6509
6512
6514
6514
6516
6519
6521
6522
6522
6522
6523
6526
6526
6531
6532
6532
6533
6534
6535
6535
6536
6537
6537
6538
6538
6539
6540
6540
6541
6542
6543
6543
6543
6543
6545
6545
6545
6546
6547
6547
6548
6549
6549
6550
6550
6554
6554
6557
6558
6559
6560
6560
6560
6561
6562
6563
6563
6564
6564
6564
6565
6566
6567
6569
6571
6571
6572
6574
6576
6577
6577
6578
6579
6579
6579
6582
6582
6582
6583
6585
6587
6587
6587
6589
6590
6591
6592
6592
6594
6595
6596
6599
6600
6601
6602
6602
6602
6603
6604
6605
6606
6606
6606
6607
6607
6609
6609
6609
6609
6610
6613
6615
6615
6616
6617
6617
6619
6619
6620
6621
6621
6624
6625
6625
6627
6628
6629
6630
6630
6632
6633
6634
6635
6635
6636
6636
6641
6642
6642
6643
6644
6645
6646
6649
6650
6650
6654
6654
6655
6655
6656
6656
6656
6656
6657
6658
6659
6661
6662
6662
6663
6663
6664
6666
6667
6668
6668
6669
6671
6671
6671
6673
6674
6674
6675
6675
6676
6676
6676
6676
6677
6677
6677
6678
6679
6681
6682
6683
6684
6686
6686
6687
6688
6690
6691
6691
6692
6693
6693
6693
6694
6696
6696
6696
6697
6697
6697
6702
6703
6705
6707
6707
6708
6709
6709
6709
6710
6711
6712
6713
6713
6716
6717
6718
6719
6719
6720
6720
6720
6721
6721
6725
6726
6726
6727
6728
6728
6731
6732
6733
6735
6736
6737
6737
6738
6739
6739
6741
6743
6743
6746
6747
6747
6750
6751
6751
6753
6753
6753
6754
6754
6754
6755
6756
6756
6757
6758
6759
6762
6765
6766
6766
6769
6772
6773
6774
6774
6775
6775
6776
6776
6777
6778
6778
6779
6781
6783
6783
6783
6784
6784
6785
6786
6789
6790
6793
6793
6795
6796
6796
6797
6797
6798
6798
6801
6803
6804
6805
6806
6807
6807
6810
6811
6811
6811
6812
6813
6813
6814
6815
6817
6819
6821
6822
6824
6825
6825
6827
6829
6830
6831
6833
6834
6834
6834
6836
6837
6837
6838
6840
6842
6842
6843
6843
6844
6844
6845
6845
6847
6847
6848
6848
6849
6849
6850
6850
6852
6853
6853
6854
6855
6856
6856
6860
6861
6862
6863
6868
6869
6869
6869
6872
6877
6878
6878
6879
6879
6880
6881
6881
6882
6883
6884
6885
6885
6886
6887
6888
6889
6890
6890
6891
6891
6893
6895
6897
6897
6900
6900
6901
6901
6903
6903
6904
6908
6909
6910
6912
6913
6914
6914
6917
6918
6919
6919
6920
6921
6921
6922
6923
6924
6925
6929
6929
6929
6930
6932
6933
6935
6936
6937
6937
6937
6938
6938
6938
6939
6939
6940
6941
6944
6945
6945
6946
6946
6947
6947
6948
6951
6951
6952
6952
6953
6955
6955
6957
6957
6957
6958
6960
6961
6963
6964
6964
6965
6966
6970
6971
6972
6973
6973
6974
6975
6976
6978
6979
6979
6981
6983
6983
6986
6987
6989
6990
6991
6991
6995
6995
6997
6997
6997
6998
6998
7000
7003
7003
7003
7004
7004
7006
7006
7016
7016
7017
7017
7018
7019
7020
7024
7024
7025
7026
7027
7029
7029
7030
7030
7032
7033
7034
7034
7035
7036
7037
7038
7038
7041
7041
7041
7042
7043
7045
7047
7048
7049
7049
7052
7054
7054
7059
7062
7062
7062
7063
7063
7063
7063
7064
7065
7065
7066
7066
7067
7069
7071
7071
7073
7073
7074
7075
7076
7078
7082
7084
7088
7088
7089
7089
7090
7094
7095
7095
7097
7099
7099
7099
7100
7100
7103
7103
7105
7105
7106
7107
7108
7108
7108
7108
7111
7113
7114
7114
7117
7117
7118
7119
7120
7121
7121
7121
7122
7122
7122
7123
7126
7127
7128
7129
7130
7131
7132
7134
7135
7136
7138
7141
7143
7143
7144
7144
7144
7146
7146
7147
7147
7149
7150
7152
7152
7152
7152
7154
7155
7155
7155
7157
7157
7157
7157
7158
7158
7159
7160
7165
7167
7167
7169
7170
7170
7170
7171
7172
7173
7177
7178
7181
7183
7185
7186
7190
7191
7191
7193
7195
7196
7197
7200
7201
7201
7201
7202
7203
7204
7205
7206
7210
7211
7211
7211
7212
7213
7214
7214
7216
7217
7218
7219
7221
7221
7222
7222
7224
7224
7224
7226
7226
7226
7227
7228
7228
7229
7229
7231
7233
7235
7238
7238
7239
7239
7240
7240
7242
7243
7243
7243
7244
7244
7244
7244
7244
7246
7246
7248
7248
7249
7249
7250
7251
7252
7254
7255
7258
7259
7259
7260
7261
7262
7263
7263
7266
7267
7269
7270
7270
7274
7275
7275
7278
7281
7282
7282
7284
7285
7285
7286
7286
7286
7286
7287
7291
7292
7293
7293
7293
7294
7296
7296
7297
7298
7300
7300
7303
7303
7305
7306
7307
7308
7308
7309
7310
7310
7311
7312
7312
7312
7313
7314
7314
7316
7317
7318
7318
7318
7319
7319
7320
7321
7321
7323
7323
7325
7327
7328
7329
7329
7329
7330
7330
7331
7332
7335
7337
7337
7338
7339
7340
7341
7342
7342
7345
7349
7350
7350
7353
7353
7355
7356
7358
7358
7359
7359
7360
7360
7361
7361
7363
7363
7365
7365
7365
7366
7367
7367
7368
7368
7369
7370
7371
7372
7373
7373
7377
7377
7378
7381
7382
7383
7386
7386
7387
7387
7388
7389
7389
7390
7394
7394
7395
7395
7397
7399
7400
7400
7402
7403
7404
7412
7414
7415
7415
7415
7416
7417
7417
7419
7420
7420
7420
7421
7422
7423
7423
7423
7424
7425
7425
7426
7427
7428
7428
7430
7435
7435
7435
7436
7437
7437
7437
7438
7440
7440
7441
7442
7444
7446
7447
7447
7447
7448
7449
7451
7452
7453
7454
7455
7455
7455
7457
7457
7458
7460
7460
7463
7464
7464
7466
7466
7467
7469
7469
7471
7472
7472
7473
7474
7474
7476
7477
7477
7478
7479
7482
7483
7484
7484
7486
7486
7488
7489
7489
7492
7493
7493
7493
7493
7496
7497
7497
7498
7498
7498
7499
7499
7500
7501
7502
7504
7504
7505
7506
7507
7507
7507
7508
7510
7513
7514
7514
7515
7516
7516
7518
7519
7519
7527
7528
7529
7530
7532
7532
7533
7533
7534
7534
7535
7537
7538
7540
7541
7541
7541
7543
7544
7547
7549
7551
7551
7551
7552
7552
7554
7558
7559
7559
7560
7561
7562
7563
7565
7566
7568
7568
7568
7570
7570
7571
7571
7571
7571
7571
7574
7574
7574
7576
7577
7579
7579
7580
7581
7582
7582
7582
7584
7586
7586
7587
7588
7590
7591
7592
7593
7595
7598
7598
7598
7599
7603
7603
7603
7605
7606
7608
7609
7612
7613
7613
7613
7614
7614
7614
7615
7615
7616
7618
7620
7621
7622
7624
7624
7624
7626
7626
7627
7627
7627
7628
7630
7630
7631
7633
7635
7636
7637
7638
7639
7640
7641
7641
7643
7644
7644
7646
7647
7647
7648
7649
7651
7652
7654
7654
7658
7660
7661
7662
7663
7663
7665
7666
7667
7668
7668
7668
7669
7669
7669
7670
7670
7672
7672
7672
7675
7676
7676
7677
7677
7678
7679
7680
7680
7680
7680
7680
7680
7683
7683
7684
7685
7687
7689
7689
7690
7690
7691
7691
7691
7691
7693
7693
7694
7694
7694
7694
7695
7695
7695
7696
7697
7698
7699
7700
7701
7702
7703
7704
7706
7707
7707
7708
7708
7709
7710
7710
7713
7713
7713
7718
7718
7718
7719
7722
7724
7725
7725
7726
7729
7729
7730
7731
7732
7732
7732
7734
7735
7737
7738
7739
7740
7740
7741
7744
7744
7745
7745
7745
7745
7745
7745
7746
7746
7747
7747
7748
7748
7748
7749
7750
7753
7753
7754
7754
7755
7755
7756
7756
7756
7758
7758
7760
7761
7762
7762
7763
7764
7766
7768
7769
7769
7770
7770
7771
7773
7773
7774
7774
7774
7775
7775
7776
7778
7779
7782
7782
7784
7785
7786
7786
7786
7787
7793
7796
7798
7800
7800
7801
7802
7802
7802
7802
7803
7805
7806
7808
7808
7808
7808
7810
7811
7812
7814
7814
7815
7816
7817
7817
7819
7819
7821
7822
7823
7825
7826
7827
7828
7828
7829
7829
7831
7831
7832
7833
7834
7836
7836
7838
7839
7840
7841
7843
7844
7846
7847
7848
7849
7849
7851
7852
7853
7855
7856
7857
7857
7858
7859
7861
7862
7862
7862
7865
7865
7867
7870
7871
7872
7872
7873
7874
7877
7878
7882
7885
7886
7887
7887
7888
7890
7890
7894
7894
7895
7895
7896
7898
7898
7904
7906
7906
7907
7907
7909
7911
7912
7912
7912
7914
7915
7916
7916
7917
7918
7919
7920
7920
7920
7921
7922
7924
7925
7925
7927
7928
7929
7929
7932
7934
7935
7935
7936
7936
7937
7937
7939
7939
7942
7942
7945
7946
7947
7947
7948
7950
7950
7951
7953
7953
7954
7955
7956
7958
7959
7961
7962
7962
7962
7963
7963
7964
7965
7966
7967
7968
7970
7970
7971
7972
7973
7974
7974
7974
7975
7975
7975
7977
7977
7978
7979
7980
7981
7981
7982
7982
7982
7984
7987
7987
7987
7988
7989
7990
7992
7992
7992
7992
7995
7995
7997
7998
7999
8000
8000
8001
8001
8002
8002
8003
8004
8005
8006
8009
8011
8012
8012
8013
8014
8015
8016
8016
8017
8018
8018
8018
8020
8024
8025
8025
8026
8028
8028
8029
8029
8032
8032
8032
8033
8034
8036
8037
8038
8038
8038
8039
8039
8040
8040
8041
8041
8043
8044
8044
8045
8045
8047
8047
8048
8048
8048
8051
8054
8054
8055
8056
8057
8057
8059
8059
8059
8060
8061
8061
8061
8062
8062
8063
8066
8066
8066
8067
8068
8070
8071
8072
8072
8075
8075
8075
8075
8076
8076
8076
8076
8078
8079
8082
8083
8084
8085
8086
8086
8091
8091
8092
8093
8095
8096
8097
8097
8099
8101
8101
8102
8102
8103
8103
8104
8104
8104
8106
8107
8107
8109
8110
8112
8112
8117
8119
8120
8120
8121
8121
8124
8124
8125
8125
8125
8125
8125
8129
8131
8131
8131
8132
8133
8136
8137
8138
8139
8141
8142
8142
8145
8146
8147
8147
8149
8150
8153
8153
8154
8155
8155
8155
8156
8158
8160
8160
8161
8161
8161
8162
8164
8165
8166
8169
8170
8171
8172
8175
8177
8178
8179
8180
8180
8181
8182
8182
8185
8185
8186
8188
8190
8191
8191
8194
8194
8199
8200
8203
8203
8206
8206
8207
8208
8211
8212
8212
8212
8213
8213
8213
8214
8215
8216
8216
8217
8217
8220
8220
8221
8221
8221
8222
8223
8225
8226
8227
8227
8230
8231
8231
8232
8233
8233
8235
8235
8236
8238
8238
8241
8242
8243
8244
8245
8246
8247
8248
8249
8251
8251
8253
8254
8254
8254
8257
8258
8258
8259
8259
8260
8260
8260
8262
8262
8263
8264
8265
8266
8266
8266
8266
8266
8267
8268
8268
8269
8269
8269
8270
8270
8270
8271
8271
8273
8274
8275
8276
8278
8278
8278
8279
8279
8280
8282
8282
8283
8283
8284
8285
8285
8285
8285
8288
8288
8290
8291
8292
8293
8293
8295
8296
8297
8297
8299
8299
8299
8299
8300
8302
8303
8303
8303
8304
8306
8308
8308
8311
8311
8311
8312
8312
8314
8316
8316
8317
8319
8320
8321
8321
8322
8323
8327
8328
8329
8330
8331
8332
8333
8333
8334
8336
8337
8337
8338
8338
8339
8339
8340
8341
8343
8345
8345
8347
8347
8348
8350
8350
8351
8353
8353
8354
8355
8357
8358
8360
8361
8361
8362
8364
8365
8365
8366
8367
8368
8369
8369
8373
8374
8374
8375
8375
8377
8378
8379
8379
8380
8380
8381
8382
8382
8384
8387
8388
8389
8393
8394
8394
8394
8395
8395
8396
8397
8397
8398
8398
8399
8399
8399
8400
8401
8401
8402
8404
8404
8406
8408
8410
8411
8411
8412
8412
8413
8414
8414
8416
8416
8418
8418
8418
8419
8420
8420
8420
8421
8421
8423
8424
8425
8425
8426
8426
8426
8426
8427
8428
8430
8431
8432
8433
8434
8436
8437
8437
8438
8439
8441
8443
8444
8444
8446
8447
8447
8447
8452
8452
8453
8453
8453
8454
8455
8456
8458
8458
8459
8460
8460
8461
8462
8462
8463
8464
8465
8465
8466
8468
8469
8469
8470
8471
8472
8475
8475
8476
8477
8479
8479
8480
8482
8482
8485
8486
8488
8488
8490
8491
8492
8492
8492
8493
8496
8496
8497
8497
8497
8499
8500
8504
8504
8508
8508
8508
8510
8510
8511
8513
8513
8515
8519
8519
8519
8520
8522
8525
8525
8525
8526
8527
8528
8529
8529
8529
8530
8530
8532
8533
8533
8533
8535
8537
8538
8539
8540
8541
8543
8544
8544
8549
8549
8549
8551
8551
8552
8553
8553
8554
8556
8556
8558
8561
8562
8563
8563
8564
8565
8566
8567
8570
8573
8574
8575
8575
8576
8576
8578
8579
8580
8580
8581
8581
8584
8588
8595
8598
8598
8599
8600
8600
8600
8601
8601
8601
8601
8602
8602
8603
8603
8603
8605
8605
8605
8607
8607
8608
8609
8610
8610
8611
8611
8611
8612
8612
8615
8616
8616
8617
8617
8617
8617
8618
8618
8620
8621
8621
8622
8623
8623
8625
8627
8627
8628
8629
8630
8630
8632
8632
8632
8634
8634
8634
8635
8636
8637
8639
8639
8640
8642
8643
8644
8644
8645
8645
8645
8649
8652
8654
8657
8657
8658
8660
8663
8664
8664
8665
8667
8669
8669
8669
8670
8671
8673
8675
8676
8676
8676
8677
8678
8678
8679
8682
8683
8683
8685
8685
8688
8698
8698
8700
8700
8701
8701
8702
8702
8703
8703
8705
8705
8705
8705
8705
8706
8706
8706
8707
8707
8707
8707
8708
8708
8709
8709
8709
8711
8712
8712
8713
8713
8715
8716
8717
8717
8718
8719
8720
8721
8722
8725
8726
8727
8728
8728
8728
8729
8730
8733
8735
8735
8735
8737
8738
8739
8739
8740
8740
8740
8740
8740
8741
8742
8742
8743
8744
8746
8747
8747
8749
8750
8750
8752
8752
8752
8753
8755
8756
8758
8760
8761
8761
8765
8765
8766
8766
8767
8767
8768
8768
8769
8772
8775
8776
8777
8778
8779
8779
8779
8781
8781
8781
8783
8785
8786
8786
8787
8790
8792
8793
8794
8794
8794
8797
8797
8798
8798
8799
8799
8802
8804
8804
8804
8804
8804
8805
8806
8806
8806
8807
8808
8808
8809
8811
8811
8812
8813
8814
8816
8817
8818
8820
8821
8822
8823
8824
8825
8825
8827
8828
8829
8830
8832
8833
8834
8838
8839
8839
8839
8840
8842
8843
8843
8843
8844
8845
8847
8847
8848
8849
8851
8851
8853
8854
8854
8855
8855
8855
8856
8858
8858
8859
8859
8862
8863
8864
8865
8866
8866
8867
8867
8868
8868
8868
8869
8869
8870
8870
8871
8872
8872
8872
8872
8876
8876
8878
8878
8881
8883
8883
8883
8884
8885
8886
8886
8887
8888
8889
8889
8893
8894
8894
8896
8896
8897
8898
8900
8901
8902
8902
8902
8904
8906
8907
8907
8907
8909
8910
8911
8911
8913
8914
8917
8917
8917
8917
8919
8920
8921
8923
8924
8924
8930
8930
8933
8935
8936
8938
8940
8940
8941
8942
8942
8943
8944
8947
8948
8950
8950
8952
8953
8954
8954
8955
8957
8957
8960
8962
8962
8962
8963
8963
8965
8966
8967
8967
8969
8969
8975
8975
8976
8976
8978
8979
8979
8980
8981
8981
8981
8982
8984
8985
8986
8986
8988
8988
8989
8991
8991
8991
8991
8992
8994
8995
8995
8995
8996
8997
8999
8999
9000
9001
9001
9001
9005
9005
9006
9006
9006
9008
9013
9015
9016
9017
9017
9018
9018
9018
9020
9021
9022
9024
9024
9024
9024
9026
9027
9028
9029
9032
9034
9035
9037
9039
9039
9040
9041
9043
9043
9043
9045
9046
9046
9048
9048
9049
9050
9050
9060
9061
9063
9064
9065
9065
9066
9067
9067
9069
9069
9070
9071
9071
9072
9073
9075
9075
9078
9078
9080
9081
9082
9084
9086
9086
9087
9089
9089
9089
9091
9091
9091
9093
9094
9095
9095
9096
9097
9098
9099
9101
9101
9102
9102
9105
9105
9109
9109
9109
9110
9110
9111
9112
9114
9115
9116
9117
9119
9120
9120
9121
9123
9123
9126
9126
9128
9128
9131
9133
9135
9136
9139
9140
9140
9141
9141
9141
9142
9142
9145
9145
9145
9145
9146
9147
9151
9151
9152
9153
9155
9157
9157
9157
9159
9159
9159
9163
9164
9165
9165
9166
9166
9166
9167
9167
9167
9168
9169
9169
9171
9171
9173
9177
9177
9179
9180
9183
9183
9184
9184
9185
9185
9186
9188
9189
9189
9189
9190
9190
9191
9193
9193
9196
9197
9200
9200
9200
9202
9205
9205
9207
9207
9208
9210
9210
9212
9213
9215
9216
9216
9216
9216
9217
9217
9218
9218
9219
9219
9219
9221
9221
9221
9223
9225
9226
9226
9230
9232
9233
9235
9237
9238
9238
9238
9239
9242
9243
9243
9243
9243
9244
9245
9246
9248
9249
9250
9251
9251
9252
9252
9254
9254
9254
9256
9257
9257
9258
9258
9259
9260
9260
9260
9262
9263
9264
9264
9266
9267
9268
9269
9272
9272
9273
9273
9275
9275
9275
9278
9278
9280
9280
9281
9281
9283
9284
9286
9287
9291
9292
9295
9297
9297
9298
9298
9299
9299
9299
9300
9300
9302
9303
9305
9306
9309
9309
9310
9311
9311
9312
9312
9314
9316
9319
9320
9322
9322
9323
9324
9324
9324
9325
9326
9327
9328
9330
9331
9332
9333
9333
9334
9335
9337
9339
9339
9341
9342
9343
9343
9345
9347
9350
9350
9350
9351
9352
9355
9355
9356
9358
9360
9360
9363
9363
9365
9365
9366
9367
9367
9368
9368
9369
9371
9373
9373
9374
9376
9377
9381
9381
9382
9382
9382
9387
9390
9390
9391
9391
9392
9393
9393
9394
9395
9397
9398
9399
9400
9400
9401
9401
9403
9403
9403
9405
9406
9406
9407
9407
9408
9408
9409
9410
9411
9411
9412
9414
9416
9416
9417
9417
9417
9419
9420
9420
9420
9420
9421
9421
9421
9422
9423
9423
9425
9425
9427
9429
9430
9430
9431
9437
9437
9438
9438
9439
9439
9439
9440
9441
9442
9442
9442
9442
9443
9443
9445
9446
9449
9449
9450
9450
9452
9453
9455
9456
9457
9458
9461
9462
9463
9463
9464
9465
9466
9467
9467
9468
9469
9470
9470
9471
9471
9473
9473
9473
9474
9474
9476
9476
9476
9478
9478
9479
9482
9483
9486
9486
9488
9489
9492
9493
9494
9495
9495
9496
9497
9498
9500
9500
9505
9506
9508
9509
9511
9512
9513
9513
9515
9516
9516
9517
9517
9518
9519
9520
9522
9522
9524
9525
9529
9529
9530
9531
9531
9532
9532
9532
9533
9533
9533
9534
9535
9538
9538
9540
9541
9541
9542
9544
9544
9544
9544
9548
9548
9550
9551
9552
9552
9553
9554
9555
9556
9557
9558
9560
9560
9563
9564
9564
9565
9566
9568
9569
9571
9572
9573
9574
9576
9576
9579
9580
9580
9581
9584
9584
9587
9588
9588
9589
9592
9592
9593
9593
9593
9594
9599
9599
9599
9601
9602
9602
9604
9605
9606
9609
9611
9612
9613
9617
9617
9618
9619
9620
9622
9623
9623
9626
9627
9627
9627
9628
9628
9628
9629
9630
9630
9631
9631
9632
9633
9634
9635
9636
9636
9636
9637
9639
9640
9640
9641
9643
9646
9647
9649
9649
9649
9652
9652
9652
9653
9653
9659
9659
9660
9660
9661
9661
9661
9663
9665
9666
9666
9667
9668
9668
9669
9670
9671
9671
9672
9672
9673
9674
9675
9676
9678
9678
9679
9681
9681
9682
9683
9683
9684
9685
9685
9688
9688
9689
9690
9693
9693
9695
9698
9702
9704
9706
9709
9710
9711
9713
9714
9714
9716
9717
9720
9721
9721
9722
9723
9725
9726
9728
9728
9728
9728
9729
9731
9735
9736
9737
9739
9739
9739
9739
9739
9740
9740
9745
9745
9748
9748
9749
9751
9753
9756
9757
9758
9758
9759
9760
9760
9760
9761
9763
9764
9765
9765
9765
9766
9767
9768
9768
9770
9770
9770
9770
9771
9773
9774
9774
9774
9776
9776
9777
9778
9779
9781
9785
9785
9785
9789
9791
9794
9794
9794
9795
9796
9797
9804
9808
9810
9812
9813
9814
9814
9815
9817
9820
9821
9821
9822
9823
9824
9824
9825
9826
9826
9828
9830
9833
9836
9836
9837
9837
9842
9842
9844
9846
9846
9846
9847
9849
9849
9849
9850
9850
9852
9852
9853
9854
9854
9854
9855
9855
9855
9857
9859
9859
9861
9861
9862
9863
9863
9863
9864
9864
9866
9866
9870
9871
9873
9875
9876
9876
9878
9879
9882
9884
9887
9888
9893
9894
9895
9898
9900
9901
9903
9903
9903
9904
9905
9906
9906
9906
9906
9907
9908
9909
9909
9914
9914
9915
9916
9916
9917
9917
9917
9918
9919
9919
9922
9923
9923
9924
9924
9925
9928
9931
9933
9933
9936
9936
9937
9939
9939
9939
9939
9940
9941
9942
9942
9943
9943
9943
9945
9946
9946
9946
9948
9949
9950
9951
9952
9952
9952
9954
9957
9959
9961
9961
9965
9965
9965
9966
9967
9967
9967
9973
9973
9974
9974
9974
9974
9974
9975
9975
9976
9977
9980
9980
9982
9984
9984
9985
9986
9986
9986
9987
9987
9987
9988
9989
9991
9992
9996
9996
9997
9997
9997
10001
10002
10006
10006
10008
10009
10009
10010
10011
10011
10013
10014
10014
10014
10017
10017
10018
10018
10026
10027
10028
10029
10029
10029
10031
10033
10033
10034
10038
10038
10038
10039
10039
10041
10042
10043
10043
10043
10044
10045
10045
10045
10045
10047
10049
10050
10050
10050
10050
10053
10053
10056
10057
10057
10057
10058
10060
10062
10063
10064
10069
10070
10070
10071
10072
10072
10073
10073
10073
10075
10075
10076
10076
10078
10082
10084
10089
10090
10091
10092
10092
10094
10096
10097
10097
10099
10104
10104
10106
10106
10108
10108
10109
10110
10111
10115
10117
10118
10119
10121
10122
10125
10125
10126
10127
10127
10127
10128
10130
10130
10130
10131
10133
10133
10133
10133
10135
10136
10137
10137
10137
10140
10141
10141
10143
10143
10144
10145
10146
10146
10148
10149
10150
10154
10155
10155
10156
10156
10157
10158
10158
10160
10161
10162
10163
10163
10164
10165
10165
10167
10167
10168
10170
10171
10171
10172
10173
10175
10176
10177
10178
10178
10179
10181
10185
10189
10191
10191
10191
10191
10192
10193
10197
10197
10197
10198
10201
10203
10205
10206
10207
10207
10207
10207
10207
10210
10210
10210
10211
10211
10211
10212
10212
10213
10213
10213
10213
10214
10216
10218
10220
10222
10224
10225
10225
10226
10226
10226
10227
10227
10227
10228
10230
10231
10232
10232
10235
10235
10237
10238
10238
10239
10241
10242
10242
10244
10246
10249
10251
10252
10253
10254
10254
10255
10256
10256
10257
10258
10259
10260
10261
10261
10262
10264
10265
10265
10266
10270
10271
10272
10272
10273
10274
10274
10275
10276
10276
10279
10279
10280
10281
10281
10281
10281
10283
10285
10286
10286
10287
10288
10291
10292
10292
10295
10296
10296
10300
10301
10305
10306
10306
10307
10309
10310
10310
10310
10311
10311
10311
10312
10313
10313
10316
10318
10318
10319
10320
10323
10324
10324
10324
10324
10325
10326
10327
10328
10329
10330
10330
10331
10332
10332
10333
10333
10333
10333
10334
10335
10335
10337
10338
10338
10339
10340
10341
10341
10343
10343
10343
10343
10344
10345
10346
10348
10348
10351
10351
10352
10353
10354
10354
10356
10356
10358
10358
10359
10359
10360
10360
10361
10361
10363
10364
10365
10366
10368
10378
10378
10378
10381
10381
10382
10383
10383
10384
10387
10388
10388
10388
10388
10388
10388
10389
10390
10391
10392
10392
10392
10394
10396
10396
10399
10402
10403
10403
10404
10405
10405
10406
10406
10406
10408
10408
10409
10410
10410
10412
10412
10413
10413
10414
10415
10416
10416
10416
10417
10417
10418
10418
10420
10421
10422
10425
10425
10426
10427
10428
10429
10431
10431
10432
10435
10437
10437
10437
10441
10442
10443
10445
10445
10446
10447
10448
10448
10449
10449
10452
10452
10452
10453
10453
10454
10455
10456
10456
10458
10459
10460
10460
10461
10467
10467
10469
10470
10471
10473
10473
10473
10475
10475
10480
10481
10482
10484
10484
10485
10486
10487
10489
10491
10491
10492
10494
10495
10496
10496
10497
10498
10500
10500
10501
10502
10503
10503
10507
10507
10508
10510
10511
10512
10515
10516
10516
10517
10520
10520
10522
10524
10526
10527
10527
10527
10528
10528
10529
10529
10529
10530
10531
10532
10534
10535
10535
10538
10538
10540
10541
10542
10542
10542
10542
10545
10545
10545
10545
10545
10548
10548
10548
10549
10550
10550
10552
10552
10552
10552
10554
10555
10555
10555
10555
10557
10557
10558
10558
10559
10560
10561
10561
10562
10563
10565
10565
10565
10566
10566
10566
10566
10567
10567
10570
10570
10570
10571
10572
10574
10575
10576
10576
10579
10580
10580
10581
10582
10583
10584
10584
10588
10590
10590
10590
10591
10592
10592
10594
10594
10595
10597
10598
10598
10599
10604
10606
10608
10608
10608
10609
10609
10609
10611
10612
10612
10612
10613
10613
10613
10615
10615
10618
10619
10619
10620
10621
10621
10622
10622
10624
10624
10624
10625
10627
10627
10628
10629
10630
10633
10634
10634
10635
10636
10636
10638
10640
10642
10643
10643
10644
10645
10645
10646
10647
10647
10649
10651
10652
10653
10653
10653
10658
10659
10659
10660
10661
10661
10662
10664
10666
10667
10669
10671
10673
10673
10675
10676
10677
10678
10679
10679
10680
10683
10684
10685
10688
10688
10689
10690
10693
10693
10694
10694
10696
10697
10698
10700
10701
10702
10702
10703
10703
10707
10709
10709
10709
10711
10712
10713
10716
10717
10718
10718
10721
10723
10726
10727
10728
10730
10731
10731
10731
10733
10733
10734
10734
10734
10736
10736
10737
10739
10739
10740
10740
10742
10742
10743
10743
10745
10746
10746
10747
10748
10748
10750
10755
10755
10755
10756
10756
10759
10760
10761
10762
10762
10762
10763
10767
10768
10769
10770
10770
10772
10772
10776
10778
10778
10779
10780
10782
10784
10785
10787
10787
10790
10791
10792
10792
10794
10798
10798
10801
10801
10802
10802
10804
10804
10805
10806
10806
10807
10813
10814
10815
10817
10819
10820
10820
10820
10822
10822
10824
10825
10827
10828
10829
10829
10829
10830
10831
10831
10831
10833
10833
10833
10833
10834
10834
10839
10839
10841
10841
10843
10843
10843
10844
10844
10845
10846
10847
10847
10850
10851
10852
10853
10854
10856
10859
10864
10865
10866
10867
10867
10868
10869
10872
10872
10873
10874
10875
10876
10876
10877
10878
10878
10880
10880
10880
10881
10882
10884
10885
10885
10888
10889
10890
10891
10893
10896
10898
10898
10898
10900
10900
10900
10900
10901
10902
10904
10906
10906
10907
10908
10908
10909
10911
10912
10913
10916
10917
10917
10919
10921
10921
10922
10922
10923
10924
10925
10925
10925
10926
10927
10928
10928
10928
10929
10929
10929
10930
10930
10932
10938
10940
10942
10942
10943
10944
10946
10947
10948
10948
10949
10949
10950
10950
10951
10952
10953
10954
10955
10955
10956
10956
10956
10957
10958
10963
10964
10964
10965
10965
10966
10966
10967
10968
10970
10972
10972
10972
10974
10976
10977
10979
10980
10982
10983
10983
10984
10985
10986
10986
10987
10987
10988
10989
10990
10992
10994
10995
10995
10997
10997
10997
10998
10999
10999
10999
10999
10999
11000
11000
11003
11005
11006
11007
11008
11008
11008
11010
11011
11011
11011
11012
11014
11014
11015
11017
11019
11021
11021
11023
11028
11029
11031
11033
11033
11039
11039
11040
11040
11040
11042
11043
11044
11046
11047
11047
11050
11050
11051
11052
11053
11053
11053
11056
11057
11057
11059
11060
11061
11061
11062
11062
11062
11064
11065
11067
11069
11071
11072
11074
11074
11074
11074
11076
11080
11081
11081
11081
11082
11083
11084
11085
11085
11087
11087
11087
11089
11089
11090
11090
11091
11092
11093
11095
11095
11097
11097
11097
11097
11099
11099
11100
11102
11104
11104
11105
11106
11107
11108
11108
11109
11109
11112
11112
11115
11115
11116
11116
11117
11117
11118
11119
11121
11121
11122
11122
11125
11126
11127
11128
11128
11129
11130
11131
11131
11131
11132
11134
11134
11136
11137
11137
11140
11140
11140
11143
11143
11143
11145
11145
11146
11148
11148
11151
11154
11156
11156
11159
11160
11160
11161
11161
11161
11162
11162
11162
11162
11163
11164
11164
11165
11166
11166
11167
11167
11168
11169
11170
11170
11171
11172
11172
11172
11173
11173
11173
11174
11176
11176
11176
11178
11179
11181
11183
11183
11184
11185
11185
11188
11188
11188
11189
11190
11191
11191
11192
11192
11192
11194
11194
11195
11197
11197
11198
11198
11198
11199
11199
11200
11200
11200
11201
11202
11202
11203
11204
11204
11204
11206
11206
11207
11208
11208
11208
11209
11210
11210
11211
11212
11212
11215
11217
11217
11219
11220
11220
11220
11221
11221
11221
11221
11222
11223
11223
11225
11225
11227
11227
11230
11234
11235
11236
11236
11236
11237
11238
11238
11239
11240
11240
11243
11243
11247
11248
11248
11248
11250
11251
11253
11255
11256
11256
11258
11258
11259
11261
11262
11263
11264
11265
11266
11267
11268
11268
11270
11270
11270
11270
11271
11272
11274
11274
11274
11274
11274
11276
11277
11277
11278
11279
11279
11280
11281
11284
11285
11285
11288
11288
11291
11291
11292
11292
11293
11295
11296
11297
11297
11297
11299
11300
11302
11302
11306
11306
11310
11311
11314
11315
11316
11316
11319
11321
11322
11322
11322
11323
11323
11323
11323
11324
11324
11324
11326
11327
11329
11332
11333
11335
11336
11336
11336
11341
11341
11342
11343
11345
11349
11350
11350
11352
11353
11353
11353
11354
11354
11355
11355
11356
11356
11358
11358
11358
11359
11361
11362
11362
11363
11363
11366
11367
11367
11369
11370
11371
11372
11373
11374
11377
11377
11378
11378
11378
11379
11380
11382
11383
11386
11388
11388
11389
11389
11391
11392
11394
11396
11396
11397
11397
11397
11398
11398
11399
11401
11402
11409
11409
11411
11415
11417
11419
11419
11419
11421
11424
11425
11427
11427
11429
11429
11429
11430
11432
11433
11434
11434
11435
11435
11438
11439
11440
11443
11445
11447
11447
11447
11447
11448
11448
11449
11451
11453
11459
11460
11460
11460
11463
11464
11465
11468
11468
11469
11469
11470
11471
11472
11472
11473
11474
11474
11478
11478
11479
11479
11479
11479
11479
11479
11481
11481
11482
11483
11484
11486
11487
11487
11488
11488
11489
11492
11493
11494
11495
11495
11496
11498
11498
11498
11499
11500
11501
11501
11502
11503
11505
11506
11509
11511
11512
11512
11513
11513
11513
11513
11514
11514
11514
11518
11518
11519
11520
11521
11521
11521
11522
11523
11525
11527
11528
11528
11528
11528
11529
11529
11530
11531
11531
11533
11534
11534
11535
11535
11536
11536
11538
11539
11540
11540
11543
11544
11544
11545
11546
11549
11549
11550
11553
11555
11555
11555
11556
11556
11557
11557
11558
11558
11562
11563
11564
11567
11568
11568
11569
11569
11569
11569
11570
11571
11572
11573
11573
11574
11575
11575
11576
11576
11578
11579
11579
11579
11580
11580
11581
11582
11582
11582
11583
11584
11584
11584
11584
11585
11587
11589
11591
11591
11592
11593
11595
11595
11596
11597
11597
11598
11601
11602
11605
11605
11607
11608
11608
11612
11618
11619
11626
11626
11628
11629
11629
11630
11633
11635
11638
11641
11644
11644
11644
11645
11645
11645
11646
11646
11646
11647
11647
11648
11650
11650
11651
11651
11652
11652
11652
11652
11657
11658
11659
11659
11659
11660
11661
11662
11662
11663
11664
11665
11667
11669
11669
11670
11671
11672
11672
11674
11676
11677
11678
11679
11680
11680
11680
11680
11681
11684
11685
11686
11686
11691
11691
11692
11692
11694
11695
11696
11700
11700
11702
11704
11705
11707
11708
11710
11712
11714
11715
11715
11715
11716
11716
11717
11717
11718
11718
11718
11719
11719
11721
11721
11722
11725
11727
11729
11730
11731
11732
11732
11734
11735
11735
11735
11740
11741
11741
11742
11743
11743
11747
11749
11751
11751
11752
11752
11753
11753
11754
11755
11758
11761
11761
11761
11762
11763
11764
11764
11764
11768
11768
11769
11769
11771
11773
11774
11775
11775
11777
11777
11778
11780
11780
11781
11782
11783
11783
11785
11787
11788
11788
11790
11790
11792
11792
11793
11794
11794
11794
11795
11795
11796
11796
11796
11797
11799
11801
11802
11804
11804
11806
11806
11807
11808
11808
11810
11811
11811
11811
11812
11812
11813
11814
11814
11814
11816
11817
11817
11818
11820
11820
11820
11820
11821
11822
11823
11826
11827
11830
11831
11831
11831
11832
11833
11835
11836
11838
11839
11839
11844
11844
11844
11845
11848
11850
11852
11853
11854
11854
11855
11855
11856
11858
11859
11859
11860
11861
11862
11862
11866
11867
11867
11867
11868
11868
11868
11870
11871
11871
11873
11873
11875
11877
11879
11880
11880
11881
11882
11883
11883
11883
11885
11885
11886
11887
11889
11890
11891
11891
11891
11892
11892
11893
11894
11894
11895
11895
11896
11896
11897
11897
11899
11900
11902
11904
11905
11905
11905
11907
11908
11908
11908
11908
11910
11911
11912
11914
11914
11916
11916
11916
11916
11918
11918
11919
11919
11920
11920
11921
11922
11923
11925
11925
11926
11926
11927
11928
11930
11930
11930
11930
11931
11931
11932
11933
11933
11936
11936
11936
11938
11938
11939
11940
11940
11941
11942
11942
11942
11943
11943
11944
11945
11945
11945
11948
11949
11949
11949
11950
11953
11953
11953
11955
11956
11956
11956
11958
11959
11959
11960
11961
11961
11962
11962
11964
11966
11966
11966
11967
11969
11969
11969
11969
11970
11972
11973
11973
11976
11977
11978
11978
11979
11979
11984
11986
11987
11988
11992
11992
11992
11993
11993
11994
11995
11995
11996
11997
11997
11998
11999
11999
12002
12002
12004
12005
12010
12012
12013
12013
12014
12017
12019
12020
12020
12021
12022
12023
12023
12023
12026
12027
12027
12027
12027
12029
12029
12030
12033
12034
12035
12037
12038
12040
12042
12042
12042
12043
12044
12045
12046
12047
12048
12048
12049
12050
12053
12053
12055
12055
12056
12056
12056
12059
12059
12060
12060
12062
12062
12062
12063
12063
12066
12068
12068
12068
12069
12069
12069
12070
12072
12073
12074
12077
12078
12078
12078
12078
12080
12081
12082
12082
12083
12085
12088
12090
12090
12091
12092
12092
12093
12094
12094
12094
12094
12095
12095
12096
12097
12097
12098
12098
12098
12101
12101
12102
12102
12103
12104
12104
12106
12107
12107
12108
12112
12113
12113
12114
12119
12123
12124
12124
12124
12126
12126
12127
12127
12129
12129
12129
12129
12129
12130
12130
12131
12131
12132
12132
12134
12135
12135
12135
12135
12136
12136
12136
12137
12138
12138
12138
12140
12141
12141
12142
12144
12145
12146
12149
12151
12151
12154
12154
12154
12156
12156
12158
12160
12160
12161
12161
12161
12162
12163
12164
12166
12166
12167
12167
12170
12171
12171
12171
12174
12175
12175
12175
12178
12180
12181
12182
12182
12182
12184
12184
12184
12186
12188
12188
12189
12191
12193
12196
12196
12196
12198
12198
12200
12204
12205
12207
12212
12212
12217
12217
12218
12219
12219
12220
12221
12222
12223
12223
12224
12224
12225
12227
12229
12229
12229
12229
12229
12230
12230
12231
12233
12234
12235
12237
12237
12238
12239
12239
12239
12240
12241
12241
12242
12244
12244
12244
12247
12247
12247
12249
12249
12250
12251
12251
12251
12252
12253
12253
12259
12259
12260
12263
12264
12265
12267
12267
12267
12269
12270
12270
12273
12274
12275
12275
12276
12277
12279
12279
12279
12280
12280
12280
12282
12282
12283
12283
12283
12284
12284
12284
12285
12285
12287
12289
12289
12290
12292
12292
12292
12293
12295
12297
12300
12300
12302
12304
12308
12309
12311
12312
12316
12316
12317
12319
12321
12322
12322
12323
12324
12324
12330
12330
12332
12332
12334
12334
12336
12337
12341
12342
12342
12343
12344
12346
12348
12349
12351
12351
12352
12353
12353
12353
12356
12357
12361
12362
12364
12365
12366
12366
12367
12367
12369
12369
12369
12370
12370
12370
12371
12372
12374
12374
12374
12376
12377
12378
12378
12382
12384
12385
12386
12386
12387
12387
12388
12389
12389
12390
12390
12391
12391
12391
12391
12392
12392
12392
12394
12394
12395
12395
12395
12395
12396
12398
12398
12399
12400
12400
12401
12403
12403
12404
12404
12405
12406
12407
12408
12412
12413
12414
12416
12416
12418
12418
12421
12421
12422
12424
12424
12424
12424
12425
12429
12432
12432
12434
12435
12435
12435
12436
12437
12438
12439
12440
12440
12441
12442
12444
12447
12449
12449
12449
12449
12450
12451
12453
12454
12455
12456
12456
12456
12457
12461
12461
12461
12462
12462
12463
12463
12465
12465
12466
12467
12467
12468
12468
12474
12476
12476
12477
12478
12479
12480
12482
12482
12482
12483
12483
12485
12486
12486
12486
12488
12489
12491
12492
12493
12494
12494
12495
12496
12496
12497
12498
12499
12500
12501
12501
12503
12503
12506
12508
12509
12510
12511
12512
12512
12513
12513
12514
12515
12516
12518
12518
12519
12520
12521
12521
12522
12522
12523
12526
12526
12526
12529
12530
12530
12530
12531
12532
12535
12536
12538
12538
12540
12540
12541
12543
12543
12545
12545
12546
12546
12547
12547
12547
12548
12549
12549
12549
12550
12552
12553
12553
12554
12554
12554
12555
12555
12555
12558
12560
12562
12566
12566
12567
12568
12570
12570
12570
12571
12571
12573
12573
12575
12575
12577
12579
12580
12580
12581
12582
12584
12584
12584
12585
12585
12586
12587
12587
12587
12588
12589
12589
12589
12590
12591
12593
12593
12594
12597
12598
12598
12598
12599
12600
12600
12600
12602
12602
12602
12603
12603
12603
12604
12604
12604
12605
12606
12607
12608
12609
12609
12610
12611
12611
12612
12615
12616
12617
12618
12619
12619
12619
12620
12620
12620
12622
12623
12624
12624
12624
12625
12626
12627
12627
12628
12629
12630
12631
12632
12633
12635
12636
12637
12641
12643
12644
12647
12649
12649
12651
12651
12652
12653
12654
12654
12654
12655
12655
12658
12659
12659
12661
12662
12663
12664
12665
12665
12665
12665
12667
12668
12669
12670
12670
12673
12676
12676
12676
12677
12677
12678
12679
12680
12681
12681
12681
12682
12684
12684
12685
12686
12687
12687
12688
12688
12689
12690
12695
12696
12696
12701
12702
12707
12708
12709
12710
12710
12710
12711
12714
12715
12717
12718
12720
12721
12721
12722
12723
12723
12726
12727
12728
12728
12728
12729
12729
12732
12735
12735
12737
12738
12740
12741
12743
12743
12743
12744
12744
12744
12744
12748
12748
12748
12748
12748
12750
12750
12750
12750
12751
12751
12752
12752
12752
12752
12753
12754
12754
12755
12755
12755
12756
12756
12759
12760
12762
12766
12766
12767
12768
12768
12769
12769
12770
12770
12772
12773
12774
12775
12776
12778
12779
12780
12781
12781
12784
12786
12789
12791
12792
12794
12796
12796
12797
12797
12797
12797
12798
12799
12800
12801
12802
12804
12806
12806
12808
12810
12811
12814
12815
12816
12817
12818
12818
12819
12819
12824
12825
12825
12827
12827
12828
12828
12829
12830
12832
12833
12835
12836
12836
12837
12839
12839
12840
12841
12842
12842
12845
12846
12846
12847
12847
12848
12848
12849
12849
12849
12851
12852
12854
12854
12855
12856
12857
12858
12859
12859
12861
12862
12863
12866
12866
12868
12869
12869
12869
12869
12871
12871
12872
12872
12877
12877
12877
12878
12878
12878
12880
12883
12884
12885
12885
12887
12888
12889
12891
12891
12893
12893
12894
12894
12896
12896
12898
12899
12899
12901
12902
12904
12904
12906
12907
12907
12908
12908
12909
12909
12910
12911
12911
12911
12912
12915
12915
12915
12916
12917
12918
12918
12920
12922
12923
12924
12925
12926
12926
12927
12927
12929
12929
12932
12933
12934
12935
12935
12935
12935
12939
12941
12949
12949
12949
12950
12952
12954
12956
12957
12959
12959
12959
12961
12962
12967
12967
12967
12968
12968
12969
12970
12971
12972
12974
12975
12975
12975
12975
12976
12976
12977
12978
12978
12979
12979
12980
12980
12982
12983
12986
12988
12989
12989
12989
12996
12997
12998
12999
13002
13004
13005
13012
13015
13015
13017
13017
13018
13018
13018
13019
13019
13019
13020
13020
13022
13023
13024
13025
13026
13027
13027
13029
13029
13030
13030
13031
13031
13031
13034
13034
13035
13036
13038
13038
13040
13041
13042
13042
13045
13045
13046
13047
13047
13047
13048
13048
13048
13048
13049
13051
13052
13053
13055
13057
13059
13059
13061
13064
13070
13071
13072
13073
13075
13079
13081
13082
13083
13084
13084
13087
13088
13090
13090
13092
13093
13094
13095
13095
13096
13098
13098
13102
13102
13102
13103
13106
13107
13109
13110
13111
13112
13113
13113
13114
13114
13114
13114
13115
13115
13117
13117
13120
13120
13121
13122
13123
13123
13123
13123
13124
13125
13125
13126
13126
13128
13128
13128
13129
13131
13134
13135
13139
13142
13142
13142
13143
13145
13145
13145
13146
13148
13148
13148
13152
13152
13153
13154
13155
13156
13156
13157
13158
13158
13159
13161
13162
13162
13165
13166
13166
13167
13168
13168
13171
13172
13172
13173
13174
13174
13176
13176
13176
13179
13179
13179
13180
13184
13185
13185
13185
13188
13191
13191
13195
13195
13196
13198
13198
13198
13199
13201
13201
13201
13203
13204
13207
13208
13211
13212
13214
13214
13215
13216
13216
13217
13219
13219
13220
13220
13221
13222
13222
13222
13222
13222
13223
13226
13226
13226
13228
13229
13231
13231
13231
13232
13238
13242
13244
13245
13246
13246
13246
13249
13251
13254
13260
13262
13264
13264
13265
13267
13267
13268
13269
13270
13271
13272
13273
13273
13273
13274
13277
13278
13278
13280
13280
13280
13284
13284
13284
13286
13286
13287
13288
13288
13288
13289
13292
13292
13293
13293
13295
13296
13297
13297
13297
13299
13301
13302
13302
13302
13309
13311
13311
13313
13313
13314
13316
13316
13317
13320
13320
13320
13321
13321
13322
13324
13325
13325
13327
13327
13327
13328
13328
13328
13329
13331
13332
13335
13335
13335
13337
13340
13340
13341
13341
13342
13343
13343
13344
13346
13349
13349
13350
13351
13352
13356
13356
13356
13357
13360
13360
13361
13362
13362
13362
13363
13363
13364
13364
13365
13365
13367
13367
13372
13372
13373
13374
13375
13376
13377
13377
13377
13378
13378
13379
13380
13383
13383
13384
13385
13386
13386
13387
13387
13389
13389
13391
13393
13395
13395
13395
13395
13398
13401
13401
13402
13402
13402
13403
13405
13406
13412
13416
13416
13416
13416
13417
13417
13418
13418
13418
13419
13419
13420
13423
13423
13424
13426
13426
13428
13431
13432
13433
13433
13433
13435
13435
13437
13440
13442
13444
13445
13446
13446
13447
13449
13452
13455
13455
13456
13456
13456
13457
13457
13458
13458
13459
13460
13461
13462
13462
13463
13463
13463
13465
13465
13467
13467
13467
13468
13470
13470
13471
13472
13472
13473
13474
13474
13475
13475
13476
13478
13482
13485
13487
13488
13489
13489
13490
13490
13491
13493
13494
13494
13494
13497
13497
13498
13498
13499
13499
13500
13501
13503
13505
13505
13506
13506
13508
13508
13511
13511
13513
13513
13513
13517
13517
13517
13518
13518
13518
13518
13521
13521
13522
13522
13523
13524
13525
13525
13526
13527
13527
13529
13529
13530
13532
13533
13534
13535
13536
13537
13537
13540
13541
13541
13542
13543
13544
13544
13545
13545
13545
13546
13547
13547
13548
13549
13549
13550
13552
13555
13558
13559
13559
13560
13561
13562
13563
13564
13565
13565
13566
13566
13567
13569
13571
13572
13573
13575
13576
13576
13577
13578
13578
13579
13579
13583
13584
13585
13587
13589
13591
13591
13591
13593
13595
13595
13595
13596
13599
13600
13600
13601
13602
13604
13605
13606
13607
13607
13611
13611
13612
13613
13614
13614
13615
13616
13617
13618
13619
13623
13625
13625
13625
13626
13626
13627
13628
13630
13632
13632
13633
13636
13640
13640
13641
13643
13643
13643
13645
13649
13650
13650
13651
13652
13653
13654
13654
13655
13655
13656
13656
13657
13657
13657
13660
13660
13662
13662
13664
13665
13666
13666
13667
13667
13668
13668
13671
13672
13672
13672
13673
13673
13675
13675
13676
13676
13678
13680
13682
13683
13685
13687
13687
13688
13689
13689
13689
13690
13691
13692
13694
13694
13695
13697
13700
13700
13702
13702
13705
13707
13707
13707
13708
13711
13712
13713
13713
13715
13716
13716
13718
13719
13719
13721
13721
13722
13724
13724
13724
13725
13725
13727
13728
13731
13731
13734
13736
13737
13738
13739
13740
13741
13741
13743
13743
13743
13743
13744
13745
13746
13746
13748
13749
13749
13750
13751
13753
13753
13754
13754
13755
13757
13757
13758
13758
13760
13760
13761
13761
13764
13765
13765
13767
13767
13768
13769
13770
13771
13771
13772
13772
13774
13775
13776
13776
13776
13777
13777
13777
13778
13779
13780
13781
13781
13782
13783
13784
13784
13784
13784
13786
13789
13798
13799
13800
13801
13803
13803
13804
13804
13804
13805
13806
13807
13807
13808
13808
13809
13810
13811
13813
13813
13814
13814
13814
13814
13815
13817
13818
13818
13819
13819
13820
13821
13821
13821
13821
13822
13824
13825
13828
13829
13830
13831
13833
13834
13835
13839
13840
13840
13842
13842
13842
13843
13843
13844
13845
13846
13846
13847
13848
13855
13856
13857
13858
13861
13862
13863
13863
13864
13864
13866
13866
13866
13868
13869
13870
13870
13871
13875
13875
13876
13877
13877
13878
13879
13882
13882
13883
13884
13884
13884
13887
13889
13892
13892
13892
13893
13893
13893
13894
13894
13896
13896
13897
13898
13899
13900
13902
13902
13903
13903
13903
13903
13904
13905
13908
13909
13910
13911
13911
13913
13913
13914
13915
13916
13917
13918
13918
13919
13919
13920
13921
13923
13923
13924
13924
13925
13925
13928
13929
13930
13930
13931
13931
13932
13934
13935
13937
13937
13939
13940
13940
13941
13941
13942
13945
13946
13948
13948
13948
13949
13950
13950
13950
13950
13951
13952
13952
13952
13953
13956
13957
13957
13957
13961
13961
13962
13964
13965
13965
13965
13968
13968
13969
13972
13973
13973
13974
13974
13975
13976
13976
13979
13980
13980
13980
13981
13981
13981
13982
13983
13986
13987
13987
13987
13987
13988
13989
13989
13989
13989
13989
13990
13992
13993
13993
13995
13997
14000
14001
14001
14002
14002
14003
14004
14004
14005
14006
14007
14009
14013
14014
14019
14020
14022
14025
14026
14026
14028
14029
14031
14031
14035
14035
14036
14038
14038
14039
14042
14043
14044
14044
14046
14047
14049
14054
14055
14057
14057
14057
14059
14061
14061
14063
14063
14063
14063
14064
14065
14065
14065
14066
14067
14068
14069
14069
14070
14073
14073
14073
14074
14074
14075
14075
14075
14079
14080
14082
14086
14086
14086
14087
14089
14089
14090
14091
14092
14092
14093
14095
14096
14098
14098
14099
14101
14101
14102
14102
14102
14104
14104
14104
14107
14108
14109
14110
14110
14110
14110
14112
14116
14117
14118
14118
14118
14119
14120
14122
14126
14126
14127
14128
14129
14130
14131
14132
14132
14132
14133
14133
14134
14134
14134
14135
14136
14137
14141
14141
14143
14143
14143
14144
14145
14146
14146
14146
14147
14147
14148
14149
14151
14151
14152
14153
14153
14154
14155
14155
14158
14159
14161
14161
14163
14163
14164
14164
14166
14170
14171
14173
14173
14173
14173
14174
14177
14178
14179
14180
14181
14181
14182
14183
14183
14185
14186
14187
14187
14188
14188
14191
14191
14191
14193
14195
14195
14196
14198
14198
14199
14199
14200
14200
14200
14201
14201
14201
14206
14207
14207
14208
14208
14210
14210
14210
14211
14214
14215
14215
14216
14216
14217
14219
14219
14221
14224
14226
14227
14228
14228
14229
14229
14231
14231
14233
14235
14235
14237
14238
14239
14239
14240
14240
14240
14246
14247
14247
14250
14250
14250
14250
14251
14252
14252
14252
14255
14256
14256
14257
14257
14259
14260
14262
14263
14264
14265
14265
14265
14266
14267
14269
14271
14271
14273
14275
14276
14277
14278
14279
14279
14279
14279
14281
14281
14282
14282
14283
14283
14283
14284
14284
14285
14286
14287
14287
14287
14288
14291
14292
14293
14293
14294
14294
14295
14296
14299
14300
14302
14302
14304
14305
14308
14310
14311
14311
14312
14313
14318
14318
14319
14321
14323
14323
14323
14324
14325
14326
14328
14328
14328
14329
14330
14331
14334
14335
14335
14338
14339
14339
14341
14342
14342
14343
14344
14344
14345
14347
14347
14347
14349
14351
14353
14354
14354
14356
14357
14359
14360
14360
14360
14361
14361
14364
14364
14365
14366
14367
14368
14368
14369
14370
14370
14371
14371
14372
14372
14373
14375
14375
14375
14376
14377
14377
14379
14379
14381
14381
14382
14383
14384
14385
14385
14387
14387
14387
14388
14388
14388
14389
14389
14392
14392
14395
14396
14397
14398
14402
14403
14403
14404
14404
14404
14404
14408
14410
14410
14411
14412
14412
14412
14414
14419
14419
14421
14423
14427
14427
14428
14429
14430
14432
14432
14436
14436
14437
14438
14438
14440
14441
14444
14445
14446
14447
14448
14449
14449
14451
14451
14452
14452
14453
14453
14453
14456
14457
14458
14459
14459
14459
14463
14464
14464
14464
14465
14467
14468
14472
14474
14475
14478
14478
14479
14480
14480
14483
14484
14484
14485
14486
14486
14487
14487
14487
14489
14493
14493
14495
14495
14497
14498
14499
14501
14501
14506
14506
14506
14509
14509
14510
14510
14510
14511
14512
14516
14516
14516
14517
14518
14519
14520
14521
14521
14522
14522
14522
14524
14524
14525
14525
14525
14525
14527
14529
14529
14530
14531
14532
14532
14532
14536
14537
14538
14539
14541
14543
14543
14544
14550
14550
14553
14554
14557
14557
14559
14561
14562
14563
14563
14563
14565
14569
14570
14571
14572
14572
14573
14573
14574
14574
14575
14575
14575
14576
14576
14581
14581
14581
14583
14586
14587
14587
14588
14588
14589
14589
14592
14593
14593
14594
14594
14598
14599
14601
14601
14602
14604
14605
14606
14606
14606
14608
14608
14609
14611
14611
14612
14612
14613
14614
14615
14617
14618
14620
14621
14622
14623
14624
14624
14626
14627
14628
14630
14631
14632
14634
14635
14636
14639
14640
14640
14640
14640
14641
14641
14643
14643
14645
14651
14651
14652
14652
14652
14652
14654
14654
14654
14654
14655
14655
14656
14657
14657
14658
14660
14660
14661
14661
14661
14661
14663
14664
14664
14666
14667
14667
14668
14669
14670
14671
14671
14671
14677
14678
14678
14679
14681
14681
14683
14685
14686
14688
14691
14691
14692
14693
14693
14693
14694
14697
14698
14699
14700
14701
14702
14702
14703
14703
14703
14705
14706
14707
14707
14707
14709
14710
14710
14711
14711
14713
14713
14714
14714
14715
14717
14717
14720
14720
14721
14722
14722
14723
14724
14726
14726
14726
14727
14727
14727
14729
14729
14732
14732
14733
14734
14736
14739
14739
14740
14741
14741
14742
14742
14743
14745
14746
14746
14747
14748
14751
14752
14752
14753
14753
14753
14754
14754
14755
14755
14756
14760
14762
14763
14764
14764
14764
14765
14767
14768
14768
14770
14771
14771
14772
14772
14776
14777
14777
14778
14779
14779
14779
14779
14780
14781
14782
14782
14783
14783
14784
14784
14784
14787
14788
14791
14791
14793
14793
14794
14794
14795
14795
14797
14797
14798
14800
14803
14804
14804
14809
14810
14811
14812
14812
14813
14813
14815
14816
14817
14817
14818
14819
14820
14821
14825
14827
14827
14830
14830
14831
14832
14833
14833
14835
14837
14837
14839
14840
14845
14847
14847
14848
14849
14850
14850
14853
14854
14854
14857
14857
14860
14861
14861
14861
14861
14862
14863
14863
14864
14865
14869
14869
14871
14871
14871
14872
14875
14875
14876
14878
14880
14880
14881
14884
14884
14885
14885
14885
14888
14890
14891
14892
14892
14892
14893
14895
14896
14897
14898
14898
14900
14900
14900
14903
14904
14904
14906
14906
14907
14907
14907
14907
14910
14910
14913
14916
14916
14917
14918
14920
14921
14921
14921
14922
14922
14922
14923
14923
14925
14926
14927
14927
14928
14928
14929
14930
14930
14931
14934
14935
14936
14936
14936
14938
14940
14941
14941
14941
14942
14942
14943
14943
14945
14945
14946
14946
14946
14948
14949
14950
14950
14952
14953
14954
14954
14954
14958
14959
14960
14962
14963
14967
14967
14968
14968
14968
14970
14971
14971
14972
14974
14974
14975
14975
14976
14976
14977
14978
14979
14979
14980
14980
14980
14982
14982
14983
14984
14985
14985
14985
14988
14991
14992
14993
14994
14995
14996
14996
14997
14998
15000
15001
15002
15003
15003
15004
15011
15015
15017
15017
15017
15019
15019
15019
15020
15020
15021
15022
15025
15025
15026
15027
15027
15028
15029
15030
15030
15031
15032
15033
15035
15036
15036
15037
15037
15037
15038
15038
15039
15039
15041
15041
15043
15043
15045
15046
15046
15047
15048
15049
15051
15051
15051
15052
15053
15054
15055
15058
15058
15059
15060
15061
15062
15063
15063
15067
15067
15068
15069
15070
15075
15077
15077
15078
15080
15080
15080
15081
15082
15083
15084
15086
15086
15086
15087
15087
15088
15089
15090
15091
15092
15093
15094
15095
15096
15097
15099
15100
15102
15102
15102
15104
15104
15105
15105
15107
15107
15108
15109
15109
15111
15115
15116
15116
15116
15117
15117
15117
15117
15119
15119
15119
15121
15121
15121
15124
15124
15125
15127
15130
15131
15132
15133
15134
15134
15135
15135
15135
15136
15137
15137
15138
15138
15140
15141
15142
15143
15144
15145
15145
15146
15146
15149
15150
15150
15150
15151
15151
15152
15153
15153
15154
15155
15155
15156
15157
15160
15161
15163
15164
15165
15167
15168
15169
15169
15170
15170
15173
15173
15174
15176
15177
15177
15178
15178
15181
15181
15181
15182
15183
15183
15184
15184
15185
15187
15188
15189
15190
15192
15192
15192
15193
15197
15197
15197
15200
15201
15202
15203
15204
15204
15204
15205
15205
15206
15206
15209
15210
15211
15214
15214
15214
15216
15216
15217
15217
15219
15219
15219
15219
15220
15221
15221
15222
15224
15225
15226
15227
15228
15229
15229
15229
15230
15231
15232
15234
15234
15234
15235
15239
15240
15240
15240
15240
15242
15243
15244
15245
15247
15248
15249
15249
15252
15253
15255
15255
15255
15256
15257
15257
15258
15259
15261
15262
15263
15264
15266
15267
15268
15268
15271
15272
15273
15274
15275
15276
15277
15279
15279
15280
15283
15284
15286
15286
15287
15290
15290
15291
15292
15294
15295
15296
15296
15296
15297
15298
15300
15300
15301
15303
15304
15307
15307
15307
15309
15312
15312
15313
15316
15317
15319
15321
15323
15323
15324
15324
15324
15325
15325
15326
15327
15327
15329
15329
15330
15330
15331
15332
15332
15333
15334
15335
15335
15336
15336
15337
15337
15337
15338
15338
15339
15340
15340
15340
15340
15340
15340
15343
15343
15344
15344
15345
15346
15346
15346
15347
15348
15348
15349
15350
15350
15350
15350
15350
15352
15353
15355
15356
15363
15363
15363
15366
15367
15369
15369
15370
15370
15371
15372
15374
15374
15375
15375
15377
15378
15380
15380
15381
15385
15386
15387
15388
15389
15390
15391
15392
15392
15394
15394
15395
15397
15397
15397
15398
15399
15399
15402
15402
15402
15402
15403
15404
15404
15405
15408
15409
15409
15409
15410
15410
15410
15413
15413
15414
15415
15415
15415
15415
15419
15420
15422
15422
15423
15423
15423
15426
15427
15431
15431
15433
15435
15435
15435
15436
15438
15439
15439
15440
15441
15442
15445
15446
15446
15448
15448
15449
15449
15452
15453
15456
15456
15457
15457
15458
15458
15458
15459
15460
15460
15460
15460
15462
15463
15464
15468
15468
15470
15472
15472
15472
15475
15475
15475
15480
15481
15481
15482
15482
15484
15487
15487
15488
15488
15488
15489
15489
15489
15490
15491
15492
15492
15492
15494
15495
15495
15496
15496
15497
15497
15497
15499
15499
15500
15500
15502
15502
15502
15502
15507
15508
15509
15509
15511
15512
15512
15512
15514
15514
15515
15516
15518
15518
15523
15524
15525
15525
15528
15528
15528
15529
15530
15530
15530
15533
15536
15536
15536
15536
15537
15540
15542
15542
15544
15544
15544
15547
15550
15551
15555
15555
15557
15560
15561
15562
15563
15563
15563
15563
15566
15566
15566
15568
15568
15568
15569
15569
15572
15573
15573
15573
15574
15577
15579
15580
15580
15581
15581
15583
15585
15585
15586
15590
15590
15591
15591
15593
15594
15596
15596
15596
15597
15597
15597
15599
15600
15604
15604
15607
15608
15608
15609
15609
15615
15615
15616
15616
15617
15617
15618
15618
15618
15619
15619
15620
15620
15621
15622
15622
15623
15626
15626
15626
15628
15630
15631
15632
15632
15633
15635
15636
15637
15642
15642
15643
15643
15644
15645
15647
15647
15647
15649
15649
15650
15650
15650
15650
15651
15651
15652
15655
15656
15656
15657
15658
15659
15659
15660
15660
15661
15663
15664
15665
15665
15665
15665
15665
15666
15667
15667
15668
15668
15668
15668
15670
15670
15672
15673
15674
15675
15675
15676
15677
15679
15681
15682
15683
15684
15685
15686
15687
15688
15690
15692
15692
15694
15696
15698
15698
15701
15701
15701
15702
15703
15703
15704
15705
15707
15707
15707
15708
15710
15711
15711
15711
15713
15717
15717
15718
15718
15721
15721
15721
15722
15722
15723
15725
15726
15727
15727
15729
15730
15731
15731
15732
15733
15733
15733
15734
15734
15735
15735
15736
15737
15737
15739
15739
15741
15742
15742
15743
15745
15746
15749
15749
15750
15751
15752
15752
15753
15753
15753
15753
15754
15756
15756
15758
15758
15759
15760
15764
15766
15766
15767
15768
15770
15771
15771
15775
15777
15779
15779
15779
15780
15780
15781
15782
15784
15785
15786
15788
15790
15791
15791
15791
15791
15793
15794
15794
15795
15798
15799
15800
15801
15802
15804
15805
15806
15806
15807
15810
15810
15812
15812
15813
15813
15816
15817
15819
15819
15821
15822
15822
15823
15824
15824
15825
15825
15826
15826
15827
15833
15834
15834
15835
15835
15839
15840
15840
15841
15842
15843
15843
15844
15844
15845
15847
15847
15847
15848
15849
15854
15855
15855
15855
15857
15858
15859
15860
15861
15862
15863
15865
15867
15867
15869
15871
15873
15875
15875
15876
15880
15880
15880
15882
15883
15883
15884
15885
15885
15885
15886
15887
15887
15887
15888
15889
15889
15890
15890
15892
15894
15894
15894
15895
15895
15897
15898
15899
15900
15900
15901
15901
15902
15904
15905
15905
15905
15905
15905
15906
15906
15906
15907
15908
15908
15908
15909
15909
15910
15910
15913
15914
15914
15914
15914
15915
15915
15916
15920
15920
15920
15921
15922
15922
15923
15923
15928
15929
15929
15932
15933
15934
15938
15938
15939
15939
15940
15940
15941
15941
15942
15942
15942
15944
15945
15947
15948
15952
15954
15954
15955
15955
15955
15957
15958
15959
15959
15959
15962
15962
15963
15965
15967
15967
15967
15969
15970
15971
15972
15972
15975
15977
15978
15979
15979
15979
15981
15983
15986
15994
15995
15995
15996
15997
16000
16001
16002
16003
16004
16005
16006
16007
16008
16008
16010
16010
16011
16011
16015
16015
16015
16017
16017
16018
16018
16020
16021
16023
16023
16025
16025
16026
16026
16026
16030
16031
16037
16040
16043
16044
16045
16045
16048
16048
16048
16048
16050
16052
16053
16055
16055
16055
16056
16056
16059
16060
16061
16062
16063
16063
16065
16065
16069
16069
16069
16070
16071
16071
16071
16072
16074
16074
16074
16075
16081
16081
16083
16083
16084
16085
16086
16087
16089
16090
16090
16091
16092
16092
16093
16098
16098
16099
16100
16100
16101
16102
16103
16104
16105
16105
16106
16106
16106
16107
16108
16108
16109
16109
16110
16110
16110
16111
16112
16112
16112
16114
16116
16119
16120
16120
16122
16124
16124
16126
16127
16128
16129
16135
16135
16135
16138
16139
16140
16143
16149
16149
16150
16151
16151
16152
16154
16155
16157
16157
16158
16158
16161
16165
16165
16166
16166
16172
16174
16174
16175
16175
16176
16177
16179
16179
16179
16180
16180
16180
16181
16181
16181
16182
16183
16183
16183
16185
16185
16185
16186
16186
16186
16187
16188
16188
16189
16190
16190
16191
16192
16192
16192
16193
16194
16194
16196
16197
16197
16198
16199
16199
16201
16201
16201
16203
16204
16205
16205
16206
16206
16207
16208
16209
16209
16209
16210
16211
16211
16211
16212
16213
16213
16213
16214
16216
16216
16217
16221
16221
16223
16223
16226
16227
16233
16233
16234
16234
16235
16235
16236
16237
16237
16238
16240
16240
16241
16242
16243
16246
16248
16248
16250
16250
16251
16251
16252
16253
16255
16255
16257
16257
16258
16259
16259
16263
16264
16266
16266
16267
16268
16268
16268
16269
16270
16271
16272
16273
16273
16274
16274
16277
16278
16280
16281
16282
16282
16284
16286
16287
16290
16290
16291
16293
16293
16294
16294
16295
16295
16299
16301
16301
16302
16302
16302
16304
16309
16310
16310
16310
16312
16312
16315
16315
16320
16321
16321
16322
16324
16326
16326
16327
16328
16330
16330
16331
16332
16333
16333
16334
16336
16337
16337
16338
16338
16339
16339
16339
16339
16340
16341
16341
16341
16342
16342
16342
16343
16343
16344
16346
16348
16349
16350
16351
16351
16352
16352
16352
16355
16361
16361
16362
16363
16363
16364
16366
16369
16369
16371
16371
16372
16372
16372
16373
16373
16374
16374
16376
16377
16378
16378
16380
16380
16382
16383
16384
16389
16390
16390
16392
16392
16393
16395
16396
16398
16398
16399
16399
16400
16400
16402
16405
16405
16406
16407
16407
16408
16409
16409
16410
16410
16412
16413
16413
16414
16416
16416
16418
16418
16418
16420
16420
16420
16422
16424
16425
16425
16425
16425
16426
16426
16429
16430
16430
16430
16431
16432
16432
16436
16436
16437
16440
16441
16442
16444
16446
16447
16447
16450
16451
16451
16452
16453
16453
16455
16455
16456
16459
16459
16459
16460
16460
16463
16463
16463
16464
16465
16465
16467
16471
16472
16473
16474
16475
16475
16475
16480
16481
16481
16484
16485
16487
16487
16487
16488
16489
16491
16493
16493
16495
16496
16496
16496
16497
16497
16498
16499
16500
16500
16501
16502
16503
16503
16503
16504
16505
16508
16508
16508
16511
16511
16512
16512
16513
16513
16515
16515
16516
16519
16521
16522
16522
16522
16523
16524
16525
16526
16527
16529
16530
16530
16531
16531
16531
16531
16532
16532
16533
16534
16534
16536
16536
16537
16538
16538
16538
16539
16542
16543
16544
16545
16545
16546
16547
16547
16548
16549
16549
16549
16550
16550
16550
16550
16552
16553
16553
16554
16554
16555
16555
16558
16560
16561
16561
16561
16563
16563
16563
16563
16563
16564
16565
16565
16565
16565
16566
16569
16569
16569
16570
16571
16572
16573
16573
16575
16575
16575
16575
16575
16575
16576
16577
16578
16578
16579
16579
16579
16580
16580
16582
16584
16584
16586
16589
16590
16591
16592
16592
16593
16594
16597
16598
16598
16599
16599
16599
16599
16602
16602
16602
16603
16606
16608
16609
16609
16609
16609
16610
16611
16614
16615
16617
16617
16619
16622
16622
16624
16625
16628
16629
16630
16632
16633
16634
16634
16636
16636
16638
16638
16641
16641
16641
16642
16642
16644
16646
16648
16649
16649
16650
16651
16652
16652
16654
16654
16654
16655
16656
16657
16658
16661
16662
16663
16665
16665
16666
16667
16667
16668
16669
16669
16669
16669
16669
16670
16670
16671
16672
16673
16673
16675
16675
16676
16677
16678
16678
16679
16679
16679
16680
16681
16682
16682
16683
16687
16687
16689
16693
16693
16694
16695
16695
16695
16696
16697
16697
16698
16700
16700
16700
16701
16702
16704
16704
16704
16707
16708
16709
16711
16712
16713
16713
16714
16715
16716
16719
16721
16721
16722
16724
16727
16728
16728
16729
16729
16729
16730
16731
16733
16733
16733
16734
16736
16737
16738
16738
16738
16738
16739
16742
16742
16744
16744
16744
16745
16746
16748
16750
16751
16752
16754
16757
16759
16759
16760
16760
16761
16762
16762
16764
16765
16766
16767
16768
16769
16771
16771
16772
16772
16774
16774
16775
16775
16775
16776
16777
16779
16781
16782
16784
16784
16784
16786
16787
16787
16788
16788
16790
16791
16792
16795
16795
16800
16800
16802
16803
16803
16804
16805
16805
16806
16806
16807
16807
16808
16808
16809
16810
16810
16811
16811
16813
16813
16815
16815
16816
16816
16816
16817
16818
16818
16819
16820
16822
16823
16823
16824
16824
16825
16827
16828
16828
16828
16830
16831
16835
16837
16837
16838
16839
16839
16840
16841
16842
16845
16846
16848
16849
16850
16851
16851
16852
16854
16854
16858
16859
16859
16860
16860
16860
16860
16861
16861
16862
16863
16865
16866
16866
16868
16869
16869
16870
16872
16872
16873
16875
16875
16875
16876
16876
16879
16879
16880
16881
16881
16881
16883
16883
16884
16884
16885
16888
16891
16891
16892
16892
16896
16897
16901
16903
16903
16903
16904
16911
16912
16912
16913
16914
16914
16916
16916
16917
16918
16919
16923
16923
16924
16926
16927
16927
16930
16933
16934
16934
16935
16935
16935
16935
16939
16941
16942
16943
16943
16944
16944
16944
16944
16945
16946
16946
16946
16947
16948
16949
16951
16952
16954
16958
16958
16958
16960
16960
16962
16962
16964
16964
16968
16968
16970
16971
16971
16972
16973
16973
16974
16977
16978
16980
16981
16982
16982
16982
16984
16986
16987
16987
16987
16987
16987
16988
16988
16988
16989
16989
16996
16999
17000
17003
17003
17005
17005
17008
17009
17010
17012
17012
17013
17014
17015
17015
17016
17017
17017
17020
17020
17020
17022
17022
17023
17023
17025
17026
17026
17027
17027
17028
17028
17029
17032
17034
17036
17037
17038
17044
17044
17045
17047
17047
17049
17049
17050
17051
17051
17051
17051
17052
17053
17053
17053
17055
17055
17056
17059
17059
17059
17060
17060
17061
17062
17062
17062
17064
17065
17066
17067
17068
17069
17069
17069
17070
17070
17070
17071
17072
17075
17076
17077
17078
17081
17081
17082
17084
17084
17085
17086
17086
17087
17088
17088
17089
17090
17091
17092
17092
17093
17093
17094
17094
17098
17099
17099
17099
17100
17102
17103
17104
17105
17106
17107
17108
17109
17110
17110
17111
17113
17113
17120
17120
17121
17122
17122
17123
17124
17127
17128
17128
17129
17130
17131
17132
17134
17134
17135
17135
17136
17136
17137
17138
17140
17140
17140
17140
17141
17142
17145
17145
17146
17148
17148
17148
17150
17153
17154
17154
17155
17155
17156
17156
17156
17157
17158
17159
17161
17163
17164
17166
17168
17168
17169
17171
17175
17175
17176
17177
17177
17180
17181
17183
17186
17186
17186
17187
17188
17191
17191
17192
17193
17194
17194
17194
17195
17196
17196
17197
17197
17198
17199
17199
17200
17201
17205
17207
17207
17208
17211
17213
17214
17216
17216
17216
17217
17217
17218
17219
17219
17220
17220
17221
17221
17222
17223
17224
17225
17226
17228
17228
17228
17229
17229
17230
17232
17235
17235
17236
17236
17238
17239
17240
17241
17241
17242
17242
17242
17243
17246
17247
17250
17251
17253
17253
17253
17253
17254
17255
17255
17255
17256
17257
17260
17260
17261
17261
17262
17262
17262
17263
17263
17264
17264
17267
17267
17270
17270
17272
17273
17274
17275
17275
17276
17277
17279
17281
17282
17283
17284
17284
17285
17286
17289
17289
17290
17290
17294
17298
17300
17300
17300
17301
17301
17302
17302
17303
17303
17304
17304
17305
17305
17308
17308
17310
17310
17311
17311
17313
17314
17317
17318
17319
17320
17321
17321
17321
17322
17322
17323
17323
17324
17325
17326
17326
17326
17327
17328
17328
17328
17329
17330
17331
17331
17333
17334
17335
17335
17336
17336
17336
17336
17337
17338
17342
17342
17342
17343
17343
17344
17344
17344
17344
17345
17345
17347
17347
17348
17350
17350
17351
17351
17351
17352
17352
17353
17353
17355
17356
17357
17358
17358
17361
17361
17362
17362
17363
17364
17365
17366
17367
17369
17370
17371
17375
17376
17376
17377
17377
17377
17379
17381
17382
17382
17386
17389
17390
17392
17392
17395
17397
17398
17401
17405
17405
17408
17409
17409
17409
17410
17411
17412
17413
17414
17415
17415
17415
17415
17418
17418
17422
17425
17425
17427
17427
17427
17430
17433
17434
17434
17436
17436
17437
17437
17438
17438
17438
17439
17441
17441
17442
17442
17444
17445
17446
17446
17447
17448
17449
17449
17449
17449
17450
17450
17451
17452
17452
17453
17455
17456
17457
17458
17458
17459
17459
17460
17460
17463
17463
17464
17465
17465
17465
17467
17467
17468
17469
17470
17472
17472
17473
17476
17476
17477
17477
17477
17480
17481
17481
17483
17485
17485
17486
17487
17487
17487
17489
17489
17490
17490
17490
17490
17491
17491
17491
17492
17494
17495
17496
17498
17499
17500
17500
17501
17501
17502
17502
17502
17503
17504
17504
17504
17506
17510
17511
17512
17513
17514
17515
17516
17516
17516
17518
17519
17521
17523
17523
17523
17523
17524
17524
17526
17527
17528
17530
17530
17531
17532
17532
17532
17533
17533
17534
17534
17535
17537
17537
17539
17540
17543
17546
17546
17546
17548
17549
17549
17549
17550
17551
17552
17552
17552
17553
17554
17557
17558
17558
17559
17559
17560
17561
17563
17564
17565
17566
17567
17568
17568
17571
17573
17574
17577
17578
17583
17583
17584
17585
17586
17586
17586
17586
17587
17588
17589
17589
17590
17590
17591
17591
17592
17595
17595
17597
17599
17602
17603
17603
17604
17606
17607
17607
17608
17608
17609
17609
17609
17610
17610
17611
17614
17614
17615
17616
17619
17619
17621
17621
17625
17625
17626
17626
17627
17627
17628
17629
17631
17632
17632
17633
17633
17633
17634
17635
17639
17640
17641
17642
17642
17643
17643
17644
17644
17644
17645
17645
17649
17653
17655
17655
17656
17657
17659
17660
17660
17663
17663
17664
17665
17666
17667
17669
17670
17670
17670
17671
17672
17673
17673
17674
17675
17676
17682
17682
17683
17683
17683
17684
17684
17685
17686
17686
17687
17688
17690
17690
17692
17692
17692
17692
17693
17693
17693
17696
17697
17698
17699
17699
17700
17700
17700
17701
17702
17702
17703
17704
17707
17707
17708
17709
17713
17713
17714
17714
17715
17717
17718
17720
17721
17722
17724
17726
17731
17733
17733
17734
17735
17738
17738
17741
17741
17741
17741
17742
17744
17744
17745
17745
17746
17746
17746
17747
17749
17749
17750
17752
17752
17753
17753
17754
17755
17755
17755
17757
17757
17757
17759
17760
17760
17762
17763
17763
17764
17766
17766
17767
17767
17769
17770
17773
17776
17776
17777
17778
17780
17781
17782
17784
17784
17786
17787
17788
17789
17790
17790
17791
17791
17791
17792
17793
17794
17794
17794
17795
17795
17795
17795
17796
17796
17797
17799
17799
17801
17801
17802
17802
17802
17802
17804
17807
17809
17811
17812
17815
17816
17817
17819
17821
17823
17823
17823
17823
17824
17825
17826
17827
17828
17829
17830
17831
17832
17833
17834
17835
17835
17837
17838
17838
17840
17841
17842
17842
17844
17844
17846
17847
17848
17849
17849
17851
17852
17854
17856
17857
17859
17861
17863
17866
17867
17867
17868
17869
17871
17873
17873
17874
17876
17876
17880
17880
17881
17882
17884
17888
17890
17891
17892
17894
17896
17897
17899
17899
17903
17906
17906
17907
17907
17908
17909
17909
17910
17912
17912
17913
17914
17914
17915
17916
17916
17917
17917
17919
17919
17919
17920
17920
17921
17922
17925
17925
17925
17925
17925
17926
17928
17930
17930
17930
17931
17933
17933
17933
17933
17937
17937
17938
17938
17939
17939
17940
17942
17944
17945
17946
17947
17948
17950
17952
17953
17953
17954
17954
17954
17955
17955
17956
17957
17957
17959
17961
17961
17962
17962
17963
17963
17964
17964
17965
17965
17966
17967
17968
17968
17969
17970
17971
17971
17972
17972
17975
17976
17976
17978
17979
17981
17982
17982
17983
17983
17984
17986
17987
17987
17988
17989
17989
17992
17992
17992
17993
17994
17996
17996
17998
18001
18001
18003
18007
18007
18010
18010
18012
18012
18013
18013
18014
18014
18015
18015
18015
18016
18016
18020
18021
18023
18023
18024
18025
18027
18028
18029
18029
18029
18031
18032
18033
18034
18037
18040
18040
18041
18042
18042
18045
18046
18048
18048
18049
18050
18053
18053
18055
18056
18057
18059
18059
18059
18062
18063
18063
18064
18065
18067
18068
18069
18070
18071
18073
18074
18078
18079
18079
18081
18082
18083
18083
18084
18085
18087
18089
18089
18090
18091
18091
18092
18093
18094
18095
18098
18099
18100
18100
18100
18102
18103
18103
18104
18105
18106
18106
18106
18106
18109
18110
18111
18114
18115
18120
18123
18123
18127
18128
18129
18129
18131
18132
18133
18135
18135
18136
18137
18138
18138
18139
18139
18141
18142
18143
18145
18148
18149
18150
18153
18154
18155
18155
18156
18157
18160
18161
18162
18163
18164
18166
18167
18168
18169
18169
18169
18173
18175
18177
18179
18179
18181
18181
18181
18182
18184
18185
18188
18190
18191
18194
18194
18195
18198
18199
18200
18201
18203
18203
18204
18205
18206
18207
18207
18207
18208
18208
18211
18213
18215
18216
18217
18220
18220
18221
18221
18221
18221
18222
18222
18223
18224
18225
18226
18228
18231
18231
18232
18232
18233
18233
18233
18235
18237
18237
18238
18238
18239
18239
18240
18242
18243
18244
18247
18247
18247
18250
18250
18251
18252
18252
18253
18254
18255
18255
18255
18256
18257
18257
18258
18259
18261
18261
18262
18262
18262
18263
18263
18265
18265
18266
18267
18267
18267
18268
18271
18271
18272
18272
18272
18273
18274
18274
18275
18279
18280
18281
18282
18283
18287
18290
18290
18290
18292
18296
18297
18298
18299
18301
18301
18302
18302
18302
18303
18303
18304
18304
18307
18307
18308
18309
18310
18310
18313
18313
18314
18315
18316
18317
18317
18317
18317
18320
18321
18322
18324
18324
18325
18326
18330
18332
18334
18334
18334
18336
18336
18337
18340
18340
18340
18341
18342
18343
18343
18343
18344
18346
18346
18348
18348
18349
18350
18352
18353
18354
18355
18355
18355
18357
18358
18360
18361
18361
18363
18363
18366
18368
18368
18368
18371
18372
18372
18373
18374
18374
18375
18376
18378
18379
18379
18379
18380
18380
18382
18382
18382
18383
18383
18383
18383
18386
18386
18386
18387
18390
18390
18393
18394
18394
18395
18395
18397
18397
18399
18400
18401
18402
18405
18406
18407
18407
18409
18409
18411
18413
18414
18415
18416
18416
18416
18416
18417
18420
18420
18422
18422
18423
18426
18428
18430
18431
18432
18433
18435
18436
18440
18441
18442
18444
18445
18446
18448
18451
18452
18452
18455
18459
18459
18460
18460
18462
18462
18463
18464
18467
18472
18473
18473
18476
18476
18478
18478
18478
18478
18480
18481
18481
18481
18484
18484
18484
18485
18487
18487
18488
18492
18493
18496
18496
18496
18496
18497
18498
18500
18500
18502
18503
18503
18504
18504
18505
18505
18508
18509
18509
18509
18510
18510
18511
18512
18512
18512
18513
18514
18515
18515
18517
18519
18521
18522
18522
18525
18527
18528
18529
18529
18530
18531
18533
18533
18534
18534
18534
18535
18535
18536
18536
18541
18541
18541
18541
18542
18543
18544
18545
18546
18546
18546
18546
18552
18554
18555
18556
18557
18558
18561
18561
18561
18562
18562
18563
18564
18566
18566
18567
18567
18567
18569
18571
18573
18575
18575
18575
18575
18576
18578
18578
18579
18580
18583
18585
18585
18586
18586
18588
18588
18590
18590
18590
18590
18592
18592
18595
18598
18598
18599
18599
18601
18602
18602
18602
18602
18602
18603
18603
18604
18604
18606
18606
18608
18609
18611
18612
18615
18615
18615
18616
18616
18618
18621
18624
18626
18626
18626
18628
18628
18630
18631
18633
18635
18636
18639
18640
18640
18646
18646
18647
18647
18648
18649
18650
18652
18652
18652
18654
18654
18655
18656
18656
18657
18657
18657
18659
18659
18661
18662
18663
18663
18663
18665
18666
18667
18668
18670
18671
18671
18673
18673
18674
18674
18676
18677
18677
18677
18677
18678
18678
18680
18682
18683
18684
18686
18686
18687
18689
18689
18691
18691
18692
18694
18694
18695
18696
18696
18696
18698
18698
18699
18699
18699
18700
18701
18703
18704
18704
18704
18704
18705
18705
18710
18710
18710
18711
18711
18711
18712
18712
18713
18714
18714
18714
18715
18715
18717
18717
18718
18719
18720
18723
18723
18724
18725
18725
18726
18727
18729
18730
18731
18734
18734
18734
18735
18735
18737
18738
18738
18740
18740
18741
18742
18742
18743
18744
18744
18744
18745
18745
18746
18748
18749
18749
18751
18752
18752
18753
18753
18755
18755
18756
18756
18757
18758
18759
18759
18761
18762
18762
18763
18763
18763
18764
18764
18764
18766
18766
18767
18767
18767
18768
18769
18769
18769
18770
18772
18775
18775
18776
18776
18777
18778
18778
18778
18778
18779
18780
18781
18782
18784
18784
18785
18786
18787
18787
18789
18790
18791
18792
18793
18794
18795
18797
18799
18799
18800
18800
18801
18801
18803
18804
18805
18807
18808
18811
18812
18813
18813
18817
18820
18821
18822
18823
18826
18827
18828
18828
18828
18828
18830
18830
18830
18830
18831
18831
18832
18833
18834
18836
18837
18838
18841
18841
18842
18843
18845
18846
18846
18850
18850
18853
18853
18854
18857
18860
18861
18862
18862
18862
18864
18864
18864
18867
18867
18868
18871
18872
18872
18873
18874
18875
18880
18881
18882
18883
18886
18888
18890
18890
18891
18892
18892
18895
18895
18895
18897
18898
18898
18900
18900
18901
18902
18902
18903
18903
18903
18904
18905
18906
18907
18909
18909
18910
18910
18911
18912
18914
18915
18915
18915
18916
18917
18918
18918
18920
18920
18922
18923
18927
18928
18928
18929
18929
18929
18931
18932
18932
18933
18935
18935
18936
18937
18938
18938
18938
18938
18940
18941
18943
18944
18944
18945
18945
18948
18948
18949
18952
18953
18955
18956
18956
18956
18956
18958
18958
18960
18961
18963
18963
18963
18964
18966
18970
18972
18973
18974
18975
18976
18977
18977
18978
18978
18978
18979
18980
18981
18981
18981
18983
18984
18986
18987
18988
18989
18990
18993
18994
18995
18995
18995
18996
18996
19002
19004
19006
19008
19008
19009
19009
19010
19011
19012
19012
19012
19013
19013
19013
19015
19015
19016
19016
19018
19018
19018
19022
19023
19023
19024
19026
19028
19029
19030
19031
19032
19033
19034
19035
19037
19037
19040
19041
19041
19042
19042
19042
19043
19046
19046
19048
19048
19051
19051
19053
19054
19054
19054
19058
19058
19059
19060
19061
19061
19061
19066
19066
19066
19067
19068
19070
19071
19072
19073
19074
19075
19075
19076
19077
19077
19077
19078
19078
19078
19079
19080
19080
19081
19081
19083
19084
19086
19086
19087
19088
19089
19089
19092
19093
19093
19094
19095
19095
19095
19096
19096
19096
19098
19098
19099
19100
19101
19101
19102
19103
19104
19106
19107
19108
19109
19111
19113
19113
19113
19113
19116
19118
19119
19120
19120
19120
19121
19123
19126
19127
19128
19129
19130
19131
19131
19132
19132
19132
19132
19133
19135
19135
19136
19137
19138
19140
19140
19142
19142
19143
19143
19143
19144
19145
19146
19148
19148
19148
19150
19150
19152
19153
19154
19155
19155
19156
19156
19156
19160
19160
19161
19163
19164
19168
19168
19168
19169
19169
19170
19170
19170
19170
19171
19172
19173
19173
19177
19177
19179
19181
19182
19182
19182
19182
19182
19184
19184
19184
19186
19186
19187
19187
19189
19189
19189
19190
19190
19192
19192
19193
19194
19194
19195
19196
19196
19198
19198
19199
19199
19199
19199
19200
19202
19202
19202
19204
19205
19207
19208
19208
19209
19210
19211
19212
19215
19215
19215
19217
19218
19218
19219
19221
19222
19223
19224
19224
19224
19224
19230
19231
19233
19233
19234
19236
19236
19236
19237
19237
19237
19237
19239
19242
19242
19245
19245
19245
19246
19246
19247
19248
19249
19250
19250
19251
19252
19253
19254
19254
19255
19256
19257
19259
19259
19259
19260
19260
19260
19261
19262
19262
19262
19265
19265
19265
19267
19268
19270
19271
19271
19272
19273
19274
19277
19278
19279
19281
19281
19282
19282
19283
19284
19288
19288
19288
19289
19290
19292
19292
19293
19294
19297
19298
19298
19300
19303
19304
19304
19305
19307
19309
19310
19311
19311
19313
19313
19314
19314
19315
19318
19319
19319
19321
19323
19324
19325
19325
19326
19329
19331
19335
19336
19338
19339
19340
19342
19343
19343
19344
19346
19349
19350
19350
19351
19351
19353
19354
19355
19355
19356
19357
19357
19358
19361
19361
19362
19363
19364
19365
19365
19365
19366
19366
19369
19369
19370
19370
19370
19373
19373
19373
19374
19378
19379
19380
19380
19381
19382
19382
19384
19389
19389
19389
19391
19392
19395
19396
19396
19396
19396
19396
19398
19398
19400
19400
19401
19401
19402
19402
19403
19405
19406
19406
19407
19407
19407
19408
19409
19411
19413
19413
19415
19419
19420
19422
19423
19424
19425
19425
19425
19427
19428
19428
19431
19431
19431
19433
19436
19436
19439
19439
19440
19440
19442
19443
19445
19445
19446
19446
19447
19447
19448
19448
19449
19450
19450
19451
19452
19452
19452
19453
19455
19456
19456
19457
19457
19457
19457
19457
19458
19460
19461
19462
19462
19463
19464
19465
19465
19466
19466
19468
19469
19470
19470
19471
19472
19472
19473
19474
19474
19475
19475
19477
19479
19480
19481
19483
19484
19485
19486
19487
19487
19489
19489
19489
19489
19490
19490
19492
19493
19495
19495
19496
19497
19497
19499
19499
19500
19502
19503
19503
19506
19506
19506
19506
19507
19508
19511
19513
19514
19514
19516
19516
19519
19519
19522
19523
19524
19526
19526
19527
19529
19529
19530
19533
19534
19534
19535
19535
19536
19536
19537
19538
19539
19539
19543
19543
19544
19546
19546
19547
19547
19548
19549
19550
19551
19552
19553
19554
19554
19556
19557
19557
19559
19565
19565
19566
19568
19569
19570
19571
19571
19571
19572
19575
19576
19576
19580
19582
19582
19583
19584
19586
19587
19587
19587
19587
19587
19590
19590
19591
19592
19593
19593
19593
19594
19597
19597
19598
19598
19599
19599
19599
19599
19599
19600
19601
19602
19602
19603
19603
19604
19604
19606
19607
19607
19607
19608
19611
19613
19613
19615
19616
19618
19619
19622
19623
19625
19627
19629
19629
19629
19630
19630
19631
19631
19632
19632
19633
19634
19634
19637
19639
19639
19639
19643
19643
19644
19645
19645
19645
19647
19649
19650
19654
19659
19659
19660
19661
19661
19662
19662
19665
19665
19666
19666
19668
19672
19673
19673
19673
19674
19677
19679
19679
19679
19679
19679
19680
19683
19683
19684
19685
19685
19691
19691
19692
19692
19693
19694
19694
19695
19697
19697
19698
19698
19699
19700
19701
19701
19701
19702
19702
19703
19704
19706
19706
19707
19708
19708
19708
19709
19709
19710
19710
19711
19712
19713
19714
19715
19715
19716
19717
19719
19720
19720
19721
19722
19723
19725
19725
19725
19726
19726
19727
19728
19728
19729
19734
19734
19735
19735
19737
19738
19738
19738
19738
19739
19740
19742
19743
19747
19747
19750
19752
19752
19752
19754
19754
19754
19756
19756
19761
19762
19763
19764
19765
19765
19766
19767
19769
19772
19775
19775
19775
19776
19780
19780
19784
19785
19785
19786
19786
19786
19786
19786
19787
19787
19788
19788
19791
19791
19793
19793
19794
19795
19796
19797
19799
19799
19800
19800
19801
19802
19802
19804
19804
19805
19806
19807
19807
19808
19808
19809
19809
19810
19811
19812
19812
19812
19813
19814
19814
19814
19815
19817
19818
19819
19819
19819
19821
19821
19822
19823
19824
19824
19826
19826
19827
19827
19828
19829
19830
19830
19831
19831
19831
19832
19832
19833
19834
19834
19835
19836
19837
19837
19840
19841
19842
19842
19842
19842
19846
19848
19849
19850
19850
19850
19851
19851
19852
19852
19853
19853
19858
19859
19860
19861
19863
19864
19865
19865
19868
19869
19871
19872
19872
19876
19876
19876
19879
19881
19884
19884
19888
19890
19891
19893
19897
19898
19898
19899
19900
19900
19900
19901
19902
19903
19903
19903
19904
19906
19906
19907
19907
19908
19910
19915
19915
19915
19915
19916
19917
19917
19918
19919
19919
19919
19921
19922
19922
19924
19924
19925
19926
19926
19928
19928
19928
19928
19928
19929
19930
19931
19931
19932
19932
19933
19937
19937
19937
19943
19943
19945
19947
19948
19949
19949
19949
19950
19955
19956
19958
19959
19959
19963
19965
19965
19966
19966
19966
19967
19967
19967
19967
19967
19968
19969
19971
19973
19974
19974
19975
19976
19976
19978
19978
19980
19982
19983
19984
19984
19985
19986
19986
19987
19987
19987
19988
19989
19989
19990
19990
19991
19992
19992
19993
19993
19996
19996
19997
19999
19999
19999
20000
20002
20005
20006
20007
20008
20009
20009
20010
20011
20013
20013
20013
20013
20013
20013
20013
20014
20017
20017
20018
20018
20018
20020
20020
20020
20021
20021
20021
20024
20024
20024
20025
20025
20027
20030
20031
20032
20033
20033
20034
20035
20036
20036
20037
20039
20041
20041
20042
20043
20044
20044
20046
20046
20046
20047
20047
20048
20051
20051
20051
20051
20051
20052
20052
20053
20053
20053
20054
20055
20056
20056
20056
20057
20059
20060
20063
20065
20065
20067
20067
20069
20070
20072
20072
20073
20074
20075
20075
20075
20076
20076
20076
20076
20077
20078
20079
20079
20079
20080
20081
20082
20082
20085
20085
20085
20086
20088
20088
20090
20090
20091
20092
20095
20095
20096
20096
20098
20099
20099
20103
20105
20110
20110
20111
20112
20113
20113
20115
20116
20117
20121
20122
20122
20123
20124
20125
20129
20130
20132
20134
20135
20136
20136
20136
20139
20143
20143
20144
20146
20147
20149
20149
20149
20153
20153
20156
20157
20157
20158
20158
20159
20160
20160
20161
20163
20168
20168
20172
20173
20173
20174
20176
20177
20177
20179
20180
20180
20180
20181
20182
20183
20183
20184
20184
20185
20186
20187
20189
20190
20191
20191
20191
20191
20192
20192
20193
20197
20197
20197
20199
20200
20202
20205
20206
20207
20207
20208
20208
20211
20211
20213
20216
20216
20217
20217
20220
20221
20222
20224
20225
20225
20226
20228
20229
20230
20231
20233
20233
20233
20234
20235
20235
20236
20236
20237
20238
20240
20242
20242
20245
20247
20248
20249
20251
20252
20253
20253
20254
20254
20255
20255
20256
20256
20257
20257
20257
20257
20258
20258
20259
20259
20259
20260
20261
20262
20264
20265
20265
20265
20266
20266
20267
20267
20268
20268
20268
20270
20271
20272
20273
20274
20274
20277
20280
20281
20281
20282
20282
20283
20283
20283
20287
20289
20290
20290
20291
20292
20293
20294
20294
20295
20298
20299
20303
20305
20306
20306
20310
20312
20312
20313
20314
20314
20315
20315
20317
20318
20318
20320
20322
20322
20323
20323
20323
20323
20326
20328
20330
20331
20333
20335
20336
20337
20337
20337
20337
20338
20338
20339
20342
20343
20343
20344
20345
20345
20346
20347
20348
20350
20350
20350
20351
20352
20353
20354
20355
20355
20355
20356
20357
20358
20358
20359
20360
20360
20364
20366
20368
20369
20370
20370
20371
20372
20373
20373
20373
20373
20375
20377
20378
20378
20378
20380
20380
20382
20384
20384
20384
20385
20387
20390
20391
20391
20397
20398
20398
20399
20400
20400
20402
20403
20408
20408
20410
20411
20411
20412
20414
20415
20415
20416
20416
20417
20418
20418
20418
20419
20419
20421
20421
20421
20422
20424
20424
20428
20429
20429
20429
20429
20429
20430
20431
20433
20433
20435
20435
20435
20435
20436
20437
20438
20439
20440
20441
20442
20443
20443
20444
20444
20444
20444
20444
20445
20447
20448
20451
20451
20453
20453
20453
20454
20454
20456
20457
20460
20461
20463
20464
20464
20465
20465
20467
20468
20468
20468
20470
20471
20471
20471
20474
20474
20476
20477
20477
20479
20480
20481
20481
20481
20481
20483
20483
20485
20486
20487
20488
20489
20490
20492
20494
20494
20495
20495
20496
20497
20497
20498
20499
20500
20503
20503
20504
20504
20505
20506
20508
20508
20508
20509
20510
20512
20514
20516
20517
20517
20517
20518
20518
20518
20521
20522
20523
20526
20526
20527
20527
20529
20529
20530
20530
20535
20535
20535
20536
20536
20537
20538
20538
20539
20539
20540
20540
20540
20541
20543
20544
20545
20545
20548
20549
20549
20550
20550
20551
20551
20553
20555
20558
20559
20560
20561
20561
20562
20563
20564
20564
20565
20565
20566
20567
20567
20570
20571
20572
20573
20574
20574
20574
20575
20575
20578
20578
20579
20580
20580
20581
20581
20582
20582
20583
20583
20585
20585
20589
20589
20589
20589
20590
20590
20590
20592
20592
20593
20596
20597
20597
20598
20599
20599
20600
20604
20605
20606
20606
20607
20608
20612
20614
20616
20618
20618
20618
20619
20620
20620
20620
20621
20621
20622
20623
20624
20624
20626
20626
20627
20629
20630
20631
20632
20633
20633
20634
20634
20635
20637
20638
20639
20641
20643
20643
20643
20644
20646
20647
20651
20654
20656
20657
20657
20657
20659
20660
20660
20660
20661
20661
20662
20662
20663
20663
20664
20665
20667
20668
20671
20671
20672
20673
20674
20674
20676
20676
20679
20680
20682
20684
20686
20686
20688
20688
20688
20689
20690
20690
20691
20693
20693
20694
20696
20697
20698
20698
20699
20702
20703
20703
20704
20704
20707
20710
20710
20711
20712
20713
20715
20716
20716
20717
20717
20718
20719
20720
20720
20720
20720
20721
20722
20723
20724
20724
20724
20725
20725
20726
20728
20728
20729
20729
20729
20731
20732
20733
20736
20736
20736
20736
20737
20739
20740
20742
20744
20744
20745
20747
20748
20749
20749
20751
20753
20755
20756
20758
20760
20761
20762
20762
20762
20763
20763
20763
20764
20764
20764
20765
20765
20765
20766
20768
20771
20771
20772
20772
20773
20773
20774
20777
20777
20778
20778
20778
20779
20783
20784
20785
20786
20788
20789
20790
20791
20792
20794
20797
20798
20800
20800
20801
20802
20802
20803
20804
20804
20805
20805
20805
20805
20805
20806
20808
20810
20812
20812
20812
20813
20817
20817
20817
20819
20821
20822
20822
20823
20823
20823
20825
20826
20827
20828
20831
20834
20834
20834
20834
20835
20835
20836
20836
20836
20837
20838
20839
20841
20841
20842
20843
20844
20845
20846
20846
20846
20846
20847
20847
20847
20848
20849
20849
20850
20851
20852
20852
20852
20852
20853
20853
20854
20854
20855
20855
20855
20855
20857
20858
20858
20859
20867
20869
20871
20872
20873
20873
20873
20874
20874
20877
20878
20878
20880
20882
20882
20883
20883
20883
20884
20884
20886
20886
20886
20887
20887
20887
20888
20889
20891
20891
20892
20894
20894
20895
20896
20898
20899
20899
20899
20900
20900
20901
20901
20904
20905
20906
20906
20907
20907
20907
20910
20911
20911
20911
20912
20915
20916
20917
20918
20919
20921
20922
20922
20924
20924
20925
20927
20928
20928
20928
20929
20930
20931
20932
20934
20935
20935
20936
20937
20937
20939
20939
20939
20941
20942
20942
20942
20942
20942
20944
20945
20946
20947
20947
20949
20951
20952
20955
20955
20957
20959
20960
20960
20961
20961
20964
20966
20966
20971
20971
20971
20972
20972
20974
20975
20976
20977
20977
20979
20981
20981
20983
20986
20987
20987
20988
20989
20990
20991
20992
20992
20992
20994
20994
20995
20995
20996
20996
20996
20997
20998
20998
21001
21003
21003
21003
21005
21005
21005
21008
21009
21012
21013
21014
21015
21015
21017
21017
21018
21019
21020
21022
21024
21024
21026
21027
21028
21029
21031
21033
21035
21042
21042
21042
21043
21044
21045
21046
21048
21048
21049
21051
21052
21053
21055
21055
21055
21055
21058
21058
21059
21060
21061
21061
21062
21064
21065
21065
21066
21068
21069
21070
21072
21072
21072
21073
21084
21084
21084
21085
21088
21088
21089
21092
21093
21093
21094
21095
21096
21098
21098
21098
21099
21100
21102
21104
21104
21105
21106
21107
21107
21109
21110
21110
21110
21110
21112
21112
21112
21112
21113
21113
21114
21114
21114
21114
21115
21115
21117
21118
21118
21119
21119
21121
21121
21122
21122
21122
21124
21125
21126
21127
21127
21128
21129
21129
21130
21130
21130
21131
21132
21133
21133
21134
21138
21140
21141
21142
21142
21143
21144
21145
21145
21146
21146
21146
21146
21148
21148
21148
21149
21151
21153
21154
21154
21155
21160
21162
21163
21164
21164
21165
21167
21168
21169
21170
21172
21172
21174
21175
21175
21176
21176
21177
21178
21178
21179
21180
21180
21180
21181
21182
21182
21182
21185
21186
21187
21187
21189
21190
21190
21195
21196
21196
21197
21199
21199
21200
21200
21201
21202
21203
21204
21204
21207
21208
21208
21208
21209
21210
21210
21211
21211
21212
21212
21213
21214
21215
21218
21218
21221
21222
21225
21226
21227
21228
21229
21229
21232
21233
21234
21234
21235
21236
21236
21237
21238
21238
21239
21240
21241
21242
21242
21242
21243
21245
21245
21245
21247
21248
21248
21250
21250
21251
21251
21252
21253
21255
21256
21257
21258
21258
21261
21262
21263
21264
21268
21268
21269
21270
21270
21270
21271
21273
21274
21278
21279
21280
21280
21281
21281
21282
21282
21282
21283
21284
21285
21285
21289
21291
21295
21295
21298
21299
21299
21300
21301
21302
21302
21303
21304
21306
21310
21310
21310
21310
21311
21315
21319
21320
21320
21320
21322
21323
21325
21326
21327
21327
21328
21328
21329
21331
21331
21331
21332
21335
21336
21336
21337
21338
21341
21341
21341
21342
21344
21345
21347
21347
21348
21350
21351
21357
21358
21359
21360
21360
21362
21363
21364
21365
21366
21366
21367
21369
21370
21370
21371
21371
21371
21371
21373
21373
21373
21374
21374
21374
21375
21376
21377
21377
21377
21377
21377
21377
21381
21383
21385
21385
21387
21387
21388
21388
21389
21391
21393
21394
21395
21399
21401
21402
21402
21403
21404
21404
21406
21407
21407
21410
21410
21413
21414
21414
21414
21416
21416
21417
21417
21418
21421
21421
21421
21421
21421
21422
21423
21424
21424
21426
21426
21426
21427
21429
21430
21433
21434
21434
21434
21435
21437
21438
21439
21439
21440
21440
21440
21441
21442
21447
21447
21447
21448
21449
21450
21451
21453
21453
21454
21456
21457
21457
21457
21458
21458
21458
21459
21459
21460
21460
21461
21461
21463
21464
21464
21464
21465
21465
21467
21468
21468
21469
21472
21472
21473
21475
21475
21476
21478
21479
21480
21481
21481
21482
21483
21483
21484
21484
21485
21486
21488
21488
21490
21490
21491
21492
21495
21495
21496
21496
21497
21498
21498
21499
21499
21500
21505
21506
21506
21507
21508
21510
21511
21512
21512
21513
21514
21514
21515
21518
21519
21520
21521
21521
21523
21523
21524
21524
21525
21525
21525
21528
21530
21532
21532
21533
21533
21534
21534
21534
21534
21536
21537
21537
21538
21541
21542
21542
21543
21544
21544
21545
21546
21547
21547
21547
21547
21548
21549
21549
21551
21551
21554
21554
21555
21556
21557
21557
21558
21560
21561
21561
21562
21563
21565
21565
21566
21567
21567
21568
21568
21570
21571
21571
21571
21572
21572
21573
21575
21575
21576
21576
21577
21577
21578
21580
21581
21581
21582
21582
21583
21584
21584
21585
21585
21585
21586
21586
21593
21593
21594
21596
21597
21599
21599
21601
21602
21602
21603
21606
21608
21610
21614
21615
21617
21619
21620
21621
21622
21622
21625
21625
21626
21627
21628
21629
21629
21630
21632
21632
21632
21635
21636
21636
21637
21639
21641
21642
21642
21644
21645
21646
21646
21647
21648
21650
21651
21652
21653
21654
21654
21656
21657
21658
21659
21660
21662
21663
21663
21664
21665
21665
21666
21667
21667
21667
21672
21672
21673
21673
21675
21676
21676
21678
21679
21680
21682
21682
21683
21684
21684
21685
21689
21690
21690
21691
21691
21691
21691
21692
21692
21694
21694
21694
21695
21697
21697
21698
21698
21699
21699
21699
21699
21701
21702
21702
21702
21702
21706
21706
21706
21708
21710
21710
21712
21712
21712
21714
21715
21715
21715
21716
21717
21717
21719
21719
21720
21721
21722
21724
21724
21724
21725
21726
21728
21729
21733
21734
21734
21734
21734
21735
21737
21738
21738
21738
21740
21741
21742
21743
21743
21744
21745
21745
21746
21746
21747
21747
21748
21749
21750
21752
21754
21754
21755
21758
21758
21759
21759
21759
21760
21761
21762
21762
21763
21763
21770
21772
21772
21772
21772
21774
21775
21776
21778
21779
21779
21780
21781
21782
21783
21783
21784
21784
21786
21786
21786
21786
21788
21788
21788
21789
21792
21792
21795
21795
21796
21797
21797
21800
21802
21803
21803
21804
21805
21806
21806
21808
21808
21808
21809
21810
21810
21811
21811
21812
21812
21812
21813
21813
21815
21815
21815
21816
21817
21817
21818
21818
21819
21819
21819
21821
21821
21822
21823
21825
21826
21827
21827
21828
21830
21831
21831
21832
21833
21834
21835
21836
21837
21839
21839
21841
21843
21843
21844
21844
21848
21848
21848
21848
21849
21849
21849
21849
21851
21853
21853
21854
21855
21855
21855
21856
21858
21858
21859
21859
21861
21864
21865
21866
21866
21867
21868
21868
21869
21870
21870
21871
21872
21872
21872
21872
21874
21875
21875
21875
21877
21877
21878
21878
21881
21881
21884
21885
21885
21887
21888
21889
21892
21898
21898
21900
21901
21901
21902
21908
21909
21910
21910
21912
21912
21914
21914
21917
21918
21919
21919
21919
21920
21920
21922
21925
21925
21926
21927
21927
21928
21932
21932
21932
21932
21933
21933
21934
21940
21940
21940
21940
21942
21944
21945
21945
21947
21947
21948
21948
21948
21949
21949
21951
21951
21954
21954
21954
21955
21955
21955
21955
21962
21962
21963
21964
21964
21964
21966
21967
21967
21967
21967
21968
21969
21969
21970
21971
21975
21977
21978
21979
21983
21983
21983
21984
21985
21986
21986
21987
21989
21990
21990
21991
21992
21993
21994
21996
21998
21999
21999
22000
22001
22003
22004
22005
22005
22006
22007
22007
22007
22008
22010
22015
22016
22017
22021
22021
22022
22022
22023
22023
22025
22026
22026
22026
22026
22026
22028
22028
22030
22031
22032
22034
22036
22037
22038
22038
22038
22038
22041
22041
22041
22041
22042
22043
22045
22045
22045
22046
22046
22047
22047
22048
22049
22050
22051
22051
22055
22055
22056
22058
22059
22060
22062
22065
22065
22067
22068
22069
22070
22070
22070
22072
22073
22073
22073
22074
22074
22074
22075
22075
22077
22077
22077
22078
22078
22078
22080
22082
22082
22083
22084
22086
22087
22088
22088
22089
22090
22091
22091
22092
22092
22092
22094
22095
22096
22096
22101
22101
22102
22102
22105
22106
22107
22107
22108
22109
22109
22111
22113
22113
22114
22115
22115
22116
22116
22116
22118
22118
22120
22121
22121
22122
22122
22125
22129
22129
22129
22131
22132
22136
22136
22136
22137
22138
22138
22139
22140
22140
22145
22148
22150
22150
22150
22150
22152
22153
22153
22153
22154
22158
22158
22159
22161
22162
22163
22163
22166
22167
22168
22170
22171
22172
22173
22175
22178
22179
22179
22179
22179
22180
22180
22180
22182
22182
22183
22184
22184
22185
22186
22186
22187
22188
22188
22189
22189
22189
22195
22196
22197
22197
22197
22199
22200
22201
22201
22202
22203
22203
22204
22205
22206
22206
22206
22206
22207
22207
22208
22208
22208
22208
22212
22212
22214
22215
22216
22217
22217
22218
22218
22218
22219
22219
22220
22224
22227
22229
22230
22231
22233
22234
22234
22234
22235
22236
22239
22240
22241
22243
22243
22245
22246
22247
22247
22247
22250
22251
22252
22252
22253
22257
22258
22260
22261
22263
22263
22264
22264
22264
22264
22266
22268
22268
22269
22270
22270
22270
22271
22273
22273
22274
22275
22277
22279
22280
22281
22281
22281
22281
22282
22282
22283
22285
22285
22286
22286
22287
22287
22288
22288
22289
22289
22291
22291
22291
22292
22293
22293
22295
22295
22297
22298
22299
22299
22299
22300
22300
22301
22302
22302
22302
22302
22303
22304
22304
22305
22305
22305
22306
22306
22307
22307
22308
22310
22312
22312
22312
22314
22316
22320
22321
22324
22324
22325
22327
22327
22327
22329
22330
22330
22330
22330
22331
22331
22333
22334
22335
22338
22338
22340
22340
22341
22342
22346
22346
22348
22348
22350
22352
22354
22355
22356
22358
22358
22359
22360
22361
22363
22365
22366
22372
22373
22374
22375
22377
22378
22378
22378
22381
22381
22384
22385
22385
22385
22385
22386
22387
22389
22389
22389
22389
22389
22390
22391
22391
22391
22393
22396
22397
22401
22402
22404
22406
22408
22409
22409
22410
22410
22410
22411
22412
22412
22413
22414
22414
22414
22415
22415
22416
22419
22420
22420
22421
22422
22425
22425
22426
22428
22431
22432
22433
22433
22435
22435
22436
22437
22438
22441
22441
22442
22442
22443
22445
22446
22447
22447
22448
22448
22448
22450
22451
22451
22452
22453
22455
22455
22457
22457
22457
22458
22459
22461
22464
22465
22465
22466
22468
22470
22470
22474
22478
22478
22480
22484
22485
22490
22490
22492
22493
22493
22497
22497
22497
22499
22499
22499
22501
22502
22503
22504
22505
22507
22508
22509
22509
22510
22511
22511
22511
22511
22513
22513
22514
22516
22518
22520
22520
22521
22521
22522
22522
22522
22523
22525
22525
22529
22531
22532
22532
22532
22534
22535
22536
22536
22537
22539
22539
22540
22541
22542
22542
22546
22546
22547
22548
22548
22553
22554
22556
22558
22559
22559
22560
22561
22562
22562
22562
22564
22564
22566
22569
22569
22570
22571
22571
22574
22577
22581
22582
22582
22582
22583
22583
22583
22584
22585
22586
22588
22588
22592
22594
22595
22596
22596
22596
22598
22598
22599
22604
22604
22604
22605
22605
22607
22607
22607
22608
22610
22610
22611
22614
22615
22615
22619
22620
22621
22623
22623
22623
22625
22626
22626
22626
22629
22629
22629
22630
22630
22631
22631
22634
22634
22635
22636
22637
22637
22639
22640
22643
22643
22644
22645
22645
22647
22647
22648
22650
22650
22650
22650
22651
22652
22652
22653
22654
22656
22657
22658
22658
22659
22659
22661
22662
22663
22664
22666
22667
22669
22669
22671
22672
22675
22676
22676
22676
22679
22681
22682
22683
22683
22683
22683
22684
22684
22684
22684
22685
22686
22686
22686
22688
22691
22691
22691
22693
22694
22694
22697
22699
22699
22700
22701
22702
22702
22703
22703
22703
22705
22705
22706
22706
22706
22706
22710
22711
22711
22711
22712
22712
22713
22713
22715
22717
22718
22718
22718
22718
22719
22719
22719
22720
22720
22722
22722
22722
22723
22724
22725
22726
22728
22728
22729
22729
22729
22734
22737
22738
22741
22742
22742
22743
22745
22746
22746
22747
22748
22748
22750
22753
22754
22754
22756
22758
22759
22762
22763
22764
22765
22766
22767
22767
22768
22770
22774
22774
22776
22777
22778
22778
22779
22779
22780
22781
22781
22783
22784
22785
22786
22788
22788
22788
22789
22790
22791
22791
22792
22792
22793
22794
22794
22795
22796
22796
22796
22797
22798
22798
22799
22799
22800
22801
22801
22803
22805
22806
22806
22807
22813
22815
22815
22816
22817
22818
22820
22821
22822
22822
22825
22827
22827
22828
22829
22831
22831
22832
22832
22832
22835
22835
22838
22839
22839
22839
22843
22844
22846
22846
22846
22847
22853
22853
22853
22854
22854
22856
22856
22860
22860
22861
22862
22862
22863
22863
22863
22864
22867
22869
22871
22872
22876
22876
22878
22878
22879
22879
22880
22882
22882
22882
22883
22884
22885
22886
22887
22888
22888
22888
22890
22890
22890
22891
22893
22896
22897
22900
22900
22900
22900
22901
22903
22903
22903
22904
22904
22906
22907
22908
22909
22910
22911
22911
22912
22913
22913
22915
22918
22922
22924
22926
22927
22928
22928
22929
22930
22930
22931
22931
22932
22932
22933
22935
22936
22940
22940
22941
22941
22944
22944
22944
22944
22944
22944
22947
22947
22948
22948
22948
22949
22950
22951
22952
22952
22953
22954
22954
22955
22955
22957
22958
22959
22960
22960
22961
22964
22964
22964
22965
22969
22970
22970
22972
22973
22973
22973
22974
22974
22974
22974
22975
22975
22976
22979
22981
22983
22985
22987
22988
22989
22990
22993
22993
22994
22994
22995
22995
22995
22996
22999
23000
23001
23001
23002
23002
23003
23004
23004
23004
23007
23007
23008
23009
23009
23010
23010
23010
23010
23012
23013
23013
23013
23015
23017
23018
23019
23020
23020
23020
23021
23021
23021
23023
23024
23024
23024
23026
23026
23027
23027
23027
23028
23028
23028
23029
23029
23030
23030
23032
23033
23035
23036
23036
23037
23037
23038
23039
23040
23042
23043
23044
23045
23045
23045
23046
23046
23046
23047
23048
23049
23051
23051
23052
23055
23055
23057
23057
23057
23059
23059
23060
23063
23065
23066
23066
23067
23067
23067
23067
23068
23069
23070
23070
23070
23071
23072
23072
23073
23073
23074
23075
23075
23075
23076
23077
23077
23079
23081
23082
23082
23084
23085
23085
23086
23088
23090
23090
23090
23091
23092
23092
23093
23095
23096
23098
23102
23102
23104
23106
23108
23109
23110
23112
23112
23112
23113
23114
23115
23116
23117
23117
23117
23118
23119
23122
23122
23125
23126
23126
23127
23129
23129
23130
23130
23132
23132
23133
23134
23135
23135
23136
23136
23138
23138
23138
23142
23142
23142
23144
23144
23145
23146
23147
23148
23149
23149
23150
23150
23150
23151
23152
23153
23153
23154
23155
23156
23157
23157
23158
23158
23160
23162
23162
23163
23168
23171
23171
23173
23173
23176
23176
23177
23177
23179
23179
23179
23182
23182
23184
23184
23184
23185
23185
23185
23185
23185
23188
23190
23193
23194
23194
23195
23195
23196
23196
23198
23199
23201
23202
23203
23204
23205
23205
23208
23208
23209
23209
23210
23210
23210
23211
23211
23212
23214
23216
23218
23219
23219
23219
23221
23221
23222
23223
23223
23224
23225
23227
23227
23228
23228
23228
23228
23229
23229
23229
23230
23231
23233
23233
23235
23236
23238
23238
23239
23240
23240
23242
23243
23244
23245
23245
23247
23248
23248
23250
23250
23250
23250
23251
23253
23254
23254
23254
23256
23256
23256
23257
23259
23260
23260
23260
23260
23261
23262
23263
23264
23265
23266
23266
23267
23268
23268
23268
23269
23269
23270
23272
23273
23274
23276
23277
23278
23279
23280
23283
23283
23283
23285
23285
23289
23290
23291
23293
23294
23295
23298
23300
23301
23302
23303
23305
23306
23306
23307
23308
23309
23310
23310
23313
23313
23313
23313
23314
23315
23315
23315
23316
23318
23318
23321
23321
23321
23321
23322
23323
23323
23323
23325
23326
23327
23327
23330
23330
23332
23333
23333
23333
23334
23336
23336
23337
23337
23338
23338
23338
23339
23341
23342
23342
23342
23343
23343
23345
23345
23345
23347
23347
23348
23350
23351
23352
23352
23352
23354
23356
23358
23358
23360
23360
23360
23361
23361
23365
23365
23366
23369
23370
23371
23372
23375
23376
23378
23378
23379
23379
23382
23383
23385
23385
23386
23388
23389
23389
23390
23392
23395
23396
23398
23400
23402
23402
23403
23403
23404
23404
23408
23409
23415
23415
23416
23418
23418
23419
23420
23422
23424
23425
23426
23426
23428
23429
23431
23432
23432
23432
23434
23435
23437
23437
23437
23437
23438
23439
23440
23440
23441
23441
23441
23442
23442
23443
23443
23443
23443
23445
23446
23446
23446
23449
23451
23453
23454
23456
23460
23460
23460
23460
23461
23461
23462
23464
23464
23465
23466
23467
23469
23471
23471
23472
23473
23474
23476
23476
23477
23478
23479
23480
23481
23482
23483
23483
23483
23485
23486
23486
23487
23490
23491
23491
23491
23493
23493
23494
23494
23494
23494
23496
23496
23497
23498
23498
23499
23500
23501
23502
23504
23504
23504
23505
23506
23506
23506
23508
23509
23509
23511
23512
23513
23513
23513
23513
23515
23515
23516
23516
23517
23517
23518
23518
23519
23519
23520
23521
23521
23522
23524
23525
23526
23527
23530
23530
23530
23530
23531
23532
23533
23534
23534
23536
23539
23542
23543
23544
23545
23545
23545
23545
23549
23549
23552
23553
23554
23554
23555
23555
23556
23556
23558
23558
23560
23561
23561
23562
23563
23563
23563
23567
23567
23569
23570
23570
23570
23570
23572
23575
23576
23576
23576
23576
23577
23577
23579
23580
23582
23583
23583
23586
23587
23588
23591
23592
23592
23593
23595
23597
23600
23600
23601
23602
23602
23603
23603
23603
23605
23607
23608
23608
23608
23609
23609
23609
23611
23612
23612
23613
23614
23614
23616
23617
23619
23619
23619
23619
23620
23621
23622
23623
23624
23624
23625
23625
23626
23626
23628
23630
23631
23631
23632
23633
23634
23635
23636
23637
23640
23642
23642
23644
23645
23646
23648
23648
23649
23649
23649
23650
23650
23652
23652
23652
23653
23653
23654
23655
23656
23657
23657
23657
23658
23658
23658
23659
23660
23660
23661
23661
23661
23661
23662
23665
23666
23666
23667
23669
23670
23670
23671
23672
23675
23676
23680
23683
23683
23685
23687
23688
23691
23691
23692
23693
23694
23695
23695
23695
23698
23698
23699
23699
23700
23700
23701
23701
23702
23704
23704
23704
23706
23706
23707
23710
23710
23712
23712
23714
23715
23716
23718
23718
23720
23720
23721
23721
23721
23722
23722
23722
23725
23726
23730
23732
23732
23732
23735
23736
23736
23738
23738
23739
23739
23740
23742
23743
23745
23746
23746
23747
23747
23748
23748
23751
23752
23752
23752
23752
23753
23754
23754
23758
23759
23760
23760
23761
23761
23762
23762
23764
23767
23767
23770
23771
23771
23772
23774
23775
23775
23776
23777
23778
23778
23778
23778
23779
23782
23783
23786
23787
23789
23792
23792
23794
23794
23795
23795
23796
23797
23797
23798
23798
23798
23799
23801
23804
23807
23808
23812
23815
23815
23819
23823
23823
23823
23824
23827
23828
23828
23828
23829
23829
23831
23832
23832
23833
23833
23835
23836
23838
23839
23840
23840
23842
23842
23843
23843
23843
23844
23846
23846
23848
23848
23848
23850
23850
23850
23850
23851
23852
23852
23852
23855
23856
23856
23856
23858
23859
23860
23861
23862
23863
23863
23864
23865
23866
23866
23868
23868
23868
23869
23869
23869
23870
23872
23874
23874
23875
23876
23877
23878
23879
23879
23879
23880
23881
23881
23881
23887
23888
23891
23891
23891
23892
23895
23895
23899
23899
23900
23901
23902
23903
23903
23907
23907
23907
23909
23909
23913
23913
23913
23914
23914
23914
23917
23919
23921
23921
23921
23924
23926
23930
23932
23933
23933
23934
23937
23938
23939
23940
23943
23943
23944
23945
23947
23947
23949
23950
23950
23950
23950
23950
23951
23953
23954
23954
23955
23955
23956
23959
23962
23963
23963
23964
23965
23965
23966
23967
23968
23969
23969
23970
23971
23971
23972
23974
23974
23975
23975
23976
23981
23985
23985
23986
23986
23987
23987
23988
23990
23990
23990
23991
23993
23993
23993
23993
23993
23993
23994
23995
23997
23999
23999
23999
24000
24003
24003
24004
24004
24004
24005
24006
24007
24008
24008
24009
24009
24010
24010
24014
24015
24016
24017
24018
24018
24019
24020
24020
24026
24027
24027
24027
24027
24029
24029
24030
24031
24031
24032
24033
24034
24037
24038
24040
24040
24040
24040
24041
24041
24042
24043
24043
24044
24045
24045
24045
24046
24048
24049
24049
24050
24051
24051
24051
24051
24051
24052
24052
24053
24055
24056
24057
24058
24058
24058
24058
24059
24061
24061
24061
24063
24064
24064
24064
24064
24065
24067
24074
24075
24075
24077
24080
24084
24084
24085
24087
24090
24091
24091
24093
24094
24094
24095
24098
24098
24101
24101
24102
24103
24104
24104
24106
24107
24108
24109
24109
24111
24112
24113
24115
24115
24116
24118
24119
24120
24123
24124
24125
24128
24128
24128
24129
24130
24130
24130
24131
24134
24134
24136
24136
24138
24141
24141
24144
24144
24145
24146
24151
24152
24152
24153
24154
24154
24156
24156
24158
24159
24159
24159
24159
24162
24163
24164
24164
24166
24166
24167
24167
24169
24172
24172
24173
24174
24175
24176
24176
24177
24177
24177
24179
24179
24179
24181
24183
24185
24186
24188
24189
24190
24192
24193
24193
24194
24195
24196
24196
24197
24198
24200
24200
24200
24201
24201
24202
24203
24203
24206
24208
24210
24210
24210
24210
24211
24212
24212
24213
24214
24214
24215
24218
24221
24222
24226
24226
24226
24226
24228
24228
24229
24229
24230
24232
24233
24233
24233
24234
24234
24234
24237
24238
24239
24239
24239
24240
24240
24241
24244
24245
24246
24246
24248
24248
24255
24257
24257
24258
24259
24259
24262
24262
24264
24265
24265
24267
24267
24268
24270
24271
24272
24273
24274
24275
24276
24276
24277
24278
24278
24282
24283
24283
24283
24283
24286
24287
24291
24292
24292
24292
24293
24293
24294
24295
24295
24296
24297
24298
24299
24299
24302
24302
24302
24304
24305
24305
24306
24306
24307
24307
24310
24311
24311
24312
24312
24313
24315
24315
24315
24315
24316
24316
24317
24318
24320
24320
24322
24324
24325
24326
24327
24327
24328
24328
24329
24330
24330
24332
24335
24335
24337
24337
24338
24343
24343
24344
24344
24344
24345
24346
24347
24347
24347
24348
24348
24348
24348
24349
24351
24354
24356
24357
24357
24359
24359
24361
24362
24362
24363
24363
24365
24366
24367
24367
24369
24369
24370
24370
24370
24372
24372
24372
24372
24373
24375
24375
24376
24378
24379
24381
24382
24383
24384
24385
24385
24388
24388
24390
24391
24391
24393
24393
24394
24394
24397
24398
24398
24400
24400
24400
24401
24401
24403
24404
24404
24405
24405
24405
24406
24406
24406
24408
24409
24409
24410
24410
24410
24412
24414
24414
24414
24415
24415
24416
24416
24417
24419
24419
24422
24425
24428
24428
24430
24431
24432
24433
24433
24435
24440
24444
24445
24446
24448
24448
24450
24450
24450
24450
24451
24452
24452
24455
24456
24458
24459
24460
24460
24461
24461
24462
24462
24466
24467
24467
24468
24468
24468
24469
24469
24469
24470
24471
24472
24473
24473
24474
24475
24476
24478
24478
24480
24480
24480
24481
24482
24485
24486
24487
24490
24492
24492
24493
24494
24495
24497
24499
24499
24500
24501
24502
24502
24504
24504
24504
24505
24507
24508
24510
24511
24513
24514
24514
24517
24517
24518
24519
24520
24521
24521
24522
24522
24523
24524
24524
24527
24528
24529
24529
24530
24532
24533
24534
24535
24535
24535
24537
24539
24543
24543
24544
24544
24548
24548
24548
24548
24548
24550
24551
24551
24552
24553
24554
24555
24555
24557
24560
24560
24562
24563
24563
24564
24568
24569
24570
24574
24574
24578
24578
24580
24581
24582
24582
24585
24585
24585
24588
24589
24590
24593
24594
24594
24597
24598
24600
24600
24600
24600
24600
24602
24606
24606
24610
24618
24618
24619
24620
24620
24620
24624
24626
24627
24628
24630
24630
24630
24631
24631
24631
24631
24631
24631
24632
24633
24637
24637
24638
24639
24640
24641
24641
24642
24642
24644
24645
24645
24645
24646
24647
24649
24650
24652
24653
24654
24654
24654
24655
24659
24662
24664
24665
24667
24670
24670
24672
24672
24674
24674
24678
24678
24680
24680
24683
24685
24685
24685
24688
24689
24691
24692
24693
24693
24693
24693
24694
24695
24695
24697
24700
24703
24703
24704
24705
24708
24708
24710
24711
24711
24712
24713
24714
24715
24715
24716
24716
24717
24717
24718
24718
24719
24719
24719
24720
24720
24721
24721
24722
24722
24724
24726
24728
24728
24729
24732
24732
24732
24732
24735
24736
24737
24738
24738
24739
24740
24742
24742
24745
24745
24748
24751
24752
24753
24755
24756
24757
24759
24760
24762
24762
24763
24763
24763
24764
24764
24764
24764
24765
24766
24766
24768
24768
24769
24770
24771
24773
24774
24775
24775
24776
24776
24777
24777
24779
24779
24779
24780
24780
24781
24782
24783
24784
24784
24786
24786
24786
24786
24788
24790
24792
24792
24792
24793
24796
24797
24798
24799
24800
24801
24801
24802
24805
24805
24805
24806
24807
24808
24809
24811
24812
24814
24815
24815
24817
24817
24821
24821
24824
24826
24827
24828
24828
24830
24831
24833
24834
24835
24837
24838
24839
24840
24841
24842
24844
24845
24845
24846
24846
24847
24848
24848
24850
24850
24851
24852
24855
24855
24856
24862
24862
24862
24862
24864
24864
24865
24871
24876
24877
24877
24878
24879
24880
24880
24882
24884
24887
24887
24888
24889
24889
24890
24892
24892
24894
24895
24895
24896
24897
24897
24898
24898
24899
24899
24900
24901
24906
24908
24911
24912
24912
24915
24916
24918
24918
24918
24919
24919
24921
24922
24922
24923
24926
24926
24927
24931
24934
24935
24937
24937
24938
24938
24939
24941
24942
24944
24945
24945
24946
24947
24947
24947
24947
24950
24953
24953
24953
24954
24954
24956
24956
24957
24957
24961
24961
24963
24965
24965
24967
24968
24969
24970
24973
24974
24974
24977
24979
24980
24981
24983
24985
24986
24987
24987
24989
24991
24992
24996
24997
24997
24998
24998
24999
24999
25000
25001
25001
25002
25002
25003
25004
25004
25007
25011
25012
25012
25013
25013
25013
25014
25014
25021
25022
25022
25022
25023
25023
25024
25024
25024
25025
25027
25028
25028
25029
25030
25031
25033
25034
25036
25037
25038
25043
25046
25046
25046
25046
25047
25047
25049
25050
25050
25054
25054
25055
25057
25057
25057
25057
25057
25058
25059
25060
25061
25062
25063
25064
25065
25065
25066
25068
25069
25073
25074
25074
25074
25074
25077
25077
25079
25080
25080
25081
25082
25083
25083
25084
25084
25086
25086
25087
25087
25087
25087
25088
25088
25090
25090
25092
25092
25092
25093
25093
25093
25094
25095
25096
25097
25097
25098
25099
25100
25102
25103
25103
25104
25105
25106
25107
25110
25110
25112
25115
25119
25120
25121
25123
25123
25124
25126
25126
25126
25128
25128
25129
25130
25130
25131
25132
25132
25133
25133
25133
25133
25134
25134
25135
25135
25136
25136
25136
25136
25137
25137
25139
25142
25143
25143
25144
25146
25147
25147
25150
25151
25152
25153
25154
25154
25155
25155
25155
25156
25156
25156
25156
25156
25157
25158
25160
25160
25161
25163
25169
25169
25170
25170
25171
25172
25173
25173
25175
25177
25177
25178
25179
25179
25180
25180
25182
25184
25184
25186
25189
25191
25192
25195
25196
25196
25197
25197
25198
25202
25204
25206
25206
25206
25208
25208
25208
25209
25210
25210
25213
25213
25214
25216
25217
25218
25219
25219
25220
25221
25223
25224
25225
25225
25227
25230
25232
25234
25234
25234
25236
25236
25237
25237
25238
25239
25239
25240
25240
25242
25245
25246
25246
25247
25249
25249
25249
25250
25251
25253
25253
25254
25255
25255
25257
25260
25261
25261
25262
25268
25268
25274
25275
25278
25278
25280
25280
25282
25282
25283
25285
25285
25286
25287
25289
25289
25293
25293
25294
25296
25296
25297
25298
25298
25299
25299
25302
25302
25302
25304
25304
25306
25306
25310
25310
25310
25311
25311
25312
25313
25314
25315
25316
25317
25317
25318
25318
25320
25320
25320
25320
25323
25325
25325
25325
25325
25327
25328
25329
25329
25331
25332
25332
25335
25335
25335
25336
25337
25337
25338
25338
25340
25340
25341
25342
25343
25344
25344
25345
25346
25346
25347
25347
25348
25348
25348
25349
25350
25350
25350
25352
25355
25356
25356
25357
25357
25358
25359
25360
25362
25362
25365
25366
25366
25367
25367
25367
25368
25368
25368
25375
25376
25376
25377
25379
25379
25380
25380
25381
25382
25382
25382
25383
25383
25383
25384
25384
25384
25389
25394
25395
25395
25395
25395
25395
25396
25398
25399
25399
25400
25401
25402
25404
25404
25406
25406
25406
25407
25408
25408
25408
25409
25409
25410
25411
25411
25412
25413
25414
25414
25415
25415
25415
25417
25418
25418
25420
25422
25423
25425
25431
25434
25435
25435
25436
25437
25437
25438
25440
25440
25441
25442
25442
25442
25443
25445
25447
25450
25451
25452
25452
25452
25453
25453
25454
25456
25456
25456
25456
25458
25461
25461
25462
25462
25463
25463
25464
25466
25466
25468
25470
25471
25471
25472
25473
25473
25477
25477
25477
25477
25477
25478
25483
25485
25489
25490
25490
25490
25490
25491
25493
25494
25497
25497
25498
25499
25500
25501
25501
25501
25503
25505
25505
25506
25506
25507
25507
25509
25509
25509
25511
25512
25513
25514
25515
25517
25517
25518
25518
25518
25519
25519
25521
25522
25523
25523
25526
25528
25531
25532
25533
25535
25535
25535
25536
25538
25540
25541
25541
25543
25544
25545
25545
25546
25548
25549
25549
25549
25550
25551
25553
25554
25554
25554
25555
25556
25559
25560
25561
25563
25564
25564
25564
25565
25565
25565
25566
25566
25569
25569
25571
25571
25571
25572
25577
25578
25581
25581
25582
25582
25582
25583
25584
25584
25586
25588
25589
25589
25589
25589
25590
25592
25592
25593
25593
25595
25595
25597
25598
25598
25598
25601
25601
25603
25603
25604
25604
25607
25607
25609
25609
25610
25610
25610
25611
25612
25613
25613
25614
25617
25617
25618
25618
25619
25622
25623
25625
25626
25626
25626
25627
25628
25628
25628
25629
25629
25631
25632
25633
25633
25635
25635
25637
25637
25638
25639
25640
25641
25642
25642
25643
25643
25644
25645
25646
25648
25648
25650
25652
25653
25654
25656
25656
25657
25657
25657
25658
25660
25660
25661
25661
25661
25662
25662
25662
25662
25663
25664
25665
25669
25671
25671
25672
25672
25673
25674
25674
25675
25677
25678
25679
25681
25681
25685
25687
25687
25687
25687
25687
25689
25691
25692
25692
25693
25693
25693
25694
25694
25695
25696
25696
25696
25697
25700
25702
25703
25703
25705
25706
25710
25710
25710
25713
25713
25714
25714
25715
25715
25716
25717
25721
25721
25721
25724
25726
25726
25726
25727
25728
25728
25729
25730
25732
25732
25735
25737
25737
25738
25742
25742
25742
25744
25746
25746
25746
25747
25748
25751
25752
25752
25755
25757
25758
25760
25762
25762
25762
25763
25765
25765
25767
25768
25769
25769
25770
25770
25771
25771
25772
25774
25774
25775
25776
25776
25776
25777
25779
25782
25782
25782
25783
25783
25784
25784
25784
25785
25785
25785
25786
25786
25786
25787
25788
25789
25790
25791
25791
25793
25794
25795
25797
25798
25799
25800
25801
25803
25803
25806
25807
25808
25808
25810
25811
25812
25813
25813
25813
25816
25818
25821
25822
25822
25823
25824
25825
25825
25826
25826
25827
25827
25827
25830
25830
25832
25832
25832
25834
25834
25835
25835
25836
25836
25838
25839
25839
25840
25841
25841
25841
25842
25842
25844
25845
25846
25848
25849
25849
25849
25849
25852
25853
25854
25855
25855
25858
25858
25859
25859
25859
25860
25862
25863
25864
25865
25866
25867
25868
25870
25871
25872
25872
25873
25873
25873
25875
25875
25879
25880
25881
25884
25884
25885
25885
25885
25886
25886
25887
25888
25888
25892
25893
25894
25894
25895
25898
25899
25899
25899
25900
25902
25903
25904
25904
25905
25909
25909
25911
25911
25912
25914
25914
25915
25920
25920
25922
25922
25924
25925
25927
25928
25928
25929
25930
25930
25931
25932
25933
25934
25935
25936
25936
25937
25937
25937
25938
25939
25940
25942
25945
25945
25945
25945
25946
25947
25947
25951
25951
25952
25958
25958
25959
25959
25959
25959
25961
25961
25962
25965
25966
25967
25968
25970
25970
25974
25974
25976
25977
25977
25977
25978
25980
25980
25981
25983
25985
25986
25986
25987
25989
25990
25991
25991
25993
25993
25994
25995
25995
25996
25998
26002
26004
26006
26006
26007
26008
26009
26010
26010
26011
26013
26015
26015
26016
26017
26019
26022
26027
26028
26029
26031
26031
26033
26034
26034
26035
26035
26037
26040
26041
26041
26043
26043
26048
26049
26050
26050
26052
26052
26053
26054
26055
26057
26058
26058
26059
26059
26059
26060
26060
26060
26061
26061
26062
26063
26067
26067
26068
26069
26069
26070
26070
26071
26072
26073
26073
26073
26073
26073
26073
26074
26074
26075
26077
26078
26079
26079
26079
26080
26081
26082
26082
26083
26085
26085
26086
26086
26088
26088
26089
26089
26090
26091
26092
26093
26096
26098
26098
26101
26101
26101
26101
26104
26104
26108
26108
26110
26111
26114
26115
26117
26118
26119
26119
26121
26121
26122
26124
26124
26124
26124
26125
26125
26126
26130
26135
26136
26137
26139
26139
26140
26142
26142
26142
26142
26143
26144
26145
26147
26148
26148
26149
26149
26150
26152
26156
26157
26158
26160
26160
26160
26160
26161
26163
26163
26164
26165
26169
26174
26174
26177
26177
26178
26182
26182
26184
26185
26185
26186
26187
26187
26187
26188
26188
26189
26190
26191
26191
26192
26193
26193
26193
26193
26193
26194
26195
26196
26196
26196
26197
26197
26198
26198
26203
26203
26203
26207
26208
26209
26211
26213
26216
26216
26216
26216
26216
26219
26220
26220
26223
26224
26227
26227
26228
26229
26230
26230
26233
26236
26236
26236
26236
26236
26237
26239
26240
26240
26241
26241
26242
26242
26242
26242
26242
26245
26246
26246
26246
26250
26252
26252
26255
26255
26257
26258
26258
26258
26259
26260
26260
26261
26261
26261
26261
26262
26263
26263
26267
26267
26269
26270
26271
26272
26272
26273
26274
26276
26278
26279
26281
26285
26285
26287
26289
26289
26294
26298
26301
26302
26302
26302
26306
26306
26306
26308
26308
26308
26308
26308
26309
26310
26312
26313
26313
26315
26317
26317
26318
26319
26319
26322
26328
26329
26330
26331
26333
26334
26335
26335
26336
26336
26340
26340
26341
26342
26343
26344
26345
26346
26347
26348
26348
26350
26352
26353
26354
26354
26356
26358
26358
26358
26358
26359
26360
26360
26362
26362
26362
26364
26365
26367
26367
26367
26367
26368
26368
26369
26371
26371
26373
26374
26375
26376
26377
26378
26378
26380
26381
26381
26381
26382
26382
26383
26384
26384
26384
26388
26391
26393
26394
26396
26399
26400
26402
26403
26405
26405
26407
26408
26408
26408
26408
26408
26409
26410
26412
26413
26415
26417
26417
26418
26418
26418
26419
26419
26420
26420
26421
26421
26422
26423
26423
26427
26427
26428
26428
26428
26428
26429
26431
26432
26433
26433
26433
26434
26438
26438
26441
26442
26442
26442
26444
26445
26445
26445
26447
26448
26449
26449
26450
26452
26452
26453
26455
26456
26456
26457
26461
26461
26464
26465
26466
26468
26469
26470
26470
26471
26472
26473
26473
26474
26476
26476
26477
26477
26479
26481
26482
26485
26485
26486
26488
26488
26489
26490
26491
26491
26493
26498
26500
26501
26502
26502
26502
26507
26510
26511
26512
26514
26514
26517
26517
26519
26519
26520
26522
26522
26523
26523
26525
26527
26527
26527
26527
26528
26530
26530
26530
26531
26532
26533
26534
26535
26537
26537
26539
26541
26541
26542
26544
26545
26546
26547
26548
26549
26550
26550
26551
26551
26551
26552
26554
26554
26556
26558
26558
26559
26560
26561
26561
26563
26565
26565
26566
26567
26567
26567
26569
26569
26570
26570
26570
26570
26571
26571
26571
26574
26576
26576
26577
26577
26577
26578
26579
26581
26582
26583
26585
26585
26586
26587
26588
26589
26589
26589
26589
26589
26591
26591
26591
26591
26592
26592
26592
26594
26595
26596
26598
26600
26600
26604
26606
26606
26607
26609
26612
26613
26615
26615
26618
26618
26618
26620
26620
26622
26624
26624
26627
26627
26628
26628
26628
26628
26629
26629
26629
26630
26631
26631
26632
26632
26632
26634
26635
26635
26635
26636
26636
26639
26639
26641
26642
26642
26643
26643
26646
26646
26647
26647
26648
26648
26649
26650
26653
26654
26657
26658
26659
26660
26660
26660
26664
26667
26668
26669
26672
26673
26674
26675
26677
26678
26678
26679
26679
26682
26682
26685
26685
26686
26688
26688
26689
26690
26693
26693
26694
26695
26695
26695
26696
26697
26698
26699
26699
26701
26702
26704
26705
26706
26706
26706
26706
26706
26706
26706
26707
26708
26710
26710
26711
26711
26713
26713
26714
26715
26717
26717
26720
26720
26720
26720
26723
26724
26725
26726
26727
26729
26729
26732
26733
26734
26735
26737
26738
26738
26738
26739
26739
26739
26741
26742
26747
26749
26750
26751
26751
26752
26752
26753
26755
26757
26759
26760
26760
26761
26761
26761
26763
26764
26766
26766
26766
26767
26768
26769
26769
26769
26770
26772
26773
26773
26774
26775
26775
26777
26778
26781
26781
26782
26782
26782
26783
26784
26785
26785
26785
26787
26788
26788
26788
26792
26794
26795
26795
26795
26796
26796
26797
26797
26799
26800
26801
26803
26803
26804
26804
26805
26806
26808
26808
26809
26810
26810
26811
26812
26812
26812
26816
26816
26816
26818
26818
26819
26820
26823
26825
26827
26828
26828
26829
26829
26830
26831
26832
26834
26834
26835
26835
26835
26837
26838
26838
26839
26842
26842
26842
26842
26843
26844
26846
26846
26847
26850
26851
26851
26854
26855
26855
26856
26856
26858
26858
26860
26861
26862
26862
26863
26864
26864
26864
26864
26865
26866
26868
26869
26870
26870
26870
26871
26871
26872
26875
26877
26878
26879
26879
26879
26881
26884
26885
26888
26888
26888
26889
26889
26889
26889
26891
26892
26895
26896
26896
26896
26898
26899
26900
26901
26902
26902
26904
26904
26906
26907
26907
26912
26913
26916
26917
26918
26919
26920
26921
26921
26922
26922
26922
26922
26922
26925
26926
26928
26928
26929
26940
26941
26942
26942
26943
26945
26945
26946
26947
26947
26947
26951
26954
26954
26957
26957
26958
26958
26958
26960
26962
26963
26970
26970
26972
26972
26974
26977
26977
26979
26979
26979
26979
26981
26982
26982
26982
26982
26982
26986
26986
26988
26988
26989
26989
26990
26991
26993
26996
26998
26998
26999
27000
27000
27001
27001
27003
27004
27004
27006
27006
27008
27011
27013
27015
27017
27018
27019
27019
27020
27020
27021
27021
27023
27025
27026
27027
27030
27034
27034
27035
27035
27037
27037
27038
27038
27038
27040
27040
27041
27042
27043
27044
27045
27046
27046
27047
27048
27048
27048
27049
27050
27051
27053
27054
27054
27054
27055
27057
27057
27057
27058
27060
27060
27060
27061
27063
27066
27066
27069
27071
27071
27073
27074
27076
27076
27076
27076
27077
27078
27080
27080
27081
27081
27086
27087
27091
27092
27093
27095
27096
27101
27103
27104
27105
27107
27107
27108
27109
27109
27111
27113
27114
27115
27115
27116
27117
27119
27120
27120
27122
27122
27122
27124
27125
27126
27127
27127
27128
27129
27130
27131
27131
27132
27132
27132
27132
27134
27134
27136
27137
27137
27139
27140
27140
27141
27142
27142
27144
27145
27145
27145
27145
27146
27147
27147
27147
27150
27151
27152
27153
27155
27161
27163
27163
27163
27164
27164
27166
27169
27169
27169
27171
27171
27173
27174
27176
27177
27178
27179
27179
27179
27180
27181
27181
27188
27189
27192
27194
27197
27198
27199
27200
27201
27202
27202
27205
27206
27206
27208
27208
27208
27211
27211
27213
27214
27214
27214
27215
27217
27217
27218
27218
27218
27219
27219
27219
27219
27220
27220
27221
27223
27223
27224
27226
27226
27227
27228
27228
27230
27232
27232
27232
27233
27235
27237
27237
27237
27238
27239
27239
27240
27240
27242
27243
27244
27244
27246
27247
27247
27249
27249
27249
27252
27252
27252
27252
27253
27253
27254
27254
27254
27255
27256
27258
27259
27261
27264
27265
27269
27272
27274
27274
27275
27275
27275
27276
27277
27278
27279
27279
27280
27281
27282
27283
27285
27289
27289
27291
27293
27294
27295
27297
27300
27300
27301
27301
27302
27302
27304
27306
27308
27308
27309
27310
27310
27310
27311
27311
27313
27313
27314
27314
27316
27317
27318
27323
27324
27324
27325
27326
27327
27329
27332
27332
27332
27333
27333
27334
27335
27336
27337
27337
27339
27341
27344
27345
27346
27346
27350
27353
27353
27353
27355
27355
27356
27357
27358
27358
27358
27358
27358
27358
27361
27363
27365
27365
27367
27367
27368
27368
27369
27370
27370
27371
27372
27373
27374
27374
27374
27375
27378
27379
27379
27379
27380
27381
27383
27383
27383
27384
27385
27385
27387
27387
27388
27389
27389
27391
27393
27393
27393
27396
27396
27397
27398
27398
27399
27399
27400
27401
27401
27401
27401
27402
27402
27403
27404
27404
27404
27405
27406
27407
27407
27407
27410
27410
27412
27412
27414
27414
27416
27417
27417
27417
27417
27418
27418
27418
27419
27419
27421
27421
27423
27424
27424
27425
27427
27427
27428
27429
27430
27430
27430
27431
27433
27435
27441
27442
27443
27445
27445
27446
27446
27447
27447
27451
27453
27455
27457
27457
27458
27458
27461
27464
27465
27466
27466
27467
27468
27468
27471
27471
27472
27473
27474
27475
27475
27476
27478
27478
27480
27482
27482
27483
27484
27487
27488
27488
27489
27490
27491
27491
27494
27495
27495
27497
27498
27499
27500
27500
27502
27502
27503
27503
27504
27504
27505
27505
27506
27506
27507
27507
27508
27509
27510
27510
27511
27512
27513
27514
27514
27515
27515
27520
27520
27520
27521
27521
27521
27524
27525
27530
27530
27530
27531
27532
27532
27532
27534
27536
27536
27536
27539
27541
27542
27542
27545
27545
27545
27547
27548
27549
27551
27551
27552
27553
27554
27555
27557
27557
27561
27562
27562
27562
27562
27563
27564
27564
27564
27565
27568
27568
27568
27569
27571
27571
27572
27574
27575
27576
27577
27580
27580
27585
27586
27587
27587
27587
27588
27589
27590
27590
27592
27594
27594
27594
27595
27596
27598
27602
27603
27606
27607
27607
27608
27608
27608
27610
27613
27613
27615
27619
27620
27620
27620
27620
27621
27623
27623
27623
27623
27623
27626
27627
27627
27630
27631
27632
27632
27633
27634
27634
27634
27635
27635
27637
27638
27639
27639
27640
27641
27641
27641
27642
27643
27644
27644
27644
27645
27645
27645
27646
27647
27647
27648
27648
27649
27650
27651
27653
27654
27655
27656
27657
27659
27662
27662
27663
27663
27664
27664
27665
27666
27666
27666
27668
27669
27670
27672
27674
27675
27675
27677
27678
27678
27679
27682
27685
27685
27688
27688
27689
27692
27694
27696
27696
27697
27697
27698
27698
27699
27699
27703
27706
27706
27707
27707
27709
27710
27711
27711
27712
27713
27713
27713
27715
27715
27716
27718
27719
27720
27720
27720
27720
27720
27721
27721
27725
27725
27725
27727
27728
27728
27728
27730
27731
27732
27733
27735
27735
27737
27739
27740
27741
27742
27742
27743
27743
27744
27750
27750
27750
27750
27751
27752
27752
27752
27752
27753
27754
27754
27757
27758
27758
27759
27759
27760
27761
27764
27766
27767
27768
27768
27770
27770
27770
27771
27772
27772
27775
27776
27778
27779
27780
27781
27781
27782
27782
27784
27786
27789
27789
27790
27791
27793
27794
27799
27801
27801
27801
27802
27803
27803
27803
27804
27806
27806
27806
27808
27809
27809
27811
27811
27811
27817
27818
27820
27820
27821
27822
27824
27824
27828
27828
27829
27830
27834
27836
27838
27839
27839
27839
27840
27842
27845
27845
27845
27847
27849
27849
27851
27851
27852
27852
27852
27852
27853
27854
27854
27855
27856
27856
27858
27858
27859
27860
27860
27863
27864
27864
27866
27867
27867
27868
27868
27869
27870
27870
27870
27871
27871
27872
27872
27874
27874
27876
27876
27876
27878
27878
27879
27881
27881
27882
27882
27883
27884
27884
27884
27886
27887
27887
27887
27889
27889
27890
27890
27893
27894
27895
27895
27895
27895
27896
27896
27898
27899
27899
27900
27901
27905
27906
27908
27911
27912
27912
27913
27914
27914
27916
27916
27916
27918
27919
27919
27919
27920
27920
27922
27922
27924
27925
27925
27927
27928
27929
27929
27929
27930
27931
27932
27934
27934
27935
27935
27935
27936
27938
27939
27939
27940
27940
27940
27941
27941
27941
27942
27942
27943
27948
27949
27950
27951
27953
27953
27957
27957
27957
27958
27960
27961
27963
27963
27965
27965
27965
27967
27967
27967
27967
27968
27968
27972
27973
27975
27975
27975
27975
27976
27981
27983
27983
27985
27985
27986
27987
27988
27989
27990
27990
27991
27991
27991
27991
27993
27995
27995
27995
28000
28001
28002
28004
28005
28005
28005
28005
28006
28006
28006
28006
28008
28008
28012
28013
28014
28017
28018
28018
28020
28020
28021
28021
28022
28022
28023
28024
28024
28024
28025
28030
28032
28032
28033
28033
28033
28035
28036
28037
28042
28043
28045
28045
28046
28047
28049
28050
28050
28050
28050
28051
28051
28052
28054
28057
28058
28059
28060
28060
28060
28064
28065
28066
28067
28069
28069
28071
28072
28073
28073
28075
28076
28077
28077
28080
28080
28082
28084
28085
28085
28087
28088
28089
28090
28091
28091
28091
28091
28091
28092
28093
28093
28094
28094
28096
28097
28100
28101
28102
28102
28104
28111
28114
28116
28117
28121
28121
28122
28122
28123
28124
28126
28128
28129
28130
28130
28135
28135
28136
28140
28140
28140
28141
28143
28147
28148
28148
28149
28149
28150
28150
28151
28151
28151
28152
28152
28153
28153
28153
28154
28154
28154
28155
28157
28159
28159
28159
28160
28160
28161
28162
28162
28166
28169
28169
28169
28172
28172
28172
28173
28174
28174
28176
28176
28179
28181
28181
28182
28182
28182
28183
28184
28186
28186
28186
28186
28187
28188
28189
28191
28191
28191
28192
28193
28193
28194
28195
28195
28195
28195
28196
28197
28198
28199
28201
28203
28203
28204
28205
28205
28205
28205
28209
28209
28209
28210
28210
28210
28210
28211
28211
28213
28214
28215
28217
28218
28221
28221
28225
28225
28225
28225
28226
28227
28228
28228
28229
28230
28230
28233
28233
28233
28233
28234
28234
28234
28235
28236
28237
28237
28237
28239
28239
28239
28239
28240
28240
28241
28241
28244
28244
28244
28246
28246
28251
28251
28255
28256
28261
28261
28262
28262
28262
28263
28264
28265
28266
28268
28270
28271
28273
28274
28275
28276
28276
28276
28279
28281
28282
28284
28285
28286
28287
28288
28288
28289
28289
28290
28290
28291
28293
28294
28300
28302
28302
28303
28303
28303
28308
28309
28311
28311
28313
28315
28317
28317
28317
28317
28317
28318
28318
28319
28321
28323
28324
28325
28325
28326
28330
28330
28330
28330
28330
28330
28331
28331
28332
28334
28336
28337
28338
28339
28340
28341
28342
28342
28342
28342
28343
28343
28344
28346
28347
28347
28347
28348
28351
28351
28352
28353
28354
28355
28359
28366
28366
28366
28367
28367
28367
28368
28368
28368
28370
28371
28371
28371
28372
28372
28372
28374
28374
28376
28378
28380
28387
28388
28389
28389
28389
28389
28394
28398
28398
28399
28400
28400
28401
28401
28403
28404
28405
28406
28407
28411
28411
28411
28413
28413
28414
28414
28414
28414
28419
28420
28421
28422
28422
28425
28426
28426
28426
28426
28428
28429
28429
28434
28434
28436
28437
28437
28437
28440
28441
28442
28443
28444
28446
28449
28449
28450
28451
28451
28451
28454
28455
28455
28459
28459
28460
28461
28463
28464
28464
28465
28467
28469
28470
28472
28473
28474
28478
28478
28479
28480
28481
28482
28485
28486
28489
28489
28489
28489
28491
28491
28491
28492
28492
28492
28497
28497
28498
28499
28500
28501
28501
28502
28503
28508
28510
28510
28510
28511
28511
28512
28514
28514
28514
28515
28515
28517
28519
28520
28521
28521
28525
28526
28526
28528
28529
28531
28531
28531
28532
28532
28532
28533
28533
28533
28533
28534
28534
28534
28534
28535
28536
28537
28539
28540
28540
28541
28542
28543
28546
28547
28547
28547
28548
28549
28550
28551
28551
28552
28553
28553
28554
28556
28556
28556
28557
28558
28558
28559
28561
28561
28564
28564
28565
28566
28567
28570
28572
28573
28574
28574
28575
28576
28577
28577
28578
28579
28579
28581
28581
28581
28584
28584
28584
28585
28586
28588
28588
28589
28589
28591
28592
28592
28592
28594
28594
28595
28596
28598
28599
28600
28600
28601
28601
28602
28602
28607
28608
28610
28613
28613
28614
28614
28615
28616
28616
28617
28617
28618
28619
28620
28620
28621
28622
28622
28624
28626
28626
28627
28628
28629
28630
28636
28636
28637
28638
28639
28641
28643
28643
28645
28645
28646
28647
28647
28648
28649
28652
28655
28657
28657
28660
28661
28661
28661
28662
28663
28663
28663
28664
28666
28666
28666
28667
28668
28668
28669
28669
28670
28670
28673
28674
28674
28676
28677
28678
28678
28679
28680
28681
28681
28684
28684
28685
28685
28687
28687
28694
28695
28695
28695
28696
28697
28698
28698
28698
28699
28700
28702
28702
28702
28703
28706
28708
28711
28711
28714
28716
28718
28719
28720
28720
28722
28723
28723
28724
28724
28725
28726
28727
28727
28728
28729
28730
28730
28730
28731
28732
28733
28733
28735
28735
28736
28736
28736
28736
28737
28737
28737
28738
28738
28740
28740
28740
28741
28741
28741
28742
28744
28744
28745
28746
28747
28748
28748
28748
28749
28750
28751
28751
28753
28756
28757
28758
28758
28758
28759
28760
28761
28762
28762
28767
28767
28769
28769
28770
28772
28772
28773
28776
28776
28777
28777
28777
28778
28778
28779
28779
28781
28785
28785
28785
28786
28786
28789
28790
28791
28791
28793
28793
28793
28793
28796
28796
28797
28797
28798
28798
28799
28799
28800
28802
28802
28803
28804
28805
28805
28805
28806
28807
28809
28809
28810
28811
28813
28814
28814
28815
28815
28815
28817
28817
28817
28818
28818
28818
28819
28819
28820
28820
28820
28821
28823
28823
28824
28825
28826
28827
28827
28828
28831
28832
28833
28833
28833
28834
28835
28835
28836
28836
28837
28839
28839
28839
28840
28841
28842
28846
28847
28848
28848
28849
28850
28851
28852
28852
28853
28856
28857
28858
28859
28859
28860
28861
28863
28864
28866
28867
28868
28869
28869
28870
28871
28872
28873
28876
28876
28882
28884
28884
28885
28886
28887
28888
28889
28889
28890
28890
28890
28891
28891
28892
28892
28892
28893
28893
28894
28894
28895
28895
28898
28898
28898
28899
28901
28902
28902
28903
28903
28903
28904
28905
28905
28905
28905
28909
28910
28911
28911
28913
28914
28914
28917
28919
28921
28921
28921
28922
28922
28923
28923
28923
28926
28927
28929
28931
28933
28936
28938
28939
28941
28942
28942
28943
28945
28947
28947
28948
28948
28949
28949
28949
28952
28953
28954
28955
28955
28957
28957
28958
28962
28962
28963
28965
28965
28967
28969
28972
28973
28975
28975
28975
28975
28976
28977
28978
28978
28980
28982
28982
28982
28982
28983
28983
28983
28984
28984
28987
28987
28989
28991
28994
28997
28997
28999
29000
29002
29002
29002
29003
29003
29005
29007
29008
29009
29009
29010
29011
29011
29012
29012
29015
29016
29016
29016
29018
29019
29021
29022
29023
29024
29025
29026
29027
29028
29029
29029
29029
29031
29031
29032
29033
29033
29034
29034
29035
29035
29038
29038
29040
29041
29041
29042
29044
29044
29045
29045
29046
29047
29049
29050
29051
29052
29052
29053
29054
29056
29056
29057
29058
29058
29059
29060
29060
29061
29062
29064
29064
29065
29067
29069
29070
29071
29072
29072
29074
29076
29077
29077
29078
29080
29080
29080
29081
29083
29084
29085
29086
29088
29088
29088
29089
29089
29089
29091
29091
29095
29096
29096
29097
29098
29099
29100
29101
29102
29102
29103
29104
29106
29106
29106
29106
29107
29107
29108
29108
29108
29109
29109
29111
29113
29119
29119
29120
29125
29126
29126
29126
29127
29127
29128
29128
29129
29129
29129
29130
29132
29132
29133
29134
29134
29137
29138
29139
29141
29142
29144
29145
29145
29145
29148
29149
29151
29151
29152
29153
29153
29153
29154
29154
29156
29157
29159
29159
29160
29161
29164
29165
29167
29168
29168
29168
29168
29172
29172
29173
29173
29174
29175
29176
29176
29176
29177
29178
29180
29182
29184
29190
29191
29192
29192
29193
29193
29193
29193
29196
29196
29197
29198
29198
29199
29200
29201
29203
29205
29205
29206
29208
29209
29209
29210
29212
29213
29213
29214
29214
29215
29215
29216
29217
29219
29219
29219
29219
29220
29220
29222
29222
29222
29223
29226
29228
29232
29232
29232
29234
29236
29238
29239
29239
29239
29240
29242
29242
29242
29242
29244
29244
29244
29244
29244
29247
29250
29250
29254
29254
29256
29256
29256
29259
29260
29260
29262
29262
29263
29265
29265
29266
29267
29268
29268
29270
29270
29271
29271
29271
29274
29274
29275
29275
29276
29276
29277
29278
29278
29280
29280
29281
29281
29282
29284
29284
29285
29285
29285
29285
29286
29288
29288
29289
29289
29290
29290
29291
29292
29294
29294
29295
29296
29297
29297
29299
29299
29302
29302
29304
29304
29304
29305
29307
29308
29308
29311
29311
29312
29313
29314
29315
29316
29316
29316
29316
29317
29318
29318
29318
29320
29320
29320
29321
29321
29322
29322
29323
29324
29324
29325
29325
29326
29326
29327
29328
29328
29328
29329
29331
29331
29332
29332
29333
29333
29333
29334
29334
29335
29336
29336
29337
29339
29339
29340
29341
29342
29342
29343
29345
29345
29345
29347
29347
29348
29348
29349
29349
29350
29353
29353
29353
29354
29355
29356
29356
29357
29358
29359
29361
29363
29366
29368
29369
29370
29370
29370
29372
29372
29373
29373
29373
29374
29375
29375
29376
29377
29379
29379
29381
29381
29384
29385
29386
29388
29390
29390
29394
29396
29397
29399
29399
29400
29403
29403
29404
29405
29405
29405
29406
29407
29407
29407
29413
29413
29414
29415
29415
29416
29417
29418
29420
29420
29421
29422
29423
29423
29423
29424
29424
29425
29425
29426
29427
29428
29429
29429
29431
29431
29431
29432
29432
29432
29433
29436
29436
29437
29438
29438
29439
29439
29439
29440
29440
29440
29441
29441
29441
29441
29442
29443
29443
29446
29447
29447
29447
29450
29451
29452
29452
29453
29454
29455
29456
29456
29456
29456
29458
29459
29460
29461
29461
29462
29462
29463
29463
29464
29464
29465
29466
29466
29466
29466
29467
29467
29470
29470
29471
29472
29472
29473
29473
29473
29474
29475
29476
29476
29478
29478
29482
29483
29484
29484
29485
29485
29485
29485
29485
29486
29487
29487
29487
29489
29490
29490
29491
29491
29491
29492
29493
29494
29494
29495
29495
29496
29496
29496
29497
29498
29498
29499
29500
29502
29504
29506
29508
29508
29510
29510
29515
29515
29516
29520
29520
29521
29522
29522
29523
29523
29523
29524
29524
29528
29529
29530
29534
29534
29535
29536
29536
29539
29540
29541
29541
29542
29542
29542
29542
29543
29545
29548
29548
29550
29550
29551
29553
29553
29553
29554
29555
29555
29556
29556
29558
29558
29559
29560
29561
29562
29563
29565
29565
29566
29566
29566
29567
29571
29571
29573
29573
29576
29579
29580
29581
29582
29583
29584
29589
29591
29591
29593
29593
29593
29594
29594
29596
29596
29597
29600
29600
29600
29604
29606
29611
29611
29612
29613
29613
29614
29617
29618
29619
29619
29619
29620
29620
29620
29621
29622
29622
29623
29623
29627
29627
29627
29629
29630
29631
29631
29633
29635
29638
29638
29638
29640
29641
29641
29641
29643
29644
29646
29647
29647
29647
29647
29649
29649
29650
29651
29651
29651
29652
29652
29653
29655
29656
29656
29657
29657
29662
29662
29664
29668
29668
29669
29670
29672
29674
29675
29676
29678
29678
29680
29680
29681
29681
29683
29684
29685
29685
29686
29687
29687
29688
29688
29689
29689
29690
29692
29693
29693
29693
29693
29695
29696
29697
29697
29699
29700
29701
29703
29704
29705
29706
29706
29706
29708
29709
29709
29712
29714
29714
29714
29714
29715
29716
29716
29717
29719
29720
29720
29720
29720
29720
29721
29721
29721
29722
29725
29725
29727
29733
29733
29733
29734
29735
29737
29737
29741
29744
29744
29744
29745
29746
29748
29748
29748
29750
29750
29750
29752
29754
29755
29755
29756
29758
29759
29760
29761
29761
29770
29770
29770
29771
29771
29772
29772
29773
29775
29776
29777
29778
29778
29778
29779
29780
29780
29780
29781
29781
29785
29785
29786
29786
29787
29790
29790
29791
29791
29791
29791
29793
29795
29797
29798
29799
29800
29802
29802
29802
29804
29805
29805
29806
29807
29807
29808
29808
29810
29810
29810
29811
29811
29811
29812
29812
29812
29812
29813
29815
29816
29817
29817
29818
29822
29822
29823
29824
29825
29827
29830
29831
29833
29835
29835
29835
29836
29836
29836
29836
29837
29838
29840
29841
29841
29842
29842
29848
29849
29851
29851
29852
29852
29853
29853
29854
29854
29856
29857
29859
29859
29860
29860
29860
29860
29861
29861
29861
29862
29863
29864
29864
29865
29865
29866
29868
29870
29870
29870
29873
29873
29874
29874
29874
29874
29874
29875
29876
29878
29879
29880
29882
29883
29883
29883
29887
29888
29889
29890
29890
29890
29891
29895
29895
29896
29898
29899
29900
29901
29903
29903
29903
29905
29908
29909
29911
29911
29911
29912
29914
29915
29917
29918
29921
29924
29925
29925
29926
29927
29929
29930
29931
29932
29933
29935
29936
29937
29937
29938
29938
29941
29945
29945
29945
29945
29947
29949
29950
29950
29950
29951
29951
29952
29952
29953
29954
29954
29955
29956
29957
29958
29958
29960
29961
29962
29962
29962
29964
29966
29966
29967
29968
29968
29968
29969
29970
29970
29971
29971
29972
29975
29976
29976
29978
29979
29979
29980
29980
29980
29980
29981
29984
29984
29984
29984
29986
29988
29988
29988
29988
29989
29989
29989
29989
29989
29990
29990
29995
29996
29997
29997
29997
29997
29998
30000
30003
30003
30005
30007
30007
30009
30011
30011
30013
30013
30014
30014
30015
30016
30018
30019
30020
30022
30022
30023
30024
30024
30025
30029
30030
30030
30030
30032
30033
30034
30035
30035
30036
30038
30038
30038
30040
30043
30044
30044
30044
30046
30046
30047
30047
30047
30048
30048
30049
30052
30052
30052
30056
30058
30058
30059
30061
30062
30062
30063
30065
30066
30066
30068
30069
30070
30073
30074
30075
30082
30082
30082
30082
30083
30084
30084
30087
30089
30090
30090
30092
30092
30095
30096
30097
30097
30099
30101
30102
30104
30104
30104
30105
30105
30106
30107
30109
30111
30111
30112
30113
30117
30117
30117
30119
30119
30121
30121
30124
30125
30126
30128
30128
30132
30133
30135
30137
30137
30140
30141
30141
30142
30142
30142
30143
30145
30145
30146
30148
30149
30149
30151
30151
30152
30153
30157
30158
30160
30160
30162
30164
30166
30166
30167
30169
30169
30170
30171
30172
30175
30175
30177
30178
30180
30180
30182
30184
30185
30185
30188
30194
30194
30196
30196
30196
30197
30198
30198
30199
30200
30200
30201
30201
30202
30204
30206
30207
30207
30208
30209
30209
30211
30212
30212
30213
30214
30216
30216
30217
30219
30219
30221
30222
30225
30226
30226
30227
30227
30228
30231
30231
30233
30234
30236
30239
30240
30244
30245
30246
30248
30249
30251
30251
30251
30251
30252
30252
30252
30253
30253
30254
30254
30257
30258
30258
30258
30259
30259
30260
30260
30263
30266
30267
30267
30267
30271
30271
30271
30272
30273
30276
30277
30280
30281
30282
30282
30283
30283
30284
30284
30285
30285
30286
30286
30287
30287
30289
30289
30291
30292
30292
30292
30292
30295
30298
30298
30299
30300
30301
30301
30301
30302
30302
30302
30304
30304
30304
30307
30307
30307
30308
30308
30310
30311
30311
30311
30312
30314
30315
30315
30317
30321
30322
30323
30328
30329
30329
30330
30330
30331
30331
30331
30332
30333
30333
30334
30335
30336
30337
30337
30338
30339
30340
30341
30342
30343
30343
30343
30343
30343
30344
30345
30346
30346
30348
30348
30350
30350
30351
30351
30353
30354
30355
30355
30357
30357
30358
30358
30359
30360
30361
30361
30363
30364
30365
30367
30372
30374
30375
30375
30375
30376
30376
30377
30378
30379
30381
30381
30381
30382
30382
30382
30383
30383
30384
30385
30386
30386
30387
30387
30392
30393
30393
30393
30393
30393
30396
30396
30396
30397
30401
30402
30402
30402
30404
30405
30406
30407
30408
30409
30411
30412
30413
30416
30417
30419
30419
30419
30420
30422
30423
30424
30427
30428
30429
30431
30432
30434
30434
30436
30436
30436
30437
30438
30440
30440
30441
30441
30443
30444
30446
30446
30447
30449
30449
30450
30450
30451
30452
30452
30452
30454
30455
30455
30456
30456
30456
30457
30459
30459
30460
30461
30463
30464
30465
30465
30466
30467
30467
30468
30468
30470
30471
30472
30472
30474
30474
30474
30474
30475
30475
30475
30476
30476
30477
30479
30480
30480
30482
30482
30483
30484
30485
30487
30488
30489
30489
30491
30493
30494
30495
30495
30497
30497
30498
30498
30498
30498
30501
30502
30502
30502
30505
30505
30506
30508
30508
30509
30512
30513
30515
30518
30519
30519
30520
30520
30521
30522
30522
30523
30523
30523
30524
30524
30525
30526
30526
30526
30526
30529
30529
30531
30532
30533
30535
30535
30536
30537
30537
30539
30541
30542
30543
30545
30547
30548
30549
30551
30552
30552
30553
30556
30559
30561
30561
30561
30562
30564
30565
30565
30566
30567
30568
30568
30571
30572
30573
30574
30575
30575
30577
30577
30579
30580
30581
30582
30584
30585
30588
30588
30588
30590
30591
30593
30593
30594
30594
30596
30596
30597
30597
30599
30599
30599
30599
30601
30602
30603
30603
30604
30605
30607
30608
30610
30610
30611
30612
30614
30615
30616
30617
30617
30617
30619
30620
30621
30621
30621
30622
30625
30627
30628
30628
30634
30639
30639
30640
30641
30643
30644
30645
30645
30645
30645
30646
30647
30647
30648
30650
30651
30652
30652
30652
30653
30654
30656
30656
30657
30658
30658
30659
30660
30662
30662
30666
30667
30668
30669
30669
30669
30669
30671
30675
30675
30676
30676
30677
30677
30678
30679
30679
30682
30683
30685
30686
30686
30688
30690
30690
30691
30691
30692
30692
30692
30694
30694
30694
30695
30695
30696
30696
30698
30698
30698
30702
30702
30703
30704
30704
30705
30706
30707
30707
30707
30707
30709
30709
30711
30712
30715
30716
30716
30716
30718
30720
30721
30722
30723
30724
30725
30726
30729
30729
30730
30730
30730
30731
30731
30732
30732
30732
30733
30734
30735
30735
30736
30736
30736
30738
30739
30739
30739
30740
30740
30741
30741
30742
30742
30743
30745
30745
30747
30747
30748
30748
30751
30751
30751
30751
30753
30755
30755
30755
30756
30758
30760
30761
30761
30763
30763
30764
30765
30765
30765
30766
30768
30768
30768
30768
30769
30769
30771
30773
30773
30774
30776
30779
30779
30780
30781
30782
30783
30783
30784
30786
30787
30787
30788
30789
30789
30789
30790
30790
30791
30792
30792
30792
30793
30794
30794
30794
30794
30798
30800
30800
30801
30801
30803
30804
30806
30807
30807
30811
30811
30812
30812
30814
30814
30814
30814
30817
30817
30818
30818
30818
30819
30821
30823
30823
30825
30825
30827
30828
30831
30832
30832
30832
30833
30834
30834
30835
30837
30837
30841
30842
30844
30846
30849
30849
30850
30850
30851
30852
30852
30853
30856
30857
30857
30857
30858
30860
30861
30862
30862
30864
30865
30865
30872
30875
30875
30876
30878
30881
30881
30882
30882
30883
30884
30885
30885
30885
30886
30889
30889
30890
30890
30892
30892
30893
30894
30894
30896
30897
30898
30898
30898
30899
30900
30900
30900
30901
30902
30902
30902
30902
30903
30903
30904
30906
30907
30907
30908
30908
30909
30910
30911
30912
30912
30912
30914
30914
30915
30919
30920
30921
30921
30921
30921
30923
30924
30927
30927
30928
30929
30930
30931
30931
30931
30932
30933
30933
30935
30936
30936
30937
30937
30937
30939
30939
30940
30940
30940
30941
30941
30942
30943
30943
30944
30947
30949
30950
30950
30951
30951
30952
30952
30954
30955
30956
30956
30956
30957
30957
30957
30959
30959
30960
30960
30962
30967
30967
30968
30968
30968
30968
30969
30970
30970
30971
30972
30972
30974
30975
30975
30975
30976
30977
30978
30978
30978
30980
30980
30981
30981
30981
30982
30983
30985
30988
30989
30989
30990
30991
30991
30992
30992
30996
30998
30998
31000
31001
31003
31003
31004
31007
31008
31008
31010
31011
31012
31015
31016
31017
31018
31019
31020
31020
31021
31021
31023
31023
31024
31024
31025
31030
31030
31034
31035
31035
31037
31038
31038
31038
31040
31040
31040
31042
31042
31043
31043
31045
31045
31045
31046
31047
31048
31048
31048
31048
31051
31052
31054
31055
31056
31056
31058
31058
31058
31059
31059
31059
31061
31061
31062
31066
31067
31068
31068
31068
31072
31072
31073
31073
31076
31076
31076
31077
31078
31079
31080
31080
31085
31085
31085
31085
31086
31087
31087
31087
31089
31089
31089
31089
31090
31090
31090
31091
31092
31094
31094
31095
31095
31096
31097
31100
31100
31101
31101
31101
31103
31103
31108
31109
31112
31113
31113
31113
31115
31118
31119
31120
31121
31122
31123
31123
31124
31125
31125
31126
31126
31126
31127
31127
31128
31128
31129
31130
31132
31136
31136
31136
31138
31139
31139
31140
31141
31141
31142
31142
31143
31145
31146
31151
31152
31152
31152
31153
31153
31153
31155
31155
31155
31157
31160
31162
31162
31163
31166
31166
31167
31168
31169
31169
31169
31170
31171
31172
31176
31178
31180
31181
31181
31183
31187
31188
31188
31188
31190
31192
31193
31198
31199
31199
31199
31200
31202
31203
31204
31205
31207
31208
31210
31211
31212
31212
31212
31213
31213
31213
31215
31216
31221
31221
31222
31225
31225
31226
31228
31228
31230
31230
31232
31233
31235
31235
31236
31236
31237
31237
31237
31238
31238
31240
31243
31244
31245
31245
31246
31246
31247
31249
31249
31252
31253
31253
31253
31254
31254
31254
31255
31255
31257
31258
31258
31260
31261
31263
31264
31264
31268
31269
31269
31269
31270
31270
31271
31271
31272
31273
31274
31275
31276
31277
31278
31278
31279
31281
31282
31282
31283
31285
31285
31286
31288
31288
31288
31289
31290
31291
31292
31293
31294
31294
31296
31298
31298
31299
31299
31299
31299
31300
31300
31302
31304
31305
31307
31307
31307
31307
31307
31311
31311
31313
31313
31313
31314
31315
31318
31319
31320
31320
31323
31323
31326
31326
31326
31327
31328
31328
31330
31333
31333
31333
31334
31337
31337
31337
31337
31340
31340
31340
31341
31341
31342
31342
31342
31343
31343
31345
31346
31347
31349
31350
31351
31353
31355
31356
31356
31358
31359
31362
31363
31363
31365
31369
31369
31371
31374
31375
31375
31375
31376
31376
31377
31377
31378
31379
31380
31381
31382
31382
31383
31383
31384
31385
31386
31386
31387
31388
31389
31389
31390
31390
31391
31392
31393
31394
31395
31395
31397
31398
31398
31398
31398
31399
31399
31401
31402
31402
31403
31403
31404
31405
31405
31405
31405
31406
31406
31408
31410
31413
31414
31415
31416
31416
31417
31418
31422
31423
31423
31423
31423
31424
31425
31425
31425
31428
31430
31432
31432
31432
31434
31436
31437
31437
31438
31439
31439
31439
31441
31441
31441
31442
31442
31443
31445
31446
31447
31448
31449
31450
31452
31452
31454
31455
31457
31457
31457
31460
31460
31461
31462
31462
31462
31463
31465
31465
31465
31466
31466
31468
31471
31472
31472
31473
31473
31474
31475
31475
31476
31477
31477
31479
31480
31481
31484
31486
31486
31487
31490
31493
31495
31495
31497
31497
31497
31497
31498
31499
31500
31501
31504
31506
31507
31510
31510
31513
31514
31516
31517
31517
31518
31518
31520
31522
31523
31526
31528
31529
31531
31532
31533
31534
31534
31535
31535
31536
31537
31537
31537
31538
31538
31538
31539
31540
31541
31541
31542
31543
31543
31543
31544
31544
31545
31547
31547
31547
31548
31549
31549
31549
31550
31551
31551
31552
31553
31553
31554
31555
31557
31557
31557
31557
31557
31558
31559
31559
31560
31562
31563
31563
31564
31565
31566
31566
31567
31568
31568
31572
31573
31573
31574
31574
31575
31575
31576
31582
31582
31582
31583
31584
31586
31589
31590
31591
31592
31594
31595
31596
31596
31598
31599
31602
31602
31602
31602
31604
31604
31606
31609
31612
31613
31616
31616
31616
31617
31622
31622
31623
31625
31626
31626
31628
31628
31628
31630
31630
31631
31632
31633
31634
31635
31635
31636
31636
31636
31637
31638
31640
31642
31643
31643
31644
31644
31646
31647
31648
31648
31650
31652
31653
31656
31657
31657
31658
31658
31658
31659
31659
31660
31661
31662
31663
31664
31666
31666
31667
31667
31670
31670
31671
31671
31672
31672
31675
31675
31676
31676
31678
31678
31679
31680
31682
31682
31682
31683
31684
31684
31685
31687
31688
31691
31694
31697
31697
31697
31699
31699
31700
31701
31705
31706
31709
31711
31711
31711
31711
31712
31712
31712
31713
31714
31715
31716
31719
31721
31723
31724
31724
31725
31725
31725
31725
31726
31727
31728
31729
31730
31730
31731
31734
31735
31736
31736
31736
31736
31738
31739
31739
31739
31741
31742
31742
31743
31744
31744
31744
31745
31746
31748
31749
31749
31750
31752
31753
31753
31753
31755
31755
31755
31755
31756
31756
31757
31758
31758
31759
31760
31760
31761
31762
31763
31763
31765
31765
31766
31766
31771
31772
31772
31773
31775
31775
31775
31778
31778
31781
31781
31782
31784
31786
31786
31787
31791
31792
31793
31793
31793
31794
31795
31797
31800
31801
31802
31803
31804
31808
31810
31811
31814
31816
31819
31820
31821
31821
31822
31822
31823
31826
31827
31828
31830
31830
31834
31835
31836
31836
31841
31841
31842
31842
31842
31843
31845
31848
31848
31848
31849
31850
31852
31856
31857
31857
31857
31858
31858
31858
31859
31859
31859
31861
31861
31862
31863
31863
31863
31867
31869
31869
31869
31870
31871
31871
31872
31873
31873
31873
31874
31874
31875
31876
31876
31877
31877
31878
31878
31879
31879
31880
31880
31881
31882
31883
31884
31886
31887
31889
31890
31890
31892
31892
31892
31893
31895
31896
31896
31896
31899
31899
31900
31901
31901
31901
31903
31904
31905
31905
31907
31908
31908
31911
31911
31912
31914
31916
31917
31917
31918
31918
31919
31920
31921
31921
31922
31923
31924
31926
31927
31927
31928
31928
31928
31928
31931
31931
31931
31932
31934
31935
31936
31938
31938
31939
31940
31940
31940
31940
31941
31941
31943
31944
31944
31946
31948
31949
31950
31954
31954
31954
31954
31955
31957
31958
31958
31961
31961
31962
31964
31965
31965
31967
31969
31973
31973
31976
31976
31977
31977
31978
31979
31979
31979
31980
31980
31983
31983
31983
31983
31984
31985
31985
31986
31987
31987
31988
31989
31990
31991
31992
31992
31992
31995
31996
31997
31998
31999
31999
32000
32000
32001
32001
32004
32007
32007
32007
32008
32011
32012
32012
32012
32013
32014
32014
32016
32017
32020
32021
32021
32021
32024
32026
32026
32026
32027
32028
32029
32029
32030
32030
32031
32035
32036
32036
32036
32038
32039
32040
32040
32041
32042
32043
32045
32046
32046
32046
32049
32049
32051
32052
32052
32052
32053
32053
32054
32055
32055
32055
32057
32058
32058
32058
32059
32061
32062
32063
32063
32063
32064
32065
32065
32067
32068
32068
32068
32069
32071
32071
32071
32072
32073
32075
32076
32076
32078
32078
32079
32082
32083
32084
32084
32084
32085
32085
32086
32086
32087
32088
32088
32089
32089
32090
32091
32092
32092
32092
32094
32095
32096
32097
32099
32100
32100
32100
32102
32102
32103
32104
32105
32105
32106
32106
32107
32107
32108
32109
32109
32109
32110
32110
32110
32113
32114
32114
32115
32115
32115
32116
32118
32119
32120
32120
32122
32122
32122
32122
32123
32123
32124
32124
32124
32126
32127
32127
32127
32127
32128
32130
32131
32132
32132
32133
32134
32134
32135
32136
32140
32141
32142
32143
32144
32145
32145
32145
32145
32147
32148
32148
32149
32149
32150
32150
32154
32154
32154
32155
32155
32155
32157
32157
32158
32159
32159
32160
32160
32160
32162
32162
32164
32164
32164
32166
32166
32169
32169
32169
32172
32172
32172
32173
32173
32175
32175
32177
32178
32178
32180
32181
32183
32185
32185
32185
32187
32189
32192
32192
32192
32193
32193
32196
32198
32199
32199
32201
32202
32202
32206
32210
32211
32211
32211
32212
32213
32217
32218
32220
32221
32223
32225
32225
32225
32227
32227
32227
32228
32229
32229
32230
32230
32230
32232
32235
32235
32236
32236
32236
32238
32240
32241
32241
32243
32244
32247
32247
32248
32250
32250
32250
32250
32252
32252
32254
32258
32260
32260
32263
32264
32265
32265
32266
32268
32269
32270
32270
32271
32272
32272
32273
32276
32277
32278
32280
32281
32282
32283
32284
32284
32285
32286
32286
32288
32290
32291
32292
32293
32296
32298
32298
32299
32300
32300
32300
32302
32303
32303
32303
32303
32304
32306
32306
32307
32308
32308
32309
32312
32312
32312
32313
32314
32315
32315
32316
32318
32318
32319
32320
32321
32322
32322
32322
32323
32324
32325
32326
32327
32327
32328
32331
32332
32333
32333
32333
32334
32335
32336
32336
32337
32338
32338
32339
32340
32340
32343
32345
32347
32348
32349
32349
32352
32352
32354
32356
32357
32358
32359
32360
32361
32361
32362
32363
32365
32367
32367
32368
32369
32370
32370
32371
32371
32373
32373
32374
32375
32376
32376
32378
32378
32379
32379
32381
32382
32382
32384
32384
32384
32384
32387
32389
32390
32397
32397
32399
32401
32402
32403
32403
32404
32406
32406
32409
32409
32410
32410
32411
32411
32412
32412
32413
32415
32415
32417
32417
32418
32418
32419
32419
32421
32421
32422
32424
32424
32424
32426
32426
32426
32430
32430
32431
32431
32433
32433
32433
32437
32438
32438
32440
32441
32441
32442
32445
32445
32446
32447
32449
32449
32450
32451
32452
32453
32454
32454
32455
32457
32458
32459
32459
32462
32462
32463
32463
32464
32465
32465
32466
32466
32470
32471
32471
32472
32473
32474
32474
32475
32476
32476
32476
32476
32479
32481
32482
32483
32484
32485
32486
32486
32488
32489
32491
32491
32491
32492
32492
32493
32494
32494
32496
32497
32497
32499
32501
32502
32505
32506
32506
32511
32511
32513
32515
32516
32516
32517
32518
32520
32520
32521
32521
32523
32524
32525
32526
32527
32527
32527
32528
32528
32528
32529
32532
32534
32535
32538
32539
32539
32540
32540
32541
32541
32543
32543
32548
32549
32550
32550
32551
32552
32552
32552
32553
32553
32554
32555
32555
32556
32556
32557
32558
32558
32558
32561
32562
32562
32563
32563
32564
32565
32565
32566
32566
32567
32569
32570
32571
32572
32572
32573
32573
32578
32578
32578
32580
32582
32582
32584
32584
32585
32588
32589
32590
32590
32590
32590
32591
32591
32591
32592
32592
32594
32594
32596
32597
32598
32600
32602
32602
32602
32602
32602
32602
32603
32604
32604
32605
32606
32607
32607
32607
32608
32608
32610
32612
32613
32614
32614
32615
32617
32618
32620
32621
32621
32622
32622
32623
32625
32627
32628
32629
32629
32629
32631
32632
32634
32635
32637
32640
32640
32644
32644
32647
32647
32647
32647
32650
32650
32651
32651
32651
32652
32652
32658
32659
32659
32664
32666
32667
32667
32667
32667
32668
32669
32670
32673
32674
32675
32675
32676
32677
32678
32679
32681
32682
32682
32682
32685
32685
32687
32688
32688
32688
32690
32691
32694
32694
32694
32695
32697
32698
32698
32698
32699
32701
32701
32701
32701
32705
32705
32706
32706
32707
32708
32709
32709
32710
32712
32712
32713
32713
32714
32714
32715
32719
32720
32721
32722
32725
32725
32731
32732
32733
32735
32736
32738
32740
32741
32744
32744
32744
32745
32745
32747
32749
32750
32750
32750
32753
32754
32755
32755
32756
32756
32758
32758
32759
32761
32761
32762
32765
32766
32767
32768
32770
32773
32774
32775
32775
32775
32777
32777
32778
32778
32779
32780
32780
32780
32781
32782
32783
32783
32783
32783
32786
32787
32787
32787
32787
32787
32789
32790
32790
32791
32793
32794
32794
32794
32794
32795
32795
32796
32797
32797
32798
32798
32802
32802
32803
32808
32809
32809
32810
32811
32811
32812
32812
32813
32814
32815
32815
32815
32815
32815
32817
32817
32820
32820
32821
32825
32827
32828
32831
32833
32834
32834
32835
32837
32839
32840
32841
32842
32842
32843
32844
32844
32845
32846
32846
32851
32853
32854
32854
32855
32855
32859
32861
32862
32863
32864
32865
32865
32866
32867
32867
32867
32869
32870
32872
32872
32873
32874
32875
32875
32875
32876
32876
32876
32877
32877
32878
32878
32879
32880
32882
32883
32883
32883
32885
32885
32886
32886
32887
32887
32887
32888
32888
32888
32888
32893
32907
32907
32907
32907
32908
32909
32909
32910
32911
32911
32913
32913
32915
32916
32917
32917
32918
32919
32920
32921
32922
32922
32924
32924
32924
32925
32926
32928
32929
32929
32930
32931
32934
32934
32934
32934
32936
32936
32938
32939
32940
32941
32941
32942
32944
32945
32945
32946
32946
32947
32947
32948
32949
32949
32949
32949
32951
32954
32957
32960
32961
32963
32964
32964
32965
32966
32968
32969
32969
32969
32969
32970
32973
32973
32974
32976
32976
32977
32978
32978
32978
32982
32982
32986
32987
32988
32989
32990
32992
32993
32993
32995
32997
32998
32998
33001
33001
33003
33004
33004
33005
33006
33007
33008
33008
33008
33009
33010
33010
33012
33014
33014
33016
33017
33017
33019
33020
33021
33021
33023
33024
33024
33025
33025
33025
33026
33026
33028
33028
33028
33028
33029
33029
33030
33031
33032
33034
33034
33036
33036
33038
33038
33040
33041
33043
33044
33044
33044
33046
33046
33047
33047
33048
33048
33048
33049
33052
33052
33052
33053
33055
33055
33057
33058
33058
33059
33062
33063
33063
33065
33065
33066
33066
33067
33067
33068
33068
33070
33070
33070
33072
33073
33073
33074
33074
33075
33076
33076
33077
33077
33078
33078
33079
33080
33081
33081
33081
33081
33083
33083
33083
33085
33085
33086
33086
33087
33087
33087
33087
33090
33090
33092
33094
33095
33095
33096
33097
33098
33098
33098
33100
33101
33103
33104
33104
33106
33108
33109
33111
33112
33113
33115
33116
33116
33116
33117
33118
33120
33120
33120
33120
33121
33121
33122
33122
33124
33125
33128
33128
33128
33129
33130
33130
33131
33131
33132
33134
33135
33135
33137
33138
33139
33139
33140
33140
33141
33143
33143
33145
33145
33146
33146
33147
33150
33151
33151
33152
33152
33153
33154
33154
33154
33155
33155
33156
33156
33156
33156
33160
33161
33161
33163
33163
33164
33165
33165
33165
33166
33167
33171
33172
33172
33173
33173
33175
33176
33178
33178
33179
33181
33182
33183
33183
33183
33184
33186
33186
33186
33187
33188
33189
33192
33193
33196
33196
33197
33197
33199
33201
33201
33202
33204
33206
33206
33206
33207
33213
33217
33218
33219
33220
33221
33222
33223
33223
33226
33226
33228
33228
33228
33229
33229
33230
33230
33230
33233
33233
33233
33234
33235
33235
33237
33238
33238
33238
33239
33241
33242
33243
33245
33245
33246
33248
33248
33248
33249
33252
33252
33252
33252
33253
33255
33256
33258
33260
33261
33261
33262
33263
33264
33265
33265
33266
33267
33268
33269
33270
33270
33272
33272
33273
33273
33274
33274
33275
33276
33276
33277
33278
33280
33280
33281
33282
33283
33283
33283
33285
33287
33291
33291
33292
33293
33293
33294
33294
33294
33294
33296
33296
33297
33297
33297
33298
33298
33300
33302
33305
33306
33309
33311
33311
33316
33318
33319
33319
33320
33322
33323
33324
33325
33325
33326
33330
33330
33330
33331
33331
33332
33333
33333
33333
33333
33334
33334
33335
33337
33339
33341
33341
33344
33345
33347
33348
33348
33348
33349
33349
33350
33350
33351
33354
33354
33358
33358
33360
33360
33362
33362
33363
33363
33363
33364
33365
33365
33366
33368
33369
33369
33370
33370
33370
33371
33372
33372
33375
33375
33376
33377
33377
33378
33379
33380
33380
33381
33382
33383
33384
33384
33385
33385
33385
33386
33386
33387
33388
33388
33389
33389
33389
33390
33390
33390
33392
33398
33399
33401
33402
33403
33404
33404
33405
33405
33405
33406
33406
33406
33407
33408
33408
33409
33409
33411
33412
33412
33412
33412
33413
33413
33416
33418
33418
33419
33420
33422
33426
33427
33428
33430
33430
33430
33431
33432
33437
33441
33442
33442
33444
33444
33445
33446
33447
33447
33447
33448
33448
33449
33450
33454
33456
33456
33456
33457
33458
33458
33458
33459
33459
33461
33461
33461
33461
33462
33462
33463
33464
33467
33468
33468
33470
33471
33472
33472
33472
33473
33475
33476
33476
33478
33479
33480
33480
33481
33481
33482
33483
33485
33487
33490
33493
33494
33495
33498
33500
33501
33502
33503
33504
33506
33509
33509
33510
33513
33514
33514
33516
33516
33516
33517
33518
33518
33518
33520
33522
33523
33524
33525
33526
33527
33531
33532
33533
33533
33535
33536
33538
33538
33540
33540
33540
33541
33541
33542
33543
33543
33544
33545
33546
33547
33548
33549
33550
33550
33551
33552
33554
33555
33556
33556
33557
33558
33559
33560
33560
33560
33562
33563
33564
33564
33564
33565
33566
33566
33567
33567
33568
33569
33569
33571
33571
33573
33573
33573
33574
33576
33578
33578
33579
33579
33580
33581
33582
33582
33583
33585
33585
33585
33586
33586
33589
33589
33593
33596
33596
33599
33603
33603
33604
33604
33604
33605
33607
33607
33609
33609
33609
33610
33611
33612
33612
33614
33615
33616
33617
33617
33619
33619
33620
33620
33621
33622
33624
33628
33628
33629
33631
33632
33632
33632
33633
33633
33633
33633
33634
33634
33635
33639
33642
33642
33643
33646
33648
33648
33649
33649
33649
33650
33650
33656
33657
33657
33658
33658
33659
33659
33662
33664
33666
33670
33670
33670
33671
33672
33672
33672
33674
33674
33674
33677
33677
33677
33677
33679
33679
33681
33682
33682
33682
33686
33687
33688
33689
33690
33691
33692
33692
33692
33693
33694
33695
33695
33698
33699
33700
33700
33701
33702
33702
33703
33704
33705
33705
33706
33706
33707
33708
33711
33711
33715
33716
33717
33718
33718
33721
33722
33724
33724
33725
33725
33728
33728
33728
33732
33732
33734
33735
33736
33738
33740
33743
33744
33748
33748
33749
33751
33752
33753
33755
33756
33756
33757
33757
33760
33760
33762
33763
33764
33764
33767
33768
33768
33768
33769
33771
33771
33771
33773
33774
33775
33776
33776
33777
33777
33777
33779
33779
33779
33779
33781
33782
33784
33784
33784
33785
33785
33787
33787
33789
33792
33792
33793
33794
33794
33799
33799
33800
33802
33803
33803
33805
33805
33806
33806
33809
33809
33810
33811
33812
33812
33813
33813
33813
33813
33814
33814
33815
33817
33817
33817
33819
33819
33823
33823
33824
33824
33825
33826
33826
33826
33827
33828
33829
33831
33831
33834
33836
33837
33838
33839
33839
33841
33841
33843
33844
33844
33846
33846
33847
33851
33852
33853
33854
33855
33856
33857
33857
33858
33858
33858
33859
33860
33864
33866
33866
33866
33867
33868
33869
33870
33870
33871
33871
33873
33874
33875
33875
33876
33878
33879
33879
33880
33881
33882
33884
33884
33885
33886
33886
33887
33889
33889
33889
33890
33891
33892
33892
33893
33893
33894
33896
33896
33897
33900
33901
33901
33902
33902
33902
33903
33904
33904
33904
33908
33908
33910
33911
33911
33911
33911
33912
33913
33914
33914
33915
33915
33918
33919
33920
33920
33921
33921
33922
33922
33923
33923
33924
33925
33925
33928
33929
33929
33930
33930
33931
33932
33935
33935
33935
33936
33936
33938
33941
33941
33941
33941
33942
33942
33943
33943
33945
33945
33949
33949
33950
33950
33952
33952
33953
33953
33953
33953
33954
33954
33955
33956
33957
33958
33958
33960
33962
33962
33962
33962
33963
33964
33964
33965
33965
33966
33969
33970
33970
33971
33973
33976
33976
33977
33977
33977
33978
33979
33981
33982
33982
33982
33983
33984
33985
33987
33988
33988
33988
33989
33989
33989
33990
33990
33990
33990
33992
33992
33995
33995
33995
33998
33999
34001
34002
34003
34004
34008
34009
34009
34011
34013
34013
34013
34014
34014
34016
34016
34017
34017
34018
34019
34020
34020
34021
34022
34022
34022
34023
34024
34025
34026
34028
34030
34031
34031
34033
34033
34034
34036
34036
34037
34037
34038
34039
34039
34042
34043
34044
34045
34045
34045
34045
34047
34048
34051
34051
34054
34055
34056
34056
34056
34057
34058
34059
34060
34062
34064
34065
34066
34066
34066
34067
34068
34068
34069
34069
34070
34070
34071
34071
34074
34077
34077
34078
34080
34081
34081
34082
34083
34086
34087
34089
34089
34090
34090
34090
34093
34094
34095
34095
34095
34096
34096
34097
34099
34101
34102
34102
34104
34105
34106
34106
34107
34112
34113
34116
34117
34118
34118
34119
34119
34121
34121
34122
34123
34126
34129
34130
34132
34134
34137
34139
34140
34141
34142
34143
34144
34144
34145
34145
34146
34147
34149
34150
34150
34154
34154
34154
34154
34155
34155
34157
34157
34157
34157
34158
34159
34159
34163
34164
34164
34165
34166
34166
34168
34170
34171
34172
34173
34174
34175
34177
34178
34179
34180
34180
34182
34183
34183
34184
34185
34186
34187
34188
34191
34195
34197
34198
34198
34199
34200
34200
34200
34202
34203
34203
34204
34205
34206
34207
34210
34210
34211
34213
34214
34214
34215
34217
34218
34219
34219
34220
34221
34221
34221
34224
34227
34227
34227
34227
34228
34229
34231
34232
34232
34233
34234
34234
34236
34237
34238
34239
34240
34241
34244
34244
34244
34245
34247
34249
34249
34252
34253
34257
34258
34258
34258
34259
34259
34260
34260
34261
34262
34262
34263
34264
34264
34264
34265
34266
34267
34267
34269
34270
34272
34273
34274
34275
34278
34279
34280
34281
34283
34284
34285
34286
34286
34287
34288
34289
34290
34291
34292
34293
34293
34294
34295
34295
34296
34297
34298
34299
34301
34301
34301
34301
34302
34302
34302
34302
34304
34304
34304
34305
34306
34306
34307
34307
34307
34308
34308
34309
34309
34310
34311
34311
34312
34312
34313
34314
34316
34316
34317
34318
34320
34320
34321
34323
34324
34324
34326
34326
34327
34328
34331
34331
34332
34333
34334
34335
34336
34337
34337
34337
34338
34339
34339
34341
34341
34344
34344
34346
34347
34348
34348
34349
34350
34350
34350
34350
34355
34356
34356
34357
34357
34357
34357
34358
34359
34360
34361
34361
34362
34362
34363
34364
34364
34365
34366
34367
34367
34369
34370
34370
34373
34374
34374
34375
34377
34378
34378
34378
34379
34379
34379
34380
34380
34381
34383
34383
34384
34384
34385
34385
34387
34387
34391
34393
34393
34394
34396
34396
34397
34398
34400
34400
34404
34405
34406
34406
34406
34407
34407
34407
34408
34408
34411
34411
34412
34412
34413
34414
34414
34415
34418
34418
34418
34420
34421
34422
34422
34422
34423
34424
34424
34426
34428
34430
34433
34438
34438
34439
34439
34439
34440
34442
34442
34444
34445
34445
34448
34449
34451
34451
34452
34452
34453
34454
34455
34456
34458
34460
34461
34461
34464
34466
34467
34467
34469
34471
34471
34472
34472
34472
34473
34474
34475
34476
34477
34477
34478
34481
34482
34483
34483
34484
34484
34486
34486
34488
34490
34490
34492
34493
34494
34496
34496
34497
34497
34497
34499
34500
34501
34501
34501
34501
34502
34503
34503
34504
34505
34505
34508
34509
34513
34513
34514
34514
34516
34518
34519
34521
34521
34523
34525
34525
34525
34526
34526
34527
34527
34528
34529
34529
34531
34531
34532
34534
34534
34535
34536
34536
34538
34538
34538
34539
34539
34540
34540
34540
34540
34541
34541
34542
34542
34547
34549
34551
34553
34554
34554
34557
34557
34557
34558
34559
34562
34562
34562
34562
34563
34563
34564
34567
34567
34568
34569
34570
34570
34571
34571
34572
34573
34573
34574
34579
34579
34579
34581
34581
34581
34582
34586
34586
34586
34587
34588
34589
34590
34593
34596
34597
34597
34598
34598
34600
34601
34603
34603
34604
34604
34605
34605
34606
34606
34608
34610
34610
34611
34611
34612
34612
34613
34614
34614
34615
34616
34617
34617
34618
34619
34621
34627
34628
34629
34630
34630
34632
34634
34636
34637
34638
34639
34640
34641
34645
34647
34647
34648
34650
34651
34651
34651
34653
34654
34657
34657
34657
34658
34659
34661
34662
34664
34664
34665
34668
34672
34673
34673
34675
34675
34675
34676
34677
34679
34680
34680
34681
34681
34682
34683
34684
34684
34684
34685
34686
34686
34687
34688
34689
34689
34689
34692
34693
34694
34694
34695
34695
34696
34696
34698
34700
34701
34701
34707
34708
34709
34711
34711
34714
34715
34715
34716
34716
34718
34718
34720
34720
34721
34721
34721
34721
34722
34724
34725
34726
34727
34727
34728
34728
34730
34730
34732
34732
34733
34733
34736
34736
34736
34737
34737
34737
34737
34738
34739
34739
34740
34741
34743
34743
34744
34746
34747
34748
34748
34749
34749
34751
34752
34753
34758
34759
34760
34761
34761
34763
34764
34764
34768
34769
34769
34771
34772
34776
34776
34777
34777
34778
34779
34780
34781
34782
34782
34782
34783
34785
34787
34788
34789
34790
34790
34791
34792
34792
34792
34793
34795
34795
34798
34799
34799
34799
34800
34801
34801
34802
34803
34805
34805
34808
34808
34808
34811
34812
34813
34813
34814
34815
34815
34818
34818
34821
34822
34826
34827
34829
34830
34830
34831
34832
34832
34834
34834
34835
34837
34838
34839
34840
34841
34843
34844
34845
34846
34847
34849
34850
34851
34852
34854
34854
34854
34855
34855
34856
34857
34859
34861
34866
34867
34868
34869
34870
34871
34874
34874
34874
34875
34876
34878
34879
34879
34880
34883
34885
34886
34887
34888
34889
34890
34891
34891
34891
34894
34895
34896
34896
34898
34899
34899
34899
34900
34901
34902
34903
34903
34904
34904
34904
34904
34905
34905
34907
34910
34911
34911
34912
34914
34915
34916
34917
34920
34920
34921
34922
34922
34923
34924
34925
34926
34926
34926
34927
34927
34929
34931
34931
34932
34933
34934
34936
34938
34941
34941
34943
34944
34944
34945
34945
34945
34947
34950
34950
34951
34952
34952
34955
34955
34957
34958
34960
34961
34964
34965
34967
34967
34969
34971
34971
34974
34975
34975
34979
34979
34981
34981
34984
34985
34986
34986
34986
34986
34987
34989
34991
34992
34995
34997
34998
34998
34999
34999
35000
35001
35002
35004
35004
35005
35007
35007
35008
35009
35010
35011
35012
35013
35013
35016
35016
35017
35019
35019
35019
35021
35022
35023
35025
35025
35025
35026
35027
35027
35030
35031
35031
35032
35034
35034
35036
35039
35039
35039
35040
35040
35040
35040
35041
35042
35043
35043
35043
35045
35045
35046
35047
35047
35048
35048
35048
35050
35050
35051
35053
35054
35054
35055
35055
35056
35056
35058
35058
35058
35060
35060
35061
35061
35061
35062
35064
35064
35066
35066
35066
35067
35069
35071
35072
35073
35074
35079
35079
35079
35080
35080
35081
35082
35083
35084
35085
35085
35087
35088
35088
35089
35090
35091
35092
35093
35094
35097
35097
35097
35098
35099
35099
35100
35100
35102
35106
35106
35106
35108
35108
35110
35110
35112
35112
35117
35120
35121
35122
35122
35122
35123
35123
35124
35125
35126
35126
35127
35128
35129
35130
35132
35133
35133
35135
35136
35136
35137
35137
35138
35138
35138
35142
35142
35144
35146
35147
35149
35149
35149
35152
35152
35154
35154
35155
35156
35157
35157
35157
35158
35158
35159
35160
35160
35162
35162
35164
35164
35167
35167
35168
35168
35169
35169
35169
35170
35170
35171
35171
35171
35171
35175
35178
35182
35183
35184
35185
35188
35190
35190
35193
35193
35194
35195
35195
35199
35200
35200
35201
35202
35202
35203
35203
35206
35206
35207
35208
35208
35208
35209
35209
35210
35210
35210
35212
35214
35215
35215
35216
35216
35216
35217
35217
35219
35220
35220
35226
35226
35227
35227
35227
35227
35229
35230
35231
35232
35234
35236
35236
35237
35240
35241
35241
35245
35245
35245
35246
35247
35248
35249
35249
35250
35251
35252
35252
35253
35254
35255
35255
35255
35256
35257
35258
35260
35260
35260
35261
35261
35262
35263
35263
35264
35265
35266
35267
35268
35270
35270
35272
35272
35273
35275
35276
35277
35278
35279
35280
35281
35287
35288
35288
35290
35291
35292
35293
35294
35294
35295
35299
35300
35301
35301
35304
35306
35308
35308
35309
35309
35312
35312
35313
35313
35314
35314
35314
35317
35318
35319
35321
35322
35323
35324
35324
35326
35330
35332
35333
35335
35335
35335
35335
35336
35338
35338
35339
35341
35342
35346
35346
35347
35349
35352
35355
35358
35358
35360
35363
35364
35366
35366
35368
35368
35369
35370
35372
35372
35374
35375
35375
35376
35377
35378
35378
35378
35379
35380
35380
35381
35381
35383
35383
35384
35386
35386
35388
35389
35392
35393
35393
35394
35395
35396
35396
35397
35397
35397
35398
35398
35399
35399
35400
35400
35401
35403
35404
35404
35404
35407
35407
35410
35411
35412
35412
35415
35418
35419
35419
35419
35420
35420
35420
35421
35422
35423
35423
35424
35425
35428
35428
35429
35429
35430
35430
35431
35432
35433
35434
35435
35435
35437
35440
35441
35442
35442
35442
35443
35444
35444
35445
35446
35446
35447
35448
35449
35449
35450
35450
35450
35450
35453
35453
35460
35462
35463
35463
35466
35466
35466
35468
35468
35470
35471
35472
35473
35473
35473
35474
35474
35475
35476
35478
35478
35479
35482
35482
35482
35484
35484
35485
35487
35488
35490
35490
35490
35490
35492
35492
35493
35498
35500
35500
35502
35502
35503
35503
35503
35504
35504
35505
35505
35506
35506
35506
35507
35507
35507
35507
35508
35508
35510
35511
35511
35512
35513
35513
35514
35522
35522
35522
35523
35523
35523
35524
35525
35526
35527
35527
35530
35530
35530
35531
35531
35531
35531
35532
35533
35533
35535
35535
35536
35536
35537
35537
35537
35538
35541
35542
35543
35544
35545
35548
35549
35549
35549
35549
35550
35552
35553
35553
35553
35554
35554
35555
35556
35557
35558
35561
35561
35564
35565
35565
35565
35565
35567
35568
35571
35571
35572
35572
35573
35574
35576
35577
35578
35578
35580
35580
35582
35584
35584
35584
35585
35587
35588
35588
35588
35589
35591
35592
35592
35593
35593
35595
35596
35596
35597
35599
35599
35601
35601
35601
35603
35603
35606
35607
35608
35609
35611
35613
35613
35613
35614
35615
35615
35616
35616
35617
35619
35619
35619
35620
35621
35625
35626
35626
35628
35628
35629
35630
35630
35631
35635
35635
35636
35637
35639
35640
35641
35641
35641
35641
35642
35644
35644
35645
35645
35646
35647
35647
35648
35649
35650
35651
35653
35655
35659
35659
35660
35661
35664
35666
35668
35668
35668
35668
35671
35671
35672
35672
35672
35672
35673
35674
35674
35675
35676
35678
35679
35680
35681
35683
35685
35688
35689
35690
35690
35690
35691
35696
35697
35697
35698
35698
35698
35699
35700
35703
35708
35709
35709
35709
35710
35710
35711
35711
35712
35712
35712
35713
35713
35714
35714
35714
35715
35715
35718
35718
35719
35721
35723
35723
35725
35727
35727
35728
35728
35729
35730
35731
35732
35735
35736
35736
35737
35738
35738
35739
35739
35739
35740
35740
35741
35741
35742
35743
35743
35748
35748
35750
35751
35752
35753
35753
35753
35755
35757
35760
35761
35762
35763
35764
35764
35767
35768
35768
35769
35770
35771
35772
35772
35772
35773
35775
35778
35778
35780
35781
35781
35783
35784
35785
35785
35786
35786
35788
35788
35791
35793
35793
35795
35795
35795
35797
35798
35799
35801
35802
35802
35804
35804
35805
35805
35805
35806
35806
35808
35809
35809
35810
35811
35811
35812
35812
35813
35814
35814
35814
35814
35815
35815
35816
35816
35817
35817
35817
35819
35819
35820
35822
35822
35822
35823
35823
35824
35826
35826
35826
35828
35831
35832
35832
35834
35835
35835
35836
35840
35840
35841
35843
35843
35843
35843
35845
35845
35847
35847
35848
35848
35849
35851
35853
35855
35856
35857
35858
35859
35860
35861
35862
35864
35865
35868
35868
35868
35868
35869
35872
35872
35873
35873
35874
35874
35875
35877
35878
35878
35878
35879
35883
35883
35883
35883
35884
35886
35889
35889
35890
35890
35890
35892
35892
35893
35893
35893
35894
35895
35896
35897
35898
35899
35900
35901
35903
35904
35905
35906
35908
35909
35909
35909
35909
35910
35910
35910
35912
35913
35915
35916
35916
35917
35917
35917
35918
35919
35920
35920
35920
35921
35924
35925
35926
35927
35929
35931
35931
35932
35933
35936
35936
35937
35939
35939
35944
35946
35946
35948
35949
35952
35954
35954
35956
35960
35962
35962
35963
35964
35966
35966
35968
35968
35968
35970
35972
35972
35972
35972
35973
35974
35980
35980
35981
35981
35983
35983
35983
35984
35986
35987
35990
35990
35991
35996
35997
35998
36003
36003
36004
36004
36007
36007
36007
36007
36008
36009
36011
36011
36012
36012
36015
36015
36018
36019
36019
36020
36021
36021
36021
36022
36026
36026
36027
36028
36029
36031
36031
36034
36036
36040
36040
36040
36041
36041
36047
36048
36048
36048
36053
36053
36056
36056
36057
36057
36058
36058
36058
36058
36060
36061
36061
36061
36065
36066
36069
36070
36070
36070
36072
36075
36075
36075
36075
36076
36076
36076
36077
36078
36080
36080
36080
36081
36084
36085
36085
36086
36086
36087
36088
36090
36091
36091
36092
36094
36096
36098
36099
36099
36100
36102
36102
36103
36104
36104
36106
36106
36107
36107
36109
36110
36114
36116
36117
36117
36117
36118
36119
36120
36121
36121
36121
36124
36127
36128
36132
36132
36134
36136
36139
36140
36140
36140
36143
36146
36148
36149
36149
36150
36151
36152
36153
36154
36155
36160
36161
36162
36165
36165
36165
36165
36166
36168
36168
36168
36169
36171
36171
36171
36173
36173
36173
36173
36175
36176
36176
36177
36177
36178
36179
36180
36180
36181
36182
36184
36185
36188
36189
36190
36190
36191
36192
36194
36195
36195
36195
36197
36198
36201
36203
36203
36205
36206
36207
36208
36208
36208
36210
36211
36211
36212
36213
36214
36216
36216
36221
36221
36221
36222
36223
36226
36228
36228
36229
36229
36230
36230
36230
36230
36232
36232
36232
36233
36235
36235
36235
36236
36236
36237
36239
36239
36239
36239
36241
36246
36248
36249
36249
36252
36254
36254
36257
36258
36259
36260
36264
36265
36266
36267
36267
36268
36269
36269
36270
36271
36271
36272
36274
36274
36275
36275
36276
36276
36277
36277
36278
36278
36279
36280
36281
36281
36283
36285
36286
36290
36291
36293
36294
36295
36295
36297
36297
36298
36299
36300
36301
36302
36303
36304
36304
36304
36305
36306
36307
36307
36307
36309
36313
36315
36315
36316
36317
36318
36319
36320
36322
36323
36323
36325
36325
36329
36330
36333
36334
36337
36337
36341
36342
36343
36345
36345
36345
36346
36347
36347
36347
36347
36349
36351
36352
36354
36355
36359
36362
36362
36364
36364
36365
36367
36367
36368
36369
36369
36369
36369
36371
36374
36376
36376
36377
36377
36378
36379
36379
36379
36380
36381
36383
36384
36384
36386
36386
36387
36390
36392
36397
36398
36400
36400
36401
36402
36404
36404
36406
36408
36409
36410
36410
36415
36415
36415
36417
36418
36420
36424
36425
36425
36425
36426
36428
36431
36431
36432
36433
36433
36434
36434
36436
36436
36437
36438
36441
36443
36443
36444
36444
36445
36445
36446
36447
36449
36450
36450
36450
36451
36451
36453
36454
36455
36455
36456
36458
36458
36458
36459
36461
36461
36461
36462
36462
36462
36462
36463
36465
36466
36466
36467
36467
36468
36470
36470
36471
36471
36471
36473
36473
36473
36473
36475
36476
36477
36477
36478
36479
36480
36483
36483
36483
36483
36483
36483
36484
36484
36487
36490
36492
36493
36493
36495
36496
36497
36499
36500
36502
36503
36504
36504
36505
36506
36506
36507
36508
36508
36508
36510
36510
36515
36515
36516
36516
36517
36517
36517
36519
36519
36520
36523
36523
36523
36525
36525
36525
36525
36525
36527
36528
36528
36530
36533
36536
36537
36537
36537
36538
36539
36541
36542
36543
36543
36543
36543
36544
36545
36545
36547
36547
36548
36549
36550
36550
36551
36551
36553
36553
36554
36554
36556
36556
36556
36560
36560
36560
36562
36562
36565
36565
36566
36567
36567
36569
36569
36570
36570
36570
36572
36573
36576
36576
36578
36581
36582
36582
36582
36583
36583
36584
36584
36586
36588
36588
36589
36589
36589
36590
36591
36591
36592
36593
36595
36596
36598
36598
36599
36599
36599
36599
36600
36600
36601
36602
36602
36603
36605
36605
36606
36607
36607
36608
36609
36610
36610
36611
36612
36612
36614
36616
36617
36617
36617
36618
36621
36621
36622
36623
36626
36627
36628
36630
36630
36631
36634
36634
36635
36636
36637
36637
36638
36638
36639
36639
36640
36642
36642
36644
36646
36648
36648
36649
36650
36651
36651
36653
36653
36654
36655
36656
36656
36657
36657
36658
36659
36660
36664
36666
36666
36667
36667
36667
36668
36668
36670
36671
36671
36671
36672
36672
36674
36674
36675
36677
36678
36678
36678
36678
36679
36679
36681
36681
36682
36682
36684
36685
36686
36687
36688
36688
36689
36690
36691
36691
36691
36692
36692
36693
36694
36694
36694
36695
36696
36699
36699
36700
36700
36700
36703
36704
36704
36704
36706
36707
36707
36708
36709
36709
36709
36710
36711
36711
36713
36715
36716
36717
36719
36720
36720
36722
36722
36724
36725
36725
36725
36725
36726
36726
36727
36728
36728
36729
36729
36729
36729
36730
36731
36732
36732
36732
36732
36733
36738
36738
36747
36748
36748
36749
36750
36751
36751
36751
36752
36753
36754
36755
36758
36761
36763
36765
36765
36766
36766
36767
36768
36768
36771
36772
36773
36773
36775
36775
36778
36779
36779
36781
36782
36786
36786
36786
36786
36788
36789
36793
36793
36795
36796
36796
36796
36797
36798
36798
36798
36799
36799
36802
36803
36803
36806
36807
36807
36807
36808
36808
36809
36809
36810
36811
36812
36814
36814
36814
36815
36816
36818
36818
36819
36819
36819
36820
36821
36824
36825
36825
36828
36832
36832
36832
36833
36835
36835
36837
36837
36838
36838
36840
36841
36842
36842
36845
36848
36848
36850
36850
36853
36853
36855
36855
36856
36857
36857
36858
36858
36858
36858
36861
36862
36864
36865
36866
36867
36868
36869
36870
36872
36874
36875
36875
36880
36880
36880
36882
36883
36883
36884
36885
36886
36886
36888
36888
36890
36891
36894
36895
36895
36897
36898
36898
36898
36900
36901
36901
36902
36902
36903
36903
36903
36905
36905
36907
36907
36907
36908
36910
36912
36912
36913
36914
36914
36916
36916
36916
36918
36918
36919
36921
36922
36924
36924
36926
36927
36928
36930
36930
36930
36931
36932
36934
36934
36935
36936
36937
36937
36939
36941
36943
36945
36945
36946
36953
36957
36960
36960
36961
36961
36963
36963
36963
36963
36963
36966
36966
36967
36967
36967
36967
36967
36968
36971
36972
36972
36972
36974
36975
36977
36977
36978
36979
36981
36984
36985
36987
36987
36987
36988
36988
36992
36992
36994
36995
36995
36995
36995
36997
36997
36998
36998
36998
36999
37000
37002
37003
37006
37006
37006
37011
37011
37012
37012
37014
37014
37014
37015
37017
37020
37022
37023
37023
37024
37025
37025
37026
37027
37027
37027
37027
37028
37030
37031
37031
37033
37033
37033
37035
37035
37035
37036
37036
37037
37039
37039
37039
37039
37040
37041
37042
37042
37042
37042
37043
37043
37043
37043
37043
37044
37046
37046
37046
37046
37048
37048
37048
37049
37052
37052
37055
37055
37056
37056
37056
37057
37058
37060
37061
37062
37064
37065
37067
37068
37069
37070
37070
37072
37074
37075
37075
37075
37077
37077
37081
37081
37082
37082
37085
37088
37088
37088
37090
37093
37094
37095
37096
37097
37097
37097
37098
37099
37100
37100
37101
37101
37103
37108
37109
37117
37118
37118
37119
37119
37121
37122
37123
37123
37123
37124
37126
37126
37128
37130
37131
37133
37138
37138
37139
37139
37140
37140
37140
37143
37144
37145
37145
37146
37150
37151
37151
37151
37151
37153
37154
37155
37157
37157
37158
37159
37160
37160
37160
37162
37162
37163
37163
37163
37164
37164
37165
37165
37165
37166
37166
37167
37167
37168
37169
37169
37171
37175
37176
37176
37176
37179
37179
37180
37180
37183
37185
37188
37188
37191
37193
37194
37195
37195
37196
37198
37199
37199
37200
37200
37204
37205
37205
37205
37205
37206
37206
37206
37208
37208
37208
37209
37210
37211
37212
37213
37214
37216
37218
37219
37219
37221
37221
37221
37226
37229
37230
37231
37231
37232
37233
37234
37234
37236
37236
37238
37238
37241
37242
37243
37243
37244
37244
37244
37245
37246
37248
37249
37249
37251
37253
37254
37254
37254
37256
37256
37258
37258
37259
37260
37262
37263
37263
37264
37265
37266
37267
37267
37268
37268
37271
37274
37275
37276
37276
37276
37277
37281
37281
37281
37282
37283
37283
37286
37287
37288
37289
37292
37292
37295
37295
37296
37297
37299
37300
37300
37302
37303
37304
37305
37305
37305
37306
37307
37308
37310
37310
37310
37310
37312
37313
37314
37318
37319
37319
37321
37321
37322
37323
37324
37324
37325
37326
37326
37327
37328
37331
37331
37334
37334
37336
37337
37339
37340
37341
37345
37346
37346
37346
37347
37348
37351
37351
37355
37355
37356
37356
37356
37361
37362
37365
37365
37365
37366
37370
37371
37372
37373
37375
37377
37378
37381
37381
37383
37387
37390
37391
37395
37396
37396
37397
37398
37400
37400
37400
37402
37402
37403
37403
37403
37404
37404
37405
37405
37405
37407
37409
37411
37411
37412
37412
37412
37413
37413
37415
37416
37416
37417
37417
37417
37418
37419
37420
37420
37420
37422
37422
37423
37423
37423
37424
37424
37424
37429
37430
37430
37431
37431
37436
37439
37440
37442
37442
37443
37444
37446
37446
37450
37451
37451
37452
37453
37454
37455
37457
37457
37458
37459
37459
37460
37463
37464
37466
37467
37469
37469
37470
37470
37471
37471
37474
37474
37474
37475
37476
37476
37477
37479
37480
37481
37482
37483
37484
37484
37486
37486
37487
37488
37488
37489
37489
37489
37489
37489
37492
37492
37493
37494
37496
37497
37499
37501
37502
37502
37504
37504
37504
37504
37504
37507
37508
37509
37511
37513
37513
37514
37514
37515
37515
37515
37516
37516
37517
37517
37518
37518
37518
37519
37523
37524
37524
37525
37526
37527
37528
37529
37530
37530
37532
37532
37533
37534
37534
37534
37536
37538
37539
37539
37540
37540
37541
37541
37543
37544
37545
37547
37548
37550
37552
37553
37557
37559
37559
37560
37561
37561
37562
37562
37565
37565
37566
37567
37567
37568
37568
37569
37569
37572
37574
37576
37576
37576
37577
37579
37580
37581
37581
37582
37583
37583
37583
37584
37584
37585
37586
37587
37587
37588
37588
37589
37590
37590
37590
37591
37592
37592
37593
37595
37596
37596
37596
37596
37597
37601
37601
37601
37604
37609
37609
37612
37613
37615
37616
37616
37617
37618
37618
37618
37619
37619
37620
37621
37621
37621
37624
37626
37627
37627
37628
37630
37631
37632
37633
37634
37634
37634
37636
37636
37636
37637
37638
37639
37640
37641
37642
37642
37642
37642
37642
37643
37643
37644
37646
37648
37649
37650
37654
37655
37655
37655
37658
37659
37663
37664
37668
37669
37671
37671
37671
37671
37672
37676
37679
37679
37680
37681
37681
37686
37686
37687
37688
37691
37692
37694
37696
37696
37696
37696
37697
37699
37699
37700
37700
37703
37703
37704
37705
37705
37706
37706
37710
37710
37711
37711
37716
37716
37716
37716
37718
37718
37725
37726
37727
37730
37731
37731
37735
37736
37736
37739
37739
37741
37742
37743
37743
37748
37749
37749
37749
37749
37750
37750
37750
37751
37751
37752
37752
37753
37753
37753
37753
37756
37757
37758
37758
37759
37760
37761
37762
37762
37762
37767
37768
37769
37770
37771
37771
37772
37772
37772
37773
37774
37774
37774
37776
37779
37779
37780
37780
37781
37781
37781
37782
37783
37783
37784
37784
37784
37785
37786
37786
37787
37788
37791
37792
37793
37793
37793
37794
37794
37794
37796
37800
37801
37801
37802
37803
37804
37805
37805
37807
37807
37808
37808
37808
37809
37809
37809
37810
37811
37811
37811
37811
37812
37812
37814
37815
37816
37817
37818
37819
37820
37821
37824
37824
37825
37827
37827
37828
37829
37830
37831
37832
37833
37834
37837
37838
37838
37839
37843
37843
37843
37843
37846
37847
37848
37850
37850
37852
37852
37853
37855
37855
37856
37856
37857
37857
37857
37858
37859
37859
37860
37863
37863
37864
37864
37864
37866
37866
37866
37870
37875
37876
37876
37877
37877
37879
37880
37880
37883
37884
37884
37884
37885
37885
37885
37885
37886
37886
37887
37888
37890
37891
37892
37892
37893
37894
37895
37897
37897
37899
37901
37901
37901
37902
37904
37905
37906
37907
37907
37908
37908
37908
37909
37911
37911
37913
37913
37914
37917
37917
37918
37919
37921
37922
37924
37927
37927
37927
37929
37929
37929
37930
37930
37934
37936
37937
37937
37937
37937
37938
37940
37942
37947
37947
37948
37949
37949
37950
37951
37952
37953
37954
37956
37958
37959
37959
37960
37961
37961
37961
37963
37963
37963
37965
37966
37968
37969
37970
37971
37973
37973
37975
37976
37976
37977
37979
37980
37983
37984
37984
37984
37984
37985
37985
37988
37991
37993
37993
37995
37995
37995
37996
37996
37997
37997
37998
38001
38001
38004
38005
38005
38006
38007
38007
38009
38009
38010
38012
38013
38013
38015
38015
38016
38016
38017
38021
38021
38022
38023
38023
38023
38024
38026
38027
38027
38034
38035
38036
38038
38038
38038
38038
38040
38040
38041
38042
38043
38043
38043
38043
38044
38044
38045
38046
38046
38048
38048
38050
38050
38051
38051
38052
38052
38052
38053
38053
38053
38054
38054
38055
38055
38056
38056
38056
38057
38058
38058
38058
38059
38059
38061
38063
38064
38064
38064
38064
38065
38067
38071
38073
38075
38078
38079
38080
38083
38085
38085
38085
38086
38087
38087
38088
38090
38092
38092
38093
38093
38093
38093
38095
38096
38099
38100
38100
38102
38102
38103
38105
38107
38107
38108
38108
38109
38112
38113
38114
38114
38115
38117
38119
38119
38120
38123
38124
38125
38125
38125
38125
38126
38130
38130
38130
38130
38130
38130
38133
38134
38136
38139
38141
38141
38143
38143
38143
38144
38145
38145
38147
38147
38149
38149
38149
38150
38151
38156
38156
38157
38159
38159
38160
38162
38163
38164
38165
38165
38167
38168
38169
38169
38169
38170
38173
38173
38173
38175
38176
38177
38178
38178
38178
38179
38179
38181
38181
38182
38182
38182
38184
38185
38185
38186
38189
38190
38192
38194
38196
38197
38197
38198
38198
38200
38201
38201
38202
38204
38205
38207
38208
38209
38211
38211
38213
38214
38214
38214
38215
38216
38216
38218
38218
38219
38220
38222
38222
38224
38225
38225
38226
38226
38228
38229
38229
38230
38232
38232
38233
38233
38236
38237
38237
38237
38238
38238
38239
38240
38240
38241
38242
38242
38242
38243
38244
38246
38247
38247
38248
38248
38251
38251
38255
38256
38256
38257
38257
38258
38258
38258
38261
38262
38263
38264
38264
38268
38270
38270
38271
38271
38272
38276
38277
38277
38278
38279
38279
38280
38281
38282
38283
38286
38286
38287
38287
38288
38289
38289
38290
38290
38291
38291
38291
38293
38294
38295
38296
38297
38298
38298
38299
38299
38299
38299
38299
38301
38301
38303
38303
38304
38304
38306
38307
38309
38311
38314
38314
38319
38319
38320
38321
38321
38322
38322
38323
38324
38324
38326
38329
38331
38331
38332
38332
38333
38333
38334
38334
38336
38339
38340
38341
38342
38343
38346
38351
38352
38352
38352
38352
38354
38355
38357
38360
38361
38362
38363
38363
38365
38365
38365
38367
38368
38370
38370
38371
38372
38373
38373
38373
38374
38376
38376
38378
38379
38379
38382
38382
38382
38383
38383
38384
38386
38387
38390
38390
38390
38390
38392
38394
38395
38396
38398
38398
38398
38398
38399
38399
38400
38400
38401
38401
38402
38403
38403
38404
38405
38405
38406
38407
38408
38409
38409
38410
38410
38410
38414
38414
38415
38416
38417
38419
38419
38420
38420
38422
38423
38424
38425
38426
38427
38427
38428
38431
38432
38434
38434
38436
38437
38437
38438
38438
38439
38440
38440
38441
38442
38442
38443
38443
38444
38445
38448
38452
38453
38453
38454
38458
38459
38462
38463
38463
38464
38466
38467
38468
38468
38470
38470
38473
38474
38475
38476
38478
38478
38479
38479
38479
38481
38481
38482
38483
38484
38485
38485
38485
38487
38488
38490
38490
38491
38491
38492
38493
38495
38498
38499
38499
38499
38500
38501
38501
38502
38503
38503
38504
38505
38507
38508
38509
38510
38510
38511
38512
38514
38515
38516
38517
38520
38520
38520
38521
38521
38521
38523
38523
38524
38525
38525
38525
38527
38527
38529
38530
38530
38531
38531
38531
38533
38535
38536
38536
38538
38539
38542
38542
38549
38551
38551
38555
38555
38556
38557
38558
38559
38560
38561
38561
38561
38562
38563
38563
38563
38563
38566
38567
38571
38571
38572
38572
38572
38573
38573
38575
38575
38576
38577
38577
38578
38578
38584
38585
38587
38587
38588
38588
38589
38590
38592
38592
38595
38597
38597
38597
38599
38599
38602
38602
38604
38606
38607
38608
38609
38610
38611
38612
38613
38613
38613
38614
38616
38616
38617
38617
38618
38618
38618
38621
38622
38623
38623
38624
38624
38625
38626
38626
38628
38629
38629
38629
38630
38630
38630
38631
38634
38634
38635
38636
38638
38640
38643
38644
38645
38648
38651
38653
38655
38655
38655
38655
38658
38658
38659
38660
38660
38661
38661
38661
38663
38665
38666
38667
38668
38669
38671
38672
38675
38676
38676
38676
38677
38679
38679
38679
38680
38680
38683
38683
38684
38684
38685
38686
38688
38690
38691
38692
38694
38695
38695
38695
38696
38697
38697
38697
38697
38698
38700
38700
38701
38701
38702
38702
38703
38703
38703
38704
38704
38704
38704
38706
38706
38707
38709
38711
38712
38712
38713
38717
38718
38720
38720
38720
38722
38724
38727
38727
38729
38729
38730
38731
38733
38736
38736
38736
38737
38737
38738
38738
38740
38742
38742
38743
38744
38746
38749
38749
38749
38749
38750
38750
38751
38751
38753
38754
38755
38755
38758
38758
38759
38760
38760
38763
38763
38764
38765
38768
38768
38768
38769
38769
38769
38770
38775
38776
38777
38779
38780
38781
38783
38786
38787
38788
38789
38790
38791
38792
38792
38792
38792
38793
38795
38796
38796
38798
38799
38799
38800
38801
38802
38802
38803
38804
38804
38806
38806
38809
38813
38815
38816
38816
38819
38822
38823
38823
38824
38826
38827
38828
38828
38828
38828
38835
38836
38838
38838
38840
38841
38842
38842
38843
38844
38844
38844
38845
38845
38847
38849
38849
38850
38852
38852
38853
38854
38856
38857
38858
38858
38860
38860
38860
38860
38861
38861
38861
38863
38863
38865
38867
38867
38868
38869
38869
38869
38870
38871
38874
38876
38878
38878
38878
38879
38880
38882
38882
38883
38883
38884
38884
38884
38885
38885
38885
38885
38887
38888
38889
38889
38890
38891
38893
38893
38895
38896
38898
38898
38899
38900
38900
38901
38906
38907
38909
38912
38913
38913
38913
38915
38918
38918
38921
38922
38922
38923
38923
38923
38925
38926
38927
38927
38929
38929
38930
38932
38932
38936
38937
38937
38937
38942
38942
38943
38944
38944
38947
38948
38949
38953
38953
38955
38956
38959
38960
38961
38961
38961
38962
38965
38965
38965
38966
38967
38968
38969
38969
38969
38971
38972
38972
38972
38973
38975
38975
38977
38979
38980
38982
38985
38987
38987
38987
38988
38988
38988
38988
38989
38989
38990
38990
38993
38994
38994
38994
38995
38996
38996
38998
38998
39001
39001
39002
39002
39003
39003
39004
39006
39007
39007
39007
39008
39009
39010
39017
39019
39020
39023
39023
39024
39024
39026
39027
39027
39029
39033
39033
39036
39040
39041
39044
39046
39047
39048
39049
39052
39052
39052
39053
39055
39056
39056
39056
39056
39057
39057
39059
39059
39061
39061
39061
39062
39062
39063
39063
39064
39066
39068
39070
39071
39071
39073
39075
39075
39075
39075
39077
39078
39080
39080
39081
39083
39086
39087
39087
39087
39088
39089
39089
39090
39092
39095
39095
39096
39097
39097
39098
39102
39102
39102
39103
39105
39106
39108
39109
39109
39109
39109
39109
39110
39111
39112
39113
39113
39114
39116
39117
39118
39119
39120
39122
39123
39124
39125
39125
39126
39126
39127
39127
39128
39128
39130
39131
39131
39132
39133
39134
39136
39137
39139
39139
39139
39140
39141
39142
39142
39142
39144
39145
39145
39147
39147
39148
39149
39150
39151
39151
39152
39153
39153
39155
39157
39159
39164
39164
39166
39168
39169
39174
39176
39176
39177
39178
39180
39183
39184
39184
39186
39187
39187
39188
39188
39190
39193
39193
39193
39194
39195
39196
39196
39198
39201
39201
39204
39204
39205
39207
39207
39208
39208
39209
39210
39210
39210
39213
39213
39213
39215
39215
39215
39216
39218
39221
39222
39223
39224
39227
39228
39228
39233
39234
39236
39236
39236
39239
39240
39242
39243
39243
39244
39248
39249
39250
39251
39253
39254
39254
39255
39257
39257
39257
39258
39259
39262
39263
39264
39268
39269
39271
39271
39272
39273
39273
39274
39275
39276
39276
39276
39277
39277
39277
39278
39279
39280
39284
39285
39285
39286
39287
39289
39289
39289
39290
39290
39291
39291
39291
39293
39294
39294
39296
39297
39298
39298
39300
39300
39302
39303
39303
39304
39306
39307
39307
39308
39310
39310
39313
39314
39317
39317
39319
39319
39320
39320
39322
39322
39324
39325
39326
39329
39329
39329
39330
39331
39331
39332
39332
39333
39333
39334
39335
39336
39339
39341
39342
39343
39343
39344
39346
39347
39349
39350
39350
39353
39356
39357
39357
39358
39358
39359
39359
39360
39360
39361
39361
39363
39363
39364
39365
39366
39366
39368
39368
39369
39369
39370
39370
39371
39372
39372
39373
39374
39374
39376
39376
39376
39377
39377
39377
39378
39382
39383
39383
39385
39386
39386
39386
39388
39389
39389
39390
39391
39393
39393
39394
39394
39394
39395
39397
39398
39398
39400
39400
39401
39401
39404
39405
39405
39406
39407
39407
39410
39411
39412
39413
39414
39414
39415
39416
39416
39417
39417
39417
39419
39419
39420
39420
39421
39422
39422
39423
39423
39425
39426
39427
39427
39428
39428
39428
39430
39431
39432
39437
39438
39439
39442
39442
39442
39444
39444
39445
39446
39449
39452
39453
39453
39453
39455
39456
39457
39457
39457
39458
39458
39458
39460
39461
39461
39462
39462
39463
39464
39467
39469
39470
39471
39473
39474
39475
39475
39475
39476
39478
39480
39480
39483
39484
39486
39486
39487
39487
39491
39491
39491
39491
39492
39493
39493
39496
39497
39499
39499
39501
39501
39501
39501
39503
39505
39506
39507
39508
39508
39508
39511
39511
39513
39516
39516
39518
39521
39522
39526
39527
39529
39529
39530
39531
39532
39533
39534
39538
39538
39541
39541
39545
39545
39550
39551
39552
39552
39553
39553
39553
39553
39555
39556
39556
39557
39559
39559
39561
39562
39563
39564
39564
39565
39565
39566
39567
39568
39569
39569
39571
39571
39572
39573
39573
39574
39576
39577
39577
39577
39577
39578
39578
39578
39579
39579
39579
39580
39580
39581
39581
39582
39583
39583
39584
39584
39586
39587
39588
39588
39588
39589
39590
39592
39593
39594
39595
39595
39596
39596
39597
39597
39598
39598
39601
39602
39603
39604
39604
39607
39607
39609
39610
39612
39613
39614
39615
39615
39617
39619
39620
39620
39621
39623
39623
39624
39625
39626
39626
39626
39627
39628
39632
39633
39636
39636
39636
39637
39637
39639
39645
39647
39649
39650
39651
39652
39652
39653
39655
39656
39657
39658
39658
39659
39659
39659
39660
39661
39661
39662
39664
39664
39665
39665
39665
39667
39669
39670
39672
39672
39674
39677
39679
39680
39680
39681
39683
39684
39685
39686
39687
39687
39687
39688
39689
39690
39693
39694
39694
39695
39695
39696
39698
39698
39699
39700
39700
39700
39700
39701
39701
39703
39705
39706
39710
39710
39711
39712
39712
39714
39714
39714
39717
39717
39723
39723
39724
39726
39726
39726
39727
39727
39727
39728
39728
39728
39731
39731
39732
39733
39735
39735
39738
39740
39740
39742
39742
39742
39748
39748
39750
39750
39752
39752
39753
39755
39756
39756
39757
39757
39758
39758
39761
39764
39765
39769
39770
39771
39771
39771
39772
39772
39773
39775
39775
39777
39777
39779
39780
39783
39784
39785
39785
39787
39787
39790
39793
39794
39794
39797
39799
39799
39800
39807
39807
39807
39807
39808
39809
39810
39814
39814
39816
39818
39820
39821
39827
39827
39827
39828
39829
39835
39835
39835
39841
39841
39844
39845
39845
39847
39847
39848
39851
39852
39853
39854
39855
39857
39857
39858
39860
39862
39863
39866
39867
39868
39869
39873
39874
39874
39875
39875
39875
39877
39877
39878
39881
39884
39884
39885
39886
39886
39887
39888
39889
39890
39890
39892
39895
39895
39896
39897
39898
39899
39899
39901
39901
39902
39902
39902
39902
39905
39905
39906
39907
39909
39909
39910
39911
39911
39912
39915
39916
39916
39917
39919
39920
39920
39921
39922
39924
39925
39925
39926
39928
39932
39932
39933
39934
39940
39940
39943
39945
39945
39948
39949
39949
39950
39950
39950
39950
39954
39960
39962
39962
39963
39963
39964
39966
39966
39967
39968
39968
39968
39969
39971
39971
39975
39975
39976
39976
39976
39976
39976
39979
39979
39979
39980
39980
39981
39983
39983
39984
39984
39985
39985
39985
39987
39987
39989
39993
39994
39995
39995
39997
39997
39999
39999
39999
39999
40000
40001
40001
40004
40004
40005
40005
40006
40006
40007
40007
40009
40009
40011
40012
40013
40014
40014
40014
40015
40015
40016
40016
40017
40018
40019
40020
40022
40022
40024
40025
40027
40027
40027
40029
40029
40032
40032
40032
40033
40036
40036
40037
40037
40038
40040
40041
40046
40046
40047
40048
40048
40050
40052
40052
40053
40053
40054
40056
40057
40058
40060
40061
40062
40063
40064
40067
40068
40069
40069
40070
40070
40071
40071
40072
40073
40075
40075
40076
40076
40076
40077
40077
40078
40078
40079
40079
40080
40080
40081
40082
40083
40084
40084
40085
40086
40089
40090
40092
40094
40094
40094
40094
40095
40096
40096
40096
40096
40098
40100
40101
40101
40102
40104
40105
40106
40106
40108
40108
40110
40111
40112
40113
40113
40113
40113
40114
40115
40116
40116
40116
40116
40117
40119
40120
40120
40122
40123
40129
40131
40132
40134
40135
40136
40136
40136
40138
40141
40142
40143
40143
40145
40145
40146
40146
40147
40147
40147
40147
40147
40148
40148
40148
40150
40153
40155
40155
40156
40159
40160
40160
40161
40161
40162
40162
40162
40163
40163
40163
40165
40167
40168
40170
40172
40174
40175
40177
40177
40178
40179
40180
40180
40181
40183
40183
40184
40189
40189
40190
40193
40193
40195
40195
40195
40195
40196
40196
40196
40197
40198
40198
40199
40199
40200
40201
40202
40202
40205
40206
40211
40212
40213
40214
40218
40219
40219
40220
40221
40222
40223
40226
40226
40226
40226
40226
40229
40230
40230
40231
40232
40232
40232
40233
40233
40233
40234
40239
40240
40242
40243
40244
40246
40247
40247
40248
40249
40249
40249
40250
40250
40251
40253
40255
40255
40256
40256
40256
40258
40259
40259
40259
40260
40261
40266
40266
40267
40269
40271
40272
40272
40273
40273
40275
40275
40276
40277
40278
40279
40280
40281
40283
40284
40284
40284
40285
40285
40287
40288
40289
40289
40290
40291
40292
40294
40294
40294
40295
40295
40296
40296
40297
40301
40301
40302
40302
40303
40305
40305
40305
40308
40309
40310
40311
40311
40314
40315
40318
40319
40320
40321
40322
40323
40323
40324
40324
40326
40329
40331
40335
40335
40335
40337
40337
40339
40339
40339
40340
40343
40344
40344
40346
40346
40346
40346
40347
40347
40347
40348
40351
40351
40351
40352
40353
40354
40354
40354
40355
40360
40363
40363
40365
40367
40367
40367
40367
40368
40368
40368
40368
40368
40369
40369
40369
40370
40371
40373
40373
40373
40374
40376
40377
40377
40378
40378
40379
40380
40381
40383
40386
40386
40386
40388
40388
40389
40389
40390
40390
40392
40392
40394
40396
40398
40399
40401
40401
40401
40402
40403
40404
40405
40406
40409
40409
40409
40411
40412
40413
40415
40415
40416
40418
40418
40420
40420
40421
40421
40424
40427
40430
40431
40432
40432
40433
40434
40434
40436
40437
40438
40438
40439
40440
40442
40442
40444
40445
40445
40445
40447
40448
40448
40449
40451
40451
40452
40454
40454
40455
40455
40455
40456
40458
40459
40459
40459
40460
40460
40460
40460
40461
40463
40464
40466
40467
40468
40468
40468
40469
40469
40470
40473
40475
40477
40477
40478
40479
40481
40481
40481
40482
40482
40483
40483
40484
40485
40486
40487
40488
40489
40489
40490
40491
40493
40495
40495
40496
40496
40496
40498
40499
40502
40503
40504
40506
40507
40508
40509
40511
40512
40514
40515
40517
40521
40523
40523
40524
40524
40524
40525
40525
40526
40527
40528
40529
40531
40532
40532
40534
40534
40535
40535
40535
40537
40541
40542
40543
40544
40544
40544
40545
40546
40547
40547
40547
40550
40551
40552
40553
40553
40554
40555
40558
40558
40559
40562
40563
40565
40566
40568
40570
40571
40571
40574
40576
40577
40582
40582
40583
40583
40584
40585
40587
40588
40589
40591
40592
40592
40593
40593
40594
40594
40597
40597
40598
40601
40602
40603
40603
40606
40606
40608
40610
40616
40619
40620
40621
40621
40624
40625
40626
40626
40629
40632
40633
40633
40634
40635
40636
40637
40639
40639
40642
40643
40645
40648
40648
40650
40650
40653
40653
40655
40656
40656
40657
40658
40658
40661
40662
40665
40665
40666
40666
40668
40670
40671
40672
40672
40672
40673
40673
40673
40674
40674
40676
40677
40679
40679
40679
40681
40684
40684
40687
40689
40692
40692
40693
40695
40695
40695
40696
40696
40697
40698
40699
40701
40701
40702
40702
40703
40705
40708
40708
40709
40709
40709
40711
40712
40714
40715
40718
40719
40721
40722
40723
40723
40723
40724
40724
40726
40730
40731
40732
40732
40732
40733
40733
40735
40736
40737
40737
40737
40737
40738
40738
40739
40740
40741
40743
40745
40746
40746
40747
40747
40747
40748
40749
40749
40751
40751
40751
40752
40752
40752
40753
40754
40756
40757
40758
40763
40763
40765
40766
40766
40767
40770
40773
40773
40774
40775
40776
40776
40777
40778
40779
40779
40780
40780
40782
40782
40782
40783
40783
40784
40785
40785
40787
40790
40791
40792
40795
40795
40795
40797
40798
40798
40799
40802
40802
40802
40802
40803
40803
40805
40806
40807
40809
40811
40812
40812
40812
40813
40813
40813
40814
40815
40815
40817
40817
40817
40818
40822
40823
40824
40824
40825
40825
40826
40828
40828
40828
40828
40829
40832
40833
40836
40839
40841
40843
40844
40845
40846
40846
40848
40850
40851
40853
40853
40856
40856
40857
40857
40858
40859
40859
40859
40860
40860
40861
40861
40862
40863
40864
40864
40866
40867
40869
40869
40869
40869
40869
40870
40870
40870
40870
40871
40871
40872
40872
40872
40872
40873
40874
40875
40875
40877
40877
40879
40880
40880
40881
40882
40882
40882
40885
40886
40886
40886
40889
40890
40890
40890
40892
40893
40893
40894
40899
40899
40900
40902
40904
40905
40905
40905
40905
40906
40906
40906
40907
40908
40910
40911
40911
40911
40912
40913
40914
40917
40917
40917
40919
40920
40922
40922
40923
40924
40926
40927
40929
40930
40930
40930
40930
40931
40931
40933
40934
40935
40935
40936
40936
40937
40937
40939
40939
40939
40939
40941
40941
40941
40941
40941
40943
40944
40944
40945
40946
40946
40947
40948
40950
40951
40952
40952
40955
40956
40957
40957
40958
40958
40958
40961
40962
40963
40964
40964
40966
40967
40967
40969
40969
40969
40970
40973
40973
40974
40975
40976
40976
40976
40977
40977
40977
40977
40978
40979
40980
40980
40980
40980
40981
40981
40983
40984
40987
40988
40988
40991
40991
40992
40994
40996
40997
40998
40999
41001
41002
41002
41002
41007
41010
41012
41015
41016
41017
41019
41023
41023
41025
41027
41027
41027
41028
41028
41029
41029
41029
41030
41030
41030
41031
41032
41033
41034
41037
41040
41041
41042
41042
41044
41045
41046
41047
41048
41049
41052
41052
41052
41054
41054
41055
41056
41058
41058
41059
41060
41060
41062
41062
41062
41063
41063
41063
41064
41064
41064
41066
41069
41069
41069
41070
41070
41074
41076
41077
41077
41078
41078
41080
41081
41081
41082
41083
41084
41085
41087
41087
41087
41088
41088
41088
41089
41089
41091
41091
41091
41092
41094
41094
41094
41095
41098
41100
41101
41101
41102
41103
41104
41104
41105
41107
41109
41110
41111
41111
41111
41112
41112
41113
41113
41113
41113
41113
41116
41117
41122
41123
41124
41124
41125
41126
41127
41127
41127
41128
41130
41131
41131
41133
41133
41135
41137
41137
41138
41138
41143
41144
41144
41144
41144
41147
41149
41149
41150
41150
41151
41154
41156
41156
41157
41157
41158
41158
41159
41159
41160
41161
41164
41168
41168
41169
41169
41170
41170
41170
41172
41173
41173
41176
41177
41179
41179
41179
41183
41183
41183
41185
41185
41186
41187
41188
41188
41189
41189
41190
41191
41192
41197
41199
41200
41200
41201
41204
41209
41209
41209
41210
41210
41211
41213
41217
41217
41218
41219
41220
41223
41224
41224
41225
41226
41228
41231
41232
41234
41234
41235
41237
41241
41241
41241
41242
41243
41243
41243
41245
41246
41246
41247
41249
41249
41250
41250
41251
41251
41251
41252
41254
41254
41255
41255
41256
41256
41257
41259
41260
41260
41262
41262
41263
41263
41264
41264
41265
41265
41266
41267
41267
41267
41268
41269
41275
41275
41275
41280
41281
41283
41284
41284
41288
41290
41290
41291
41294
41297
41298
41298
41299
41300
41302
41303
41304
41304
41304
41305
41305
41306
41307
41307
41308
41308
41310
41310
41312
41313
41314
41314
41315
41317
41319
41319
41321
41321
41322
41322
41323
41323
41323
41326
41327
41327
41328
41328
41328
41331
41332
41332
41332
41334
41336
41336
41337
41338
41338
41338
41339
41339
41341
41342
41343
41344
41344
41345
41348
41351
41351
41352
41353
41356
41357
41358
41359
41359
41359
41360
41360
41361
41362
41364
41364
41365
41367
41368
41369
41370
41371
41372
41372
41373
41373
41373
41375
41376
41376
41377
41378
41379
41380
41381
41382
41382
41383
41388
41388
41388
41388
41389
41391
41392
41392
41394
41394
41394
41394
41395
41396
41398
41399
41399
41401
41404
41406
41406
41407
41408
41408
41409
41410
41411
41411
41415
41415
41416
41417
41418
41420
41420
41420
41421
41421
41421
41422
41423
41423
41423
41423
41424
41426
41427
41428
41431
41431
41433
41434
41438
41439
41440
41441
41441
41442
41443
41444
41445
41446
41446
41448
41450
41458
41458
41459
41459
41461
41463
41464
41465
41465
41467
41467
41469
41469
41469
41470
41471
41473
41473
41474
41474
41476
41478
41479
41481
41482
41482
41482
41484
41485
41486
41488
41490
41491
41492
41495
41497
41497
41497
41498
41498
41499
41499
41500
41500
41501
41501
41501
41502
41502
41506
41506
41507
41508
41510
41510
41511
41511
41513
41515
41516
41517
41517
41517
41518
41520
41520
41521
41521
41522
41522
41522
41522
41523
41523
41524
41524
41524
41526
41526
41526
41527
41527
41528
41529
41530
41530
41530
41531
41531
41532
41533
41536
41539
41540
41540
41541
41541
41542
41542
41542
41544
41544
41545
41546
41548
41548
41548
41551
41551
41553
41553
41554
41555
41555
41556
41558
41558
41559
41559
41559
41559
41565
41566
41566
41568
41569
41570
41570
41571
41571
41572
41572
41576
41577
41577
41578
41580
41581
41583
41584
41585
41587
41587
41592
41593
41596
41596
41597
41598
41598
41599
41600
41600
41602
41603
41604
41604
41604
41605
41606
41607
41608
41608
41610
41610
41613
41614
41615
41619
41619
41620
41621
41621
41622
41623
41623
41624
41625
41628
41628
41628
41629
41629
41635
41637
41638
41640
41640
41642
41643
41643
41644
41645
41646
41647
41647
41648
41648
41648
41648
41648
41649
41649
41649
41651
41652
41652
41654
41654
41658
41658
41659
41662
41663
41664
41664
41668
41668
41669
41669
41672
41673
41673
41675
41675
41676
41679
41680
41681
41681
41681
41684
41684
41686
41686
41686
41687
41687
41689
41691
41692
41693
41694
41695
41695
41696
41696
41697
41697
41698
41699
41700
41701
41701
41702
41702
41703
41703
41703
41703
41704
41704
41706
41707
41707
41708
41708
41710
41710
41710
41713
41713
41714
41715
41715
41716
41716
41717
41719
41721
41722
41722
41723
41724
41725
41725
41727
41727
41728
41733
41734
41735
41737
41737
41737
41740
41741
41743
41743
41743
41744
41745
41745
41748
41748
41749
41749
41750
41750
41752
41754
41754
41755
41758
41759
41759
41760
41761
41762
41762
41763
41763
41765
41765
41766
41767
41767
41767
41767
41769
41770
41770
41771
41772
41773
41774
41778
41779
41780
41780
41780
41781
41782
41783
41783
41784
41785
41787
41789
41789
41790
41791
41793
41794
41796
41798
41798
41798
41799
41800
41802
41802
41802
41805
41807
41809
41810
41811
41812
41813
41813
41813
41814
41815
41815
41816
41816
41817
41817
41818
41819
41820
41821
41823
41824
41825
41826
41826
41827
41828
41829
41829
41834
41838
41839
41839
41839
41841
41843
41845
41846
41847
41848
41849
41849
41850
41850
41851
41851
41852
41852
41852
41854
41854
41856
41856
41857
41857
41859
41859
41859
41861
41862
41864
41866
41867
41867
41867
41867
41867
41867
41868
41868
41872
41872
41873
41877
41877
41878
41878
41880
41881
41881
41883
41883
41884
41886
41886
41887
41888
41888
41893
41894
41894
41895
41896
41896
41897
41897
41898
41902
41902
41903
41905
41905
41906
41907
41911
41912
41914
41915
41915
41915
41916
41917
41921
41921
41931
41931
41932
41932
41934
41934
41936
41936
41936
41937
41937
41938
41939
41939
41942
41943
41943
41943
41944
41944
41946
41946
41948
41948
41949
41949
41949
41949
41949
41950
41952
41953
41953
41953
41953
41954
41954
41954
41956
41957
41958
41959
41961
41962
41962
41963
41964
41965
41966
41967
41968
41968
41969
41969
41973
41975
41978
41978
41978
41979
41982
41983
41983
41984
41985
41985
41986
41986
41987
41993
41993
41993
41994
41995
41996
41997
41997
41997
41998
41998
41999
42000
42000
42001
42002
42004
42005
42005
42005
42006
42007
42008
42010
42011
42012
42012
42013
42013
42015
42015
42015
42016
42017
42017
42017
42018
42018
42019
42021
42022
42023
42023
42024
42025
42025
42025
42026
42026
42026
42026
42028
42028
42030
42030
42030
42031
42031
42032
42032
42034
42034
42035
42036
42037
42037
42037
42040
42041
42041
42042
42042
42044
42045
42046
42047
42047
42047
42048
42050
42050
42051
42052
42053
42053
42054
42055
42057
42057
42057
42057
42059
42060
42062
42063
42064
42066
42066
42067
42067
42070
42070
42070
42072
42072
42072
42074
42075
42076
42076
42078
42079
42081
42082
42082
42082
42083
42084
42084
42084
42085
42085
42085
42086
42087
42088
42091
42092
42092
42094
42095
42095
42097
42097
42097
42099
42099
42099
42100
42100
42100
42102
42102
42103
42104
42106
42107
42107
42110
42112
42114
42115
42115
42115
42117
42118
42119
42121
42121
42122
42123
42123
42124
42124
42126
42127
42133
42136
42140
42140
42140
42141
42141
42141
42141
42142
42143
42145
42145
42147
42148
42153
42155
42155
42156
42159
42159
42160
42161
42161
42162
42162
42165
42165
42167
42167
42169
42169
42170
42170
42171
42171
42173
42174
42174
42175
42176
42176
42177
42177
42178
42179
42183
42184
42184
42184
42184
42185
42188
42189
42190
42191
42194
42194
42199
42199
42199
42199
42200
42200
42200
42201
42207
42208
42210
42210
42210
42211
42212
42213
42213
42213
42216
42216
42216
42218
42219
42219
42220
42222
42223
42224
42224
42225
42226
42226
42227
42229
42229
42229
42229
42231
42232
42234
42234
42236
42237
42238
42239
42240
42241
42242
42243
42243
42243
42244
42247
42247
42247
42248
42249
42249
42250
42251
42251
42251
42252
42253
42255
42257
42260
42260
42261
42261
42261
42262
42264
42267
42268
42269
42269
42270
42270
42270
42271
42271
42272
42273
42274
42274
42276
42277
42279
42279
42279
42279
42283
42284
42285
42285
42285
42289
42290
42291
42291
42292
42293
42295
42296
42300
42300
42300
42301
42301
42301
42302
42303
42304
42305
42307
42307
42309
42310
42311
42313
42314
42315
42316
42317
42318
42318
42319
42319
42322
42322
42323
42323
42323
42325
42326
42329
42331
42331
42331
42332
42333
42335
42335
42338
42339
42340
42340
42341
42342
42344
42344
42344
42345
42347
42348
42349
42351
42351
42352
42353
42356
42356
42357
42357
42359
42359
42361
42362
42364
42365
42366
42367
42368
42369
42369
42369
42372
42372
42374
42376
42377
42380
42382
42382
42383
42384
42385
42385
42385
42386
42387
42387
42390
42390
42391
42394
42394
42395
42396
42396
42397
42398
42398
42399
42401
42404
42406
42407
42408
42409
42410
42412
42413
42414
42418
42418
42419
42420
42420
42420
42423
42426
42426
42427
42427
42428
42429
42432
42433
42434
42435
42438
42439
42439
42441
42441
42442
42442
42442
42442
42444
42444
42444
42445
42446
42446
42447
42447
42448
42448
42451
42452
42453
42453
42454
42456
42456
42458
42458
42460
42462
42462
42462
42463
42464
42464
42465
42466
42466
42467
42467
42468
42469
42470
42471
42471
42473
42474
42476
42476
42482
42483
42483
42484
42485
42486
42488
42490
42491
42491
42491
42491
42492
42493
42496
42497
42499
42499
42500
42500
42502
42503
42505
42505
42506
42507
42509
42510
42511
42513
42513
42516
42519
42520
42521
42523
42525
42526
42528
42529
42530
42531
42532
42533
42533
42533
42535
42535
42536
42536
42537
42538
42539
42540
42540
42541
42541
42542
42543
42544
42546
42547
42547
42548
42550
42551
42551
42552
42552
42552
42554
42555
42555
42556
42557
42557
42559
42559
42561
42562
42563
42564
42568
42569
42570
42570
42570
42570
42572
42572
42574
42574
42579
42580
42580
42580
42581
42582
42584
42584
42584
42585
42585
42586
42586
42586
42587
42588
42588
42590
42590
42591
42591
42592
42592
42593
42594
42596
42596
42597
42597
42598
42598
42598
42601
42604
42605
42608
42608
42609
42610
42610
42611
42611
42611
42615
42615
42616
42616
42616
42616
42617
42617
42618
42619
42620
42621
42621
42623
42625
42625
42626
42627
42628
42629
42629
42630
42632
42632
42633
42633
42635
42637
42637
42637
42638
42640
42641
42642
42642
42642
42644
42645
42645
42648
42649
42650
42652
42653
42654
42655
42656
42656
42658
42660
42661
42661
42661
42661
42662
42662
42662
42664
42664
42665
42665
42666
42672
42673
42677
42677
42678
42680
42681
42682
42684
42684
42685
42685
42685
42685
42688
42688
42689
42691
42692
42692
42693
42693
42696
42699
42700
42702
42702
42703
42705
42705
42706
42708
42709
42711
42712
42713
42713
42715
42717
42718
42718
42719
42719
42720
42723
42723
42725
42725
42729
42730
42730
42730
42734
42735
42735
42737
42739
42741
42741
42741
42743
42744
42745
42747
42748
42749
42752
42753
42754
42754
42756
42756
42757
42757
42758
42759
42760
42760
42762
42765
42765
42765
42766
42768
42770
42770
42770
42771
42771
42772
42774
42775
42775
42775
42775
42775
42775
42775
42777
42780
42781
42782
42785
42785
42788
42789
42790
42791
42791
42791
42791
42792
42795
42795
42799
42799
42800
42801
42801
42802
42802
42804
42805
42807
42808
42810
42810
42811
42813
42813
42813
42813
42814
42814
42814
42814
42814
42815
42816
42816
42818
42819
42820
42822
42823
42823
42823
42823
42824
42825
42826
42827
42828
42830
42830
42830
42832
42833
42834
42835
42836
42836
42836
42838
42838
42839
42840
42844
42845
42846
42846
42846
42847
42847
42847
42848
42848
42851
42851
42851
42854
42854
42854
42856
42857
42859
42861
42862
42866
42866
42866
42869
42870
42870
42871
42872
42874
42874
42874
42881
42881
42882
42882
42882
42883
42884
42884
42885
42885
42885
42886
42887
42888
42890
42892
42894
42896
42897
42897
42899
42900
42900
42901
42903
42904
42904
42906
42906
42906
42906
42907
42907
42909
42910
42911
42912
42913
42913
42913
42913
42914
42914
42914
42915
42917
42917
42917
42919
42919
42920
42921
42921
42922
42922
42923
42923
42923
42924
42925
42925
42926
42927
42928
42929
42929
42929
42929
42931
42932
42932
42932
42933
42937
42939
42941
42942
42943
42945
42945
42945
42945
42946
42948
42950
42953
42954
42955
42956
42957
42959
42960
42960
42960
42961
42963
42966
42968
42968
42969
42970
42972
42973
42975
42976
42979
42980
42981
42983
42988
42990
42990
42990
42990
42990
42991
42991
42991
42991
42994
42994
42995
42995
42995
42996
42997
42997
42997
42998
42998
42999
42999
43000
43001
43003
43005
43010
43012
43012
43013
43014
43015
43016
43020
43020
43021
43023
43025
43029
43032
43033
43034
43034
43034
43035
43036
43038
43039
43039
43042
43042
43042
43044
43048
43049
43049
43049
43049
43050
43050
43051
43052
43055
43056
43057
43058
43059
43062
43062
43062
43063
43064
43064
43066
43071
43072
43072
43073
43074
43078
43078
43079
43079
43080
43081
43083
43083
43084
43085
43086
43087
43087
43087
43089
43089
43091
43091
43093
43095
43095
43095
43096
43098
43099
43099
43099
43100
43104
43105
43106
43107
43109
43113
43114
43116
43116
43117
43117
43118
43118
43120
43121
43122
43124
43124
43124
43126
43127
43128
43129
43130
43132
43134
43134
43135
43136
43136
43137
43137
43137
43137
43139
43139
43140
43141
43142
43143
43144
43145
43145
43145
43148
43149
43151
43151
43152
43154
43155
43157
43158
43159
43162
43166
43166
43167
43168
43170
43172
43172
43173
43174
43176
43176
43176
43177
43183
43186
43187
43188
43193
43193
43196
43196
43197
43197
43198
43201
43203
43205
43208
43212
43213
43214
43214
43215
43215
43216
43216
43217
43218
43218
43218
43222
43222
43223
43225
43226
43226
43229
43229
43230
43230
43232
43234
43235
43236
43236
43236
43237
43238
43239
43240
43240
43241
43244
43244
43246
43247
43248
43249
43249
43250
43251
43253
43254
43254
43254
43255
43256
43256
43259
43261
43261
43263
43264
43264
43268
43268
43269
43269
43270
43271
43273
43274
43275
43277
43278
43279
43279
43281
43281
43282
43282
43282
43283
43283
43285
43287
43290
43291
43292
43293
43295
43295
43296
43296
43296
43298
43299
43300
43300
43300
43301
43301
43301
43302
43305
43306
43306
43306
43306
43307
43307
43307
43312
43312
43313
43313
43315
43318
43318
43318
43318
43319
43319
43320
43320
43321
43321
43321
43321
43323
43326
43327
43328
43329
43330
43330
43330
43331
43333
43333
43334
43335
43335
43336
43337
43338
43338
43338
43338
43339
43339
43340
43341
43341
43343
43345
43346
43348
43348
43348
43350
43353
43353
43353
43354
43354
43355
43355
43357
43357
43357
43358
43358
43360
43361
43365
43367
43368
43369
43378
43380
43383
43383
43385
43385
43386
43387
43390
43390
43392
43393
43396
43397
43397
43400
43400
43400
43401
43401
43403
43407
43412
43415
43415
43416
43417
43418
43418
43419
43419
43420
43422
43423
43424
43425
43427
43428
43429
43430
43433
43435
43436
43436
43436
43437
43437
43437
43437
43439
43439
43441
43441
43441
43441
43442
43443
43443
43444
43444
43444
43446
43452
43456
43458
43462
43466
43466
43467
43467
43467
43471
43471
43471
43473
43474
43474
43475
43475
43476
43476
43476
43476
43477
43480
43483
43487
43487
43489
43489
43491
43492
43493
43494
43496
43497
43499
43500
43500
43502
43504
43504
43506
43507
43509
43510
43510
43510
43514
43515
43515
43515
43516
43517
43519
43520
43522
43523
43523
43523
43523
43526
43526
43526
43528
43530
43530
43531
43532
43533
43534
43535
43537
43539
43540
43541
43543
43545
43545
43546
43546
43547
43547
43548
43548
43548
43549
43550
43553
43554
43555
43555
43555
43556
43558
43559
43559
43560
43561
43561
43562
43563
43564
43564
43566
43566
43570
43570
43571
43571
43573
43574
43574
43574
43575
43577
43578
43579
43579
43582
43585
43585
43587
43588
43589
43589
43591
43594
43594
43595
43599
43600
43600
43600
43602
43602
43604
43604
43604
43605
43605
43608
43609
43610
43612
43614
43614
43615
43615
43618
43618
43618
43618
43620
43621
43621
43622
43622
43623
43623
43624
43626
43629
43630
43633
43634
43635
43636
43638
43640
43640
43642
43643
43645
43645
43645
43646
43647
43647
43648
43650
43651
43652
43652
43654
43656
43658
43659
43659
43659
43659
43659
43662
43663
43667
43668
43668
43669
43670
43671
43671
43672
43674
43674
43675
43676
43676
43681
43684
43685
43686
43687
43687
43688
43688
43689
43689
43690
43692
43693
43694
43696
43697
43697
43699
43699
43699
43701
43701
43703
43704
43707
43707
43708
43708
43710
43710
43711
43713
43714
43714
43715
43716
43720
43720
43721
43723
43723
43724
43725
43725
43725
43725
43726
43726
43727
43727
43729
43731
43731
43731
43732
43732
43732
43732
43733
43734
43734
43737
43737
43737
43738
43738
43739
43740
43744
43745
43746
43747
43747
43748
43748
43749
43750
43750
43750
43751
43752
43754
43755
43757
43758
43759
43759
43761
43761
43761
43761
43763
43765
43766
43766
43767
43768
43768
43768
43769
43769
43770
43771
43772
43772
43773
43773
43774
43774
43776
43776
43776
43777
43779
43780
43781
43783
43784
43785
43785
43786
43787
43789
43789
43789
43790
43791
43791
43792
43794
43795
43796
43800
43801
43802
43803
43804
43805
43807
43808
43809
43809
43811
43813
43814
43815
43816
43816
43816
43817
43817
43817
43819
43819
43820
43820
43821
43822
43822
43823
43826
43827
43828
43828
43829
43833
43834
43834
43835
43836
43836
43837
43837
43839
43839
43839
43840
43843
43843
43844
43845
43846
43848
43848
43848
43851
43854
43855
43855
43859
43859
43859
43860
43862
43862
43863
43864
43865
43865
43868
43869
43870
43874
43876
43876
43878
43879
43881
43884
43886
43886
43887
43889
43892
43894
43898
43898
43898
43898
43900
43901
43901
43902
43902
43905
43907
43907
43907
43909
43910
43913
43913
43914
43915
43916
43917
43918
43920
43920
43920
43922
43923
43927
43927
43928
43928
43928
43928
43929
43931
43934
43934
43934
43935
43936
43936
43937
43937
43938
43941
43943
43947
43948
43951
43951
43952
43952
43953
43955
43956
43958
43958
43959
43959
43959
43960
43960
43960
43964
43964
43965
43966
43967
43968
43968
43968
43969
43970
43970
43971
43971
43973
43973
43973
43975
43975
43976
43977
43977
43979
43979
43980
43980
43980
43981
43982
43983
43985
43986
43986
43989
43993
43995
43995
43996
43998
44000
44000
44001
44001
44001
44002
44003
44005
44005
44006
44007
44008
44008
44009
44011
44015
44016
44017
44017
44017
44017
44018
44018
44019
44019
44020
44020
44021
44022
44023
44024
44024
44025
44025
44025
44027
44027
44028
44029
44029
44030
44030
44031
44033
44035
44036
44036
44036
44037
44039
44041
44041
44042
44042
44042
44043
44046
44048
44048
44049
44050
44051
44051
44051
44051
44054
44054
44054
44054
44055
44056
44058
44059
44060
44061
44062
44064
44066
44066
44067
44068
44068
44071
44073
44074
44074
44075
44075
44076
44077
44077
44078
44078
44079
44079
44079
44083
44084
44087
44088
44088
44088
44088
44088
44092
44092
44093
44093
44093
44094
44094
44095
44096
44096
44097
44098
44099
44100
44101
44102
44103
44104
44104
44105
44107
44107
44107
44108
44108
44109
44110
44110
44110
44111
44111
44112
44112
44112
44112
44114
44114
44114
44114
44114
44116
44117
44118
44121
44122
44122
44123
44124
44125
44126
44126
44127
44128
44128
44128
44131
44131
44132
44132
44134
44136
44137
44138
44139
44141
44141
44143
44143
44143
44143
44145
44145
44149
44151
44151
44152
44152
44153
44154
44155
44156
44156
44157
44157
44158
44158
44159
44161
44163
44163
44164
44164
44165
44165
44166
44167
44168
44169
44170
44172
44173
44177
44180
44180
44180
44181
44182
44183
44185
44185
44185
44186
44187
44188
44188
44190
44190
44195
44196
44196
44197
44197
44198
44198
44200
44201
44203
44206
44209
44210
44210
44211
44212
44214
44215
44215
44215
44215
44217
44217
44220
44221
44224
44224
44226
44226
44228
44228
44229
44229
44229
44230
44232
44232
44233
44235
44238
44240
44240
44242
44242
44243
44244
44245
44246
44246
44247
44249
44249
44252
44253
44253
44253
44254
44254
44254
44255
44255
44256
44257
44257
44258
44259
44259
44260
44263
44263
44263
44266
44267
44269
44269
44270
44272
44272
44273
44274
44275
44275
44275
44275
44276
44276
44276
44278
44279
44282
44283
44284
44284
44285
44285
44285
44285
44287
44288
44288
44289
44290
44291
44292
44293
44293
44296
44297
44297
44297
44299
44300
44300
44306
44307
44308
44308
44309
44309
44310
44310
44310
44312
44313
44313
44313
44314
44315
44315
44315
44315
44316
44318
44318
44318
44320
44321
44322
44322
44323
44324
44325
44326
44327
44327
44328
44329
44330
44330
44333
44333
44335
44336
44337
44338
44339
44341
44342
44344
44345
44347
44348
44349
44350
44351
44352
44353
44354
44354
44357
44357
44359
44361
44361
44361
44364
44364
44364
44364
44367
44367
44368
44369
44369
44369
44371
44371
44371
44371
44373
44374
44376
44377
44378
44379
44379
44379
44380
44380
44380
44383
44386
44386
44388
44389
44390
44390
44390
44390
44391
44391
44393
44395
44395
44396
44400
44403
44404
44404
44404
44404
44405
44408
44408
44409
44409
44409
44410
44411
44415
44415
44416
44416
44417
44417
44417
44419
44419
44421
44422
44422
44423
44424
44428
44429
44429
44430
44430
44431
44431
44431
44431
44431
44432
44432
44432
44433
44434
44434
44435
44436
44437
44437
44438
44439
44440
44441
44442
44443
44445
44445
44446
44446
44447
44448
44450
44451
44452
44453
44454
44455
44455
44458
44460
44464
44465
44465
44466
44466
44467
44467
44470
44472
44472
44473
44474
44475
44475
44476
44476
44476
44477
44478
44479
44479
44479
44480
44480
44480
44483
44484
44485
44486
44488
44489
44491
44491
44492
44494
44495
44496
44497
44499
44501
44505
44507
44508
44513
44513
44515
44516
44516
44516
44516
44520
44521
44525
44525
44527
44527
44527
44527
44528
44529
44529
44530
44531
44533
44533
44533
44534
44534
44537
44541
44544
44545
44546
44547
44548
44548
44548
44553
44553
44555
44558
44560
44561
44561
44562
44562
44563
44568
44569
44570
44570
44571
44572
44575
44576
44577
44579
44579
44580
44580
44583
44585
44586
44586
44588
44588
44588
44590
44591
44591
44591
44594
44596
44598
44599
44599
44601
44602
44602
44604
44605
44605
44605
44608
44608
44610
44610
44611
44612
44613
44614
44616
44617
44618
44618
44619
44620
44621
44622
44622
44623
44624
44625
44625
44626
44629
44629
44629
44630
44631
44631
44631
44632
44632
44634
44634
44634
44636
44636
44637
44637
44638
44639
44640
44640
44640
44640
44641
44642
44643
44644
44645
44645
44646
44647
44649
44649
44649
44650
44653
44654
44654
44657
44658
44658
44659
44660
44660
44660
44662
44662
44664
44664
44668
44668
44669
44669
44669
44671
44672
44672
44672
44674
44675
44675
44675
44675
44676
44676
44678
44679
44679
44682
44684
44686
44688
44690
44692
44693
44694
44694
44695
44696
44696
44697
44697
44698
44700
44700
44703
44704
44705
44705
44708
44708
44709
44709
44709
44710
44712
44713
44714
44715
44716
44716
44716
44716
44717
44717
44718
44719
44723
44723
44725
44728
44729
44730
44731
44731
44731
44733
44735
44736
44738
44743
44745
44746
44748
44748
44748
44748
44749
44751
44752
44753
44754
44755
44757
44757
44757
44757
44758
44760
44761
44762
44762
44764
44767
44770
44770
44772
44782
44783
44783
44785
44785
44785
44785
44786
44787
44787
44788
44789
44790
44790
44790
44791
44791
44792
44793
44793
44796
44797
44797
44798
44798
44804
44806
44806
44807
44809
44811
44813
44813
44813
44816
44817
44817
44817
44818
44818
44818
44819
44820
44820
44821
44823
44824
44827
44827
44829
44830
44832
44832
44833
44834
44838
44841
44842
44843
44843
44843
44844
44845
44845
44848
44849
44849
44852
44852
44854
44854
44854
44855
44856
44856
44858
44859
44859
44859
44859
44860
44862
44862
44864
44864
44864
44866
44866
44868
44868
44869
44871
44873
44873
44876
44876
44879
44879
44879
44879
44880
44882
44882
44885
44886
44886
44886
44889
44890
44890
44892
44893
44894
44894
44894
44895
44896
44897
44899
44900
44900
44901
44902
44903
44905
44906
44906
44910
44912
44912
44914
44914
44917
44917
44917
44918
44919
44920
44922
44923
44923
44924
44925
44926
44927
44928
44928
44932
44934
44937
44938
44938
44939
44939
44941
44941
44941
44941
44943
44944
44944
44945
44946
44948
44950
44950
44950
44950
44952
44954
44955
44956
44956
44956
44957
44958
44960
44960
44960
44961
44961
44962
44962
44962
44962
44962
44964
44965
44969
44971
44972
44972
44974
44974
44975
44977
44978
44979
44982
44984
44985
44986
44986
44987
44989
44990
44993
44994
44996
44996
44997
45001
45002
45002
45003
45004
45006
45007
45008
45008
45011
45011
45011
45013
45013
45014
45014
45016
45017
45017
45018
45018
45018
45019
45020
45020
45020
45023
45025
45027
45028
45029
45030
45031
45032
45032
45032
45033
45033
45034
45035
45035
45035
45036
45037
45038
45039
45039
45040
45041
45041
45048
45049
45051
45051
45055
45055
45056
45057
45060
45060
45063
45063
45063
45065
45066
45067
45067
45068
45071
45071
45071
45072
45072
45072
45073
45074
45074
45076
45076
45076
45076
45076
45076
45078
45078
45080
45083
45084
45085
45086
45086
45087
45087
45088
45088
45088
45091
45091
45092
45093
45096
45096
45096
45096
45097
45098
45099
45100
45100
45100
45102
45103
45103
45110
45111
45111
45111
45112
45113
45114
45116
45116
45119
45119
45122
45124
45125
45127
45128
45128
45131
45134
45135
45137
45137
45139
45139
45141
45143
45144
45145
45145
45147
45148
45150
45151
45151
45152
45155
45157
45160
45161
45162
45163
45163
45166
45168
45168
45168
45168
45172
45173
45173
45174
45175
45175
45176
45176
45176
45176
45179
45179
45180
45181
45182
45183
45183
45183
45184
45184
45186
45186
45187
45188
45188
45189
45191
45191
45191
45193
45196
45196
45197
45197
45199
45200
45200
45201
45202
45202
45204
45204
45205
45205
45208
45213
45213
45214
45215
45215
45216
45217
45218
45219
45221
45222
45224
45226
45228
45230
45233
45233
45234
45236
45238
45239
45241
45241
45241
45242
45248
45250
45250
45252
45256
45262
45262
45263
45265
45266
45267
45267
45272
45273
45275
45275
45276
45277
45278
45279
45279
45279
45279
45280
45280
45282
45282
45283
45284
45284
45284
45285
45286
45291
45292
45292
45293
45294
45296
45297
45298
45298
45299
45300
45300
45300
45301
45303
45305
45306
45307
45308
45308
45309
45310
45310
45312
45314
45315
45316
45317
45322
45323
45324
45326
45327
45329
45330
45330
45331
45332
45337
45337
45337
45337
45339
45340
45340
45343
45343
45345
45347
45347
45348
45350
45351
45351
45352
45353
45353
45354
45354
45354
45354
45354
45355
45357
45359
45360
45361
45361
45363
45364
45365
45366
45366
45366
45367
45367
45369
45371
45371
45375
45376
45377
45377
45379
45380
45380
45381
45384
45384
45385
45385
45387
45387
45388
45388
45389
45389
45390
45390
45391
45391
45392
45392
45392
45393
45393
45393
45394
45395
45397
45399
45399
45400
45401
45402
45403
45405
45406
45407
45407
45409
45411
45411
45412
45413
45413
45414
45416
45416
45416
45416
45418
45420
45420
45421
45422
45422
45422
45423
45423
45426
45427
45427
45428
45429
45429
45430
45431
45431
45431
45432
45432
45433
45433
45433
45434
45435
45435
45436
45437
45437
45438
45438
45439
45441
45441
45441
45442
45442
45443
45443
45444
45449
45451
45452
45452
45453
45454
45454
45455
45458
45459
45460
45460
45460
45460
45461
45463
45463
45464
45465
45465
45465
45465
45469
45469
45470
45470
45471
45471
45474
45474
45474
45474
45474
45477
45480
45481
45483
45485
45485
45486
45486
45486
45488
45489
45490
45492
45493
45496
45496
45496
45496
45497
45498
45498
45500
45500
45500
45501
45501
45501
45501
45504
45505
45506
45507
45508
45510
45510
45511
45511
45512
45512
45513
45514
45515
45516
45516
45517
45519
45520
45522
45522
45522
45523
45525
45526
45527
45531
45531
45531
45535
45535
45535
45536
45536
45538
45541
45541
45542
45545
45549
45549
45550
45552
45552
45553
45553
45554
45558
45558
45560
45560
45564
45564
45564
45566
45567
45569
45569
45570
45571
45571
45571
45572
45573
45574
45575
45577
45578
45579
45579
45579
45580
45580
45582
45583
45584
45585
45585
45586
45586
45587
45587
45588
45591
45591
45592
45593
45594
45595
45597
45597
45598
45599
45599
45600
45600
45600
45602
45602
45602
45607
45608
45609
45609
45609
45611
45611
45611
45611
45613
45614
45618
45621
45622
45622
45625
45625
45626
45627
45629
45630
45631
45631
45636
45637
45637
45638
45639
45640
45644
45644
45645
45646
45646
45648
45649
45649
45650
45651
45651
45652
45653
45653
45655
45656
45660
45661
45663
45663
45664
45665
45667
45667
45668
45669
45669
45670
45670
45672
45675
45677
45678
45678
45681
45681
45681
45682
45684
45687
45690
45690
45691
45692
45692
45692
45693
45693
45694
45696
45696
45696
45696
45696
45697
45698
45700
45701
45702
45703
45703
45705
45705
45705
45706
45706
45707
45708
45709
45709
45710
45710
45711
45711
45712
45712
45714
45714
45716
45717
45719
45720
45722
45723
45726
45728
45728
45728
45730
45732
45737
45737
45737
45738
45738
45739
45740
45741
45743
45744
45744
45744
45744
45745
45746
45746
45746
45747
45747
45747
45749
45749
45749
45751
45753
45755
45757
45758
45760
45761
45762
45763
45764
45764
45765
45765
45765
45766
45768
45769
45771
45771
45772
45772
45774
45777
45778
45779
45782
45783
45783
45784
45784
45786
45786
45787
45787
45789
45789
45790
45791
45793
45794
45796
45796
45796
45796
45797
45799
45800
45800
45801
45804
45807
45810
45811
45813
45814
45814
45815
45816
45816
45817
45817
45819
45819
45821
45821
45821
45821
45821
45822
45823
45823
45823
45825
45826
45827
45828
45828
45828
45829
45829
45829
45830
45831
45832
45834
45834
45835
45835
45835
45835
45835
45836
45837
45837
45837
45838
45838
45838
45840
45840
45841
45841
45842
45842
45843
45844
45844
45849
45853
45853
45853
45856
45856
45858
45859
45860
45861
45862
45862
45862
45863
45864
45868
45868
45869
45870
45871
45871
45875
45875
45875
45876
45878
45878
45878
45879
45882
45883
45883
45883
45886
45886
45888
45889
45889
45891
45892
45893
45899
45901
45902
45903
45903
45905
45906
45907
45907
45909
45910
45912
45916
45917
45917
45917
45918
45918
45918
45918
45920
45920
45922
45923
45924
45925
45930
45931
45931
45931
45932
45932
45932
45932
45932
45933
45934
45935
45935
45936
45936
45936
45936
45936
45938
45940
45941
45942
45943
45943
45944
45949
45950
45951
45952
45952
45955
45955
45956
45957
45958
45960
45960
45962
45962
45964
45964
45964
45966
45966
45968
45971
45971
45971
45972
45973
45973
45973
45974
45977
45979
45979
45980
45981
45981
45981
45982
45984
45984
45986
45987
45987
45988
45988
45989
45990
45991
45992
45993
45995
45996
45997
45999
45999
46001
46002
46003
46005
46006
46006
46009
46009
46010
46011
46011
46012
46012
46013
46014
46014
46015
46016
46018
46018
46018
46018
46020
46020
46021
46023
46024
46027
46027
46027
46028
46032
46032
46033
46034
46036
46037
46038
46039
46044
46047
46047
46048
46048
46052
46054
46055
46059
46060
46060
46061
46061
46062
46063
46067
46068
46068
46069
46069
46070
46070
46072
46072
46072
46072
46075
46075
46075
46078
46078
46080
46081
46084
46084
46087
46088
46091
46092
46092
46093
46093
46095
46096
46097
46098
46099
46100
46101
46101
46102
46103
46103
46103
46104
46104
46106
46108
46108
46110
46112
46114
46114
46114
46116
46117
46119
46120
46121
46125
46127
46127
46127
46128
46129
46129
46129
46129
46130
46133
46133
46135
46135
46135
46139
46140
46141
46141
46143
46144
46144
46145
46145
46146
46147
46147
46147
46148
46148
46148
46149
46150
46151
46152
46152
46154
46154
46156
46156
46160
46161
46161
46162
46163
46163
46163
46164
46165
46166
46166
46166
46167
46168
46168
46170
46172
46172
46173
46174
46174
46176
46176
46176
46176
46178
46181
46182
46183
46183
46184
46188
46188
46189
46192
46192
46194
46197
46198
46200
46200
46202
46202
46202
46203
46203
46205
46206
46207
46208
46208
46210
46211
46212
46214
46216
46217
46218
46218
46222
46222
46222
46223
46224
46225
46225
46225
46226
46227
46227
46230
46230
46231
46233
46233
46235
46236
46239
46241
46241
46242
46244
46244
46245
46246
46247
46249
46249
46250
46253
46253
46253
46253
46255
46256
46257
46258
46258
46258
46258
46260
46261
46263
46264
46265
46265
46266
46266
46267
46269
46269
46270
46270
46271
46271
46272
46272
46272
46273
46275
46276
46279
46281
46281
46282
46282
46283
46284
46284
46284
46284
46285
46285
46286
46286
46287
46290
46290
46290
46292
46292
46293
46293
46293
46294
46295
46296
46299
46299
46301
46301
46302
46302
46304
46305
46305
46306
46308
46308
46310
46310
46311
46312
46314
46316
46317
46317
46318
46319
46322
46323
46323
46324
46331
46331
46331
46332
46333
46334
46334
46335
46337
46337
46339
46340
46341
46342
46343
46344
46344
46345
46348
46348
46349
46351
46351
46356
46357
46358
46358
46358
46359
46360
46360
46361
46363
46363
46364
46365
46367
46370
46371
46372
46374
46374
46374
46375
46376
46376
46376
46376
46378
46379
46379
46382
46382
46383
46386
46387
46387
46389
46391
46392
46392
46393
46394
46397
46397
46398
46399
46399
46400
46400
46404
46404
46404
46406
46407
46408
46408
46410
46410
46410
46411
46412
46413
46416
46419
46419
46421
46421
46422
46423
46423
46424
46424
46424
46425
46426
46427
46428
46428
46430
46431
46431
46433
46433
46433
46434
46436
46437
46438
46440
46440
46440
46441
46442
46442
46442
46444
46444
46447
46448
46448
46450
46450
46450
46451
46451
46452
46452
46453
46454
46457
46460
46462
46462
46463
46463
46464
46464
46465
46465
46466
46472
46472
46473
46475
46477
46478
46479
46483
46485
46485
46486
46486
46487
46488
46488
46488
46490
46492
46492
46494
46495
46497
46499
46499
46501
46501
46501
46503
46504
46504
46504
46505
46506
46507
46507
46508
46508
46509
46510
46511
46511
46512
46516
46516
46516
46516
46517
46517
46518
46518
46520
46520
46520
46521
46521
46524
46524
46525
46527
46528
46529
46530
46531
46532
46533
46533
46533
46535
46535
46536
46543
46543
46543
46543
46545
46545
46546
46546
46546
46547
46548
46549
46549
46549
46550
46550
46550
46551
46553
46555
46555
46555
46556
46558
46560
46560
46560
46560
46561
46563
46564
46565
46566
46566
46567
46571
46571
46572
46573
46573
46574
46574
46576
46576
46580
46580
46581
46581
46581
46582
46583
46583
46584
46585
46587
46591
46591
46591
46591
46592
46593
46593
46595
46596
46597
46598
46599
46600
46600
46601
46601
46603
46603
46605
46605
46606
46607
46610
46610
46611
46611
46612
46613
46613
46615
46615
46616
46617
46618
46618
46619
46621
46622
46622
46623
46627
46627
46627
46633
46633
46635
46635
46636
46637
46638
46639
46639
46639
46639
46639
46640
46641
46646
46647
46648
46650
46651
46651
46654
46657
46657
46657
46657
46658
46659
46659
46659
46660
46660
46660
46660
46661
46661
46661
46662
46662
46663
46663
46665
46666
46667
46667
46669
46669
46670
46670
46671
46675
46676
46676
46677
46682
46682
46682
46683
46683
46686
46688
46694
46694
46696
46696
46697
46698
46700
46700
46702
46702
46703
46703
46703
46704
46705
46707
46707
46707
46708
46708
46710
46710
46713
46715
46721
46722
46724
46726
46726
46727
46731
46734
46734
46736
46736
46737
46738
46738
46739
46739
46740
46740
46742
46742
46743
46743
46743
46745
46747
46747
46747
46748
46749
46750
46751
46751
46752
46752
46753
46755
46755
46757
46759
46759
46760
46760
46760
46761
46762
46763
46764
46764
46764
46765
46765
46767
46767
46767
46767
46770
46771
46772
46778
46778
46778
46779
46780
46781
46781
46783
46783
46784
46785
46786
46787
46790
46792
46792
46792
46792
46794
46795
46797
46798
46799
46802
46803
46803
46807
46807
46808
46808
46808
46809
46810
46810
46810
46811
46812
46813
46816
46816
46818
46820
46820
46821
46825
46827
46827
46828
46828
46828
46829
46830
46830
46831
46832
46833
46834
46834
46835
46836
46836
46837
46838
46839
46841
46842
46842
46842
46843
46843
46843
46843
46844
46844
46845
46846
46846
46846
46848
46848
46850
46850
46852
46852
46852
46854
46855
46856
46857
46857
46859
46859
46862
46865
46866
46869
46875
46875
46875
46878
46881
46881
46881
46884
46884
46886
46887
46889
46890
46891
46892
46892
46893
46895
46897
46898
46903
46903
46905
46905
46905
46906
46908
46911
46913
46913
46913
46913
46914
46914
46915
46915
46917
46917
46919
46919
46920
46921
46922
46922
46923
46923
46924
46924
46926
46926
46926
46927
46927
46930
46931
46934
46934
46934
46936
46937
46937
46938
46938
46938
46939
46941
46944
46945
46945
46946
46947
46947
46948
46949
46950
46953
46953
46953
46955
46957
46959
46960
46960
46960
46961
46962
46963
46963
46963
46964
46964
46967
46968
46969
46969
46969
46969
46971
46974
46975
46975
46975
46976
46978
46979
46980
46980
46981
46983
46984
46988
46992
46993
46996
46996
46997
46999
46999
47000
47000
47001
47005
47006
47008
47008
47009
47011
47011
47012
47012
47013
47013
47015
47015
47015
47016
47019
47020
47021
47022
47023
47023
47023
47025
47027
47028
47030
47032
47033
47034
47037
47037
47037
47038
47038
47041
47042
47044
47047
47047
47049
47049
47050
47050
47052
47052
47055
47056
47059
47060
47060
47062
47063
47063
47064
47064
47065
47068
47069
47070
47074
47075
47075
47075
47075
47076
47077
47078
47078
47082
47082
47083
47083
47084
47084
47085
47086
47086
47087
47087
47088
47088
47091
47092
47092
47093
47094
47095
47095
47095
47096
47098
47099
47100
47100
47101
47101
47103
47103
47104
47104
47104
47106
47106
47109
47111
47112
47113
47114
47114
47115
47115
47116
47119
47119
47121
47121
47123
47124
47125
47125
47125
47125
47126
47126
47127
47129
47130
47131
47133
47138
47138
47140
47141
47141
47141
47143
47143
47143
47144
47145
47145
47145
47148
47148
47149
47150
47151
47152
47152
47152
47153
47154
47155
47155
47155
47156
47156
47157
47158
47158
47159
47160
47161
47163
47164
47164
47165
47166
47166
47167
47168
47169
47174
47174
47175
47178
47178
47183
47185
47186
47187
47187
47188
47188
47190
47190
47191
47192
47192
47194
47195
47196
47196
47200
47201
47201
47202
47202
47202
47202
47204
47206
47206
47210
47212
47217
47217
47217
47218
47218
47219
47219
47220
47221
47221
47222
47223
47223
47223
47223
47225
47225
47226
47227
47228
47228
47228
47232
47233
47233
47235
47236
47237
47238
47239
47239
47240
47241
47241
47242
47242
47242
47242
47246
47247
47250
47250
47252
47252
47252
47254
47255
47255
47256
47257
47257
47257
47260
47260
47260
47262
47262
47263
47263
47263
47264
47265
47267
47268
47268
47274
47276
47278
47280
47284
47284
47285
47286
47287
47289
47289
47290
47292
47293
47293
47294
47294
47296
47297
47298
47298
47299
47300
47300
47300
47301
47301
47302
47302
47303
47303
47304
47305
47305
47306
47306
47306
47307
47307
47307
47310
47310
47310
47313
47313
47316
47317
47317
47318
47319
47319
47319
47320
47321
47322
47323
47326
47328
47329
47329
47329
47329
47330
47331
47332
47332
47333
47334
47334
47334
47335
47336
47337
47337
47339
47340
47342
47345
47345
47345
47346
47346
47348
47348
47349
47354
47354
47354
47354
47357
47358
47358
47360
47360
47362
47362
47363
47364
47367
47367
47368
47368
47369
47369
47370
47371
47371
47371
47372
47373
47374
47375
47375
47375
47378
47378
47379
47379
47380
47380
47381
47382
47382
47382
47382
47384
47385
47385
47385
47387
47388
47388
47389
47389
47389
47391
47393
47393
47395
47396
47397
47399
47400
47401
47402
47403
47404
47404
47404
47405
47406
47406
47406
47408
47411
47412
47414
47414
47416
47417
47417
47417
47419
47421
47421
47422
47423
47423
47426
47427
47428
47429
47436
47438
47439
47439
47441
47442
47442
47443
47443
47444
47444
47445
47446
47447
47448
47448
47448
47449
47449
47450
47450
47450
47451
47452
47452
47452
47452
47452
47453
47454
47454
47455
47455
47455
47459
47461
47462
47462
47464
47465
47465
47465
47466
47467
47467
47469
47470
47472
47472
47473
47475
47475
47475
47475
47476
47476
47479
47479
47480
47481
47482
47485
47487
47489
47489
47489
47491
47493
47496
47497
47498
47498
47498
47499
47500
47503
47504
47505
47507
47508
47509
47512
47513
47513
47515
47515
47517
47520
47520
47521
47521
47522
47523
47524
47525
47525
47527
47528
47528
47529
47529
47529
47529
47530
47530
47530
47531
47532
47532
47533
47534
47537
47542
47542
47542
47543
47544
47544
47544
47545
47548
47550
47550
47551
47552
47552
47557
47559
47561
47561
47561
47563
47563
47563
47564
47565
47567
47567
47567
47568
47569
47569
47569
47570
47570
47570
47571
47573
47574
47577
47577
47578
47578
47578
47579
47580
47584
47584
47586
47586
47587
47588
47589
47589
47590
47590
47591
47594
47595
47596
47596
47597
47597
47597
47598
47600
47602
47602
47603
47603
47605
47605
47606
47608
47609
47610
47611
47611
47612
47613
47615
47616
47616
47616
47617
47617
47618
47619
47620
47621
47621
47622
47622
47625
47626
47626
47626
47626
47627
47627
47627
47627
47627
47628
47629
47631
47633
47633
47634
47636
47637
47637
47638
47640
47643
47644
47646
47646
47647
47648
47650
47651
47653
47654
47654
47654
47655
47657
47657
47658
47658
47659
47659
47659
47660
47660
47662
47663
47668
47668
47669
47669
47671
47671
47671
47672
47673
47674
47674
47675
47677
47677
47679
47681
47684
47685
47685
47687
47689
47690
47690
47692
47693
47694
47694
47696
47698
47700
47700
47702
47703
47703
47704
47706
47706
47707
47707
47709
47710
47711
47712
47713
47714
47714
47714
47715
47716
47716
47717
47718
47718
47718
47720
47722
47724
47725
47726
47727
47728
47729
47730
47730
47731
47731
47732
47732
47732
47732
47733
47733
47735
47735
47735
47736
47737
47738
47739
47739
47741
47742
47744
47745
47748
47749
47753
47755
47757
47758
47762
47763
47765
47767
47769
47771
47771
47773
47773
47775
47775
47775
47778
47780
47780
47781
47781
47783
47783
47784
47785
47786
47786
47786
47790
47790
47791
47792
47793
47793
47795
47796
47798
47800
47801
47802
47802
47804
47804
47806
47807
47809
47809
47809
47813
47815
47815
47815
47817
47817
47818
47819
47819
47820
47820
47822
47823
47825
47827
47827
47828
47828
47828
47828
47829
47829
47829
47831
47832
47833
47834
47835
47836
47836
47836
47836
47839
47841
47842
47843
47847
47848
47848
47848
47849
47849
47850
47850
47851
47852
47854
47854
47856
47857
47857
47857
47860
47860
47861
47865
47867
47867
47868
47872
47873
47873
47874
47875
47875
47876
47876
47877
47878
47878
47878
47879
47881
47881
47881
47881
47882
47884
47884
47886
47886
47887
47887
47888
47889
47889
47890
47891
47892
47892
47896
47897
47898
47899
47901
47901
47901
47902
47902
47904
47904
47905
47908
47908
47908
47909
47909
47909
47912
47914
47915
47916
47917
47918
47919
47921
47921
47923
47923
47925
47927
47930
47931
47932
47934
47934
47934
47934
47934
47935
47936
47937
47938
47939
47939
47941
47942
47942
47942
47942
47943
47947
47948
47948
47949
47949
47949
47950
47951
47952
47952
47953
47953
47954
47955
47955
47955
47956
47957
47959
47960
47961
47963
47964
47966
47966
47967
47968
47969
47970
47971
47971
47972
47974
47978
47983
47986
47986
47987
47989
47990
47993
47994
47995
47997
47997
47998
47998
47999
47999
48001
48004
48005
48006
48009
48010
48011
48013
48013
48016
48019
48020
48021
48023
48025
48027
48027
48029
48030
48030
48030
48031
48034
48035
48037
48038
48038
48039
48039
48039
48041
48041
48042
48042
48043
48047
48049
48049
48050
48050
48051
48051
48052
48052
48053
48053
48053
48054
48054
48056
48057
48057
48060
48062
48063
48064
48064
48064
48068
48069
48069
48070
48071
48071
48071
48072
48072
48074
48075
48076
48076
48077
48078
48080
48081
48083
48084
48085
48086
48087
48089
48089
48091
48093
48095
48096
48097
48097
48101
48101
48101
48101
48102
48103
48104
48105
48107
48107
48108
48109
48111
48111
48112
48112
48113
48114
48114
48116
48116
48118
48118
48121
48122
48122
48124
48124
48125
48126
48126
48131
48133
48134
48138
48139
48139
48142
48143
48143
48145
48146
48147
48148
48150
48150
48150
48151
48152
48153
48155
48156
48156
48156
48157
48158
48158
48161
48165
48166
48167
48167
48169
48172
48174
48175
48176
48176
48178
48179
48180
48182
48186
48187
48189
48191
48192
48192
48193
48194
48195
48197
48197
48198
48198
48198
48199
48201
48202
48204
48205
48206
48208
48210
48210
48211
48212
48213
48217
48219
48219
48220
48220
48221
48221
48222
48222
48223
48223
48224
48227
48227
48228
48230
48231
48231
48231
48232
48232
48233
48234
48234
48234
48234
48235
48235
48236
48236
48237
48239
48240
48241
48242
48242
48242
48242
48244
48244
48248
48248
48249
48249
48251
48252
48253
48255
48256
48257
48259
48259
48260
48260
48261
48262
48263
48263
48263
48264
48264
48265
48265
48266
48266
48266
48268
48269
48270
48271
48272
48273
48273
48273
48275
48275
48276
48276
48277
48277
48277
48279
48280
48280
48281
48285
48287
48287
48288
48289
48289
48292
48293
48295
48297
48298
48298
48298
48298
48298
48301
48301
48302
48303
48304
48305
48305
48305
48307
48310
48311
48311
48312
48312
48313
48313
48315
48316
48316
48317
48318
48318
48321
48322
48322
48322
48323
48324
48324
48325
48325
48328
48330
48330
48335
48336
48337
48339
48339
48339
48341
48344
48345
48346
48347
48347
48348
48348
48349
48349
48351
48355
48357
48359
48360
48361
48361
48361
48362
48362
48363
48363
48363
48364
48365
48370
48370
48371
48371
48372
48376
48381
48381
48382
48383
48383
48383
48385
48385
48385
48387
48388
48389
48389
48390
48391
48392
48392
48394
48394
48397
48397
48397
48400
48401
48401
48402
48403
48403
48403
48404
48405
48405
48407
48407
48410
48410
48412
48412
48412
48413
48413
48414
48414
48414
48415
48418
48420
48421
48422
48423
48423
48425
48426
48426
48427
48427
48431
48434
48434
48438
48438
48441
48441
48441
48441
48442
48443
48443
48445
48445
48446
48446
48447
48447
48449
48449
48450
48451
48452
48452
48453
48453
48454
48455
48455
48457
48457
48460
48460
48461
48461
48461
48462
48462
48463
48463
48464
48465
48469
48469
48471
48473
48474
48474
48476
48477
48477
48477
48477
48482
48482
48482
48483
48484
48484
48485
48486
48487
48488
48489
48489
48490
48492
48493
48493
48494
48497
48499
48501
48502
48502
48502
48502
48502
48503
48503
48506
48508
48509
48509
48510
48514
48517
48518
48519
48520
48521
48525
48525
48526
48526
48527
48529
48529
48530
48532
48532
48533
48534
48534
48534
48535
48536
48537
48539
48540
48541
48544
48545
48546
48546
48549
48550
48552
48553
48553
48555
48558
48559
48560
48561
48563
48563
48564
48565
48566
48566
48568
48568
48568
48570
48570
48570
48571
48571
48572
48572
48572
48573
48574
48574
48574
48576
48577
48577
48578
48578
48580
48580
48581
48582
48583
48586
48589
48589
48590
48590
48590
48591
48592
48592
48592
48593
48595
48596
48596
48596
48597
48599
48599
48599
48602
48604
48605
48606
48607
48608
48610
48610
48612
48615
48615
48615
48615
48617
48621
48623
48623
48624
48624
48625
48625
48625
48625
48625
48625
48626
48629
48630
48630
48631
48631
48632
48634
48635
48637
48637
48637
48639
48639
48640
48641
48643
48643
48643
48644
48648
48648
48649
48651
48652
48652
48652
48652
48653
48654
48654
48655
48655
48656
48657
48658
48659
48659
48661
48661
48662
48663
48663
48663
48665
48665
48668
48669
48669
48670
48671
48673
48674
48674
48675
48677
48677
48679
48679
48683
48683
48687
48688
48691
48692
48693
48694
48695
48696
48697
48697
48698
48699
48700
48701
48701
48704
48705
48706
48707
48709
48710
48713
48714
48715
48718
48718
48719
48720
48722
48724
48725
48727
48727
48728
48729
48730
48730
48730
48731
48732
48732
48733
48734
48735
48736
48737
48740
48740
48741
48741
48744
48744
48747
48748
48750
48752
48753
48754
48755
48756
48758
48758
48759
48760
48760
48761
48761
48763
48763
48764
48766
48766
48768
48768
48771
48771
48771
48775
48775
48776
48777
48778
48781
48782
48783
48785
48785
48785
48785
48785
48786
48786
48787
48789
48790
48791
48791
48795
48797
48797
48799
48799
48800
48800
48801
48804
48804
48804
48805
48806
48807
48807
48808
48810
48811
48812
48812
48813
48813
48816
48816
48817
48817
48817
48818
48819
48819
48822
48827
48827
48827
48827
48827
48829
48829
48830
48831
48833
48834
48834
48834
48835
48836
48836
48837
48838
48839
48840
48841
48842
48843
48843
48843
48844
48844
48844
48846
48847
48847
48848
48848
48849
48849
48851
48852
48852
48853
48854
48855
48855
48856
48857
48859
48859
48860
48861
48862
48863
48863
48864
48864
48867
48868
48869
48870
48870
48871
48874
48874
48874
48874
48876
48878
48880
48882
48883
48883
48884
48884
48886
48887
48888
48888
48890
48891
48892
48893
48893
48894
48897
48898
48899
48900
48901
48902
48902
48904
48904
48905
48905
48905
48906
48907
48908
48908
48909
48910
48910
48915
48915
48917
48919
48919
48920
48920
48920
48920
48920
48921
48922
48924
48926
48927
48928
48928
48930
48931
48931
48932
48933
48935
48935
48935
48936
48937
48937
48937
48938
48938
48940
48941
48941
48942
48942
48942
48944
48946
48946
48948
48950
48951
48952
48953
48956
48957
48957
48957
48958
48959
48961
48963
48964
48965
48965
48966
48966
48967
48969
48969
48970
48971
48971
48971
48972
48973
48973
48973
48976
48981
48981
48983
48984
48985
48986
48987
48987
48987
48989
48989
48990
48991
48991
48992
48993
48994
48994
48995
48995
48996
48996
48997
48997
48997
48999
49002
49003
49003
49004
49004
49005
49007
49008
49009
49009
49010
49010
49017
49017
49017
49017
49022
49022
49025
49026
49026
49027
49027
49028
49028
49028
49029
49029
49030
49031
49035
49036
49039
49039
49040
49043
49045
49045
49046
49046
49048
49049
49050
49050
49051
49052
49053
49053
49053
49053
49053
49054
49054
49055
49055
49056
49056
49056
49057
49058
49059
49061
49061
49061
49062
49062
49063
49063
49065
49067
49067
49069
49069
49070
49071
49072
49072
49073
49074
49077
49077
49077
49077
49079
49080
49082
49085
49088
49088
49088
49088
49089
49089
49089
49091
49094
49095
49095
49095
49095
49096
49096
49096
49096
49097
49097
49097
49098
49099
49099
49101
49102
49102
49103
49103
49103
49103
49108
49109
49109
49110
49111
49112
49114
49116
49117
49120
49123
49123
49124
49124
49127
49128
49128
49129
49131
49133
49136
49137
49141
49141
49141
49145
49151
49152
49153
49153
49154
49155
49155
49159
49159
49162
49162
49164
49166
49167
49168
49169
49170
49172
49172
49173
49174
49175
49177
49178
49179
49179
49182
49184
49186
49187
49187
49189
49191
49191
49192
49194
49194
49195
49199
49199
49200
49201
49201
49201
49204
49206
49206
49206
49207
49209
49210
49210
49211
49212
49212
49212
49212
49212
49213
49216
49217
49217
49218
49218
49219
49220
49220
49222
49222
49225
49227
49227
49230
49233
49233
49233
49236
49238
49238
49239
49239
49240
49243
49245
49246
49247
49248
49248
49250
49253
49255
49255
49256
49256
49256
49256
49259
49260
49261
49262
49262
49264
49265
49267
49268
49269
49270
49270
49271
49271
49272
49272
49274
49275
49276
49277
49278
49279
49280
49282
49283
49283
49284
49285
49286
49286
49286
49288
49289
49290
49294
49294
49295
49295
49297
49300
49301
49305
49306
49310
49311
49311
49311
49311
49312
49314
49314
49316
49316
49318
49320
49320
49322
49323
49324
49324
49326
49326
49328
49328
49329
49329
49330
49333
49333
49333
49335
49336
49336
49337
49337
49341
49342
49347
49353
49353
49353
49354
49355
49355
49356
49358
49358
49359
49362
49362
49362
49363
49364
49364
49364
49364
49365
49365
49368
49370
49370
49370
49371
49371
49371
49371
49371
49372
49372
49373
49373
49374
49375
49377
49379
49384
49384
49384
49385
49386
49386
49386
49386
49387
49388
49389
49389
49389
49390
49392
49393
49393
49394
49394
49394
49396
49400
49402
49402
49404
49404
49404
49405
49406
49406
49408
49412
49412
49413
49415
49416
49416
49417
49417
49418
49419
49420
49420
49422
49422
49425
49426
49427
49429
49430
49431
49432
49432
49432
49434
49434
49434
49436
49438
49438
49441
49441
49441
49443
49443
49444
49444
49446
49446
49447
49448
49452
49452
49452
49452
49452
49453
49455
49457
49458
49459
49460
49460
49462
49464
49465
49466
49466
49467
49470
49470
49471
49471
49474
49477
49479
49480
49480
49485
49485
49486
49486
49487
49487
49487
49487
49488
49489
49489
49489
49489
49490
49491
49492
49492
49493
49493
49496
49497
49499
49499
49500
49500
49502
49502
49502
49502
49504
49504
49504
49504
49508
49511
49512
49513
49513
49513
49513
49513
49514
49514
49515
49517
49517
49517
49517
49519
49519
49522
49523
49523
49524
49524
49524
49526
49527
49528
49529
49529
49532
49532
49534
49536
49536
49537
49537
49539
49546
49547
49548
49548
49549
49554
49556
49556
49558
49561
49563
49563
49565
49566
49568
49569
49571
49574
49575
49576
49577
49578
49579
49579
49579
49581
49586
49587
49590
49594
49595
49595
49596
49597
49598
49598
49598
49599
49599
49599
49599
49600
49600
49600
49602
49603
49603
49604
49604
49604
49605
49605
49605
49606
49608
49608
49611
49611
49613
49614
49615
49616
49618
49618
49620
49621
49622
49622
49626
49626
49627
49627
49628
49629
49630
49631
49632
49632
49632
49632
49633
49634
49635
49635
49636
49636
49637
49637
49640
49640
49641
49643
49644
49645
49645
49646
49648
49649
49649
49650
49650
49650
49652
49653
49653
49654
49654
49655
49655
49657
49662
49662
49663
49665
49665
49666
49667
49669
49669
49671
49671
49671
49671
49673
49673
49674
49676
49676
49676
49676
49676
49681
49681
49681
49682
49682
49683
49684
49686
49687
49687
49689
49692
49692
49694
49700
49703
49705
49706
49706
49707
49707
49708
49709
49709
49710
49712
49712
49713
49714
49715
49715
49715
49716
49716
49716
49717
49717
49718
49718
49719
49719
49720
49720
49721
49721
49721
49723
49723
49723
49724
49724
49724
49726
49729
49730
49730
49730
49730
49733
49734
49735
49735
49735
49736
49738
49739
49739
49740
49741
49741
49742
49745
49745
49746
49747
49748
49748
49749
49750
49752
49754
49756
49757
49757
49757
49758
49760
49761
49762
49762
49764
49765
49765
49765
49766
49768
49768
49769
49771
49773
49774
49777
49777
49777
49778
49780
49781
49781
49783
49784
49784
49784
49785
49785
49785
49785
49786
49789
49789
49790
49790
49790
49791
49792
49794
49795
49795
49796
49797
49797
49799
49799
49799
49799
49800
49800
49800
49802
49802
49803
49803
49804
49804
49805
49806
49807
49808
49808
49809
49810
49814
49816
49816
49817
49817
49818
49819
49819
49819
49820
49820
49822
49822
49824
49824
49826
49826
49827
49828
49828
49829
49829
49830
49831
49833
49834
49837
49839
49839
49840
49841
49842
49843
49844
49844
49845
49847
49847
49848
49849
49850
49852
49854
49854
49855
49855
49857
49858
49859
49860
49860
49862
49864
49865
49865
49867
49868
49872
49872
49873
49873
49877
49878
49879
49880
49880
49881
49882
49882
49882
49885
49885
49885
49886
49886
49887
49888
49890
49890
49892
49894
49895
49895
49896
49897
49898
49899
49901
49901
49901
49902
49904
49905
49905
49906
49906
49906
49907
49912
49912
49912
49914
49914
49915
49915
49916
49917
49919
49919
49921
49923
49925
49926
49926
49927
49928
49929
49930
49930
49933
49934
49934
49934
49936
49936
49937
49938
49939
49939
49939
49939
49941
49943
49944
49944
49946
49946
49947
49950
49951
49953
49953
49953
49953
49953
49953
49954
49954
49955
49956
49956
49957
49957
49958
49958
49958
49961
49962
49962
49963
49963
49964
49964
49965
49965
49967
49967
49968
49968
49969
49970
49970
49970
49970
49973
49979
49979
49979
49980
49983
49985
49986
49986
49988
49989
49990
49990
49991
49991
49992
49993
49995
49999
49999