99999
99995
99992
99989
99988
99988
99987
99985
99985
99984
99984
99983
99982
99981
99980
99979
99978
99978
99976
99975
99975
99975
99972
99972
99971
99970
99970
99969
99966
99965
99965
99965
99964
99964
99963
99963
99963
99963
99962
99961
99961
99959
99955
99954
99953
99953
99953
99952
99952
99951
99950
99948
99948
99947
99947
99946
99946
99944
99944
99943
99942
99942
99941
99938
99938
99936
99936
99935
99935
99931
99931
99931
99929
99929
99928
99928
99928
99928
99927
99925
99923
99922
99922
99918
99917
99917
99915
99915
99914
99913
99911
99910
99910
99907
99906
99905
99903
99903
99902
99902
99899
99899
99899
99897
99897
99896
99893
99892
99891
99888
99888
99886
99885
99884
99882
99882
99882
99877
99877
99877
99875
99872
99871
99870
99869
99869
99868
99866
99866
99866
99866
99864
99863
99863
99862
99860
99859
99859
99859
99859
99859
99858
99857
99857
99855
99855
99855
99853
99851
99849
99849
99849
99848
99847
99847
99847
99845
99843
99843
99843
99842
99842
99842
99841
99835
99834
99832
99832
99830
99828
99828
99825
99825
99824
99824
99823
99819
99818
99818
99817
99816
99816
99815
99815
99815
99814
99813
99812
99809
99809
99809
99807
99804
99803
99801
99801
99800
99798
99798
99798
99797
99797
99797
99796
99793
99793
99792
99790
99789
99789
99788
99787
99786
99784
99782
99780
99780
99777
99776
99776
99774
99774
99773
99773
99772
99764
99764
99763
99761
99760
99760
99760
99756
99751
99750
99750
99749
99749
99748
99748
99746
99745
99744
99744
99743
99742
99742
99741
99740
99738
99738
99738
99736
99736
99736
99734
99734
99734
99732
99729
99728
99728
99727
99726
99724
99724
99721
99720
99719
99719
99718
99717
99713
99711
99710
99709
99709
99708
99708
99708
99702
99702
99701
99700
99696
99695
99694
99693
99691
99691
99690
99690
99690
99690
99690
99688
99687
99685
99684
99684
99683
99682
99681
99679
99679
99678
99677
99677
99676
99674
99673
99673
99671
99669
99669
99668
99665
99665
99664
99661
99660
99660
99658
99658
99655
99655
99654
99653
99653
99653
99651
99651
99651
99651
99648
99644
99643
99642
99642
99642
99642
99639
99636
99635
99634
99633
99630
99627
99626
99626
99625
99623
99620
99619
99617
99617
99616
99613
99612
99612
99611
99611
99611
99610
99608
99608
99608
99607
99607
99606
99605
99605
99605
99603
99602
99601
99601
99601
99601
99600
99599
99599
99599
99598
99597
99597
99594
99594
99593
99593
99592
99591
99590
99589
99587
99585
99584
99584
99582
99579
99578
99577
99576
99576
99575
99575
99574
99572
99571
99570
99570
99570
99569
99568
99568
99566
99566
99565
99564
99564
99564
99564
99562
99561
99561
99560
99557
99556
99555
99555
99554
99553
99553
99552
99550
99550
99550
99549
99548
99547
99546
99545
99545
99544
99544
99543
99542
99542
99542
99541
99539
99539
99538
99538
99538
99537
99536
99536
99536
99536
99535
99533
99532
99530
99530
99529
99529
99527
99526
99526
99525
99523
99521
99520
99520
99519
99519
99517
99516
99515
99513
99513
99513
99511
99509
99508
99508
99508
99507
99506
99505
99504
99503
99503
99503
99502
99502
99501
99501
99501
99500
99499
99499
99498
99497
99497
99494
99492
99492
99491
99491
99489
99488
99488
99487
99487
99485
99485
99484
99483
99483
99481
99481
99481
99480
99479
99476
99476
99476
99475
99475
99471
99470
99468
99467
99465
99464
99463
99461
99461
99461
99461
99461
99460
99458
99455
99455
99455
99454
99454
99453
99452
99452
99452
99449
99449
99448
99448
99447
99446
99445
99442
99442
99440
99440
99439
99439
99437
99436
99436
99433
99433
99432
99432
99431
99428
99426
99425
99425
99425
99424
99421
99421
99420
99420
99419
99418
99418
99416
99416
99414
99408
99406
99406
99404
99404
99403
99403
99403
99403
99402
99401
99400
99399
99398
99398
99397
99395
99394
99394
99393
99393
99392
99391
99388
99388
99388
99387
99385
99385
99384
99383
99380
99380
99376
99376
99376
99375
99374
99371
99370
99369
99369
99368
99368
99368
99367
99366
99365
99365
99363
99363
99360
99359
99359
99358
99358
99357
99356
99355
99354
99352
99350
99349
99346
99346
99345
99344
99341
99340
99339
99339
99338
99338
99338
99336
99336
99336
99335
99333
99329
99328
99328
99326
99326
99326
99325
99325
99324
99323
99322
99321
99318
99318
99317
99317
99316
99315
99314
99314
99312
99312
99311
99308
99308
99308
99308
99307
99307
99306
99306
99305
99301
99300
99297
99297
99296
99293
99291
99291
99290
99289
99289
99289
99287
99286
99284
99282
99281
99280
99280
99278
99275
99275
99274
99274
99273
99271
99271
99271
99270
99269
99268
99268
99267
99267
99266
99265
99265
99263
99261
99260
99260
99259
99258
99258
99256
99253
99253
99252
99252
99251
99249
99249
99247
99246
99245
99244
99243
99241
99241
99241
99241
99241
99240
99240
99239
99237
99236
99236
99236
99234
99233
99232
99232
99231
99230
99229
99228
99225
99224
99223
99222
99221
99221
99217
99216
99214
99214
99214
99213
99213
99212
99212
99212
99212
99212
99210
99209
99208
99207
99206
99206
99206
99205
99204
99203
99203
99203
99202
99201
99194
99193
99193
99192
99192
99191
99191
99191
99191
99189
99187
99187
99187
99186
99186
99186
99184
99182
99180
99179
99179
99178
99178
99177
99175
99175
99173
99173
99173
99172
99171
99169
99167
99166
99164
99162
99161
99160
99159
99159
99158
99155
99153
99153
99153
99152
99151
99150
99150
99150
99148
99147
99146
99143
99143
99138
99138
99138
99137
99132
99131
99130
99130
99129
99129
99126
99126
99126
99126
99125
99124
99123
99122
99121
99121
99120
99117
99116
99116
99116
99114
99114
99114
99111
99111
99110
99107
99105
99103
99100
99098
99098
99096
99096
99096
99092
99092
99091
99089
99088
99087
99087
99086
99086
99086
99084
99082
99081
99076
99075
99074
99073
99072
99072
99071
99070
99069
99068
99067
99067
99066
99064
99063
99062
99061
99060
99057
99057
99057
99056
99056
99056
99055
99052
99051
99050
99048
99048
99045
99045
99042
99040
99040
99036
99035
99035
99034
99034
99034
99033
99033
99033
99033
99030
99029
99029
99028
99028
99027
99027
99026
99024
99024
99023
99023
99022
99021
99021
99020
99019
99018
99015
99014
99013
99013
99012
99012
99012
99010
99010
99010
99008
99004
99003
99002
99001
99001
99000
99000
98999
98996
98996
98996
98995
98995
98995
98993
98993
98992
98990
98987
98987
98987
98986
98986
98986
98985
98984
98984
98983
98983
98982
98982
98982
98980
98980
98978
98978
98976
98975
98973
98971
98967
98967
98965
98965
98963
98962
98961
98961
98960
98958
98956
98955
98954
98950
98950
98950
98949
98948
98945
98942
98941
98940
98939
98939
98939
98937
98937
98937
98936
98935
98935
98931
98930
98930
98929
98928
98927
98927
98926
98926
98925
98922
98922
98922
98921
98919
98916
98915
98915
98914
98913
98913
98912
98910
98909
98906
98906
98905
98904
98903
98903
98902
98902
98902
98901
98901
98900
98900
98899
98899
98898
98896
98896
98896
98893
98893
98890
98889
98888
98887
98887
98885
98884
98884
98883
98882
98880
98879
98879
98878
98875
98875
98872
98872
98871
98870
98868
98867
98864
98863
98862
98862
98861
98860
98859
98859
98859
98858
98856
98855
98855
98854
98853
98853
98852
98851
98846
98843
98843
98843
98842
98842
98842
98842
98840
98838
98838
98837
98834
98834
98834
98834
98833
98833
98832
98831
98830
98829
98828
98827
98826
98826
98824
98824
98824
98822
98821
98821
98820
98818
98817
98816
98816
98815
98815
98814
98814
98814
98814
98814
98813
98811
98811
98810
98807
98807
98806
98806
98806
98805
98805
98804
98803
98802
98802
98802
98802
98801
98800
98798
98797
98796
98795
98795
98795
98795
98794
98791
98790
98789
98789
98788
98787
98786
98785
98785
98785
98784
98783
98781
98780
98777
98772
98771
98769
98769
98769
98769
98769
98768
98768
98767
98766
98765
98764
98763
98762
98761
98758
98757
98755
98755
98755
98753
98753
98752
98752
98751
98751
98750
98750
98750
98748
98748
98746
98746
98745
98744
98741
98740
98740
98739
98739
98738
98737
98736
98736
98734
98732
98732
98732
98732
98731
98730
98729
98729
98729
98729
98728
98727
98725
98725
98724
98721
98721
98721
98720
98720
98720
98718
98717
98715
98712
98712
98712
98709
98709
98709
98709
98708
98708
98707
98704
98702
98697
98696
98696
98696
98695
98693
98693
98692
98691
98690
98690
98688
98688
98687
98687
98684
98684
98683
98682
98681
98680
98680
98680
98678
98678
98677
98677
98676
98674
98674
98672
98671
98671
98670
98668
98666
98664
98659
98658
98657
98655
98655
98655
98654
98653
98652
98652
98651
98649
98646
98645
98644
98643
98639
98639
98635
98634
98634
98633
98632
98631
98630
98629
98629
98628
98626
98624
98624
98623
98623
98622
98621
98620
98619
98617
98617
98617
98616
98616
98615
98615
98614
98614
98614
98612
98606
98605
98604
98603
98600
98597
98596
98593
98593
98592
98590
98590
98589
98588
98587
98587
98585
98585
98581
98581
98577
98576
98576
98575
98574
98572
98571
98571
98570
98570
98569
98568
98568
98567
98567
98567
98566
98564
98564
98563
98562
98561
98560
98559
98559
98559
98559
98558
98557
98557
98554
98553
98553
98551
98551
98550
98550
98548
98548
98547
98546
98546
98544
98544
98542
98541
98540
98539
98538
98537
98536
98536
98535
98534
98534
98532
98532
98532
98531
98531
98531
98529
98529
98529
98527
98526
98526
98525
98525
98524
98523
98522
98521
98519
98519
98518
98516
98516
98515
98514
98513
98512
98509
98509
98508
98508
98508
98506
98504
98504
98502
98501
98500
98500
98499
98499
98499
98498
98498
98498
98497
98497
98497
98495
98494
98493
98493
98492
98492
98491
98491
98490
98490
98488
98486
98486
98486
98485
98484
98483
98483
98481
98481
98480
98479
98479
98478
98478
98476
98475
98474
98473
98471
98471
98466
98465
98463
98462
98462
98461
98461
98460
98460
98460
98458
98457
98457
98457
98457
98455
98454
98453
98452
98451
98450
98450
98450
98450
98449
98449
98447
98445
98445
98442
98441
98441
98440
98439
98439
98436
98436
98433
98433
98432
98430
98430
98429
98428
98426
98424
98423
98422
98421
98421
98421
98420
98420
98418
98417
98416
98414
98414
98413
98412
98410
98410
98410
98408
98408
98407
98407
98406
98405
98402
98402
98396
98393
98393
98392
98390
98390
98389
98382
98381
98380
98380
98380
98376
98374
98373
98373
98372
98370
98369
98368
98367
98367
98365
98365
98365
98361
98359
98358
98356
98356
98355
98355
98353
98353
98353
98350
98349
98347
98345
98344
98344
98344
98343
98338
98337
98337
98336
98334
98333
98333
98332
98332
98331
98330
98330
98330
98327
98327
98325
98324
98324
98323
98322
98322
98321
98319
98319
98319
98318
98316
98314
98314
98312
98312
98310
98309
98308
98307
98305
98304
98304
98302
98302
98301
98301
98301
98300
98298
98297
98297
98296
98294
98293
98293
98291
98288
98285
98283
98281
98281
98281
98279
98276
98274
98273
98272
98271
98270
98269
98268
98268
98267
98267
98266
98265
98262
98262
98261
98261
98260
98259
98258
98254
98254
98254
98251
98251
98250
98250
98248
98247
98247
98247
98246
98245
98243
98241
98240
98237
98237
98235
98235
98235
98234
98234
98234
98232
98232
98231
98231
98229
98227
98227
98227
98226
98225
98223
98223
98222
98222
98222
98222
98221
98220
98217
98215
98215
98215
98214
98212
98211
98211
98209
98208
98207
98205
98204
98203
98201
98201
98201
98200
98197
98196
98195
98194
98194
98194
98192
98192
98191
98190
98189
98189
98188
98188
98187
98185
98183
98183
98183
98183
98181
98180
98180
98179
98179
98178
98178
98177
98176
98174
98173
98172
98170
98170
98170
98170
98169
98169
98168
98168
98167
98167
98166
98164
98162
98161
98160
98160
98159
98159
98158
98156
98156
98155
98155
98155
98154
98153
98153
98152
98150
98150
98149
98148
98145
98142
98142
98140
98140
98139
98138
98135
98130
98129
98128
98124
98123
98119
98119
98119
98118
98118
98118
98117
98116
98115
98114
98113
98112
98112
98112
98112
98110
98110
98109
98105
98104
98104
98104
98104
98104
98103
98101
98101
98100
98099
98099
98099
98098
98097
98096
98094
98091
98090
98088
98087
98086
98085
98085
98085
98084
98083
98081
98081
98080
98079
98078
98077
98077
98076
98075
98072
98070
98070
98069
98068
98067
98065
98062
98061
98061
98060
98059
98056
98055
98055
98055
98055
98054
98054
98053
98053
98053
98052
98052
98051
98051
98050
98048
98045
98044
98044
98043
98043
98042
98042
98042
98041
98040
98040
98039
98038
98035
98033
98033
98030
98030
98030
98028
98027
98027
98027
98026
98026
98025
98023
98023
98022
98021
98020
98019
98019
98016
98015
98014
98014
98013
98012
98012
98008
98007
98007
98006
98006
98006
98005
98004
98003
98002
98002
97998
97998
97998
97997
97991
97990
97989
97986
97985
97985
97983
97982
97978
97978
97977
97975
97973
97973
97972
97972
97971
97968
97967
97966
97966
97966
97966
97962
97962
97962
97961
97960
97960
97958
97958
97958
97957
97955
97953
97953
97952
97952
97951
97950
97949
97949
97947
97947
97946
97944
97943
97941
97939
97938
97938
97936
97935
97935
97935
97934
97934
97934
97932
97932
97929
97929
97928
97925
97924
97924
97922
97918
97917
97916
97916
97915
97915
97913
97913
97912
97912
97911
97907
97906
97904
97903
97902
97902
97900
97899
97898
97896
97893
97891
97891
97890
97889
97888
97888
97888
97886
97886
97885
97885
97884
97881
97881
97881
97881
97880
97879
97878
97876
97876
97875
97873
97873
97872
97871
97871
97870
97870
97869
97868
97868
97868
97867
97866
97866
97866
97866
97865
97865
97863
97862
97860
97860
97860
97859
97859
97857
97855
97855
97854
97853
97853
97853
97852
97852
97849
97847
97846
97845
97844
97843
97843
97841
97837
97837
97836
97835
97831
97828
97827
97827
97827
97826
97823
97823
97821
97819
97818
97814
97813
97810
97810
97810
97809
97809
97809
97809
97808
97807
97807
97807
97807
97807
97806
97804
97804
97803
97803
97802
97801
97800
97798
97797
97797
97795
97795
97793
97793
97792
97787
97785
97784
97784
97783
97782
97782
97781
97778
97777
97777
97776
97775
97774
97774
97773
97772
97772
97771
97771
97769
97769
97768
97767
97765
97765
97765
97761
97760
97756
97755
97754
97753
97751
97750
97750
97748
97747
97747
97746
97745
97745
97744
97743
97742
97742
97740
97740
97739
97738
97738
97737
97737
97736
97735
97732
97731
97731
97727
97726
97721
97721
97720
97719
97717
97716
97716
97716
97716
97716
97713
97712
97710
97709
97708
97707
97706
97705
97702
97702
97701
97698
97696
97696
97694
97692
97692
97690
97690
97690
97689
97689
97689
97688
97687
97684
97683
97682
97682
97680
97679
97677
97676
97676
97675
97674
97672
97670
97666
97665
97663
97662
97662
97662
97662
97662
97661
97659
97656
97653
97653
97652
97651
97651
97651
97650
97648
97648
97647
97647
97647
97646
97646
97645
97644
97644
97643
97642
97642
97639
97639
97635
97634
97633
97632
97632
97631
97631
97631
97630
97628
97626
97625
97625
97623
97623
97621
97620
97618
97617
97616
97615
97613
97613
97611
97610
97609
97606
97606
97605
97605
97605
97605
97605
97604
97603
97602
97601
97600
97599
97598
97598
97597
97596
97596
97596
97595
97595
97595
97595
97594
97594
97594
97593
97591
97591
97589
97588
97582
97581
97580
97580
97579
97577
97576
97573
97572
97572
97572
97570
97569
97569
97568
97566
97566
97565
97563
97560
97559
97558
97557
97556
97555
97555
97554
97554
97553
97553
97553
97550
97549
97547
97546
97546
97545
97542
97542
97542
97541
97537
97536
97535
97534
97534
97531
97530
97529
97529
97529
97527
97526
97526
97523
97523
97523
97523
97522
97519
97519
97519
97516
97516
97516
97515
97513
97512
97511
97509
97509
97507
97506
97504
97503
97501
97500
97495
97494
97491
97489
97489
97488
97486
97483
97482
97482
97481
97481
97480
97479
97478
97476
97475
97474
97473
97473
97472
97472
97470
97469
97468
97466
97465
97465
97464
97463
97463
97462
97461
97460
97459
97455
97455
97455
97453
97453
97451
97450
97450
97450
97450
97449
97449
97449
97448
97448
97447
97447
97445
97445
97444
97444
97444
97443
97442
97441
97440
97440
97437
97436
97435
97434
97433
97433
97430
97429
97429
97429
97427
97425
97425
97425
97424
97424
97423
97422
97422
97422
97422
97422
97421
97421
97421
97421
97420
97417
97415
97415
97412
97412
97410
97410
97407
97406
97404
97404
97404
97404
97402
97402
97402
97402
97401
97401
97400
97400
97399
97398
97398
97395
97395
97390
97390
97390
97390
97389
97388
97387
97386
97381
97377
97375
97374
97373
97371
97371
97370
97369
97367
97366
97366
97366
97366
97365
97365
97364
97364
97363
97360
97359
97358
97357
97356
97355
97355
97353
97353
97353
97352
97350
97349
97346
97345
97344
97343
97343
97341
97340
97339
97339
97336
97336
97334
97333
97333
97332
97332
97331
97331
97331
97331
97330
97330
97329
97328
97328
97328
97323
97322
97321
97321
97320
97318
97315
97315
97313
97312
97312
97312
97311
97309
97309
97308
97306
97305
97305
97304
97303
97303
97301
97299
97299
97298
97298
97296
97294
97292
97292
97292
97290
97290
97289
97288
97287
97287
97287
97286
97285
97285
97285
97283
97283
97282
97282
97281
97280
97279
97278
97277
97277
97276
97276
97275
97273
97273
97272
97272
97269
97269
97268
97267
97266
97266
97265
97264
97263
97263
97262
97262
97260
97259
97258
97258
97256
97255
97253
97253
97253
97252
97250
97248
97248
97248
97247
97245
97244
97243
97242
97241
97240
97238
97238
97236
97235
97234
97233
97233
97233
97231
97230
97229
97228
97228
97226
97223
97222
97218
97216
97214
97213
97213
97213
97212
97212
97212
97212
97211
97210
97209
97209
97209
97209
97207
97207
97206
97206
97206
97205
97205
97200
97199
97199
97199
97197
97196
97196
97195
97191
97190
97186
97185
97185
97183
97183
97183
97183
97182
97180
97179
97179
97178
97177
97175
97175
97174
97173
97170
97170
97168
97166
97165
97164
97161
97159
97159
97157
97157
97156
97155
97154
97154
97153
97153
97152
97152
97152
97152
97150
97148
97146
97146
97145
97144
97143
97141
97138
97135
97135
97135
97134
97134
97133
97129
97129
97128
97128
97127
97125
97125
97125
97123
97123
97122
97121
97120
97120
97117
97116
97112
97110
97109
97108
97108
97106
97103
97101
97099
97098
97096
97095
97094
97093
97092
97091
97091
97090
97089
97089
97088
97086
97083
97082
97081
97081
97079
97078
97077
97077
97077
97074
97074
97072
97072
97071
97070
97070
97070
97069
97069
97068
97067
97067
97067
97066
97065
97063
97063
97063
97062
97061
97061
97061
97058
97057
97056
97054
97053
97051
97050
97050
97050
97047
97047
97046
97045
97042
97040
97038
97037
97036
97036
97034
97032
97031
97029
97026
97025
97024
97024
97024
97023
97023
97021
97020
97019
97018
97018
97017
97016
97015
97015
97014
97013
97012
97012
97012
97011
97011
97008
97007
97006
97005
97005
97002
97002
97001
96999
96998
96997
96996
96995
96994
96992
96992
96992
96992
96990
96989
96989
96989
96987
96986
96984
96983
96983
96980
96980
96979
96979
96978
96977
96975
96973
96971
96971
96967
96966
96965
96965
96964
96963
96962
96960
96959
96956
96956
96956
96954
96954
96952
96952
96951
96951
96950
96947
96947
96947
96946
96945
96944
96944
96940
96938
96937
96933
96932
96931
96929
96924
96923
96923
96921
96920
96917
96915
96913
96912
96911
96911
96910
96910
96910
96908
96908
96907
96903
96901
96901
96900
96899
96898
96898
96896
96895
96894
96894
96893
96890
96890
96888
96886
96886
96886
96885
96884
96884
96881
96881
96879
96879
96877
96876
96875
96875
96872
96868
96866
96866
96865
96864
96863
96862
96858
96857
96857
96857
96855
96855
96852
96850
96850
96849
96848
96848
96846
96845
96844
96844
96843
96842
96838
96837
96836
96835
96832
96829
96828
96828
96827
96826
96826
96825
96824
96823
96823
96822
96821
96820
96820
96817
96816
96816
96815
96814
96808
96807
96806
96805
96804
96804
96804
96804
96803
96803
96802
96801
96801
96801
96801
96800
96800
96799
96799
96799
96793
96787
96785
96784
96784
96781
96778
96777
96777
96777
96776
96774
96774
96772
96772
96772
96770
96769
96769
96768
96768
96766
96766
96765
96764
96763
96762
96760
96759
96759
96759
96759
96758
96757
96755
96754
96752
96752
96752
96751
96751
96750
96746
96743
96743
96742
96742
96741
96740
96740
96739
96738
96737
96737
96736
96736
96734
96734
96732
96731
96730
96729
96726
96725
96725
96725
96725
96724
96724
96724
96723
96720
96718
96718
96718
96718
96714
96713
96712
96711
96711
96710
96710
96707
96707
96707
96706
96703
96702
96702
96696
96696
96692
96692
96690
96687
96683
96682
96680
96679
96679
96678
96678
96678
96677
96677
96676
96674
96674
96674
96674
96673
96671
96664
96663
96662
96662
96661
96661
96658
96657
96656
96656
96656
96655
96653
96652
96652
96652
96650
96650
96648
96646
96646
96645
96645
96645
96643
96641
96639
96639
96638
96638
96636
96635
96635
96634
96634
96633
96633
96632
96632
96631
96631
96629
96629
96628
96627
96627
96626
96625
96624
96624
96623
96622
96621
96620
96619
96619
96618
96618
96618
96617
96616
96616
96609
96609
96608
96608
96608
96605
96604
96602
96602
96601
96601
96600
96599
96598
96598
96594
96594
96591
96590
96590
96590
96589
96589
96589
96588
96587
96586
96585
96585
96584
96583
96582
96582
96582
96580
96580
96580
96579
96578
96577
96577
96576
96575
96575
96574
96574
96571
96570
96569
96568
96568
96567
96566
96566
96565
96562
96561
96561
96559
96558
96557
96554
96551
96550
96545
96545
96543
96542
96542
96541
96540
96540
96539
96539
96538
96537
96537
96530
96530
96529
96529
96528
96528
96528
96528
96528
96527
96525
96522
96521
96521
96520
96519
96519
96514
96512
96512
96510
96508
96508
96507
96506
96505
96505
96502
96500
96499
96498
96497
96496
96496
96496
96494
96494
96493
96486
96481
96480
96479
96478
96477
96475
96470
96470
96469
96468
96467
96467
96463
96462
96462
96461
96461
96460
96460
96460
96459
96458
96458
96458
96458
96457
96455
96454
96453
96452
96451
96451
96450
96450
96449
96449
96448
96448
96446
96446
96445
96445
96444
96443
96441
96440
96438
96438
96437
96437
96436
96435
96435
96433
96432
96431
96428
96426
96426
96426
96426
96426
96423
96423
96422
96420
96418
96418
96418
96417
96416
96414
96412
96411
96411
96410
96410
96409
96408
96408
96407
96406
96405
96402
96399
96399
96398
96398
96395
96395
96394
96393
96393
96392
96391
96390
96389
96387
96387
96386
96386
96386
96386
96384
96383
96382
96379
96379
96378
96377
96376
96376
96376
96376
96375
96375
96375
96374
96373
96372
96371
96368
96367
96366
96366
96364
96364
96362
96361
96360
96358
96358
96356
96356
96355
96355
96353
96351
96351
96351
96350
96349
96349
96347
96346
96345
96345
96344
96343
96341
96340
96340
96340
96339
96339
96339
96339
96335
96333
96333
96331
96329
96329
96329
96329
96329
96329
96328
96328
96327
96326
96325
96324
96322
96322
96322
96322
96319
96318
96318
96317
96315
96313
96312
96312
96311
96310
96309
96309
96308
96308
96308
96308
96308
96308
96307
96305
96305
96303
96303
96300
96300
96297
96295
96294
96294
96290
96287
96286
96286
96286
96285
96284
96283
96283
96282
96281
96280
96280
96279
96279
96278
96278
96277
96277
96277
96276
96275
96275
96275
96271
96271
96270
96269
96268
96266
96265
96263
96263
96262
96261
96261
96259
96258
96255
96255
96254
96253
96253
96252
96251
96250
96249
96249
96249
96249
96248
96247
96247
96246
96246
96246
96243
96242
96242
96241
96240
96239
96238
96235
96234
96234
96233
96233
96232
96232
96230
96229
96226
96224
96224
96223
96222
96222
96221
96220
96219
96219
96218
96218
96217
96217
96216
96215
96214
96213
96212
96210
96207
96206
96205
96204
96204
96203
96203
96203
96202
96201
96200
96199
96198
96198
96194
96194
96194
96194
96193
96192
96191
96190
96190
96188
96188
96188
96186
96185
96185
96185
96184
96184
96183
96183
96182
96182
96181
96179
96179
96178
96176
96174
96172
96171
96171
96171
96170
96166
96166
96166
96162
96162
96161
96159
96159
96158
96158
96157
96157
96157
96157
96157
96155
96155
96154
96153
96153
96153
96151
96148
96147
96147
96146
96144
96143
96142
96141
96141
96139
96139
96138
96138
96137
96137
96133
96133
96132
96129
96129
96128
96128
96127
96127
96127
96125
96124
96124
96123
96123
96122
96122
96121
96121
96120
96119
96119
96117
96116
96116
96115
96115
96115
96115
96112
96111
96111
96109
96109
96108
96107
96106
96105
96105
96103
96103
96103
96103
96097
96096
96096
96095
96095
96094
96091
96090
96085
96085
96083
96083
96081
96080
96079
96079
96078
96078
96078
96077
96077
96077
96076
96073
96073
96072
96072
96072
96072
96071
96071
96069
96068
96065
96063
96063
96062
96061
96060
96059
96057
96056
96056
96056
96055
96052
96051
96050
96049
96049
96049
96048
96048
96046
96044
96042
96042
96041
96040
96040
96038
96038
96037
96037
96037
96036
96035
96034
96034
96033
96033
96033
96033
96030
96029
96028
96027
96025
96024
96023
96023
96023
96020
96016
96015
96015
96014
96014
96013
96013
96011
96003
96001
96001
96001
96001
95999
95999
95999
95996
95995
95994
95994
95994
95992
95989
95989
95987
95987
95986
95986
95986
95985
95985
95983
95983
95982
95980
95977
95977
95976
95975
95972
95970
95969
95967
95966
95966
95963
95962
95959
95958
95957
95955
95954
95953
95951
95950
95950
95948
95946
95945
95945
95944
95942
95942
95941
95941
95940
95939
95936
95936
95935
95934
95933
95933
95933
95932
95932
95931
95929
95929
95929
95929
95928
95928
95927
95927
95927
95925
95925
95924
95923
95921
95920
95919
95919
95918
95916
95915
95914
95914
95913
95913
95912
95911
95910
95910
95906
95905
95903
95901
95900
95900
95899
95897
95897
95896
95895
95895
95893
95892
95891
95890
95889
95885
95884
95881
95880
95877
95872
95872
95871
95870
95869
95869
95868
95867
95867
95866
95866
95865
95863
95863
95862
95862
95861
95860
95859
95859
95858
95858
95857
95856
95856
95854
95853
95853
95852
95852
95851
95850
95849
95849
95847
95845
95845
95844
95844
95843
95843
95840
95839
95838
95837
95836
95836
95836
95836
95835
95835
95834
95833
95833
95833
95832
95832
95831
95831
95831
95829
95826
95825
95825
95824
95824
95823
95821
95821
95819
95818
95815
95811
95811
95809
95809
95807
95805
95805
95805
95803
95803
95801
95800
95799
95799
95797
95794
95793
95793
95792
95792
95792
95792
95792
95791
95790
95789
95789
95789
95788
95788
95787
95786
95785
95784
95784
95783
95783
95781
95780
95779
95779
95778
95777
95776
95775
95774
95774
95774
95772
95771
95771
95771
95770
95770
95770
95770
95769
95768
95767
95766
95764
95764
95763
95762
95762
95762
95761
95761
95760
95759
95758
95757
95757
95756
95756
95755
95750
95750
95748
95748
95746
95746
95744
95742
95741
95740
95734
95733
95733
95733
95731
95730
95729
95729
95728
95726
95725
95725
95725
95724
95724
95724
95720
95720
95720
95720
95720
95718
95718
95718
95716
95715
95715
95715
95715
95714
95714
95713
95713
95713
95712
95712
95712
95711
95711
95711
95711
95710
95708
95706
95706
95706
95706
95704
95704
95702
95701
95699
95697
95697
95696
95695
95694
95693
95693
95692
95692
95692
95691
95691
95688
95687
95686
95686
95686
95685
95683
95683
95683
95682
95682
95681
95681
95681
95679
95679
95678
95678
95677
95677
95677
95677
95676
95674
95674
95673
95673
95671
95670
95670
95668
95668
95668
95667
95665
95664
95663
95663
95662
95661
95660
95658
95657
95655
95653
95653
95650
95648
95645
95645
95643
95640
95640
95639
95639
95638
95638
95638
95635
95635
95635
95634
95633
95633
95632
95631
95631
95630
95630
95628
95628
95628
95625
95624
95624
95623
95622
95622
95622
95622
95621
95620
95620
95617
95617
95616
95616
95616
95614
95614
95613
95613
95612
95612
95611
95611
95611
95610
95609
95609
95608
95608
95607
95607
95607
95606
95606
95605
95604
95603
95603
95602
95599
95598
95596
95595
95594
95593
95590
95590
95589
95589
95588
95587
95587
95586
95586
95585
95584
95581
95578
95578
95577
95575
95575
95574
95572
95571
95570
95570
95568
95566
95566
95563
95561
95561
95560
95559
95558
95557
95555
95553
95553
95553
95551
95550
95549
95548
95548
95545
95543
95542
95541
95539
95539
95538
95537
95536
95535
95532
95531
95531
95531
95526
95524
95523
95523
95520
95519
95519
95517
95516
95516
95512
95511
95510
95509
95509
95509
95508
95504
95502
95501
95501
95500
95500
95497
95497
95497
95496
95495
95493
95493
95492
95490
95490
95489
95487
95486
95486
95485
95484
95484
95483
95483
95480
95479
95479
95479
95477
95476
95476
95476
95476
95475
95473
95472
95472
95471
95471
95471
95470
95469
95467
95467
95466
95464
95464
95463
95463
95461
95459
95459
95457
95456
95454
95453
95451
95451
95449
95448
95448
95447
95447
95446
95444
95443
95443
95443
95442
95441
95441
95441
95440
95439
95439
95438
95437
95437
95436
95436
95436
95434
95433
95432
95431
95431
95431
95428
95427
95427
95426
95426
95425
95424
95423
95422
95422
95422
95421
95421
95418
95417
95417
95416
95416
95415
95414
95414
95414
95413
95412
95412
95411
95410
95410
95404
95404
95401
95400
95399
95398
95397
95397
95392
95391
95390
95390
95389
95389
95388
95388
95386
95383
95383
95383
95383
95382
95382
95381
95380
95379
95379
95379
95379
95377
95376
95375
95375
95374
95370
95365
95365
95364
95364
95362
95362
95362
95362
95361
95359
95359
95356
95356
95355
95354
95353
95353
95351
95351
95350
95349
95348
95347
95345
95344
95342
95341
95340
95339
95338
95338
95337
95337
95337
95336
95335
95335
95334
95334
95334
95332
95331
95329
95326
95323
95321
95321
95319
95319
95317
95315
95314
95312
95312
95311
95311
95311
95309
95308
95308
95308
95308
95307
95307
95307
95306
95305
95305
95303
95303
95302
95302
95301
95301
95297
95296
95294
95293
95292
95292
95291
95291
95291
95290
95289
95288
95287
95286
95285
95284
95282
95282
95282
95282
95282
95281
95281
95278
95276
95275
95272
95272
95272
95272
95271
95271
95270
95268
95267
95264
95264
95264
95264
95264
95262
95262
95261
95260
95259
95259
95258
95257
95256
95256
95256
95255
95255
95254
95254
95253
95253
95253
95252
95252
95252
95249
95249
95249
95248
95247
95247
95246
95244
95243
95243
95243
95242
95241
95240
95240
95237
95236
95236
95235
95234
95234
95233
95233
95232
95231
95230
95230
95228
95227
95226
95224
95224
95223
95222
95221
95221
95221
95214
95213
95212
95211
95210
95210
95209
95205
95205
95204
95204
95204
95203
95202
95201
95199
95197
95196
95195
95194
95193
95193
95192
95192
95192
95190
95190
95189
95186
95185
95184
95183
95183
95182
95181
95181
95178
95178
95178
95177
95177
95177
95175
95174
95174
95173
95173
95172
95171
95171
95171
95170
95170
95166
95165
95164
95159
95159
95158
95158
95157
95155
95154
95153
95153
95153
95153
95147
95147
95147
95146
95144
95143
95141
95140
95137
95137
95136
95136
95136
95135
95135
95134
95134
95131
95130
95130
95129
95129
95127
95126
95124
95124
95124
95123
95122
95122
95121
95121
95121
95120
95120
95119
95118
95114
95114
95114
95113
95113
95111
95111
95111
95108
95108
95107
95105
95105
95102
95101
95101
95100
95100
95097
95097
95095
95095
95094
95093
95091
95090
95088
95087
95087
95086
95085
95085
95085
95084
95080
95078
95078
95077
95077
95077
95076
95076
95075
95074
95069
95068
95068
95068
95067
95065
95065
95061
95061
95059
95058
95058
95057
95057
95054
95054
95054
95053
95053
95051
95051
95050
95050
95049
95048
95048
95047
95045
95045
95044
95042
95042
95033
95033
95031
95029
95029
95028
95028
95027
95027
95027
95027
95026
95026
95026
95025
95020
95019
95018
95018
95017
95017
95016
95015
95013
95012
95012
95012
95012
95011
95008
95006
95005
95002
95001
95000
94997
94995
94995
94995
94994
94994
94992
94991
94990
94989
94988
94987
94986
94985
94984
94983
94980
94980
94979
94979
94978
94977
94976
94975
94973
94973
94971
94971
94971
94970
94970
94968
94968
94968
94967
94966
94966
94965
94964
94962
94961
94957
94954
94952
94952
94952
94952
94952
94951
94950
94948
94947
94945
94940
94938
94934
94934
94932
94931
94931
94928
94928
94928
94927
94927
94927
94925
94924
94924
94924
94922
94921
94921
94921
94920
94919
94918
94916
94916
94913
94911
94911
94909
94909
94908
94907
94906
94905
94905
94904
94904
94902
94901
94900
94900
94899
94899
94897
94895
94894
94893
94891
94890
94890
94889
94888
94886
94886
94886
94883
94883
94883
94880
94879
94878
94877
94877
94876
94875
94874
94871
94871
94871
94870
94870
94866
94865
94865
94863
94863
94862
94860
94858
94858
94856
94856
94855
94855
94852
94852
94846
94845
94845
94845
94844
94843
94843
94843
94840
94838
94837
94830
94830
94828
94828
94827
94827
94827
94826
94826
94823
94821
94820
94818
94817
94813
94813
94812
94812
94811
94811
94811
94810
94809
94809
94807
94806
94806
94806
94805
94804
94803
94803
94803
94802
94802
94801
94800
94800
94798
94798
94798
94797
94796
94796
94794
94792
94791
94791
94791
94789
94788
94787
94786
94785
94783
94780
94779
94778
94776
94775
94774
94772
94770
94768
94767
94767
94767
94766
94765
94765
94763
94763
94761
94761
94761
94760
94759
94757
94757
94756
94755
94755
94754
94753
94752
94752
94752
94751
94751
94747
94746
94745
94745
94745
94744
94744
94743
94742
94742
94741
94741
94740
94739
94739
94738
94735
94732
94722
94722
94721
94720
94719
94717
94716
94715
94714
94713
94712
94708
94707
94706
94705
94705
94705
94700
94700
94699
94699
94697
94697
94695
94694
94693
94691
94691
94690
94690
94688
94687
94687
94687
94686
94685
94685
94684
94684
94684
94684
94684
94683
94682
94680
94677
94676
94676
94674
94672
94672
94671
94668
94666
94666
94664
94663
94663
94662
94661
94661
94660
94658
94658
94657
94656
94656
94652
94650
94649
94645
94645
94644
94643
94642
94641
94640
94639
94639
94637
94636
94635
94635
94629
94628
94628
94627
94627
94627
94625
94624
94622
94622
94621
94621
94620
94620
94618
94616
94614
94614
94613
94612
94612
94611
94611
94610
94610
94609
94608
94608
94606
94605
94605
94605
94604
94601
94600
94598
94598
94596
94594
94594
94593
94591
94590
94590
94588
94586
94586
94586
94585
94585
94585
94580
94580
94580
94578
94578
94577
94576
94574
94574
94572
94572
94569
94566
94565
94564
94564
94564
94562
94559
94558
94558
94556
94555
94553
94552
94551
94550
94549
94547
94547
94546
94544
94544
94543
94541
94540
94539
94539
94538
94538
94538
94537
94537
94536
94536
94535
94535
94534
94533
94533
94531
94530
94529
94528
94527
94527
94524
94524
94523
94523
94520
94520
94518
94517
94517
94516
94516
94515
94515
94513
94513
94512
94512
94512
94511
94507
94507
94507
94507
94506
94505
94505
94504
94504
94502
94501
94501
94501
94500
94500
94500
94500
94499
94499
94498
94497
94492
94492
94491
94491
94491
94491
94489
94487
94487
94486
94484
94484
94484
94483
94483
94482
94478
94478
94477
94476
94476
94475
94473
94472
94470
94470
94469
94468
94468
94466
94464
94463
94463
94463
94462
94462
94462
94460
94460
94460
94458
94457
94457
94457
94455
94455
94452
94452
94451
94450
94449
94448
94446
94444
94443
94442
94441
94441
94440
94440
94440
94439
94439
94439
94438
94438
94438
94437
94437
94437
94437
94436
94436
94435
94434
94434
94434
94433
94430
94430
94430
94429
94427
94427
94427
94422
94421
94421
94421
94421
94421
94420
94419
94419
94418
94418
94418
94415
94415
94415
94414
94414
94413
94413
94413
94411
94409
94408
94408
94407
94407
94407
94407
94405
94404
94402
94402
94400
94399
94397
94396
94393
94393
94391
94390
94386
94383
94383
94382
94381
94380
94380
94380
94379
94378
94376
94376
94375
94375
94370
94368
94365
94365
94365
94364
94363
94362
94360
94359
94359
94357
94353
94353
94351
94351
94347
94347
94346
94345
94344
94344
94343
94342
94342
94341
94339
94335
94333
94332
94332
94331
94331
94331
94330
94329
94329
94323
94322
94321
94321
94319
94318
94316
94316
94316
94315
94315
94314
94312
94312
94310
94309
94309
94308
94308
94305
94305
94303
94299
94296
94295
94295
94293
94292
94291
94291
94291
94290
94288
94287
94287
94286
94286
94283
94283
94283
94281
94281
94281
94280
94279
94278
94277
94277
94276
94276
94274
94271
94271
94269
94268
94266
94265
94265
94262
94262
94261
94261
94260
94260
94259
94256
94255
94252
94249
94246
94245
94244
94241
94241
94241
94240
94239
94237
94237
94234
94228
94227
94227
94227
94225
94225
94222
94221
94221
94220
94219
94218
94218
94215
94215
94214
94214
94213
94212
94211
94207
94205
94203
94203
94203
94202
94202
94202
94199
94199
94198
94197
94196
94196
94195
94194
94192
94191
94191
94191
94190
94190
94188
94187
94186
94186
94186
94185
94183
94183
94182
94182
94179
94177
94177
94175
94175
94174
94173
94172
94171
94168
94167
94166
94164
94164
94163
94162
94161
94159
94158
94157
94155
94154
94151
94150
94149
94149
94148
94148
94147
94147
94146
94146
94145
94145
94144
94144
94141
94141
94141
94140
94140
94140
94136
94136
94135
94133
94133
94133
94132
94131
94129
94129
94128
94127
94126
94125
94125
94124
94124
94123
94123
94123
94121
94120
94120
94119
94119
94117
94117
94117
94116
94115
94115
94114
94112
94112
94111
94111
94109
94108
94108
94106
94106
94103
94102
94095
94095
94095
94093
94092
94089
94089
94088
94087
94085
94085
94085
94082
94082
94077
94076
94074
94070
94070
94069
94068
94065
94065
94064
94064
94063
94061
94060
94057
94057
94055
94054
94053
94053
94052
94049
94048
94048
94047
94046
94045
94045
94045
94044
94044
94042
94041
94041
94041
94041
94041
94037
94037
94035
94034
94034
94033
94032
94032
94031
94031
94031
94030
94030
94029
94028
94028
94027
94026
94025
94025
94022
94020
94020
94016
94016
94015
94013
94012
94009
94008
94008
94007
94007
94006
94006
94004
94004
94003
94002
94002
94000
93998
93998
93997
93994
93994
93993
93993
93992
93987
93987
93984
93982
93982
93980
93979
93978
93975
93975
93974
93973
93972
93971
93971
93971
93968
93968
93967
93967
93965
93963
93962
93959
93959
93959
93958
93958
93958
93955
93955
93953
93951
93951
93951
93950
93949
93949
93949
93949
93946
93946
93946
93946
93946
93946
93945
93945
93943
93943
93942
93940
93939
93938
93936
93936
93936
93936
93935
93932
93931
93928
93923
93923
93923
93923
93921
93921
93921
93920
93917
93917
93915
93914
93914
93914
93912
93912
93908
93908
93908
93908
93908
93907
93905
93905
93903
93903
93901
93900
93895
93893
93892
93891
93890
93889
93889
93889
93887
93887
93886
93886
93886
93886
93885
93884
93883
93882
93882
93881
93881
93881
93881
93880
93873
93871
93871
93871
93866
93864
93862
93860
93859
93858
93858
93857
93856
93855
93851
93850
93850
93848
93847
93844
93843
93843
93842
93841
93841
93841
93839
93839
93839
93837
93836
93835
93833
93833
93831
93831
93829
93829
93829
93829
93827
93826
93825
93824
93823
93823
93817
93817
93817
93815
93814
93813
93813
93813
93813
93811
93809
93808
93806
93806
93804
93804
93803
93803
93801
93801
93801
93801
93801
93800
93797
93797
93796
93796
93795
93795
93793
93792
93792
93791
93791
93789
93788
93788
93786
93786
93785
93784
93784
93783
93778
93778
93778
93777
93776
93776
93775
93774
93773
93770
93769
93768
93766
93766
93766
93766
93765
93764
93762
93760
93759
93759
93758
93757
93757
93756
93756
93755
93755
93755
93754
93753
93752
93751
93750
93750
93748
93748
93746
93746
93746
93743
93743
93742
93741
93741
93739
93738
93738
93735
93732
93731
93731
93730
93730
93730
93729
93726
93726
93725
93725
93725
93724
93723
93723
93721
93718
93716
93716
93716
93714
93713
93710
93708
93707
93705
93705
93705
93705
93703
93703
93701
93701
93700
93700
93700
93698
93696
93695
93694
93693
93692
93692
93689
93687
93687
93686
93686
93685
93685
93681
93680
93679
93678
93677
93677
93676
93674
93674
93674
93674
93673
93672
93670
93670
93669
93668
93666
93666
93663
93663
93663
93662
93659
93659
93658
93658
93658
93657
93656
93656
93655
93655
93655
93654
93653
93652
93651
93650
93647
93647
93646
93646
93645
93644
93644
93643
93638
93637
93637
93634
93634
93633
93633
93633
93632
93632
93631
93630
93626
93623
93623
93621
93620
93620
93619
93619
93618
93618
93617
93616
93616
93615
93611
93610
93610
93610
93609
93609
93608
93607
93606
93606
93605
93605
93605
93604
93604
93603
93602
93601
93601
93600
93598
93595
93595
93593
93593
93591
93591
93590
93588
93586
93586
93585
93585
93582
93581
93580
93580
93580
93579
93578
93578
93577
93576
93574
93572
93571
93571
93569
93568
93567
93565
93563
93562
93562
93561
93560
93560
93559
93559
93559
93558
93558
93555
93555
93553
93553
93552
93552
93549
93549
93547
93545
93545
93545
93544
93543
93543
93541
93540
93539
93538
93537
93533
93533
93533
93533
93532
93529
93529
93529
93528
93528
93527
93527
93525
93524
93524
93523
93522
93521
93521
93519
93518
93514
93512
93510
93509
93509
93509
93507
93507
93507
93507
93506
93506
93505
93505
93505
93503
93503
93501
93501
93500
93499
93497
93497
93497
93496
93494
93493
93492
93491
93488
93488
93487
93486
93484
93484
93483
93483
93483
93482
93481
93480
93480
93475
93474
93473
93473
93473
93472
93472
93470
93467
93467
93466
93462
93462
93461
93461
93461
93461
93460
93459
93458
93457
93455
93454
93451
93450
93449
93446
93445
93444
93443
93443
93442
93441
93441
93440
93438
93437
93437
93436
93436
93434
93434
93434
93433
93432
93432
93429
93429
93426
93425
93424
93421
93420
93419
93419
93419
93418
93418
93417
93416
93416
93416
93415
93414
93414
93412
93411
93410
93410
93409
93407
93407
93406
93405
93405
93405
93405
93404
93404
93403
93402
93401
93399
93398
93398
93396
93395
93395
93394
93392
93391
93391
93391
93390
93388
93388
93386
93386
93384
93384
93384
93382
93379
93378
93378
93376
93374
93374
93371
93371
93369
93369
93368
93367
93367
93366
93365
93362
93361
93359
93354
93354
93352
93352
93351
93348
93348
93345
93344
93343
93343
93341
93339
93339
93339
93338
93338
93337
93337
93337
93335
93335
93333
93333
93332
93332
93332
93332
93331
93331
93331
93328
93323
93322
93322
93321
93321
93320
93319
93319
93319
93317
93316
93316
93314
93314
93312
93310
93310
93309
93309
93309
93307
93305
93305
93305
93303
93302
93301
93301
93300
93298
93298
93297
93297
93297
93296
93293
93292
93292
93292
93290
93290
93290
93290
93289
93289
93288
93285
93284
93283
93281
93281
93281
93280
93276
93275
93275
93275
93270
93269
93269
93267
93266
93266
93266
93263
93262
93261
93259
93256
93255
93252
93252
93251
93250
93250
93249
93248
93248
93246
93245
93240
93240
93238
93237
93237
93235
93234
93234
93234
93233
93231
93231
93230
93228
93227
93227
93226
93225
93224
93223
93220
93220
93220
93219
93217
93216
93216
93215
93214
93212
93212
93210
93210
93210
93209
93208
93208
93206
93206
93206
93204
93202
93202
93200
93200
93199
93198
93198
93194
93191
93190
93190
93189
93186
93182
93181
93181
93181
93180
93179
93179
93179
93179
93178
93178
93177
93177
93173
93172
93172
93171
93171
93170
93169
93168
93168
93165
93158
93158
93156
93153
93151
93150
93150
93149
93148
93147
93146
93144
93142
93141
93141
93139
93138
93136
93136
93135
93135
93134
93133
93132
93132
93129
93129
93128
93128
93125
93125
93125
93125
93121
93121
93119
93119
93118
93115
93114
93113
93110
93109
93109
93108
93106
93105
93103
93101
93100
93099
93098
93098
93098
93098
93095
93095
93094
93094
93094
93093
93093
93093
93091
93090
93089
93088
93087
93087
93085
93084
93084
93084
93083
93083
93082
93082
93081
93080
93080
93079
93079
93078
93077
93076
93074
93074
93072
93071
93070
93069
93068
93067
93063
93061
93061
93059
93056
93056
93056
93053
93051
93051
93050
93050
93047
93042
93042
93042
93042
93042
93039
93039
93035
93034
93034
93031
93031
93031
93030
93027
93024
93024
93023
93022
93021
93020
93018
93017
93017
93015
93012
93012
93012
93010
93003
93002
93002
93002
92999
92999
92998
92995
92994
92994
92990
92990
92990
92985
92983
92980
92980
92980
92978
92976
92974
92974
92973
92973
92973
92972
92972
92972
92970
92970
92966
92964
92964
92962
92962
92961
92959
92958
92956
92955
92955
92954
92954
92954
92953
92952
92949
92948
92948
92947
92945
92945
92944
92943
92942
92941
92940
92937
92935
92932
92930
92929
92928
92927
92927
92925
92923
92923
92918
92918
92917
92916
92915
92915
92915
92914
92913
92909
92909
92909
92908
92907
92906
92904
92903
92900
92900
92900
92898
92897
92897
92895
92893
92890
92888
92888
92887
92884
92884
92882
92880
92879
92879
92879
92879
92878
92875
92873
92871
92871
92870
92870
92868
92867
92866
92866
92865
92865
92864
92864
92863
92863
92862
92859
92857
92857
92857
92856
92855
92854
92854
92851
92851
92850
92848
92847
92847
92847
92846
92845
92839
92838
92837
92835
92834
92834
92833
92832
92831
92828
92828
92828
92827
92826
92825
92824
92824
92821
92820
92819
92816
92815
92813
92813
92813
92812
92812
92811
92810
92809
92809
92806
92806
92805
92804
92804
92801
92801
92799
92798
92797
92797
92797
92796
92793
92790
92790
92790
92787
92787
92786
92786
92785
92785
92784
92784
92783
92782
92782
92779
92778
92776
92776
92776
92775
92775
92774
92774
92774
92774
92774
92772
92766
92766
92763
92761
92761
92760
92760
92758
92757
92755
92754
92753
92751
92750
92750
92750
92748
92744
92744
92743
92742
92742
92738
92737
92737
92737
92736
92736
92735
92734
92734
92734
92732
92732
92731
92730
92729
92727
92724
92723
92723
92722
92722
92722
92720
92719
92718
92716
92713
92713
92712
92711
92710
92709
92709
92708
92708
92708
92708
92702
92701
92700
92695
92695
92694
92694
92693
92690
92690
92688
92686
92686
92686
92685
92685
92684
92682
92681
92681
92680
92680
92677
92676
92675
92674
92674
92674
92672
92672
92672
92670
92670
92669
92668
92668
92667
92666
92665
92665
92664
92663
92662
92661
92661
92659
92659
92657
92657
92655
92655
92654
92653
92653
92653
92652
92652
92651
92648
92648
92647
92646
92645
92644
92643
92643
92642
92640
92638
92636
92636
92636
92635
92634
92634
92633
92633
92633
92631
92629
92628
92627
92625
92624
92623
92623
92622
92620
92619
92619
92618
92617
92616
92616
92614
92613
92612
92610
92607
92607
92606
92602
92602
92602
92602
92601
92600
92596
92596
92595
92593
92591
92591
92590
92589
92589
92589
92589
92588
92584
92584
92583
92583
92583
92582
92581
92580
92578
92574
92574
92574
92573
92573
92572
92572
92568
92567
92565
92565
92564
92564
92562
92561
92560
92558
92557
92557
92555
92552
92552
92551
92551
92551
92549
92546
92545
92544
92544
92543
92543
92543
92542
92541
92540
92540
92540
92540
92539
92539
92536
92534
92533
92533
92533
92532
92528
92528
92528
92527
92525
92525
92524
92522
92521
92521
92520
92518
92518
92517
92516
92514
92512
92511
92508
92508
92507
92505
92505
92504
92504
92503
92502
92501
92501
92500
92499
92498
92497
92495
92495
92491
92490
92490
92490
92490
92490
92489
92489
92487
92487
92486
92486
92486
92486
92485
92485
92484
92484
92484
92481
92481
92480
92480
92479
92476
92475
92474
92474
92473
92471
92471
92470
92469
92469
92468
92467
92465
92465
92464
92463
92462
92462
92462
92461
92460
92460
92459
92458
92458
92457
92456
92455
92455
92455
92454
92454
92453
92453
92452
92452
92451
92450
92449
92448
92445
92443
92442
92442
92442
92441
92439
92439
92438
92437
92433
92432
92431
92430
92429
92429
92428
92427
92425
92421
92419
92419
92417
92417
92417
92416
92416
92415
92415
92413
92413
92412
92412
92411
92411
92410
92410
92407
92407
92407
92406
92405
92404
92404
92404
92402
92402
92402
92401
92401
92400
92400
92400
92398
92398
92397
92396
92395
92395
92393
92393
92393
92392
92391
92390
92388
92388
92387
92387
92385
92380
92379
92377
92377
92374
92373
92373
92372
92371
92371
92369
92366
92366
92366
92362
92362
92361
92361
92360
92360
92359
92358
92358
92358
92357
92357
92355
92355
92353
92353
92349
92349
92348
92347
92347
92347
92347
92346
92346
92345
92344
92344
92341
92340
92340
92338
92337
92337
92330
92329
92329
92329
92329
92328
92326
92325
92325
92320
92320
92319
92318
92317
92317
92316
92315
92313
92312
92312
92311
92311
92311
92309
92307
92307
92307
92306
92305
92303
92301
92300
92300
92295
92293
92293
92291
92290
92289
92289
92288
92287
92286
92285
92284
92282
92282
92282
92280
92280
92279
92279
92277
92276
92275
92274
92274
92274
92274
92272
92272
92268
92268
92265
92265
92265
92265
92264
92264
92263
92262
92262
92262
92259
92259
92257
92257
92256
92256
92256
92255
92255
92255
92253
92251
92251
92250
92250
92249
92249
92249
92247
92247
92246
92246
92245
92244
92244
92244
92242
92242
92241
92240
92237
92235
92235
92235
92233
92230
92229
92229
92229
92228
92227
92225
92221
92220
92220
92218
92216
92215
92215
92214
92213
92212
92211
92210
92209
92209
92208
92207
92207
92206
92203
92202
92201
92201
92199
92194
92194
92193
92193
92191
92191
92190
92189
92187
92187
92184
92184
92184
92180
92180
92180
92179
92178
92178
92177
92176
92175
92175
92173
92173
92171
92168
92168
92167
92167
92166
92164
92163
92162
92158
92157
92156
92154
92153
92153
92153
92152
92149
92149
92148
92147
92147
92147
92147
92146
92146
92145
92143
92143
92142
92140
92140
92138
92138
92137
92136
92135
92135
92133
92130
92129
92129
92128
92128
92128
92127
92127
92126
92123
92121
92121
92121
92120
92118
92117
92117
92115
92115
92115
92114
92114
92113
92111
92111
92109
92109
92108
92107
92107
92106
92106
92105
92104
92103
92102
92102
92101
92101
92101
92101
92099
92098
92098
92097
92097
92096
92096
92094
92093
92092
92092
92091
92091
92091
92089
92087
92085
92085
92084
92084
92084
92083
92081
92081
92080
92080
92080
92079
92079
92079
92078
92075
92075
92074
92072
92071
92069
92068
92066
92065
92064
92063
92062
92062
92061
92061
92060
92059
92057
92056
92055
92054
92054
92053
92053
92052
92050
92050
92049
92049
92048
92046
92045
92045
92045
92044
92044
92044
92043
92042
92042
92042
92042
92040
92038
92037
92037
92034
92034
92032
92032
92031
92031
92030
92029
92028
92027
92026
92025
92025
92023
92022
92018
92015
92014
92014
92013
92012
92011
92009
92009
92008
92007
92005
92004
92004
92004
92002
91997
91993
91993
91993
91991
91988
91987
91984
91981
91980
91979
91978
91978
91977
91977
91977
91977
91975
91973
91972
91971
91969
91968
91968
91967
91966
91965
91964
91963
91962
91960
91958
91957
91957
91957
91957
91957
91956
91956
91955
91952
91952
91951
91950
91946
91946
91945
91940
91938
91936
91936
91936
91935
91934
91934
91932
91932
91931
91931
91927
91927
91926
91925
91924
91922
91921
91921
91919
91918
91918
91917
91916
91916
91916
91915
91914
91913
91911
91910
91910
91907
91906
91906
91905
91903
91901
91900
91899
91899
91898
91897
91896
91896
91895
91895
91895
91893
91892
91891
91891
91890
91889
91889
91888
91887
91885
91885
91883
91882
91881
91880
91878
91878
91877
91875
91874
91873
91873
91869
91868
91867
91867
91866
91863
91860
91857
91853
91853
91852
91850
91849
91849
91848
91848
91848
91847
91846
91846
91846
91846
91844
91844
91842
91842
91842
91841
91840
91840
91838
91836
91835
91835
91834
91834
91833
91832
91831
91829
91829
91827
91826
91825
91825
91825
91824
91822
91822
91821
91821
91820
91820
91818
91816
91816
91815
91815
91815
91813
91813
91812
91812
91812
91810
91810
91810
91810
91808
91807
91807
91806
91806
91805
91804
91802
91802
91800
91795
91794
91794
91792
91791
91790
91790
91789
91789
91787
91786
91786
91784
91784
91783
91783
91782
91778
91778
91777
91777
91775
91775
91775
91775
91774
91774
91773
91771
91771
91770
91770
91768
91768
91766
91765
91764
91763
91762
91761
91761
91758
91752
91752
91752
91752
91749
91749
91748
91744
91743
91740
91739
91738
91737
91737
91737
91735
91735
91735
91734
91734
91734
91734
91733
91730
91730
91729
91724
91724
91722
91722
91722
91721
91720
91720
91719
91718
91718
91717
91716
91715
91715
91714
91714
91712
91711
91711
91708
91708
91708
91708
91708
91708
91706
91706
91705
91704
91703
91702
91702
91701
91700
91698
91696
91696
91695
91693
91690
91690
91689
91687
91687
91686
91686
91685
91684
91684
91683
91683
91680
91678
91677
91677
91676
91675
91674
91670
91668
91667
91666
91664
91663
91662
91661
91660
91660
91659
91659
91659
91656
91654
91651
91650
91647
91646
91644
91644
91643
91643
91643
91642
91640
91640
91640
91638
91638
91637
91637
91636
91635
91634
91634
91633
91630
91630
91629
91628
91627
91626
91626
91626
91623
91622
91622
91622
91621
91621
91621
91620
91619
91618
91617
91616
91615
91615
91615
91613
91613
91612
91611
91610
91610
91610
91607
91607
91606
91605
91605
91601
91601
91601
91600
91599
91598
91596
91595
91593
91593
91593
91592
91591
91591
91590
91589
91588
91588
91587
91587
91586
91586
91586
91583
91582
91582
91580
91580
91578
91578
91578
91578
91576
91576
91574
91573
91573
91572
91571
91571
91570
91570
91569
91569
91568
91567
91567
91564
91563
91561
91560
91560
91559
91558
91558
91556
91555
91554
91550
91548
91548
91546
91545
91542
91542
91542
91539
91539
91537
91537
91536
91536
91534
91534
91533
91533
91532
91531
91530
91529
91525
91524
91524
91523
91522
91521
91521
91520
91519
91518
91518
91516
91515
91515
91512
91512
91511
91510
91507
91506
91505
91504
91504
91502
91501
91499
91498
91497
91497
91496
91495
91494
91494
91489
91488
91488
91488
91487
91487
91486
91486
91484
91483
91481
91480
91478
91472
91471
91470
91469
91469
91464
91463
91462
91461
91461
91460
91460
91459
91458
91457
91457
91456
91456
91456
91456
91452
91451
91451
91449
91448
91447
91446
91444
91442
91441
91440
91439
91437
91436
91436
91436
91433
91433
91433
91432
91432
91432
91431
91430
91429
91429
91429
91428
91428
91427
91426
91425
91424
91423
91423
91421
91420
91420
91419
91419
91419
91418
91417
91416
91416
91416
91415
91414
91412
91412
91410
91408
91406
91406
91405
91404
91404
91403
91403
91402
91401
91400
91399
91397
91397
91395
91395
91394
91392
91391
91390
91387
91386
91385
91384
91384
91384
91384
91382
91380
91380
91380
91380
91379
91379
91377
91376
91376
91375
91375
91375
91375
91373
91373
91371
91368
91368
91368
91365
91364
91364
91364
91362
91362
91361
91360
91360
91360
91359
91359
91358
91358
91357
91357
91356
91355
91352
91351
91351
91350
91350
91350
91350
91348
91348
91346
91346
91345
91345
91343
91340
91340
91339
91339
91339
91338
91337
91335
91333
91333
91332
91332
91331
91330
91330
91330
91329
91329
91329
91327
91325
91325
91325
91324
91324
91323
91321
91320
91319
91319
91316
91314
91313
91311
91308
91307
91307
91306
91305
91305
91303
91299
91298
91298
91297
91296
91295
91295
91292
91292
91291
91291
91287
91287
91287
91286
91285
91285
91284
91283
91280
91279
91276
91275
91274
91274
91273
91271
91271
91268
91268
91267
91266
91265
91264
91264
91263
91260
91259
91259
91257
91257
91255
91255
91254
91254
91252
91249
91248
91247
91247
91246
91245
91245
91244
91244
91242
91241
91239
91236
91234
91233
91233
91232
91232
91231
91230
91230
91229
91226
91226
91226
91225
91225
91224
91224
91222
91222
91220
91220
91220
91218
91218
91217
91216
91214
91214
91214
91214
91210
91210
91209
91208
91206
91204
91201
91200
91200
91200
91199
91198
91197
91196
91193
91193
91193
91190
91190
91187
91184
91183
91183
91183
91183
91182
91182
91181
91181
91180
91177
91175
91173
91171
91170
91170
91169
91169
91169
91168
91167
91166
91166
91164
91161
91161
91158
91158
91156
91155
91154
91153
91152
91152
91151
91151
91147
91147
91146
91145
91142
91140
91139
91138
91138
91136
91135
91133
91132
91131
91131
91128
91128
91128
91127
91127
91127
91125
91125
91124
91123
91122
91119
91119
91118
91117
91115
91115
91115
91113
91112
91112
91110
91109
91109
91108
91106
91106
91105
91105
91104
91104
91104
91104
91102
91101
91101
91099
91098
91098
91097
91096
91094
91093
91093
91093
91092
91092
91092
91090
91090
91088
91086
91085
91085
91085
91084
91083
91082
91082
91082
91081
91080
91079
91077
91075
91074
91074
91074
91073
91072
91071
91069
91068
91068
91065
91065
91065
91064
91061
91060
91059
91059
91058
91057
91057
91056
91053
91049
91049
91047
91045
91045
91044
91042
91042
91041
91039
91038
91038
91036
91035
91034
91034
91033
91032
91031
91031
91031
91029
91028
91026
91026
91025
91024
91024
91023
91023
91022
91022
91022
91019
91015
91015
91015
91014
91014
91014
91013
91013
91012
91010
91009
91009
91008
91008
91006
91006
91005
91005
91005
91004
91003
91002
91002
91002
91001
91001
91001
91001
91000
90999
90999
90997
90997
90997
90996
90995
90993
90991
90990
90990
90988
90988
90986
90986
90985
90984
90984
90980
90977
90977
90977
90974
90973
90973
90973
90972
90971
90969
90967
90964
90961
90960
90958
90957
90955
90953
90951
90950
90950
90949
90947
90944
90944
90943
90937
90935
90935
90934
90932
90931
90929
90929
90928
90928
90927
90927
90922
90922
90921
90920
90919
90919
90918
90918
90915
90915
90915
90915
90915
90914
90914
90914
90913
90911
90911
90910
90910
90907
90906
90904
90904
90904
90902
90901
90900
90896
90893
90893
90893
90887
90887
90886
90886
90886
90885
90885
90882
90881
90881
90880
90880
90879
90879
90878
90878
90877
90876
90875
90875
90875
90874
90874
90871
90871
90871
90870
90869
90869
90868
90866
90865
90864
90863
90862
90861
90859
90857
90857
90857
90855
90855
90854
90853
90852
90851
90849
90849
90849
90848
90848
90848
90848
90847
90846
90845
90845
90844
90844
90844
90844
90844
90843
90843
90843
90842
90841
90841
90840
90839
90837
90837
90835
90835
90833
90832
90831
90831
90830
90828
90826
90822
90822
90822
90821
90821
90820
90815
90813
90813
90813
90811
90810
90810
90809
90809
90806
90806
90805
90803
90803
90800
90800
90798
90797
90797
90795
90795
90794
90792
90791
90791
90788
90787
90785
90785
90785
90784
90779
90779
90779
90778
90778
90775
90772
90771
90771
90770
90768
90766
90765
90765
90765
90763
90763
90762
90762
90761
90759
90759
90758
90758
90757
90757
90756
90756
90755
90754
90754
90752
90751
90748
90747
90746
90746
90745
90744
90743
90743
90742
90741
90737
90737
90737
90737
90736
90735
90734
90733
90733
90731
90731
90729
90728
90727
90727
90726
90723
90723
90723
90723
90722
90720
90720
90720
90719
90719
90719
90719
90717
90716
90715
90713
90709
90709
90708
90708
90708
90708
90707
90706
90706
90704
90704
90703
90702
90702
90702
90702
90699
90698
90697
90696
90696
90695
90693
90693
90693
90693
90692
90692
90687
90686
90685
90684
90684
90684
90683
90683
90682
90681
90681
90680
90679
90679
90678
90677
90677
90675
90675
90674
90673
90672
90672
90671
90670
90669
90668
90666
90665
90665
90665
90664
90663
90662
90661
90660
90659
90656
90654
90654
90654
90653
90652
90652
90651
90651
90650
90650
90647
90647
90645
90645
90641
90640
90638
90637
90636
90635
90635
90635
90633
90631
90630
90629
90629
90629
90628
90627
90625
90623
90622
90621
90620
90620
90618
90617
90617
90616
90614
90614
90614
90612
90612
90610
90608
90608
90607
90606
90605
90605
90604
90602
90601
90601
90601
90600
90600
90600
90599
90599
90599
90598
90597
90597
90594
90593
90593
90593
90592
90588
90588
90588
90588
90587
90584
90582
90582
90581
90579
90578
90577
90575
90574
90574
90574
90574
90573
90573
90573
90571
90568
90568
90567
90567
90564
90563
90562
90560
90558
90557
90555
90553
90553
90553
90552
90552
90552
90550
90550
90550
90550
90550
90549
90546
90541
90541
90539
90538
90537
90535
90535
90535
90534
90534
90532
90528
90528
90527
90527
90527
90525
90523
90522
90521
90521
90521
90519
90519
90518
90517
90517
90515
90514
90510
90507
90507
90507
90506
90506
90505
90505
90503
90503
90501
90501
90500
90500
90498
90497
90496
90496
90496
90496
90495
90494
90493
90491
90489
90489
90487
90486
90481
90478
90475
90475
90474
90474
90474
90472
90472
90471
90471
90468
90468
90467
90466
90465
90464
90463
90463
90462
90462
90461
90461
90460
90460
90458
90458
90457
90456
90455
90451
90448
90448
90448
90445
90444
90444
90444
90443
90442
90442
90440
90438
90438
90437
90437
90436
90435
90434
90433
90433
90432
90430
90430
90427
90426
90425
90423
90422
90420
90418
90416
90415
90415
90413
90410
90410
90410
90409
90405
90405
90404
90404
90403
90402
90402
90399
90397
90394
90393
90392
90392
90392
90390
90389
90389
90388
90384
90377
90376
90374
90374
90374
90371
90370
90367
90366
90366
90363
90361
90361
90360
90359
90358
90358
90357
90357
90356
90355
90352
90351
90349
90348
90348
90348
90347
90347
90346
90345
90345
90343
90342
90342
90341
90341
90340
90340
90340
90339
90339
90337
90336
90334
90333
90331
90331
90330
90330
90328
90328
90327
90327
90325
90325
90325
90321
90321
90319
90318
90317
90317
90316
90316
90316
90315
90314
90312
90312
90312
90312
90310
90309
90308
90307
90307
90306
90304
90303
90303
90302
90301
90301
90298
90298
90297
90296
90294
90294
90294
90292
90287
90283
90282
90282
90281
90281
90279
90277
90276
90276
90275
90275
90274
90271
90269
90267
90266
90265
90265
90264
90264
90263
90263
90263
90261
90260
90260
90257
90256
90255
90254
90254
90251
90250
90249
90248
90246
90244
90243
90242
90242
90241
90240
90238
90238
90237
90236
90236
90236
90234
90232
90232
90231
90231
90231
90230
90229
90229
90224
90223
90222
90221
90221
90219
90219
90219
90218
90216
90213
90211
90210
90209
90208
90207
90207
90206
90204
90203
90203
90203
90202
90202
90202
90196
90193
90192
90192
90192
90191
90191
90191
90187
90187
90186
90185
90184
90184
90183
90182
90181
90181
90178
90178
90178
90178
90175
90175
90172
90171
90170
90170
90169
90168
90167
90167
90165
90164
90164
90162
90162
90160
90159
90158
90158
90156
90156
90156
90156
90154
90153
90153
90152
90151
90150
90149
90148
90147
90146
90146
90145
90143
90143
90141
90140
90140
90139
90139
90133
90132
90132
90131
90130
90129
90127
90127
90126
90125
90123
90121
90121
90120
90120
90118
90117
90117
90116
90116
90116
90114
90114
90113
90112
90111
90110
90108
90108
90108
90107
90103
90103
90101
90101
90100
90099
90099
90098
90097
90097
90097
90095
90095
90094
90093
90092
90091
90091
90089
90087
90086
90086
90086
90084
90083
90082
90082
90082
90081
90077
90077
90076
90075
90075
90075
90074
90072
90070
90068
90068
90067
90066
90063
90059
90059
90059
90056
90053
90053
90053
90052
90051
90051
90050
90049
90044
90044
90043
90042
90042
90041
90041
90040
90038
90038
90036
90035
90035
90034
90033
90031
90030
90028
90026
90026
90023
90022
90022
90021
90019
90018
90018
90017
90016
90015
90013
90013
90011
90009
90009
90008
90008
90008
90007
90006
90005
90003
90003
90003
90003
90002
90001
89999
89998
89997
89996
89996
89995
89992
89991
89990
89989
89988
89988
89988
89987
89985
89985
89983
89982
89982
89982
89982
89981
89981
89979
89976
89976
89973
89973
89973
89972
89971
89969
89969
89969
89967
89966
89966
89965
89965
89964
89963
89963
89963
89958
89956
89954
89953
89952
89951
89951
89950
89948
89947
89947
89947
89946
89944
89944
89943
89941
89941
89940
89940
89939
89937
89936
89935
89935
89933
89932
89932
89931
89930
89930
89930
89930
89928
89928
89926
89924
89923
89919
89917
89916
89915
89915
89914
89914
89912
89909
89909
89908
89908
89907
89907
89906
89905
89905
89904
89901
89901
89900
89898
89897
89895
89894
89894
89893
89893
89893
89893
89893
89891
89889
89888
89885
89884
89878
89878
89876
89875
89874
89872
89870
89870
89867
89866
89865
89864
89862
89861
89861
89859
89859
89857
89857
89857
89855
89853
89849
89848
89847
89847
89847
89846
89845
89843
89843
89842
89842
89841
89841
89839
89838
89837
89835
89835
89835
89835
89834
89834
89834
89833
89833
89832
89832
89830
89829
89824
89824
89823
89823
89822
89822
89821
89818
89818
89818
89817
89816
89815
89812
89812
89810
89810
89809
89807
89807
89806
89806
89805
89802
89802
89801
89801
89800
89799
89799
89799
89798
89797
89796
89795
89794
89793
89792
89791
89791
89789
89789
89787
89787
89785
89784
89782
89781
89781
89780
89780
89778
89775
89775
89774
89773
89773
89772
89770
89770
89770
89769
89765
89764
89762
89760
89760
89760
89759
89758
89757
89756
89756
89753
89753
89753
89750
89750
89748
89743
89740
89740
89740
89739
89739
89738
89737
89736
89734
89733
89733
89731
89727
89727
89726
89725
89724
89724
89723
89723
89723
89722
89722
89722
89721
89720
89720
89719
89717
89717
89716
89716
89715
89715
89713
89712
89711
89711
89711
89706
89704
89704
89703
89700
89700
89700
89700
89697
89694
89693
89692
89691
89690
89690
89688
89688
89688
89687
89686
89686
89685
89680
89679
89679
89678
89676
89676
89675
89673
89673
89672
89670
89670
89669
89667
89661
89661
89659
89659
89658
89658
89657
89657
89657
89656
89656
89655
89653
89653
89652
89651
89651
89651
89649
89647
89647
89646
89645
89645
89645
89645
89644
89644
89642
89642
89642
89641
89641
89638
89637
89636
89635
89632
89632
89632
89628
89628
89628
89626
89624
89624
89623
89622
89620
89620
89620
89619
89618
89617
89617
89616
89616
89616
89615
89614
89614
89613
89612
89612
89611
89611
89610
89610
89609
89607
89607
89606
89606
89602
89597
89597
89595
89595
89593
89591
89590
89589
89589
89589
89587
89586
89586
89585
89584
89584
89584
89583
89581
89580
89579
89577
89576
89575
89574
89573
89572
89572
89571
89568
89567
89565
89565
89565
89564
89561
89558
89558
89557
89554
89554
89553
89552
89550
89549
89548
89548
89548
89547
89546
89543
89541
89540
89540
89538
89538
89537
89533
89533
89530
89529
89528
89528
89527
89527
89524
89522
89521
89521
89520
89520
89519
89519
89519
89518
89517
89516
89516
89515
89514
89514
89512
89511
89511
89510
89508
89508
89507
89507
89507
89504
89502
89500
89500
89500
89499
89499
89498
89497
89496
89493
89493
89492
89492
89492
89490
89485
89485
89484
89484
89484
89484
89483
89482
89481
89481
89480
89479
89479
89478
89476
89475
89474
89474
89471
89471
89467
89464
89463
89461
89460
89459
89458
89458
89456
89456
89454
89453
89451
89451
89449
89448
89447
89447
89444
89444
89442
89438
89436
89436
89435
89435
89434
89434
89434
89434
89431
89430
89430
89424
89424
89424
89423
89422
89422
89419
89418
89417
89416
89414
89413
89409
89409
89408
89408
89407
89407
89407
89407
89406
89405
89405
89404
89403
89402
89398
89397
89396
89396
89396
89393
89390
89390
89389
89388
89387
89384
89383
89383
89381
89380
89379
89378
89377
89374
89372
89372
89372
89372
89370
89363
89363
89363
89362
89360
89359
89359
89359
89358
89357
89356
89356
89355
89355
89354
89354
89353
89353
89353
89348
89347
89347
89347
89346
89342
89341
89341
89340
89339
89338
89337
89336
89336
89335
89335
89335
89334
89332
89331
89329
89328
89324
89323
89323
89322
89320
89320
89320
89318
89318
89317
89313
89313
89311
89310
89308
89308
89307
89305
89305
89304
89304
89304
89304
89303
89303
89301
89300
89300
89299
89297
89297
89296
89295
89295
89294
89294
89294
89291
89290
89289
89289
89288
89288
89285
89285
89285
89283
89283
89280
89277
89276
89276
89274
89274
89273
89272
89272
89271
89269
89268
89267
89266
89266
89266
89265
89264
89264
89264
89262
89262
89262
89260
89260
89259
89259
89258
89258
89254
89251
89250
89250
89248
89248
89247
89245
89245
89244
89244
89241
89239
89239
89237
89235
89234
89232
89231
89228
89227
89227
89226
89225
89225
89224
89223
89223
89222
89221
89219
89219
89218
89217
89215
89215
89214
89212
89209
89208
89207
89206
89206
89205
89204
89203
89202
89202
89199
89198
89197
89197
89196
89195
89195
89192
89191
89191
89190
89188
89187
89186
89185
89185
89184
89183
89183
89182
89181
89180
89180
89179
89178
89176
89175
89175
89175
89173
89173
89172
89172
89170
89169
89167
89164
89163
89159
89158
89157
89154
89151
89148
89147
89145
89143
89143
89137
89136
89135
89134
89134
89133
89133
89132
89131
89130
89129
89128
89127
89127
89125
89125
89123
89122
89122
89121
89120
89119
89118
89117
89117
89115
89115
89111
89110
89109
89109
89107
89107
89107
89103
89103
89101
89101
89099
89097
89096
89096
89094
89094
89094
89093
89093
89092
89091
89090
89090
89089
89088
89086
89085
89084
89082
89081
89081
89080
89079
89079
89078
89078
89078
89078
89078
89077
89076
89075
89075
89073
89072
89071
89070
89065
89065
89065
89064
89064
89062
89060
89059
89058
89058
89055
89054
89053
89049
89048
89048
89045
89045
89045
89045
89044
89043
89042
89039
89039
89038
89038
89038
89037
89036
89034
89032
89031
89031
89029
89028
89028
89028
89027
89026
89023
89023
89022
89020
89020
89019
89017
89016
89015
89014
89011
89011
89010
89010
89007
89006
89006
89006
89006
89005
89005
89004
89002
89002
89002
89001
89000
88999
88999
88999
88999
88999
88999
88998
88994
88992
88992
88991
88991
88989
88989
88989
88989
88989
88986
88983
88983
88983
88982
88981
88980
88980
88979
88978
88977
88977
88975
88974
88970
88969
88969
88967
88965
88965
88964
88963
88963
88963
88962
88962
88962
88958
88957
88956
88954
88954
88953
88953
88952
88952
88952
88948
88947
88944
88941
88941
88941
88941
88940
88940
88939
88937
88935
88934
88933
88929
88927
88927
88925
88924
88922
88921
88919
88917
88916
88916
88915
88915
88914
88914
88909
88909
88908
88908
88907
88907
88907
88906
88905
88905
88904
88903
88903
88901
88900
88899
88899
88898
88897
88896
88896
88896
88896
88895
88894
88893
88893
88891
88890
88889
88888
88888
88887
88885
88884
88883
88882
88881
88879
88878
88878
88875
88875
88873
88873
88871
88868
88867
88867
88866
88865
88865
88863
88863
88863
88862
88861
88859
88857
88856
88856
88855
88853
88852
88851
88850
88850
88849
88848
88847
88847
88846
88846
88845
88845
88845
88845
88841
88837
88837
88836
88836
88835
88835
88834
88834
88834
88833
88831
88831
88831
88830
88830
88829
88829
88827
88827
88825
88823
88823
88822
88821
88820
88818
88817
88816
88816
88814
88810
88809
88808
88807
88807
88806
88805
88805
88804
88804
88802
88802
88801
88799
88798
88796
88796
88796
88793
88792
88789
88788
88787
88786
88786
88786
88785
88785
88784
88783
88783
88781
88781
88780
88780
88779
88776
88775
88775
88773
88771
88771
88771
88770
88770
88768
88766
88765
88764
88760
88759
88758
88756
88756
88754
88754
88753
88753
88752
88752
88750
88750
88749
88747
88745
88741
88740
88738
88738
88735
88734
88733
88732
88731
88731
88728
88727
88726
88725
88722
88722
88720
88718
88718
88718
88718
88715
88711
88708
88708
88707
88707
88707
88706
88705
88705
88704
88702
88702
88702
88700
88698
88697
88697
88696
88694
88693
88692
88692
88692
88690
88688
88685
88685
88683
88682
88681
88681
88680
88679
88679
88678
88676
88676
88675
88673
88672
88671
88671
88671
88671
88669
88668
88666
88665
88664
88664
88661
88661
88660
88657
88655
88653
88652
88652
88650
88649
88648
88648
88648
88648
88644
88644
88642
88641
88641
88640
88635
88634
88634
88632
88631
88630
88629
88628
88626
88625
88625
88624
88624
88624
88622
88621
88620
88619
88619
88617
88616
88616
88614
88613
88612
88612
88612
88610
88609
88609
88609
88608
88608
88608
88607
88607
88606
88605
88603
88602
88602
88601
88601
88601
88600
88600
88598
88597
88596
88595
88595
88594
88591
88590
88590
88587
88584
88584
88584
88583
88582
88582
88582
88581
88581
88581
88579
88578
88577
88575
88575
88575
88573
88573
88572
88572
88571
88568
88568
88567
88566
88565
88564
88564
88562
88562
88562
88561
88560
88560
88560
88559
88554
88554
88554
88553
88551
88549
88549
88548
88545
88544
88544
88544
88543
88543
88543
88541
88538
88537
88536
88536
88535
88533
88533
88532
88532
88532
88531
88530
88529
88529
88527
88526
88526
88525
88524
88524
88522
88522
88522
88521
88520
88516
88514
88513
88512
88511
88510
88510
88509
88509
88509
88507
88507
88507
88506
88503
88503
88502
88501
88500
88500
88496
88495
88495
88493
88493
88492
88492
88488
88488
88486
88486
88486
88484
88484
88482
88482
88478
88476
88476
88474
88474
88474
88474
88472
88472
88472
88471
88470
88470
88470
88470
88468
88466
88466
88464
88463
88463
88462
88462
88461
88461
88460
88460
88460
88459
88457
88457
88456
88456
88454
88451
88451
88450
88450
88449
88448
88446
88444
88444
88444
88444
88444
88442
88442
88442
88441
88441
88441
88440
88436
88436
88434
88433
88431
88430
88428
88428
88427
88426
88426
88424
88423
88422
88421
88421
88419
88419
88418
88417
88416
88416
88415
88414
88414
88414
88411
88411
88410
88410
88410
88409
88407
88406
88405
88401
88400
88400
88400
88399
88398
88397
88397
88393
88393
88392
88392
88390
88389
88389
88387
88387
88386
88386
88385
88384
88384
88384
88383
88382
88382
88380
88380
88379
88375
88374
88373
88372
88372
88370
88369
88369
88369
88368
88368
88366
88365
88363
88362
88361
88360
88357
88355
88354
88353
88353
88351
88351
88351
88349
88349
88349
88348
88347
88347
88347
88345
88344
88339
88339
88338
88338
88336
88335
88334
88332
88332
88330
88330
88330
88330
88330
88329
88329
88326
88325
88324
88320
88319
88319
88317
88316
88316
88315
88315
88314
88314
88314
88314
88311
88310
88308
88308
88305
88305
88305
88304
88300
88300
88298
88297
88297
88297
88296
88296
88295
88295
88294
88294
88293
88292
88292
88291
88290
88288
88288
88287
88287
88286
88286
88286
88285
88285
88284
88283
88282
88281
88280
88278
88278
88276
88273
88273
88270
88270
88270
88269
88269
88267
88264
88264
88263
88262
88262
88259
88259
88258
88258
88257
88256
88255
88254
88254
88254
88253
88253
88252
88249
88249
88249
88247
88246
88244
88244
88239
88239
88238
88237
88234
88234
88234
88233
88233
88232
88228
88226
88225
88224
88223
88223
88220
88220
88219
88217
88217
88216
88215
88215
88214
88214
88213
88210
88210
88208
88207
88206
88206
88205
88204
88204
88204
88203
88203
88202
88202
88201
88201
88200
88200
88199
88198
88198
88197
88195
88195
88193
88192
88189
88189
88189
88189
88188
88186
88186
88185
88185
88185
88184
88184
88184
88184
88183
88183
88183
88180
88180
88179
88178
88178
88177
88176
88176
88175
88173
88173
88172
88170
88167
88164
88164
88163
88163
88161
88161
88161
88161
88160
88160
88157
88157
88155
88154
88150
88150
88149
88149
88149
88148
88148
88145
88144
88143
88142
88142
88141
88141
88140
88139
88137
88135
88135
88133
88133
88133
88131
88131
88131
88127
88124
88123
88123
88121
88121
88120
88119
88117
88115
88114
88114
88113
88112
88111
88111
88111
88110
88109
88108
88108
88105
88103
88103
88100
88100
88100
88098
88098
88096
88095
88094
88092
88092
88092
88092
88091
88090
88089
88088
88088
88086
88086
88086
88085
88085
88085
88084
88084
88083
88082
88081
88081
88081
88080
88080
88080
88079
88077
88077
88075
88075
88073
88073
88072
88071
88070
88069
88068
88068
88064
88060
88060
88057
88057
88057
88053
88053
88053
88051
88051
88049
88047
88045
88044
88043
88042
88042
88041
88038
88038
88037
88034
88034
88033
88032
88032
88031
88030
88029
88026
88026
88025
88023
88023
88022
88021
88019
88019
88018
88018
88018
88016
88015
88014
88013
88013
88012
88012
88011
88011
88011
88008
88008
88006
88005
88005
88003
88002
88001
88001
88000
88000
87999
87998
87998
87998
87997
87996
87995
87995
87995
87994
87994
87992
87992
87991
87989
87988
87988
87988
87987
87987
87987
87986
87986
87984
87983
87983
87983
87982
87982
87981
87981
87978
87978
87978
87976
87974
87973
87973
87972
87971
87970
87969
87966
87965
87962
87961
87961
87961
87960
87958
87958
87957
87956
87955
87955
87954
87953
87952
87952
87952
87951
87951
87951
87951
87948
87948
87947
87945
87945
87944
87943
87942
87939
87938
87938
87937
87936
87936
87933
87932
87932
87932
87932
87931
87931
87928
87927
87926
87922
87922
87921
87920
87920
87920
87919
87918
87918
87915
87915
87915
87914
87913
87911
87910
87909
87907
87906
87906
87902
87902
87900
87898
87898
87896
87895
87894
87894
87894
87893
87893
87891
87891
87891
87890
87889
87886
87886
87883
87883
87883
87883
87882
87880
87879
87877
87877
87876
87876
87875
87874
87874
87874
87874
87874
87873
87873
87872
87871
87870
87870
87868
87867
87866
87866
87863
87862
87862
87861
87860
87859
87857
87855
87854
87852
87850
87847
87846
87844
87844
87842
87842
87842
87842
87838
87837
87836
87836
87835
87834
87833
87832
87832
87831
87831
87831
87831
87830
87830
87830
87829
87827
87826
87825
87824
87823
87823
87823
87822
87822
87821
87820
87820
87820
87817
87817
87817
87816
87815
87815
87814
87813
87811
87811
87809
87808
87808
87807
87807
87806
87805
87805
87804
87804
87802
87802
87799
87797
87797
87797
87796
87796
87796
87794
87794
87791
87789
87787
87786
87784
87783
87782
87782
87780
87778
87777
87773
87773
87772
87772
87771
87770
87770
87769
87768
87767
87767
87767
87767
87766
87765
87763
87763
87762
87761
87760
87760
87756
87756
87755
87753
87752
87750
87749
87746
87744
87739
87737
87737
87737
87734
87732
87730
87729
87728
87726
87725
87725
87725
87723
87723
87723
87722
87721
87721
87719
87718
87717
87717
87716
87712
87711
87710
87710
87707
87707
87707
87706
87706
87703
87703
87701
87699
87697
87697
87697
87695
87693
87692
87691
87691
87690
87689
87685
87683
87683
87682
87680
87679
87677
87676
87673
87672
87671
87669
87669
87666
87665
87665
87665
87665
87664
87664
87663
87661
87661
87660
87659
87659
87658
87658
87657
87656
87655
87653
87652
87650
87650
87650
87650
87650
87649
87646
87645
87644
87644
87643
87639
87639
87639
87634
87634
87633
87633
87631
87630
87629
87628
87627
87626
87625
87624
87623
87621
87620
87619
87617
87616
87611
87611
87611
87610
87610
87609
87609
87608
87607
87607
87603
87603
87602
87602
87599
87597
87595
87595
87594
87594
87594
87593
87591
87591
87590
87589
87584
87583
87582
87581
87579
87579
87578
87576
87574
87574
87573
87573
87573
87572
87569
87567
87567
87566
87565
87565
87565
87563
87562
87561
87557
87556
87554
87554
87551
87550
87547
87547
87547
87546
87546
87544
87544
87540
87538
87538
87537
87536
87535
87535
87534
87534
87533
87533
87533
87532
87531
87530
87529
87528
87527
87527
87526
87525
87523
87522
87520
87519
87518
87518
87513
87511
87510
87510
87507
87507
87507
87506
87506
87504
87503
87502
87501
87501
87499
87499
87498
87498
87498
87496
87495
87495
87494
87492
87491
87491
87490
87489
87489
87488
87487
87487
87487
87487
87486
87484
87484
87484
87484
87483
87482
87482
87481
87481
87479
87476
87476
87475
87475
87472
87472
87471
87470
87470
87468
87467
87466
87466
87465
87464
87463
87462
87461
87460
87458
87458
87457
87456
87456
87453
87453
87450
87449
87447
87446
87446
87446
87445
87445
87445
87440
87438
87437
87435
87433
87433
87433
87433
87432
87431
87431
87431
87427
87427
87424
87423
87418
87418
87417
87417
87415
87414
87412
87409
87409
87408
87408
87407
87401
87400
87399
87398
87396
87395
87395
87394
87393
87392
87391
87391
87389
87387
87386
87385
87381
87380
87380
87378
87377
87376
87376
87375
87375
87375
87373
87372
87370
87369
87369
87365
87364
87363
87361
87360
87359
87357
87352
87350
87350
87349
87348
87348
87347
87345
87344
87341
87339
87338
87335
87335
87335
87334
87334
87333
87333
87333
87333
87333
87333
87331
87331
87331
87329
87328
87327
87327
87326
87323
87323
87323
87322
87321
87321
87320
87320
87320
87319
87318
87317
87317
87317
87316
87315
87313
87312
87312
87311
87310
87310
87310
87309
87308
87306
87306
87306
87301
87298
87298
87297
87297
87294
87294
87294
87293
87292
87291
87291
87290
87285
87284
87283
87282
87282
87279
87279
87279
87279
87279
87278
87278
87278
87277
87276
87274
87274
87274
87272
87271
87271
87271
87269
87268
87268
87267
87267
87267
87266
87266
87263
87261
87257
87257
87256
87256
87256
87252
87251
87251
87250
87249
87249
87248
87245
87244
87243
87242
87242
87241
87240
87238
87237
87237
87237
87237
87236
87236
87231
87230
87228
87228
87227
87227
87226
87224
87224
87222
87221
87219
87219
87216
87215
87215
87212
87212
87212
87211
87208
87208
87207
87206
87205
87204
87203
87202
87202
87198
87197
87195
87194
87193
87193
87191
87189
87187
87185
87184
87182
87181
87180
87179
87179
87177
87177
87176
87176
87175
87172
87171
87168
87168
87167
87166
87166
87165
87165
87163
87163
87162
87161
87160
87160
87159
87158
87157
87155
87155
87153
87153
87153
87152
87151
87151
87150
87149
87148
87146
87146
87144
87144
87143
87141
87140
87140
87140
87139
87139
87136
87135
87134
87133
87132
87132
87131
87130
87129
87129
87127
87127
87126
87124
87123
87123
87119
87118
87118
87118
87117
87117
87116
87116
87116
87115
87114
87113
87112
87110
87110
87109
87109
87108
87106
87106
87104
87104
87103
87102
87102
87100
87098
87098
87097
87096
87095
87093
87093
87091
87090
87089
87089
87088
87087
87087
87087
87086
87086
87085
87085
87085
87084
87083
87082
87081
87081
87080
87080
87080
87079
87078
87077
87076
87076
87075
87075
87071
87070
87070
87069
87069
87069
87069
87068
87068
87068
87067
87067
87066
87065
87065
87063
87063
87063
87062
87062
87062
87062
87061
87061
87060
87060
87060
87058
87057
87057
87057
87056
87056
87054
87053
87053
87052
87052
87052
87052
87051
87051
87049
87049
87049
87047
87046
87046
87043
87043
87039
87039
87038
87037
87036
87034
87033
87032
87030
87028
87028
87026
87024
87024
87022
87021
87020
87019
87019
87019
87018
87017
87017
87017
87015
87015
87014
87014
87013
87013
87012
87011
87011
87009
87008
87008
87008
87008
87007
87004
87003
87003
87003
87003
87000
86999
86998
86997
86997
86996
86994
86994
86993
86993
86991
86991
86989
86989
86988
86988
86987
86986
86986
86985
86982
86981
86981
86981
86980
86980
86979
86979
86979
86978
86974
86973
86973
86971
86970
86970
86967
86967
86965
86965
86963
86962
86962
86961
86961
86961
86960
86958
86957
86954
86948
86947
86946
86945
86944
86944
86944
86943
86943
86943
86942
86939
86939
86938
86937
86935
86934
86933
86932
86928
86928
86927
86925
86925
86925
86924
86923
86923
86920
86916
86916
86914
86913
86913
86912
86912
86911
86910
86910
86909
86909
86908
86907
86905
86905
86903
86903
86902
86901
86901
86901
86900
86899
86899
86898
86895
86895
86893
86893
86893
86891
86890
86890
86887
86887
86887
86886
86886
86886
86884
86883
86882
86882
86881
86879
86879
86877
86876
86876
86876
86874
86873
86872
86872
86871
86871
86870
86869
86862
86862
86861
86861
86860
86860
86859
86859
86858
86858
86858
86855
86855
86855
86854
86854
86853
86852
86851
86850
86850
86849
86846
86845
86842
86841
86840
86840
86838
86837
86837
86834
86833
86830
86830
86830
86826
86825
86823
86818
86817
86814
86814
86814
86814
86813
86812
86812
86811
86811
86807
86806
86804
86804
86804
86804
86802
86799
86799
86797
86797
86797
86797
86796
86795
86794
86794
86794
86793
86793
86793
86792
86791
86789
86788
86787
86787
86786
86780
86780
86779
86778
86776
86775
86774
86774
86774
86773
86773
86772
86771
86769
86769
86769
86766
86765
86765
86765
86764
86759
86758
86757
86755
86755
86755
86753
86753
86752
86750
86748
86748
86748
86748
86748
86748
86747
86747
86747
86745
86744
86743
86742
86742
86742
86739
86736
86734
86733
86731
86729
86729
86728
86726
86725
86724
86724
86721
86721
86720
86720
86719
86716
86715
86709
86707
86707
86703
86701
86699
86697
86696
86696
86695
86694
86693
86693
86693
86692
86690
86687
86687
86687
86684
86684
86684
86683
86683
86680
86677
86677
86676
86676
86675
86673
86672
86671
86670
86669
86668
86668
86668
86667
86667
86667
86666
86665
86662
86659
86659
86658
86658
86657
86656
86655
86654
86654
86654
86653
86652
86647
86647
86647
86647
86645
86645
86644
86644
86643
86643
86643
86642
86640
86639
86638
86637
86635
86635
86635
86634
86632
86632
86631
86631
86631
86630
86628
86628
86626
86625
86624
86623
86622
86622
86620
86620
86618
86618
86617
86615
86613
86612
86611
86610
86606
86604
86603
86602
86601
86600
86600
86598
86598
86597
86594
86593
86593
86593
86592
86592
86591
86591
86591
86590
86590
86589
86588
86587
86586
86584
86583
86582
86580
86580
86579
86579
86578
86578
86576
86576
86570
86569
86569
86569
86567
86567
86564
86563
86563
86562
86562
86555
86555
86554
86553
86552
86552
86552
86551
86551
86550
86550
86548
86548
86544
86544
86542
86541
86540
86539
86537
86537
86534
86533
86532
86532
86530
86529
86528
86528
86525
86525
86524
86523
86521
86520
86519
86519
86518
86517
86515
86514
86512
86512
86512
86506
86506
86505
86505
86505
86504
86504
86504
86503
86501
86501
86501
86499
86499
86498
86498
86497
86497
86497
86496
86495
86495
86495
86494
86494
86494
86493
86492
86488
86485
86484
86484
86483
86480
86480
86480
86478
86477
86476
86476
86472
86470
86470
86469
86468
86467
86466
86465
86464
86463
86463
86463
86463
86463
86462
86460
86459
86459
86458
86458
86457
86457
86456
86456
86454
86454
86454
86453
86452
86452
86450
86448
86445
86443
86443
86442
86441
86439
86436
86436
86436
86434
86434
86433
86432
86430
86429
86428
86428
86428
86427
86426
86424
86423
86420
86418
86415
86414
86413
86413
86412
86410
86408
86407
86404
86404
86403
86403
86401
86400
86395
86395
86393
86389
86389
86386
86384
86383
86383
86381
86380
86379
86377
86376
86375
86375
86374
86373
86371
86369
86368
86367
86366
86365
86364
86364
86364
86362
86359
86357
86356
86356
86354
86354
86353
86353
86353
86352
86349
86349
86348
86346
86345
86344
86343
86343
86341
86340
86339
86338
86337
86337
86337
86336
86335
86334
86333
86332
86332
86332
86331
86331
86329
86329
86328
86327
86326
86326
86325
86323
86323
86322
86319
86319
86318
86318
86318
86317
86315
86315
86315
86314
86314
86314
86313
86312
86311
86311
86311
86310
86310
86310
86309
86307
86306
86306
86306
86306
86303
86301
86301
86300
86298
86297
86296
86296
86294
86293
86292
86292
86292
86291
86291
86288
86288
86288
86287
86287
86287
86284
86283
86281
86281
86280
86279
86277
86276
86275
86274
86273
86272
86272
86271
86270
86269
86268
86265
86265
86265
86265
86263
86263
86263
86261
86260
86259
86258
86258
86258
86255
86255
86252
86252
86252
86250
86250
86248
86248
86247
86247
86246
86246
86244
86244
86243
86242
86241
86241
86241
86240
86239
86239
86238
86238
86238
86237
86237
86236
86235
86234
86234
86234
86234
86234
86232
86230
86229
86229
86225
86224
86222
86222
86222
86221
86218
86217
86216
86216
86216
86216
86215
86214
86214
86214
86210
86210
86209
86208
86206
86206
86205
86204
86204
86202
86201
86201
86200
86198
86196
86194
86194
86194
86194
86193
86192
86191
86191
86189
86189
86188
86187
86187
86187
86186
86186
86186
86186
86185
86185
86184
86184
86183
86182
86181
86180
86179
86179
86178
86176
86175
86174
86173
86171
86171
86166
86166
86163
86163
86160
86160
86157
86157
86156
86156
86153
86152
86151
86150
86149
86149
86148
86147
86146
86146
86144
86142
86142
86141
86139
86139
86138
86138
86137
86136
86134
86134
86133
86133
86132
86130
86129
86126
86118
86118
86118
86117
86116
86114
86114
86114
86113
86113
86113
86113
86112
86111
86109
86107
86106
86105
86104
86104
86103
86102
86101
86100
86100
86100
86099
86098
86095
86095
86094
86093
86092
86092
86092
86091
86089
86089
86087
86087
86086
86086
86086
86084
86084
86083
86081
86079
86078
86077
86074
86073
86073
86072
86072
86071
86071
86071
86069
86068
86067
86067
86066
86065
86065
86065
86065
86064
86062
86062
86062
86061
86060
86057
86057
86057
86056
86056
86056
86055
86055
86053
86052
86049
86049
86048
86047
86047
86047
86044
86044
86043
86042
86040
86040
86038
86038
86037
86036
86036
86035
86034
86034
86032
86030
86027
86027
86026
86026
86023
86018
86017
86016
86016
86015
86013
86011
86010
86009
86009
86008
86007
86004
86004
86002
86001
86000
85998
85998
85998
85996
85996
85995
85994
85994
85993
85992
85989
85987
85987
85986
85986
85985
85984
85983
85983
85981
85981
85981
85981
85981
85978
85978
85977
85977
85976
85976
85976
85975
85975
85974
85973
85972
85969
85968
85967
85967
85967
85966
85964
85964
85962
85962
85962
85960
85960
85959
85959
85959
85957
85954
85954
85954
85952
85952
85952
85952
85950
85949
85947
85946
85945
85945
85945
85944
85943
85943
85939
85939
85938
85936
85935
85934
85933
85933
85927
85927
85926
85926
85925
85925
85925
85923
85922
85918
85917
85917
85916
85914
85914
85914
85913
85912
85912
85912
85911
85909
85909
85907
85905
85903
85903
85902
85902
85900
85898
85896
85894
85894
85894
85893
85893
85892
85892
85891
85891
85891
85889
85889
85887
85887
85881
85880
85879
85877
85876
85875
85871
85869
85869
85869
85869
85867
85867
85867
85866
85865
85863
85863
85863
85858
85858
85857
85855
85854
85853
85853
85850
85849
85848
85847
85846
85846
85845
85845
85843
85843
85841
85840
85840
85838
85836
85834
85834
85833
85833
85832
85832
85832
85832
85832
85830
85830
85830
85829
85828
85828
85828
85827
85827
85825
85824
85824
85822
85822
85820
85819
85819
85817
85814
85814
85813
85813
85813
85813
85813
85812
85810
85809
85809
85807
85806
85804
85804
85803
85802
85800
85800
85797
85796
85793
85793
85792
85791
85790
85786
85783
85782
85782
85780
85779
85779
85778
85775
85774
85773
85773
85773
85772
85772
85770
85769
85768
85768
85767
85767
85766
85765
85765
85764
85764
85764
85764
85764
85764
85763
85762
85762
85762
85760
85759
85759
85758
85758
85756
85755
85755
85753
85753
85752
85751
85751
85750
85750
85749
85749
85748
85748
85747
85746
85742
85742
85741
85741
85739
85739
85738
85737
85735
85735
85734
85734
85734
85734
85733
85732
85729
85728
85724
85723
85721
85721
85720
85719
85719
85719
85717
85715
85715
85712
85711
85710
85707
85706
85706
85706
85704
85703
85702
85701
85700
85700
85700
85700
85700
85699
85696
85691
85691
85689
85688
85686
85686
85684
85684
85683
85683
85682
85681
85681
85680
85679
85679
85678
85677
85676
85676
85676
85675
85674
85671
85671
85671
85668
85667
85667
85667
85666
85665
85665
85663
85662
85661
85659
85655
85655
85653
85652
85650
85650
85650
85649
85648
85645
85645
85644
85642
85640
85640
85638
85638
85637
85633
85631
85631
85630
85630
85630
85630
85629
85629
85629
85627
85626
85623
85623
85620
85618
85618
85617
85616
85616
85612
85608
85608
85608
85608
85606
85606
85605
85605
85605
85604
85604
85604
85604
85603
85602
85601
85600
85599
85598
85597
85597
85596
85596
85595
85595
85594
85593
85592
85591
85588
85587
85585
85582
85581
85581
85581
85580
85578
85577
85575
85574
85573
85572
85572
85570
85568
85567
85567
85567
85566
85564
85564
85563
85562
85560
85559
85559
85557
85556
85555
85555
85555
85554
85553
85553
85552
85552
85550
85548
85546
85545
85544
85543
85543
85542
85542
85541
85540
85538
85538
85537
85535
85535
85534
85532
85532
85532
85530
85529
85529
85529
85529
85528
85528
85527
85527
85526
85526
85524
85522
85522
85521
85520
85519
85518
85518
85516
85516
85515
85514
85513
85512
85512
85512
85510
85509
85509
85507
85507
85505
85505
85503
85501
85499
85499
85499
85498
85497
85495
85494
85493
85493
85493
85492
85491
85490
85490
85487
85486
85486
85485
85484
85483
85483
85482
85479
85478
85477
85477
85475
85474
85472
85469
85469
85467
85466
85466
85465
85464
85462
85462
85461
85460
85460
85459
85459
85457
85456
85453
85453
85451
85450
85449
85449
85447
85446
85446
85445
85444
85444
85443
85442
85442
85441
85441
85438
85437
85437
85437
85436
85435
85434
85433
85433
85431
85429
85428
85427
85427
85427
85426
85426
85424
85422
85421
85420
85419
85419
85416
85416
85414
85412
85412
85411
85408
85406
85403
85403
85402
85402
85400
85400
85399
85398
85396
85396
85396
85395
85395
85395
85395
85393
85393
85393
85391
85388
85388
85388
85387
85386
85385
85385
85382
85381
85378
85377
85375
85375
85372
85370
85369
85369
85369
85368
85367
85367
85366
85366
85366
85365
85364
85364
85363
85363
85362
85359
85358
85358
85357
85356
85353
85351
85351
85348
85348
85344
85343
85342
85342
85341
85339
85338
85337
85337
85337
85334
85333
85332
85332
85328
85325
85324
85321
85321
85321
85319
85318
85317
85316
85315
85315
85315
85314
85309
85309
85309
85308
85308
85308
85307
85305
85303
85301
85301
85300
85299
85296
85296
85294
85293
85292
85291
85291
85290
85289
85288
85287
85284
85283
85283
85282
85281
85281
85281
85279
85278
85277
85277
85276
85274
85274
85273
85273
85272
85272
85272
85272
85271
85270
85268
85266
85265
85265
85264
85263
85263
85262
85262
85262
85262
85261
85261
85260
85259
85258
85256
85256
85254
85253
85252
85252
85250
85249
85248
85247
85245
85242
85242
85241
85240
85239
85237
85236
85236
85235
85235
85233
85232
85231
85231
85231
85230
85230
85228
85227
85226
85226
85225
85225
85223
85220
85218
85218
85217
85217
85215
85213
85212
85212
85211
85210
85209
85208
85206
85206
85206
85205
85204
85200
85199
85199
85198
85198
85198
85198
85195
85192
85191
85191
85190
85190
85188
85187
85186
85186
85185
85184
85184
85184
85182
85181
85181
85179
85177
85176
85176
85175
85174
85173
85172
85171
85171
85171
85170
85170
85167
85167
85166
85165
85162
85162
85162
85161
85160
85160
85160
85159
85157
85156
85154
85153
85153
85152
85151
85151
85150
85150
85149
85149
85148
85145
85144
85141
85138
85138
85137
85135
85134
85134
85133
85127
85126
85126
85125
85123
85123
85123
85121
85121
85118
85116
85116
85115
85114
85113
85113
85113
85112
85111
85107
85107
85107
85106
85105
85105
85104
85103
85100
85100
85099
85097
85095
85094
85093
85093
85092
85091
85091
85091
85090
85089
85089
85089
85087
85087
85087
85084
85084
85083
85081
85081
85079
85078
85078
85076
85076
85075
85075
85073
85072
85072
85072
85072
85071
85070
85070
85069
85069
85068
85066
85066
85066
85066
85064
85062
85062
85061
85061
85061
85060
85059
85058
85058
85057
85057
85053
85053
85051
85051
85050
85049
85048
85047
85046
85045
85045
85044
85040
85040
85038
85037
85037
85037
85033
85033
85033
85032
85031
85029
85027
85027
85025
85024
85024
85024
85024
85022
85022
85021
85019
85019
85019
85016
85015
85014
85012
85012
85012
85011
85007
85006
85006
85005
85005
85004
85004
85004
85004
85003
85001
84999
84998
84997
84994
84994
84993
84993
84993
84992
84992
84991
84991
84991
84989
84989
84988
84988
84987
84985
84985
84985
84984
84984
84984
84983
84981
84981
84980
84978
84978
84977
84974
84972
84972
84972
84972
84971
84971
84971
84969
84969
84968
84967
84965
84963
84962
84962
84960
84960
84959
84958
84957
84957
84957
84956
84956
84953
84953
84953
84953
84952
84951
84950
84950
84948
84946
84946
84946
84946
84945
84941
84941
84941
84939
84938
84937
84933
84933
84932
84931
84930
84930
84929
84928
84928
84928
84928
84927
84926
84926
84926
84923
84922
84921
84920
84919
84918
84916
84915
84913
84912
84912
84907
84907
84905
84905
84903
84903
84903
84902
84902
84901
84900
84900
84899
84899
84895
84894
84893
84893
84892
84892
84892
84892
84891
84890
84890
84890
84889
84889
84888
84887
84886
84885
84883
84882
84882
84882
84876
84875
84874
84874
84872
84871
84869
84868
84867
84866
84864
84862
84862
84861
84861
84859
84858
84857
84854
84853
84853
84852
84850
84850
84848
84847
84847
84846
84846
84846
84845
84845
84843
84843
84843
84843
84842
84840
84839
84838
84837
84834
84834
84834
84831
84831
84831
84831
84831
84830
84830
84829
84828
84827
84826
84826
84825
84825
84824
84823
84822
84821
84821
84819
84817
84815
84814
84814
84814
84813
84812
84810
84808
84804
84804
84803
84802
84801
84796
84791
84789
84789
84786
84786
84784
84784
84784
84783
84783
84781
84779
84779
84778
84778
84778
84777
84773
84773
84773
84773
84772
84769
84769
84767
84766
84766
84766
84764
84762
84762
84762
84761
84758
84758
84757
84752
84752
84751
84751
84749
84749
84748
84746
84746
84745
84745
84744
84743
84743
84741
84740
84739
84738
84735
84735
84732
84731
84730
84730
84730
84729
84729
84725
84725
84724
84724
84723
84721
84720
84720
84719
84718
84718
84718
84716
84716
84716
84712
84712
84711
84710
84709
84709
84707
84705
84705
84704
84704
84703
84703
84702
84702
84701
84701
84700
84699
84698
84696
84694
84692
84692
84689
84689
84689
84687
84686
84686
84686
84685
84684
84684
84682
84681
84681
84679
84678
84677
84675
84674
84674
84672
84671
84670
84670
84669
84668
84668
84668
84666
84665
84664
84664
84664
84663
84662
84661
84659
84659
84657
84656
84656
84656
84656
84656
84654
84653
84653
84651
84650
84650
84650
84650
84649
84649
84649
84649
84648
84648
84646
84645
84644
84643
84642
84638
84638
84638
84637
84637
84636
84633
84630
84630
84629
84628
84627
84626
84624
84623
84623
84621
84621
84621
84620
84620
84619
84619
84617
84616
84611
84610
84607
84607
84607
84605
84605
84604
84602
84601
84598
84597
84594
84594
84593
84592
84591
84591
84588
84587
84587
84587
84586
84586
84585
84585
84583
84580
84579
84576
84575
84574
84574
84573
84573
84573
84572
84570
84569
84569
84568
84566
84566
84565
84563
84563
84562
84558
84557
84557
84554
84554
84552
84552
84551
84551
84550
84549
84548
84547
84547
84544
84543
84542
84540
84540
84538
84538
84538
84537
84534
84532
84531
84531
84530
84530
84529
84527
84527
84527
84526
84525
84524
84523
84523
84523
84522
84522
84522
84521
84520
84517
84517
84515
84513
84513
84511
84511
84511
84510
84510
84508
84507
84506
84506
84505
84505
84502
84500
84499
84499
84497
84495
84495
84495
84494
84494
84493
84492
84491
84491
84490
84489
84488
84486
84486
84485
84483
84483
84483
84481
84481
84481
84480
84480
84480
84479
84478
84478
84476
84476
84476
84471
84471
84470
84469
84469
84467
84467
84466
84464
84464
84462
84461
84461
84458
84458
84458
84454
84451
84444
84444
84443
84443
84442
84440
84437
84437
84431
84431
84431
84426
84426
84425
84425
84425
84424
84424
84423
84419
84419
84419
84417
84417
84416
84416
84415
84414
84414
84412
84410
84407
84407
84404
84404
84404
84403
84399
84398
84398
84397
84397
84392
84391
84390
84390
84389
84389
84389
84388
84388
84388
84386
84386
84385
84385
84383
84383
84382
84377
84377
84377
84376
84376
84376
84372
84371
84370
84368
84364
84363
84363
84362
84362
84361
84360
84360
84358
84355
84350
84350
84349
84348
84347
84344
84343
84343
84342
84342
84340
84339
84337
84336
84335
84334
84334
84334
84333
84332
84331
84330
84330
84328
84327
84326
84325
84324
84324
84323
84322
84321
84321
84320
84320
84320
84319
84319
84317
84316
84314
84314
84313
84313
84312
84312
84311
84310
84309
84309
84308
84305
84304
84303
84302
84302
84300
84299
84298
84295
84295
84292
84292
84290
84288
84287
84287
84287
84286
84286
84280
84280
84279
84279
84278
84277
84277
84275
84273
84273
84273
84271
84269
84266
84265
84265
84261
84261
84261
84258
84258
84257
84257
84256
84256
84256
84254
84252
84252
84252
84251
84251
84250
84250
84250
84249
84249
84248
84248
84245
84245
84245
84244
84244
84244
84243
84242
84241
84240
84239
84238
84236
84235
84234
84234
84233
84232
84232
84231
84230
84228
84227
84227
84226
84225
84224
84223
84222
84222
84222
84221
84219
84217
84214
84214
84213
84212
84212
84212
84210
84209
84208
84208
84207
84207
84206
84205
84204
84203
84203
84203
84202
84201
84200
84200
84200
84199
84197
84197
84196
84195
84193
84193
84192
84191
84191
84191
84190
84189
84186
84186
84185
84184
84184
84181
84180
84180
84179
84176
84176
84176
84174
84173
84171
84170
84168
84168
84167
84167
84167
84162
84161
84160
84160
84159
84155
84155
84155
84154
84154
84154
84151
84150
84149
84148
84147
84146
84146
84144
84144
84142
84140
84138
84138
84137
84136
84135
84135
84135
84133
84133
84133
84133
84132
84131
84131
84129
84127
84126
84125
84124
84123
84123
84122
84121
84121
84121
84121
84120
84118
84117
84116
84114
84114
84113
84113
84112
84111
84111
84111
84111
84110
84109
84108
84107
84106
84105
84104
84103
84103
84100
84099
84098
84096
84096
84095
84094
84093
84093
84093
84093
84090
84089
84089
84089
84089
84087
84086
84086
84086
84084
84082
84082
84082
84081
84080
84080
84077
84077
84075
84074
84070
84069
84069
84068
84067
84067
84067
84066
84065
84064
84064
84061
84061
84061
84059
84058
84057
84056
84056
84055
84054
84054
84053
84053
84052
84049
84049
84048
84048
84047
84047
84046
84045
84044
84043
84040
84040
84039
84039
84038
84037
84031
84029
84029
84028
84028
84027
84027
84022
84021
84019
84019
84018
84016
84016
84015
84015
84012
84012
84009
84008
84008
84008
84005
84004
84002
84001
84000
83999
83999
83998
83997
83996
83995
83995
83995
83995
83995
83992
83991
83991
83989
83989
83987
83987
83985
83985
83980
83976
83974
83974
83971
83971
83971
83970
83970
83970
83968
83967
83967
83965
83964
83962
83962
83962
83960
83960
83959
83958
83957
83956
83956
83956
83955
83955
83954
83954
83954
83954
83953
83951
83950
83950
83948
83948
83946
83944
83944
83942
83938
83937
83937
83934
83934
83934
83933
83933
83933
83930
83929
83928
83928
83928
83926
83926
83924
83922
83922
83921
83920
83918
83918
83918
83917
83917
83916
83915
83915
83914
83912
83911
83911
83911
83906
83906
83906
83906
83905
83904
83904
83901
83899
83898
83898
83896
83895
83894
83892
83891
83891
83890
83890
83890
83889
83889
83888
83887
83887
83887
83887
83883
83883
83882
83882
83881
83879
83879
83875
83875
83872
83871
83870
83868
83864
83863
83862
83862
83859
83856
83856
83854
83853
83852
83852
83851
83849
83849
83847
83847
83846
83845
83844
83843
83843
83843
83843
83843
83840
83840
83838
83837
83837
83836
83834
83833
83832
83828
83827
83825
83823
83822
83821
83820
83819
83818
83818
83817
83817
83816
83815
83812
83812
83810
83810
83810
83809
83808
83807
83805
83805
83804
83804
83803
83802
83802
83802
83801
83801
83800
83799
83799
83799
83796
83796
83796
83795
83794
83793
83791
83791
83787
83787
83787
83784
83783
83780
83779
83778
83778
83778
83777
83775
83772
83771
83770
83769
83769
83768
83764
83763
83763
83763
83763
83762
83762
83760
83756
83755
83753
83753
83752
83749
83748
83748
83746
83745
83744
83743
83743
83742
83742
83742
83742
83740
83740
83740
83739
83739
83737
83737
83736
83735
83735
83732
83729
83729
83729
83724
83723
83723
83722
83721
83720
83720
83719
83717
83717
83716
83715
83715
83714
83714
83714
83713
83709
83705
83704
83703
83702
83701
83700
83700
83700
83697
83696
83695
83692
83690
83690
83689
83689
83688
83688
83688
83686
83686
83686
83685
83685
83683
83683
83682
83680
83680
83678
83678
83676
83675
83674
83673
83673
83670
83669
83667
83667
83666
83665
83664
83664
83664
83663
83663
83663
83663
83662
83662
83661
83661
83658
83654
83652
83651
83651
83649
83646
83646
83641
83640
83639
83638
83638
83638
83634
83634
83633
83633
83633
83632
83632
83632
83632
83630
83630
83628
83627
83625
83625
83624
83623
83622
83618
83618
83616
83616
83616
83615
83613
83613
83611
83609
83606
83605
83605
83603
83603
83603
83602
83599
83599
83595
83594
83593
83593
83593
83592
83592
83591
83591
83590
83589
83587
83587
83587
83587
83587
83586
83585
83583
83583
83582
83581
83580
83578
83577
83577
83576
83573
83572
83570
83565
83565
83565
83565
83565
83565
83563
83562
83562
83561
83560
83560
83560
83559
83558
83558
83557
83556
83555
83554
83552
83552
83551
83551
83548
83548
83547
83546
83545
83543
83542
83541
83540
83537
83536
83535
83535
83535
83534
83532
83532
83530
83530
83529
83527
83525
83523
83522
83518
83518
83515
83513
83512
83510
83509
83509
83508
83508
83505
83505
83505
83505
83504
83501
83500
83500
83500
83500
83499
83497
83497
83496
83496
83496
83495
83493
83492
83491
83488
83487
83486
83483
83483
83482
83482
83482
83482
83480
83480
83478
83478
83478
83477
83476
83476
83475
83473
83473
83472
83472
83470
83469
83468
83468
83466
83466
83466
83465
83463
83462
83461
83461
83459
83458
83457
83456
83455
83454
83453
83453
83451
83451
83451
83447
83446
83446
83444
83443
83440
83439
83439
83438
83438
83437
83436
83435
83435
83434
83433
83433
83432
83432
83431
83431
83430
83430
83429
83426
83425
83424
83424
83423
83423
83421
83420
83419
83418
83418
83418
83417
83415
83415
83415
83415
83414
83413
83413
83412
83412
83411
83409
83409
83405
83401
83401
83401
83399
83399
83398
83396
83396
83395
83394
83394
83394
83393
83391
83389
83388
83388
83387
83386
83386
83386
83385
83384
83383
83382
83381
83380
83379
83377
83377
83377
83374
83374
83373
83371
83371
83371
83371
83371
83371
83370
83369
83368
83365
83365
83365
83364
83364
83364
83364
83364
83363
83363
83363
83362
83360
83360
83357
83357
83356
83355
83354
83350
83349
83349
83348
83348
83348
83346
83346
83346
83345
83344
83344
83344
83343
83341
83340
83338
83336
83335
83335
83334
83333
83333
83333
83332
83332
83332
83331
83331
83331
83325
83325
83324
83324
83320
83320
83319
83318
83317
83316
83315
83314
83314
83312
83309
83309
83308
83303
83302
83302
83301
83300
83299
83299
83299
83297
83297
83295
83294
83292
83290
83290
83289
83287
83286
83286
83283
83282
83282
83281
83280
83278
83278
83274
83273
83273
83273
83271
83270
83270
83270
83270
83268
83265
83265
83265
83264
83256
83253
83251
83251
83250
83247
83245
83245
83245
83245
83243
83242
83242
83241
83240
83240
83239
83238
83236
83235
83235
83235
83235
83233
83229
83228
83228
83227
83227
83226
83226
83224
83222
83222
83221
83220
83220
83220
83218
83218
83217
83217
83216
83215
83212
83212
83212
83212
83211
83211
83211
83207
83206
83206
83205
83205
83204
83204
83201
83201
83200
83200
83198
83198
83198
83198
83198
83198
83195
83194
83194
83193
83192
83192
83190
83189
83188
83188
83188
83188
83187
83187
83183
83182
83181
83180
83179
83179
83179
83179
83177
83177
83175
83174
83171
83170
83169
83168
83167
83164
83159
83158
83157
83155
83155
83154
83154
83152
83151
83151
83148
83148
83147
83147
83145
83141
83140
83140
83140
83138
83138
83137
83137
83136
83134
83134
83133
83133
83130
83130
83128
83127
83125
83124
83122
83121
83120
83119
83119
83117
83117
83117
83117
83117
83114
83112
83112
83111
83109
83109
83109
83108
83108
83107
83107
83106
83104
83103
83102
83101
83101
83101
83101
83100
83097
83096
83095
83094
83094
83093
83092
83090
83089
83085
83081
83080
83080
83078
83075
83075
83071
83071
83071
83068
83066
83065
83064
83062
83062
83061
83061
83058
83058
83057
83057
83056
83053
83051
83051
83048
83047
83047
83046
83046
83046
83046
83045
83043
83042
83042
83041
83041
83040
83040
83039
83039
83038
83037
83037
83035
83034
83032
83032
83032
83031
83030
83030
83029
83028
83028
83027
83026
83026
83025
83025
83024
83024
83022
83021
83018
83018
83018
83017
83016
83015
83012
83012
83012
83011
83006
83005
83004
83004
83000
82999
82997
82994
82993
82991
82990
82990
82988
82987
82987
82985
82984
82983
82983
82981
82980
82979
82978
82978
82977
82977
82975
82974
82972
82971
82970
82968
82967
82965
82964
82964
82964
82963
82963
82962
82962
82960
82960
82960
82957
82956
82955
82954
82951
82950
82950
82948
82948
82948
82948
82948
82946
82946
82946
82945
82945
82942
82941
82937
82937
82935
82934
82932
82929
82928
82928
82926
82925
82922
82920
82920
82917
82917
82915
82915
82914
82912
82912
82910
82910
82908
82905
82903
82903
82902
82901
82901
82899
82899
82899
82899
82899
82898
82898
82897
82896
82895
82894
82894
82889
82889
82889
82889
82888
82888
82888
82888
82887
82887
82885
82882
82881
82879
82879
82877
82877
82875
82874
82872
82871
82871
82870
82870
82869
82869
82868
82868
82868
82867
82867
82867
82867
82866
82864
82863
82862
82860
82860
82856
82855
82852
82852
82852
82851
82851
82851
82849
82846
82846
82846
82840
82840
82840
82839
82839
82837
82836
82836
82833
82833
82833
82833
82832
82826
82825
82824
82824
82822
82820
82819
82818
82817
82816
82816
82816
82813
82812
82812
82812
82811
82810
82810
82809
82809
82808
82807
82807
82806
82802
82802
82802
82802
82801
82801
82800
82800
82800
82798
82798
82797
82797
82797
82795
82794
82794
82793
82793
82793
82793
82792
82792
82792
82791
82791
82791
82790
82788
82788
82785
82782
82781
82778
82775
82774
82772
82771
82770
82769
82766
82764
82764
82763
82763
82763
82762
82762
82761
82761
82759
82759
82758
82758
82757
82756
82755
82752
82751
82751
82750
82750
82750
82749
82747
82747
82745
82745
82743
82739
82738
82737
82734
82733
82732
82731
82731
82729
82729
82729
82728
82722
82722
82721
82721
82719
82718
82717
82717
82717
82715
82715
82713
82713
82712
82711
82711
82710
82708
82707
82707
82707
82706
82704
82702
82702
82702
82700
82699
82696
82694
82691
82690
82690
82688
82687
82686
82685
82684
82684
82682
82682
82681
82680
82680
82678
82678
82678
82678
82675
82675
82672
82670
82668
82668
82666
82663
82662
82662
82661
82660
82659
82657
82653
82653
82651
82651
82650
82650
82648
82647
82647
82646
82643
82642
82642
82638
82634
82634
82634
82634
82633
82632
82631
82631
82630
82630
82630
82629
82629
82629
82629
82629
82627
82627
82626
82626
82625
82625
82625
82623
82622
82622
82621
82620
82620
82619
82619
82617
82616
82616
82614
82613
82612
82611
82607
82605
82605
82604
82604
82603
82601
82601
82599
82599
82596
82595
82591
82590
82589
82589
82589
82588
82588
82587
82587
82586
82585
82584
82583
82582
82582
82581
82581
82580
82579
82578
82577
82575
82573
82572
82572
82571
82571
82571
82571
82569
82569
82568
82568
82568
82567
82566
82566
82564
82563
82563
82562
82561
82561
82560
82560
82559
82557
82556
82554
82554
82554
82553
82553
82550
82550
82550
82549
82549
82548
82547
82546
82546
82544
82542
82542
82542
82542
82541
82540
82536
82536
82535
82535
82534
82534
82533
82532
82529
82529
82528
82527
82527
82527
82525
82525
82525
82525
82523
82521
82520
82520
82520
82517
82516
82515
82515
82515
82514
82513
82510
82509
82509
82508
82507
82507
82506
82505
82503
82503
82502
82502
82501
82501
82500
82500
82500
82500
82499
82497
82497
82494
82493
82493
82492
82491
82490
82489
82489
82488
82487
82487
82486
82486
82485
82485
82484
82484
82483
82483
82481
82480
82480
82479
82475
82475
82473
82473
82473
82473
82470
82470
82470
82468
82467
82466
82466
82466
82465
82464
82463
82461
82461
82460
82459
82458
82457
82457
82457
82457
82456
82455
82454
82453
82453
82450
82450
82449
82446
82446
82445
82442
82435
82435
82434
82434
82434
82432
82432
82431
82430
82429
82428
82428
82427
82426
82426
82425
82424
82422
82420
82419
82415
82414
82414
82414
82412
82412
82412
82412
82410
82409
82408
82408
82407
82407
82405
82405
82404
82403
82403
82402
82402
82395
82395
82394
82392
82391
82391
82390
82389
82389
82388
82387
82387
82385
82382
82381
82381
82380
82379
82379
82379
82378
82376
82375
82375
82375
82374
82371
82370
82370
82369
82369
82368
82366
82366
82366
82365
82365
82364
82363
82362
82362
82361
82360
82359
82359
82358
82358
82357
82357
82355
82350
82347
82347
82345
82343
82341
82337
82337
82336
82335
82334
82331
82329
82328
82326
82326
82325
82323
82322
82322
82321
82319
82317
82316
82313
82310
82310
82310
82308
82308
82306
82305
82305
82304
82304
82303
82302
82301
82298
82297
82297
82293
82290
82289
82286
82284
82284
82282
82280
82279
82279
82278
82275
82271
82270
82270
82269
82268
82267
82266
82264
82264
82263
82263
82262
82261
82260
82259
82258
82258
82258
82257
82256
82253
82253
82251
82251
82250
82249
82248
82248
82247
82246
82245
82243
82240
82239
82239
82238
82237
82237
82237
82235
82235
82235
82235
82234
82234
82233
82233
82233
82233
82231
82231
82229
82227
82227
82227
82226
82225
82222
82221
82221
82220
82220
82219
82217
82216
82215
82214
82214
82214
82214
82212
82211
82211
82210
82210
82208
82207
82206
82206
82205
82204
82202
82201
82201
82201
82199
82196
82195
82194
82194
82194
82194
82192
82191
82191
82190
82188
82188
82186
82184
82184
82183
82183
82182
82181
82180
82180
82179
82179
82177
82177
82175
82174
82173
82173
82173
82172
82171
82170
82168
82167
82167
82167
82167
82167
82164
82164
82162
82162
82161
82161
82160
82158
82154
82153
82152
82152
82150
82150
82149
82149
82149
82148
82148
82147
82146
82143
82139
82138
82138
82137
82135
82134
82134
82132
82131
82130
82130
82129
82128
82127
82127
82126
82126
82126
82125
82125
82124
82124
82123
82123
82122
82122
82122
82121
82120
82116
82116
82115
82115
82114
82114
82114
82113
82113
82112
82111
82110
82109
82109
82108
82107
82106
82104
82103
82102
82099
82099
82099
82098
82098
82098
82098
82097
82096
82095
82094
82094
82092
82091
82088
82088
82087
82086
82085
82085
82085
82084
82084
82082
82076
82075
82074
82074
82071
82071
82068
82067
82065
82064
82063
82063
82063
82063
82062
82062
82060
82060
82059
82059
82059
82058
82058
82057
82056
82056
82056
82055
82054
82053
82053
82053
82052
82051
82050
82048
82047
82045
82044
82043
82043
82042
82040
82039
82039
82038
82037
82033
82032
82031
82028
82028
82028
82027
82027
82026
82024
82022
82022
82022
82021
82019
82019
82018
82017
82016
82015
82015
82015
82014
82014
82013
82011
82011
82010
82009
82008
82007
82006
82004
82004
82004
82003
82003
82002
82001
82001
82000
81996
81995
81994
81994
81992
81990
81990
81988
81987
81987
81986
81984
81982
81982
81982
81980
81978
81978
81978
81977
81976
81973
81972
81972
81971
81970
81970
81968
81968
81967
81967
81966
81965
81961
81960
81960
81960
81959
81958
81957
81957
81957
81956
81955
81954
81954
81953
81953
81949
81948
81946
81945
81944
81943
81942
81941
81941
81940
81940
81939
81938
81938
81936
81936
81935
81935
81931
81931
81930
81930
81927
81926
81925
81923
81922
81921
81920
81919
81918
81918
81918
81917
81916
81916
81913
81912
81911
81911
81910
81909
81908
81907
81907
81907
81902
81899
81899
81898
81895
81895
81894
81893
81893
81893
81893
81891
81891
81891
81889
81888
81888
81887
81886
81884
81883
81882
81882
81881
81880
81880
81879
81877
81877
81876
81876
81876
81872
81869
81867
81864
81861
81860
81859
81858
81857
81857
81854
81854
81853
81853
81852
81851
81851
81850
81845
81845
81844
81843
81843
81843
81842
81841
81840
81840
81834
81833
81831
81831
81831
81831
81831
81830
81826
81826
81824
81824
81822
81817
81816
81815
81815
81814
81813
81812
81812
81811
81810
81810
81806
81806
81805
81805
81804
81802
81799
81798
81797
81796
81796
81796
81795
81794
81793
81791
81790
81789
81788
81787
81784
81784
81783
81782
81781
81781
81780
81779
81779
81779
81777
81776
81776
81775
81773
81772
81770
81767
81765
81762
81762
81761
81758
81758
81757
81756
81755
81755
81755
81754
81753
81753
81752
81752
81751
81750
81750
81749
81748
81748
81746
81746
81744
81744
81741
81741
81740
81736
81734
81733
81733
81733
81730
81729
81729
81728
81727
81726
81726
81726
81725
81722
81721
81719
81719
81719
81718
81716
81712
81710
81707
81707
81707
81706
81704
81704
81704
81703
81703
81701
81697
81696
81695
81695
81695
81694
81694
81694
81693
81693
81693
81693
81693
81692
81690
81689
81689
81688
81688
81686
81686
81685
81684
81678
81678
81677
81676
81676
81673
81673
81673
81670
81669
81667
81665
81665
81664
81659
81659
81658
81654
81653
81652
81652
81652
81650
81649
81648
81648
81646
81645
81645
81643
81643
81640
81640
81639
81638
81637
81637
81637
81637
81636
81634
81634
81633
81632
81631
81629
81628
81626
81626
81626
81625
81622
81622
81621
81621
81620
81619
81619
81619
81619
81619
81617
81615
81613
81613
81612
81611
81611
81609
81607
81607
81606
81606
81606
81606
81605
81605
81604
81604
81603
81603
81603
81600
81598
81597
81595
81595
81594
81593
81593
81592
81590
81589
81588
81587
81585
81584
81584
81583
81582
81582
81582
81577
81574
81573
81572
81570
81569
81567
81566
81566
81565
81563
81563
81563
81561
81561
81560
81560
81560
81556
81553
81552
81552
81550
81550
81549
81549
81548
81547
81546
81546
81546
81546
81546
81545
81545
81544
81544
81543
81543
81542
81540
81540
81540
81540
81539
81539
81539
81535
81535
81532
81531
81530
81529
81529
81529
81527
81526
81526
81525
81524
81524
81523
81521
81520
81519
81518
81518
81518
81518
81517
81517
81516
81516
81516
81513
81512
81511
81510
81510
81509
81508
81508
81505
81505
81505
81503
81502
81502
81501
81499
81493
81492
81491
81489
81489
81488
81487
81487
81486
81485
81485
81485
81485
81482
81481
81477
81475
81475
81472
81470
81470
81467
81466
81465
81465
81464
81462
81462
81458
81458
81457
81456
81456
81454
81452
81451
81450
81449
81449
81448
81447
81447
81446
81444
81444
81444
81443
81441
81440
81437
81436
81435
81434
81434
81431
81428
81428
81428
81427
81426
81425
81425
81424
81424
81423
81422
81422
81421
81421
81418
81418
81418
81417
81416
81415
81414
81414
81414
81410
81409
81408
81407
81407
81407
81407
81405
81403
81402
81402
81402
81402
81401
81401
81401
81400
81400
81399
81398
81395
81394
81393
81392
81392
81391
81389
81389
81389
81387
81386
81385
81379
81379
81376
81371
81371
81370
81369
81368
81368
81365
81364
81363
81362
81362
81361
81358
81357
81356
81356
81354
81353
81348
81348
81348
81341
81340
81337
81336
81334
81332
81331
81331
81331
81331
81331
81329
81329
81329
81328
81328
81328
81328
81327
81327
81327
81327
81326
81324
81323
81323
81323
81322
81321
81320
81320
81318
81317
81316
81316
81316
81314
81314
81313
81312
81312
81312
81311
81310
81307
81307
81303
81302
81302
81302
81301
81298
81296
81296
81294
81289
81289
81288
81288
81287
81287
81287
81287
81287
81286
81285
81283
81283
81282
81281
81280
81279
81278
81278
81277
81277
81277
81275
81273
81271
81270
81270
81268
81267
81266
81265
81264
81263
81263
81262
81261
81260
81259
81258
81258
81258
81257
81257
81257
81254
81252
81251
81251
81250
81250
81249
81249
81249
81249
81249
81248
81248
81246
81245
81245
81245
81244
81242
81241
81241
81240
81238
81237
81236
81234
81233
81230
81229
81229
81228
81227
81225
81224
81224
81224
81223
81221
81220
81220
81219
81218
81217
81217
81216
81210
81210
81209
81208
81207
81207
81206
81205
81205
81205
81204
81201
81200
81200
81198
81197
81197
81197
81197
81193
81192
81190
81189
81189
81188
81188
81187
81186
81186
81183
81183
81182
81181
81181
81179
81177
81176
81175
81174
81174
81172
81172
81170
81170
81167
81165
81165
81163
81161
81159
81159
81159
81159
81157
81156
81151
81151
81151
81150
81150
81149
81148
81146
81146
81145
81145
81142
81142
81141
81141
81141
81141
81141
81140
81140
81139
81139
81137
81135
81135
81134
81134
81131
81128
81128
81127
81126
81124
81123
81123
81122
81121
81121
81118
81117
81117
81117
81116
81115
81115
81109
81109
81109
81108
81106
81102
81102
81102
81101
81101
81099
81099
81098
81098
81097
81097
81097
81097
81097
81095
81094
81092
81089
81089
81087
81082
81082
81081
81079
81079
81079
81078
81078
81077
81076
81075
81075
81075
81074
81073
81073
81069
81069
81064
81064
81064
81063
81063
81062
81061
81061
81060
81059
81057
81056
81056
81055
81055
81054
81054
81053
81051
81048
81048
81047
81045
81044
81044
81040
81039
81038
81037
81037
81036
81036
81034
81031
81030
81030
81028
81028
81027
81026
81025
81024
81022
81021
81021
81020
81019
81018
81016
81015
81014
81013
81012
81011
81010
81007
81007
81006
81005
81005
81005
81005
81004
81003
81003
80996
80996
80995
80995
80995
80992
80991
80991
80990
80990
80989
80987
80987
80987
80986
80986
80985
80985
80984
80984
80984
80984
80984
80981
80981
80980
80979
80979
80978
80977
80977
80976
80976
80975
80975
80974
80974
80974
80973
80971
80970
80970
80969
80969
80969
80968
80967
80966
80966
80963
80963
80962
80962
80961
80961
80960
80959
80959
80957
80955
80954
80950
80949
80949
80948
80948
80948
80948
80948
80947
80942
80940
80939
80939
80937
80937
80933
80931
80930
80930
80929
80929
80928
80927
80927
80927
80926
80926
80925
80925
80924
80923
80923
80920
80918
80917
80916
80916
80915
80914
80913
80912
80912
80911
80911
80910
80910
80910
80907
80904
80903
80898
80896
80896
80895
80893
80893
80893
80892
80890
80888
80886
80886
80884
80884
80882
80880
80880
80879
80879
80878
80878
80877
80877
80875
80872
80870
80869
80869
80866
80865
80865
80864
80860
80860
80856
80855
80854
80854
80851
80850
80850
80849
80845
80845
80845
80843
80843
80841
80841
80840
80840
80835
80835
80835
80833
80831
80831
80830
80829
80828
80827
80825
80824
80824
80824
80824
80822
80822
80821
80821
80820
80820
80819
80819
80817
80816
80813
80812
80812
80810
80809
80808
80807
80807
80806
80806
80804
80801
80800
80800
80799
80799
80798
80798
80798
80796
80794
80793
80792
80791
80789
80787
80785
80784
80783
80781
80780
80779
80779
80779
80776
80776
80776
80776
80774
80772
80771
80770
80770
80769
80767
80767
80766
80765
80765
80764
80764
80763
80762
80759
80759
80758
80757
80757
80757
80754
80753
80753
80752
80751
80749
80748
80748
80747
80747
80747
80747
80745
80744
80744
80742
80742
80741
80740
80739
80737
80737
80736
80736
80734
80732
80732
80732
80731
80731
80731
80730
80729
80728
80728
80728
80727
80727
80727
80727
80725
80724
80722
80721
80721
80721
80720
80719
80717
80715
80715
80712
80711
80711
80707
80707
80707
80707
80703
80700
80700
80700
80697
80697
80695
80694
80693
80692
80691
80691
80691
80686
80684
80682
80682
80681
80680
80678
80678
80677
80676
80675
80674
80673
80671
80670
80670
80670
80668
80667
80665
80664
80663
80663
80660
80660
80659
80659
80657
80657
80656
80654
80652
80652
80652
80651
80650
80649
80649
80647
80647
80646
80645
80645
80645
80643
80642
80642
80641
80641
80641
80640
80640
80638
80638
80634
80634
80634
80631
80631
80628
80627
80627
80627
80626
80624
80623
80622
80622
80621
80620
80620
80615
80615
80615
80611
80611
80609
80608
80608
80606
80603
80603
80602
80600
80597
80594
80593
80593
80589
80589
80589
80588
80585
80584
80583
80583
80583
80583
80579
80578
80578
80577
80576
80575
80574
80574
80573
80572
80571
80571
80570
80569
80567
80565
80564
80562
80560
80560
80560
80560
80558
80558
80557
80557
80556
80552
80550
80549
80548
80547
80546
80546
80546
80545
80543
80541
80540
80538
80537
80537
80537
80536
80535
80534
80533
80533
80530
80524
80524
80522
80522
80518
80518
80517
80516
80515
80511
80511
80510
80509
80508
80508
80508
80507
80507
80507
80506
80505
80504
80503
80502
80501
80501
80500
80500
80499
80497
80497
80496
80495
80495
80494
80493
80493
80492
80490
80489
80486
80485
80484
80483
80480
80476
80475
80474
80474
80473
80473
80471
80471
80471
80470
80469
80467
80467
80464
80463
80462
80461
80459
80458
80455
80454
80454
80454
80453
80452
80451
80451
80451
80451
80451
80450
80450
80449
80448
80448
80447
80446
80445
80444
80444
80442
80442
80442
80441
80440
80440
80439
80438
80438
80435
80434
80433
80432
80431
80430
80428
80427
80425
80424
80423
80421
80421
80420
80420
80419
80419
80418
80418
80417
80417
80416
80416
80416
80414
80413
80413
80411
80410
80410
80410
80410
80407
80404
80404
80404
80399
80399
80398
80397
80397
80397
80396
80396
80396
80396
80396
80396
80395
80391
80391
80391
80391
80389
80386
80383
80381
80378
80378
80377
80376
80375
80375
80374
80373
80372
80369
80367
80362
80360
80360
80360
80359
80356
80351
80349
80348
80346
80346
80345
80345
80343
80342
80340
80338
80337
80336
80335
80335
80332
80328
80327
80326
80321
80321
80321
80319
80318
80317
80316
80315
80315
80314
80313
80313
80313
80312
80311
80310
80309
80309
80308
80308
80308
80307
80307
80305
80304
80303
80303
80301
80301
80300
80300
80300
80300
80296
80296
80296
80292
80289
80289
80289
80289
80288
80288
80287
80287
80286
80286
80285
80283
80283
80282
80281
80281
80280
80279
80277
80275
80272
80272
80271
80270
80268
80267
80267
80266
80266
80266
80264
80264
80263
80263
80262
80262
80261
80261
80261
80260
80259
80258
80257
80257
80256
80256
80255
80254
80254
80253
80253
80249
80248
80248
80247
80247
80247
80247
80247
80247
80245
80245
80243
80243
80242
80240
80240
80239
80238
80238
80235
80234
80234
80233
80233
80231
80230
80230
80228
80227
80226
80224
80224
80223
80219
80219
80218
80217
80216
80214
80214
80213
80212
80207
80207
80205
80204
80204
80204
80202
80201
80201
80200
80200
80199
80198
80198
80197
80197
80197
80196
80196
80195
80194
80193
80193
80192
80192
80191
80189
80188
80188
80182
80181
80181
80179
80179
80178
80175
80174
80172
80171
80171
80171
80171
80168
80168
80168
80166
80165
80164
80163
80163
80162
80161
80161
80160
80160
80160
80158
80157
80157
80156
80156
80153
80152
80151
80151
80150
80149
80149
80148
80145
80143
80137
80134
80134
80134
80134
80130
80130
80129
80129
80128
80127
80125
80125
80125
80124
80122
80122
80120
80118
80115
80112
80111
80110
80108
80106
80106
80104
80103
80103
80102
80100
80100
80100
80100
80097
80097
80096
80095
80095
80094
80094
80094
80093
80092
80091
80090
80090
80088
80088
80087
80086
80086
80083
80083
80082
80081
80081
80080
80080
80078
80077
80077
80074
80073
80069
80068
80066
80064
80064
80063
80062
80062
80061
80060
80060
80059
80058
80058
80058
80057
80057
80056
80053
80053
80053
80052
80051
80051
80048
80047
80046
80045
80043
80043
80038
80038
80036
80032
80032
80031
80030
80029
80029
80028
80028
80028
80024
80024
80023
80021
80021
80020
80019
80019
80018
80017
80016
80015
80013
80012
80011
80011
80009
80008
80008
80007
80004
80002
80000
80000
79999
79999
79998
79998
79997
79997
79995
79994
79994
79994
79993
79992
79990
79989
79989
79989
79989
79989
79988
79988
79987
79984
79983
79982
79977
79975
79974
79974
79973
79971
79970
79970
79970
79970
79969
79966
79965
79965
79965
79963
79963
79963
79962
79960
79959
79958
79958
79958
79958
79957
79957
79956
79955
79953
79953
79952
79952
79951
79950
79950
79950
79950
79949
79948
79948
79947
79946
79945
79945
79944
79941
79940
79939
79939
79938
79937
79937
79934
79934
79933
79933
79933
79932
79932
79932
79931
79927
79927
79926
79924
79922
79922
79920
79920
79920
79919
79918
79917
79917
79915
79914
79912
79912
79909
79909
79908
79907
79907
79907
79906
79905
79900
79900
79900
79896
79895
79893
79892
79892
79890
79890
79889
79889
79887
79886
79885
79884
79883
79882
79879
79879
79879
79879
79877
79876
79876
79874
79872
79871
79870
79870
79869
79868
79864
79864
79863
79863
79862
79862
79860
79860
79860
79860
79858
79857
79854
79852
79852
79851
79849
79848
79847
79845
79843
79842
79840
79839
79838
79836
79836
79835
79835
79834
79832
79832
79831
79830
79830
79829
79827
79826
79823
79823
79821
79820
79820
79818
79818
79818
79818
79817
79816
79816
79815
79812
79811
79810
79810
79809
79809
79808
79808
79807
79806
79806
79806
79804
79804
79804
79804
79802
79800
79800
79799
79798
79795
79794
79794
79793
79792
79792
79791
79790
79789
79788
79787
79787
79786
79785
79784
79784
79782
79782
79782
79782
79782
79781
79780
79779
79778
79778
79777
79776
79774
79772
79770
79769
79767
79765
79765
79762
79762
79762
79761
79759
79758
79758
79756
79756
79752
79751
79751
79751
79749
79747
79747
79747
79742
79742
79741
79739
79738
79738
79738
79737
79737
79734
79734
79734
79730
79730
79727
79726
79726
79724
79724
79723
79718
79717
79717
79716
79715
79711
79711
79711
79710
79709
79708
79708
79707
79706
79706
79702
79702
79701
79701
79697
79697
79696
79695
79695
79690
79690
79689
79689
79688
79684
79684
79681
79680
79680
79679
79678
79678
79678
79677
79677
79676
79673
79672
79671
79671
79671
79669
79669
79667
79667
79666
79664
79664
79662
79662
79661
79660
79660
79658
79657
79657
79657
79657
79656
79656
79655
79654
79651
79651
79646
79645
79644
79643
79643
79642
79642
79641
79638
79638
79638
79636
79635
79634
79634
79634
79633
79633
79630
79629
79629
79626
79625
79625
79623
79621
79621
79618
79616
79616
79611
79611
79610
79610
79609
79609
79608
79608
79608
79605
79605
79602
79602
79600
79598
79597
79594
79593
79593
79592
79588
79587
79585
79584
79582
79582
79580
79579
79578
79576
79576
79575
79574
79573
79572
79571
79570
79570
79570
79568
79568
79567
79567
79566
79565
79564
79563
79561
79561
79559
79558
79558
79557
79556
79556
79556
79554
79554
79554
79552
79551
79551
79550
79549
79548
79547
79546
79546
79544
79544
79544
79540
79540
79539
79536
79535
79535
79534
79533
79533
79533
79529
79529
79528
79527
79527
79524
79520
79518
79516
79516
79514
79513
79513
79511
79510
79510
79509
79508
79508
79508
79505
79503
79502
79502
79500
79500
79499
79496
79495
79495
79495
79493
79492
79491
79490
79490
79489
79487
79487
79487
79486
79484
79484
79481
79481
79480
79479
79477
79476
79475
79474
79470
79468
79468
79466
79463
79463
79463
79462
79462
79461
79461
79459
79459
79455
79455
79454
79453
79453
79453
79451
79451
79451
79451
79450
79449
79448
79448
79448
79448
79447
79447
79447
79446
79446
79445
79445
79444
79443
79441
79440
79439
79439
79438
79438
79435
79435
79434
79434
79432
79432
79432
79431
79430
79429
79428
79427
79427
79427
79427
79426
79425
79424
79420
79414
79414
79414
79411
79410
79409
79408
79407
79401
79401
79401
79400
79400
79399
79396
79395
79395
79394
79393
79393
79392
79391
79391
79390
79389
79388
79380
79377
79377
79376
79374
79374
79373
79372
79367
79366
79366
79366
79365
79363
79363
79363
79361
79361
79360
79359
79358
79357
79355
79353
79353
79351
79350
79350
79349
79348
79348
79346
79345
79345
79344
79344
79342
79342
79341
79340
79339
79339
79339
79338
79338
79336
79335
79332
79332
79331
79330
79329
79325
79325
79321
79320
79320
79319
79319
79315
79314
79311
79310
79310
79309
79307
79305
79304
79301
79300
79298
79297
79297
79297
79297
79296
79296
79294
79294
79290
79289
79287
79287
79286
79286
79285
79285
79284
79284
79283
79281
79280
79279
79279
79279
79278
79278
79277
79276
79275
79273
79272
79270
79270
79266
79266
79265
79264
79262
79262
79262
79260
79258
79256
79256
79254
79254
79252
79252
79251
79250
79250
79249
79248
79247
79246
79245
79243
79242
79241
79240
79240
79239
79238
79238
79237
79237
79230
79230
79228
79228
79227
79226
79226
79226
79226
79226
79225
79224
79224
79223
79223
79222
79220
79220
79220
79218
79217
79217
79217
79215
79215
79215
79214
79212
79211
79210
79209
79209
79208
79208
79206
79203
79203
79202
79202
79201
79200
79200
79199
79199
79199
79198
79197
79196
79195
79194
79194
79193
79192
79191
79191
79191
79190
79190
79188
79188
79187
79187
79186
79186
79185
79184
79184
79184
79184
79183
79182
79181
79180
79179
79179
79173
79169
79168
79168
79167
79166
79164
79163
79162
79161
79161
79159
79158
79158
79156
79156
79155
79154
79153
79151
79150
79150
79150
79149
79148
79147
79145
79144
79144
79141
79141
79140
79140
79140
79140
79139
79139
79138
79138
79136
79133
79131
79130
79130
79129
79128
79128
79127
79122
79119
79117
79116
79116
79115
79115
79115
79115
79115
79114
79114
79112
79109
79108
79108
79108
79105
79105
79104
79104
79104
79101
79101
79100
79099
79099
79099
79098
79097
79097
79096
79095
79095
79091
79089
79088
79086
79084
79084
79084
79084
79083
79082
79078
79078
79078
79077
79076
79073
79072
79072
79070
79069
79068
79068
79065
79064
79062
79060
79058
79056
79056
79056
79055
79055
79055
79053
79052
79052
79051
79050
79048
79047
79045
79045
79044
79044
79042
79041
79041
79041
79041
79039
79037
79035
79035
79034
79034
79029
79029
79026
79025
79025
79025
79025
79025
79024
79024
79023
79022
79021
79020
79019
79019
79017
79016
79016
79014
79012
79010
79010
79010
79009
79008
79008
79008
79005
79004
79004
79004
79002
79002
79002
78999
78999
78998
78997
78997
78990
78988
78988
78987
78987
78986
78984
78984
78983
78982
78981
78981
78981
78981
78980
78980
78979
78978
78978
78976
78976
78975
78975
78973
78972
78972
78972
78969
78968
78965
78961
78960
78957
78957
78957
78957
78954
78953
78952
78951
78951
78950
78949
78949
78948
78947
78946
78946
78945
78945
78943
78942
78940
78940
78939
78939
78937
78936
78935
78934
78933
78932
78932
78932
78932
78931
78930
78930
78929
78928
78927
78925
78925
78924
78924
78923
78922
78922
78921
78921
78921
78919
78919
78918
78917
78917
78916
78916
78914
78913
78913
78913
78913
78910
78910
78909
78908
78905
78904
78903
78902
78900
78898
78897
78894
78893
78891
78891
78890
78890
78889
78888
78888
78887
78887
78884
78884
78883
78881
78881
78880
78880
78880
78880
78879
78878
78877
78876
78874
78871
78871
78870
78868
78866
78860
78860
78859
78859
78859
78854
78852
78851
78849
78847
78847
78844
78844
78843
78843
78842
78840
78839
78838
78836
78835
78835
78834
78834
78834
78834
78832
78829
78829
78828
78828
78828
78827
78825
78824
78824
78823
78823
78823
78822
78821
78819
78817
78817
78817
78815
78814
78813
78812
78811
78811
78810
78807
78807
78806
78803
78803
78801
78801
78801
78801
78800
78800
78799
78798
78798
78796
78796
78795
78794
78794
78793
78793
78790
78788
78787
78787
78786
78785
78777
78776
78775
78775
78775
78773
78772
78771
78770
78770
78769
78768
78766
78766
78765
78765
78765
78764
78763
78763
78763
78762
78758
78756
78756
78756
78756
78752
78751
78749
78749
78748
78747
78744
78744
78744
78743
78743
78743
78741
78740
78739
78738
78738
78735
78734
78732
78731
78730
78730
78728
78725
78720
78720
78719
78717
78717
78717
78716
78716
78716
78715
78715
78714
78713
78711
78709
78709
78709
78709
78709
78707
78706
78705
78702
78701
78701
78700
78700
78699
78699
78699
78698
78696
78696
78695
78694
78694
78693
78693
78693
78691
78691
78690
78686
78686
78686
78684
78684
78680
78680
78680
78677
78676
78676
78673
78673
78673
78673
78672
78672
78672
78671
78670
78670
78670
78669
78665
78665
78665
78665
78664
78663
78663
78662
78662
78662
78662
78662
78660
78660
78660
78660
78660
78658
78657
78655
78653
78651
78649
78647
78646
78645
78644
78643
78643
78642
78642
78641
78639
78637
78634
78633
78633
78630
78626
78626
78625
78624
78624
78623
78622
78619
78619
78618
78617
78617
78613
78613
78611
78609
78608
78606
78604
78603
78601
78600
78600
78599
78599
78599
78597
78597
78597
78597
78595
78593
78591
78589
78587
78585
78585
78585
78584
78583
78582
78582
78579
78579
78578
78577
78576
78575
78574
78574
78574
78572
78572
78571
78571
78569
78569
78567
78567
78567
78566
78566
78565
78565
78563
78563
78562
78562
78560
78557
78556
78553
78553
78553
78553
78552
78551
78551
78550
78548
78547
78546
78546
78543
78543
78542
78538
78538
78538
78537
78535
78535
78534
78533
78533
78532
78531
78531
78530
78530
78528
78527
78526
78525
78520
78518
78517
78514
78512
78510
78509
78507
78502
78500
78499
78497
78496
78495
78493
78493
78492
78491
78491
78491
78490
78489
78488
78486
78486
78484
78484
78483
78483
78483
78482
78480
78480
78477
78477
78476
78475
78475
78474
78474
78474
78473
78471
78471
78469
78468
78468
78467
78466
78464
78463
78463
78462
78462
78461
78460
78459
78456
78456
78453
78449
78446
78446
78444
78442
78442
78440
78439
78439
78438
78438
78436
78436
78435
78433
78432
78431
78430
78430
78429
78429
78428
78428
78428
78428
78428
78427
78426
78425
78423
78422
78422
78420
78420
78419
78419
78416
78416
78416
78416
78415
78414
78412
78412
78410
78410
78409
78408
78408
78407
78406
78406
78401
78400
78399
78399
78399
78396
78394
78393
78391
78391
78390
78390
78387
78385
78385
78384
78381
78381
78380
78379
78378
78378
78376
78375
78374
78372
78372
78372
78372
78371
78371
78370
78369
78368
78367
78366
78364
78364
78364
78363
78360
78359
78358
78358
78357
78356
78356
78355
78354
78354
78352
78352
78351
78348
78348
78348
78347
78347
78347
78346
78341
78340
78337
78336
78336
78334
78333
78330
78328
78326
78325
78325
78325
78324
78324
78324
78323
78320
78318
78315
78314
78314
78313
78312
78312
78311
78309
78309
78309
78308
78308
78307
78305
78304
78303
78303
78303
78302
78300
78298
78296
78294
78292
78291
78291
78288
78288
78287
78287
78284
78283
78281
78281
78280
78279
78279
78278
78277
78277
78274
78274
78272
78272
78272
78272
78271
78270
78270
78270
78269
78269
78269
78268
78268
78268
78267
78267
78266
78264
78263
78262
78262
78262
78261
78260
78260
78259
78259
78258
78256
78255
78254
78254
78253
78253
78253
78252
78251
78250
78250
78249
78248
78248
78245
78241
78241
78241
78239
78239
78238
78234
78230
78228
78228
78228
78228
78224
78223
78223
78223
78222
78217
78216
78215
78215
78211
78211
78210
78210
78209
78208
78205
78205
78204
78204
78204
78203
78202
78200
78198
78197
78197
78197
78196
78196
78195
78194
78194
78194
78193
78190
78190
78188
78188
78188
78185
78182
78179
78179
78178
78176
78175
78175
78174
78170
78169
78169
78167
78165
78165
78165
78165
78163
78161
78160
78159
78159
78159
78159
78158
78158
78157
78155
78154
78153
78152
78151
78150
78149
78149
78145
78144
78144
78143
78143
78143
78140
78139
78138
78137
78136
78135
78135
78131
78131
78131
78131
78131
78131
78130
78130
78130
78128
78128
78127
78127
78125
78124
78121
78119
78119
78118
78118
78117
78116
78116
78114
78113
78112
78110
78110
78109
78108
78103
78103
78102
78101
78099
78099
78099
78099
78097
78096
78095
78094
78093
78093
78092
78089
78089
78089
78088
78088
78081
78081
78080
78080
78080
78075
78074
78073
78072
78072
78072
78072
78072
78069
78068
78067
78065
78065
78064
78063
78060
78060
78060
78058
78057
78057
78057
78056
78056
78055
78053
78052
78052
78051
78051
78049
78049
78049
78048
78048
78048
78045
78044
78044
78042
78042
78040
78040
78039
78037
78037
78036
78036
78035
78034
78033
78033
78032
78029
78024
78023
78023
78022
78022
78022
78021
78021
78020
78019
78018
78016
78015
78015
78014
78014
78014
78012
78012
78010
78003
78001
78001
78000
77999
77998
77998
77995
77995
77995
77995
77995
77994
77993
77993
77993
77993
77992
77991
77990
77990
77988
77986
77985
77984
77984
77982
77980
77979
77978
77977
77976
77975
77972
77971
77968
77964
77962
77962
77961
77961
77960
77960
77959
77958
77957
77956
77955
77954
77953
77953
77952
77946
77945
77945
77944
77942
77940
77939
77936
77933
77933
77930
77930
77930
77928
77927
77924
77924
77922
77921
77919
77918
77917
77917
77917
77916
77916
77915
77915
77913
77912
77911
77910
77907
77907
77906
77904
77903
77901
77901
77900
77899
77892
77892
77892
77891
77890
77890
77889
77889
77889
77888
77888
77887
77887
77887
77886
77882
77881
77881
77881
77880
77879
77878
77878
77878
77875
77875
77874
77873
77873
77872
77869
77869
77867
77865
77865
77864
77861
77861
77859
77857
77852
77850
77850
77848
77848
77848
77847
77846
77846
77840
77840
77839
77839
77839
77839
77839
77837
77837
77836
77836
77835
77832
77830
77829
77829
77828
77827
77827
77826
77826
77825
77823
77822
77822
77821
77821
77820
77820
77820
77819
77819
77818
77817
77816
77813
77813
77811
77811
77810
77810
77808
77807
77807
77807
77807
77807
77804
77804
77803
77803
77802
77801
77801
77799
77799
77799
77798
77797
77797
77797
77796
77791
77790
77789
77786
77785
77784
77783
77782
77782
77781
77781
77781
77781
77779
77778
77778
77777
77776
77774
77774
77773
77772
77769
77769
77768
77767
77765
77765
77765
77764
77764
77763
77763
77762
77762
77758
77758
77756
77755
77755
77755
77755
77751
77751
77750
77743
77743
77741
77740
77739
77737
77737
77736
77735
77735
77733
77730
77730
77730
77730
77729
77728
77728
77727
77726
77725
77725
77725
77725
77725
77724
77723
77723
77721
77721
77720
77719
77717
77717
77716
77715
77714
77714
77713
77711
77710
77710
77708
77708
77707
77707
77707
77706
77704
77703
77703
77703
77702
77699
77699
77698
77698
77695
77694
77694
77694
77692
77688
77686
77685
77683
77682
77682
77681
77681
77681
77680
77680
77679
77679
77677
77676
77676
77674
77672
77670
77670
77670
77669
77668
77668
77667
77666
77663
77662
77661
77659
77659
77658
77656
77655
77655
77652
77651
77651
77650
77648
77648
77646
77646
77646
77642
77640
77640
77638
77637
77636
77635
77633
77629
77629
77628
77627
77627
77626
77625
77625
77625
77623
77622
77622
77621
77621
77618
77617
77617
77615
77615
77613
77613
77612
77612
77612
77611
77610
77610
77609
77609
77608
77608
77607
77607
77607
77606
77606
77604
77603
77603
77601
77600
77600
77599
77599
77596
77595
77591
77587
77587
77587
77587
77587
77584
77583
77583
77582
77581
77581
77580
77580
77579
77577
77576
77576
77572
77572
77571
77570
77569
77569
77568
77568
77568
77568
77567
77567
77567
77564
77564
77563
77563
77563
77562
77561
77561
77558
77556
77556
77555
77554
77554
77553
77553
77552
77549
77549
77549
77548
77548
77548
77547
77547
77546
77546
77540
77539
77538
77536
77535
77535
77534
77533
77533
77533
77532
77531
77530
77529
77529
77527
77523
77522
77522
77521
77516
77515
77514
77512
77510
77509
77508
77508
77505
77505
77505
77503
77503
77502
77502
77501
77498
77498
77497
77495
77492
77492
77490
77490
77490
77489
77488
77488
77488
77486
77486
77485
77485
77485
77484
77483
77482
77481
77481
77479
77478
77478
77476
77476
77476
77475
77475
77475
77474
77472
77472
77471
77471
77470
77469
77469
77468
77467
77467
77466
77465
77464
77463
77463
77462
77461
77460
77459
77459
77459
77457
77456
77455
77454
77453
77453
77452
77451
77448
77446
77446
77445
77440
77440
77434
77433
77432
77431
77430
77428
77426
77424
77422
77421
77420
77418
77417
77417
77416
77416
77414
77413
77411
77409
77407
77407
77405
77401
77400
77399
77398
77397
77396
77395
77393
77393
77393
77392
77392
77392
77391
77390
77387
77385
77384
77383
77383
77381
77379
77377
77377
77377
77376
77374
77373
77371
77370
77370
77369
77369
77369
77369
77368
77367
77365
77365
77365
77363
77363
77362
77362
77359
77358
77358
77358
77357
77356
77355
77355
77354
77354
77353
77352
77351
77351
77351
77350
77349
77347
77346
77345
77343
77341
77341
77340
77340
77338
77338
77335
77333
77332
77332
77330
77329
77323
77322
77322
77320
77317
77316
77314
77313
77312
77312
77309
77309
77308
77308
77307
77304
77304
77304
77302
77302
77302
77302
77301
77299
77299
77291
77291
77290
77290
77290
77289
77287
77285
77284
77283
77282
77281
77281
77281
77279
77278
77278
77278
77277
77277
77277
77276
77276
77274
77274
77274
77273
77272
77272
77271
77269
77269
77268
77268
77267
77264
77264
77264
77262
77262
77261
77260
77259
77259
77257
77256
77255
77253
77251
77250
77248
77248
77247
77244
77244
77244
77243
77242
77242
77242
77242
77242
77241
77240
77237
77237
77235
77235
77234
77234
77232
77229
77228
77223
77223
77223
77220
77219
77218
77218
77216
77214
77212
77212
77210
77207
77207
77207
77205
77203
77203
77199
77199
77199
77197
77197
77197
77195
77195
77192
77192
77192
77191
77189
77188
77188
77187
77186
77186
77186
77183
77182
77182
77182
77181
77180
77179
77178
77176
77175
77175
77174
77174
77172
77169
77166
77164
77164
77164
77162
77161
77161
77158
77158
77157
77155
77153
77153
77153
77153
77151
77149
77149
77147
77147
77146
77145
77145
77145
77140
77140
77139
77138
77135
77134
77132
77131
77129
77128
77127
77127
77127
77126
77126
77125
77125
77123
77122
77122
77122
77120
77119
77118
77118
77117
77116
77116
77115
77115
77113
77110
77110
77110
77108
77106
77105
77102
77099
77099
77098
77097
77095
77094
77094
77094
77094
77091
77091
77090
77089
77088
77085
77085
77085
77083
77082
77082
77081
77081
77080
77076
77076
77075
77075
77074
77071
77071
77070
77070
77069
77067
77067
77067
77066
77065
77064
77064
77063
77063
77062
77062
77061
77059
77059
77059
77058
77058
77057
77056
77055
77055
77055
77053
77052
77052
77051
77049
77048
77048
77046
77045
77043
77042
77040
77039
77038
77036
77036
77036
77035
77034
77034
77034
77033
77029
77028
77028
77028
77026
77025
77025
77022
77020
77017
77016
77016
77016
77015
77010
77009
77009
77009
77008
77004
77003
77002
77002
77001
77001
76998
76996
76995
76993
76991
76990
76990
76989
76988
76988
76987
76987
76986
76984
76984
76982
76980
76979
76979
76978
76977
76975
76974
76974
76974
76973
76972
76971
76971
76970
76967
76967
76967
76966
76966
76964
76963
76962
76961
76960
76960
76960
76959
76958
76957
76957
76956
76955
76955
76953
76953
76952
76951
76949
76948
76947
76947
76947
76945
76945
76944
76943
76943
76942
76942
76941
76939
76939
76939
76938
76938
76935
76935
76934
76934
76933
76933
76933
76933
76932
76931
76931
76930
76930
76929
76929
76928
76927
76927
76927
76925
76923
76922
76922
76921
76918
76917
76917
76917
76916
76916
76915
76914
76912
76912
76911
76910
76910
76908
76907
76907
76904
76902
76900
76900
76899
76898
76897
76895
76895
76894
76894
76894
76892
76892
76892
76892
76890
76886
76883
76883
76882
76881
76880
76880
76880
76880
76880
76879
76876
76873
76871
76869
76868
76866
76864
76864
76864
76863
76862
76858
76856
76856
76855
76853
76853
76853
76851
76851
76850
76848
76848
76845
76845
76845
76843
76843
76843
76840
76840
76835
76834
76833
76831
76830
76829
76828
76826
76824
76823
76823
76822
76821
76821
76820
76820
76820
76819
76818
76818
76817
76816
76816
76815
76814
76812
76811
76810
76810
76807
76806
76803
76802
76802
76801
76800
76800
76799
76799
76798
76797
76797
76797
76797
76797
76795
76795
76795
76793
76792
76792
76791
76791
76791
76788
76786
76785
76785
76784
76783
76782
76782
76782
76781
76780
76779
76777
76776
76776
76775
76774
76773
76773
76771
76771
76769
76768
76768
76768
76767
76766
76762
76762
76762
76761
76761
76760
76759
76757
76756
76755
76753
76753
76752
76752
76752
76750
76750
76749
76749
76749
76749
76747
76742
76742
76741
76740
76740
76739
76739
76738
76738
76735
76734
76734
76733
76733
76733
76732
76731
76730
76729
76728
76727
76723
76722
76722
76722
76717
76717
76707
76704
76703
76701
76700
76698
76696
76696
76695
76695
76695
76694
76693
76690
76690
76689
76687
76687
76687
76686
76685
76685
76685
76682
76680
76679
76678
76676
76675
76674
76671
76671
76670
76670
76670
76670
76669
76668
76668
76668
76666
76665
76664
76664
76663
76662
76660
76657
76656
76656
76656
76656
76650
76649
76647
76647
76645
76644
76642
76642
76640
76640
76638
76638
76637
76637
76636
76636
76634
76631
76631
76630
76627
76625
76624
76624
76624
76620
76620
76617
76616
76614
76613
76613
76613
76612
76611
76611
76611
76610
76609
76609
76608
76608
76608
76607
76607
76606
76604
76602
76602
76601
76601
76600
76600
76599
76599
76598
76598
76597
76596
76593
76593
76593
76593
76592
76591
76589
76589
76589
76586
76585
76585
76585
76584
76583
76582
76578
76578
76577
76575
76574
76573
76573
76572
76572
76571
76571
76571
76570
76570
76569
76569
76567
76566
76566
76560
76559
76556
76555
76555
76554
76553
76553
76553
76551
76548
76547
76547
76546
76546
76540
76540
76540
76539
76539
76537
76535
76534
76534
76534
76533
76531
76530
76528
76527
76526
76525
76523
76521
76520
76519
76518
76517
76515
76515
76513
76513
76513
76513
76512
76511
76511
76510
76509
76508
76508
76507
76504
76503
76502
76500
76500
76498
76498
76496
76495
76495
76494
76493
76493
76492
76490
76486
76485
76482
76482
76479
76478
76478
76477
76473
76472
76470
76470
76469
76468
76467
76466
76465
76465
76464
76464
76458
76457
76455
76455
76455
76455
76455
76454
76450
76449
76447
76443
76442
76439
76439
76437
76437
76435
76434
76434
76431
76430
76430
76427
76427
76424
76423
76423
76423
76422
76422
76421
76419
76418
76418
76418
76416
76416
76415
76415
76414
76413
76411
76410
76407
76406
76406
76405
76404
76404
76403
76403
76402
76400
76399
76399
76397
76396
76393
76393
76393
76393
76392
76390
76390
76390
76389
76387
76386
76384
76382
76382
76381
76380
76378
76377
76376
76376
76374
76374
76373
76373
76372
76371
76371
76370
76369
76369
76368
76367
76366
76365
76365
76364
76364
76364
76362
76361
76360
76360
76359
76356
76356
76355
76355
76355
76353
76353
76352
76350
76350
76350
76348
76348
76347
76347
76344
76343
76342
76342
76341
76338
76338
76335
76335
76335
76334
76332
76332
76332
76331
76330
76330
76327
76327
76326
76325
76323
76323
76323
76322
76321
76317
76315
76312
76311
76311
76308
76308
76307
76305
76305
76303
76301
76300
76298
76297
76296
76295
76294
76294
76294
76292
76290
76287
76286
76284
76284
76283
76282
76282
76281
76281
76280
76277
76277
76277
76276
76275
76275
76275
76273
76273
76272
76271
76268
76268
76266
76265
76265
76265
76264
76264
76263
76262
76261
76260
76259
76258
76258
76257
76257
76257
76257
76257
76256
76256
76256
76256
76256
76254
76254
76254
76253
76253
76251
76247
76247
76247
76247
76247
76247
76246
76245
76245
76244
76244
76244
76242
76238
76237
76235
76234
76233
76232
76231
76229
76229
76228
76227
76226
76223
76223
76223
76223
76223
76223
76222
76221
76221
76219
76217
76217
76216
76214
76214
76212
76212
76211
76211
76211
76207
76207
76207
76202
76201
76201
76199
76198
76195
76191
76189
76189
76186
76186
76184
76182
76180
76178
76177
76177
76177
76176
76176
76175
76175
76174
76174
76168
76168
76167
76166
76164
76164
76164
76163
76160
76159
76158
76158
76157
76157
76157
76156
76155
76155
76154
76150
76150
76149
76147
76147
76145
76144
76142
76141
76141
76140
76139
76138
76135
76135
76132
76131
76130
76130
76129
76128
76128
76127
76127
76126
76126
76126
76125
76125
76124
76124
76122
76121
76120
76119
76118
76116
76114
76114
76112
76109
76107
76107
76107
76106
76104
76103
76101
76101
76100
76100
76099
76098
76097
76095
76094
76092
76089
76087
76087
76087
76087
76082
76081
76079
76077
76077
76077
76076
76076
76073
76071
76070
76070
76070
76070
76069
76068
76068
76067
76065
76065
76065
76063
76063
76062
76061
76060
76059
76059
76058
76058
76057
76056
76056
76055
76055
76053
76052
76052
76051
76051
76050
76049
76048
76048
76047
76047
76045
76044
76041
76039
76039
76039
76038
76036
76036
76036
76035
76033
76031
76030
76029
76029
76028
76027
76027
76024
76024
76022
76022
76020
76020
76019
76019
76017
76016
76016
76015
76014
76013
76011
76011
76009
76008
76008
76007
76005
76005
76005
76004
76004
76002
76002
76000
75996
75995
75995
75995
75994
75994
75993
75992
75990
75988
75988
75986
75985
75983
75983
75980
75980
75979
75977
75977
75975
75975
75974
75973
75972
75971
75970
75969
75968
75967
75966
75966
75965
75965
75964
75964
75963
75962
75961
75960
75960
75959
75958
75956
75955
75955
75954
75953
75953
75951
75951
75951
75950
75950
75950
75947
75947
75946
75945
75944
75944
75942
75942
75941
75940
75939
75938
75933
75932
75932
75932
75932
75931
75931
75931
75930
75929
75928
75927
75927
75926
75925
75925
75924
75923
75922
75916
75915
75915
75914
75914
75911
75911
75910
75909
75908
75906
75905
75904
75903
75903
75902
75902
75902
75901
75900
75899
75897
75895
75895
75894
75894
75893
75892
75890
75890
75890
75889
75886
75886
75884
75883
75883
75882
75881
75881
75879
75879
75879
75878
75878
75877
75877
75876
75875
75873
75872
75872
75871
75869
75866
75866
75865
75865
75865
75865
75863
75862
75861
75861
75860
75860
75859
75858
75857
75855
75853
75851
75851
75850
75849
75847
75845
75843
75843
75840
75838
75838
75837
75835
75832
75831
75826
75825
75824
75824
75823
75822
75822
75822
75821
75819
75819
75819
75813
75812
75812
75811
75811
75811
75809
75808
75807
75806
75806
75806
75804
75803
75803
75802
75801
75799
75797
75796
75795
75794
75794
75794
75794
75794
75793
75792
75792
75790
75790
75787
75787
75786
75785
75782
75782
75780
75779
75778
75777
75776
75774
75772
75772
75771
75769
75766
75765
75764
75762
75760
75759
75755
75754
75754
75750
75750
75750
75749
75747
75746
75746
75745
75744
75743
75740
75740
75740
75739
75739
75738
75737
75737
75735
75734
75733
75733
75732
75730
75729
75729
75728
75728
75727
75726
75725
75724
75724
75722
75722
75722
75718
75718
75718
75718
75717
75716
75713
75712
75711
75711
75709
75706
75706
75706
75706
75705
75705
75704
75703
75703
75703
75702
75700
75699
75697
75696
75696
75695
75695
75694
75693
75692
75686
75683
75682
75681
75680
75679
75673
75672
75672
75672
75669
75669
75669
75669
75668
75666
75664
75664
75664
75662
75662
75662
75661
75659
75659
75659
75656
75654
75654
75652
75651
75650
75648
75644
75642
75641
75641
75641
75639
75636
75636
75635
75633
75631
75630
75629
75628
75626
75622
75621
75620
75616
75616
75616
75615
75614
75611
75611
75610
75609
75607
75605
75605
75604
75603
75603
75602
75601
75599
75599
75598
75598
75595
75595
75593
75592
75592
75590
75589
75589
75588
75586
75586
75585
75585
75585
75584
75584
75583
75582
75581
75581
75581
75578
75577
75575
75574
75573
75573
75572
75572
75572
75571
75571
75570
75569
75569
75569
75567
75567
75567
75563
75561
75561
75559
75558
75557
75556
75556
75554
75553
75552
75551
75547
75547
75547
75546
75545
75545
75544
75544
75543
75543
75542
75540
75539
75537
75535
75533
75532
75532
75532
75531
75530
75529
75529
75528
75527
75527
75526
75525
75524
75522
75519
75517
75517
75515
75514
75513
75512
75511
75511
75511
75510
75509
75508
75507
75507
75504
75502
75495
75495
75494
75494
75493
75493
75492
75491
75491
75489
75486
75483
75482
75482
75481
75478
75475
75473
75473
75471
75468
75467
75467
75467
75465
75465
75463
75463
75463
75461
75460
75459
75458
75457
75453
75452
75451
75449
75449
75448
75448
75447
75447
75446
75446
75445
75445
75444
75444
75444
75442
75442
75441
75441
75440
75439
75433
75433
75428
75428
75427
75427
75427
75425
75425
75425
75425
75424
75423
75422
75422
75421
75421
75421
75420
75420
75418
75418
75416
75415
75415
75415
75411
75411
75410
75410
75409
75409
75408
75408
75405
75405
75404
75403
75402
75402
75402
75401
75400
75400
75399
75398
75397
75395
75394
75394
75393
75393
75390
75390
75390
75388
75388
75388
75383
75382
75382
75382
75382
75382
75381
75381
75380
75378
75374
75373
75369
75368
75363
75363
75363
75361
75356
75353
75353
75351
75351
75349
75349
75347
75347
75345
75343
75338
75337
75337
75336
75335
75334
75334
75332
75331
75331
75329
75329
75327
75327
75327
75326
75325
75325
75324
75323
75323
75323
75323
75322
75322
75322
75318
75317
75316
75316
75315
75315
75312
75310
75310
75309
75308
75308
75307
75307
75305
75304
75304
75300
75297
75297
75293
75292
75292
75292
75291
75291
75290
75289
75289
75288
75286
75285
75285
75282
75281
75281
75280
75279
75277
75277
75276
75275
75273
75273
75272
75271
75271
75271
75271
75271
75269
75269
75269
75266
75266
75265
75265
75260
75258
75258
75258
75257
75256
75255
75253
75253
75252
75251
75250
75248
75248
75248
75247
75247
75247
75243
75243
75242
75241
75240
75237
75236
75236
75235
75234
75234
75233
75232
75229
75229
75229
75229
75228
75225
75223
75223
75221
75220
75220
75219
75215
75213
75213
75211
75211
75210
75209
75209
75207
75207
75205
75205
75205
75204
75203
75203
75201
75201
75200
75199
75197
75196
75196
75196
75196
75195
75194
75193
75193
75192
75190
75190
75187
75185
75184
75182
75182
75181
75180
75180
75180
75177
75177
75174
75174
75173
75172
75171
75171
75168
75167
75167
75167
75167
75167
75167
75166
75166
75166
75164
75164
75163
75163
75162
75162
75161
75160
75160
75158
75155
75154
75153
75151
75151
75149
75147
75145
75145
75144
75141
75140
75140
75137
75137
75136
75135
75135
75134
75134
75133
75132
75129
75128
75127
75124
75124
75118
75115
75115
75114
75112
75110
75108
75108
75107
75107
75106
75106
75106
75106
75104
75102
75102
75101
75101
75100
75098
75095
75094
75091
75089
75089
75088
75087
75087
75086
75086
75085
75083
75081
75075
75074
75074
75072
75070
75070
75069
75068
75067
75065
75065
75065
75065
75065
75064
75064
75062
75060
75059
75058
75057
75057
75056
75054
75054
75053
75052
75050
75049
75048
75047
75046
75045
75044
75044
75043
75042
75042
75040
75039
75037
75037
75037
75037
75036
75035
75035
75034
75033
75032
75032
75030
75030
75029
75028
75028
75027
75027
75025
75023
75023
75023
75023
75022
75021
75019
75019
75016
75016
75016
75014
75012
75012
75011
75010
75010
75009
75008
75007
75007
75006
75006
75005
75004
75001
74998
74998
74997
74997
74995
74995
74991
74989
74988
74988
74987
74987
74984
74984
74982
74982
74982
74981
74981
74980
74979
74977
74976
74976
74975
74974
74973
74973
74971
74971
74970
74970
74970
74969
74969
74966
74965
74965
74964
74964
74963
74961
74960
74959
74959
74958
74958
74957
74955
74952
74952
74952
74950
74949
74948
74948
74947
74947
74947
74946
74946
74946
74945
74945
74945
74943
74942
74937
74937
74936
74935
74933
74933
74931
74931
74931
74927
74925
74925
74924
74923
74922
74922
74921
74921
74920
74918
74914
74913
74912
74911
74911
74910
74909
74909
74906
74904
74904
74902
74901
74898
74898
74897
74897
74896
74896
74895
74894
74891
74889
74889
74889
74888
74886
74886
74885
74885
74885
74885
74885
74884
74884
74884
74884
74879
74878
74875
74872
74869
74869
74866
74865
74864
74862
74862
74860
74860
74859
74859
74858
74857
74857
74856
74855
74854
74854
74853
74852
74852
74850
74850
74849
74849
74849
74848
74848
74848
74846
74842
74841
74841
74838
74838
74837
74836
74835
74835
74833
74833
74832
74832
74832
74832
74831
74831
74830
74830
74830
74830
74828
74828
74827
74827
74825
74825
74825
74825
74823
74822
74822
74819
74817
74816
74815
74813
74812
74812
74812
74810
74810
74810
74807
74807
74806
74805
74805
74803
74803
74803
74798
74797
74796
74794
74793
74793
74792
74792
74792
74791
74788
74787
74787
74786
74785
74783
74783
74782
74782
74781
74781
74779
74779
74774
74774
74773
74772
74772
74772
74769
74769
74769
74768
74767
74765
74764
74763
74763
74762
74761
74760
74760
74759
74758
74753
74753
74751
74751
74751
74751
74750
74750
74750
74750
74749
74749
74748
74748
74747
74744
74740
74739
74739
74737
74736
74735
74735
74732
74731
74729
74729
74729
74729
74729
74728
74728
74727
74726
74725
74723
74722
74721
74721
74721
74720
74720
74719
74718
74718
74717
74714
74713
74713
74712
74712
74712
74712
74711
74711
74711
74708
74708
74708
74708
74705
74704
74704
74702
74702
74700
74699
74698
74697
74696
74696
74691
74691
74688
74687
74686
74685
74684
74682
74680
74679
74678
74677
74674
74674
74673
74672
74671
74671
74671
74669
74669
74665
74664
74664
74664
74663
74662
74662
74661
74660
74660
74658
74657
74654
74654
74653
74652
74651
74650
74650
74650
74649
74649
74647
74647
74646
74646
74643
74642
74640
74640
74640
74639
74638
74634
74633
74632
74631
74630
74629
74629
74627
74626
74625
74625
74625
74624
74623
74622
74620
74620
74619
74619
74619
74619
74617
74616
74616
74615
74615
74613
74613
74612
74611
74611
74610
74608
74608
74608
74607
74604
74603
74602
74601
74601
74601
74601
74600
74599
74599
74599
74598
74596
74595
74595
74594
74592
74591
74591
74590
74590
74589
74589
74589
74588
74587
74586
74585
74584
74580
74578
74576
74575
74575
74575
74574
74572
74571
74570
74568
74567
74565
74564
74560
74560
74560
74558
74558
74557
74557
74553
74552
74552
74551
74550
74550
74548
74548
74548
74547
74547
74546
74546
74543
74543
74542
74539
74539
74535
74534
74534
74533
74530
74530
74529
74529
74528
74527
74527
74526
74526
74526
74525
74524
74520
74519
74519
74516
74514
74514
74513
74513
74512
74512
74512
74511
74511
74509
74509
74508
74505
74503
74503
74502
74502
74502
74501
74500
74499
74499
74497
74497
74496
74495
74495
74495
74492
74490
74489
74489
74488
74486
74482
74482
74481
74480
74479
74479
74478
74478
74477
74476
74476
74476
74475
74475
74474
74474
74473
74469
74467
74463
74462
74462
74460
74459
74456
74456
74454
74454
74452
74450
74450
74449
74449
74445
74445
74445
74443
74442
74441
74440
74439
74438
74437
74437
74437
74435
74434
74433
74432
74431
74430
74429
74428
74427
74426
74426
74424
74423
74422
74422
74420
74420
74419
74418
74418
74417
74417
74416
74415
74415
74415
74414
74414
74414
74413
74412
74409
74407
74407
74406
74406
74405
74405
74404
74404
74404
74404
74399
74397
74396
74395
74394
74394
74393
74393
74392
74391
74391
74389
74388
74388
74387
74386
74380
74380
74378
74378
74377
74375
74375
74374
74373
74372
74371
74371
74370
74363
74363
74362
74360
74359
74358
74357
74357
74357
74357
74356
74354
74354
74351
74351
74350
74350
74349
74347
74347
74346
74345
74344
74340
74340
74340
74339
74339
74338
74338
74337
74337
74336
74333
74332
74332
74331
74330
74329
74329
74328
74328
74328
74327
74326
74325
74324
74324
74323
74323
74323
74320
74318
74318
74318
74317
74317
74317
74316
74314
74312
74312
74308
74308
74308
74307
74306
74304
74303
74303
74301
74300
74300
74299
74294
74292
74292
74292
74292
74290
74288
74287
74285
74283
74280
74279
74278
74277
74275
74274
74270
74270
74270
74269
74269
74268
74267
74267
74267
74266
74266
74265
74264
74261
74260
74258
74258
74258
74257
74254
74253
74253
74252
74252
74252
74252
74251
74251
74249
74249
74248
74248
74244
74244
74243
74242
74242
74242
74241
74241
74240
74240
74238
74237
74237
74236
74235
74235
74234
74234
74233
74233
74232
74232
74232
74231
74231
74230
74230
74228
74227
74227
74226
74225
74223
74223
74222
74222
74218
74217
74216
74216
74215
74215
74213
74213
74212
74211
74210
74209
74207
74207
74207
74207
74206
74204
74201
74201
74200
74199
74199
74197
74197
74194
74193
74193
74192
74191
74186
74185
74185
74184
74182
74182
74181
74180
74180
74180
74179
74178
74178
74178
74177
74176
74176
74176
74175
74175
74175
74175
74174
74173
74172
74172
74172
74170
74167
74167
74167
74166
74165
74164
74162
74162
74162
74161
74161
74160
74160
74160
74160
74159
74159
74158
74156
74155
74155
74155
74154
74151
74150
74150
74145
74145
74145
74144
74143
74142
74141
74141
74140
74140
74138
74137
74137
74136
74135
74133
74133
74133
74133
74132
74130
74130
74126
74125
74125
74120
74119
74119
74117
74115
74115
74114
74113
74113
74113
74112
74112
74111
74110
74109
74108
74107
74104
74104
74104
74103
74102
74102
74097
74095
74095
74095
74094
74091
74088
74088
74085
74085
74083
74083
74083
74082
74082
74080
74080
74080
74080
74078
74078
74076
74076
74075
74074
74066
74065
74063
74063
74062
74061
74061
74058
74057
74056
74055
74055
74054
74053
74052
74052
74052
74052
74051
74050
74050
74050
74048
74048
74046
74046
74045
74044
74044
74043
74042
74042
74040
74039
74037
74036
74035
74034
74034
74033
74033
74031
74031
74030
74029
74029
74026
74025
74024
74023
74023
74022
74022
74022
74022
74021
74018
74017
74016
74016
74015
74014
74014
74013
74013
74011
74008
74008
74007
74007
74007
74006
74006
74004
74004
74003
74002
74001
74000
73998
73997
73994
73994
73993
73992
73991
73989
73989
73988
73987
73987
73986
73986
73986
73980
73980
73978
73977
73976
73975
73975
73975
73974
73972
73972
73970
73970
73970
73969
73966
73965
73963
73960
73959
73959
73959
73958
73958
73958
73957
73957
73955
73955
73953
73952
73952
73951
73950
73950
73950
73949
73947
73947
73945
73943
73943
73940
73940
73937
73936
73935
73933
73931
73927
73926
73925
73924
73922
73922
73920
73919
73918
73917
73916
73916
73916
73908
73908
73906
73906
73906
73906
73906
73904
73904
73903
73903
73902
73900
73900
73900
73900
73898
73896
73895
73892
73891
73891
73890
73888
73888
73887
73887
73886
73885
73885
73883
73883
73882
73882
73881
73881
73880
73876
73875
73874
73873
73872
73872
73872
73872
73871
73869
73869
73868
73868
73865
73865
73864
73862
73861
73860
73859
73858
73858
73857
73857
73856
73856
73852
73850
73850
73849
73849
73849
73848
73847
73846
73846
73845
73841
73840
73840
73839
73837
73837
73836
73835
73835
73834
73834
73833
73832
73832
73829
73829
73828
73826
73826
73826
73824
73822
73821
73819
73818
73816
73816
73815
73815
73814
73814
73813
73812
73811
73809
73808
73807
73806
73805
73803
73803
73801
73801
73801
73796
73795
73791
73790
73789
73789
73789
73788
73787
73786
73786
73784
73783
73781
73781
73780
73780
73780
73779
73777
73776
73775
73775
73775
73773
73770
73764
73764
73762
73762
73761
73760
73760
73760
73758
73755
73754
73754
73754
73752
73751
73750
73750
73750
73749
73749
73746
73743
73743
73743
73741
73740
73740
73740
73739
73737
73737
73737
73736
73734
73734
73733
73733
73732
73732
73732
73729
73729
73726
73725
73724
73724
73721
73721
73720
73719
73718
73717
73717
73717
73715
73715
73714
73714
73713
73712
73711
73711
73710
73708
73707
73705
73705
73703
73702
73702
73700
73699
73699
73698
73697
73695
73692
73689
73688
73686
73686
73684
73684
73682
73680
73680
73678
73676
73676
73674
73673
73672
73670
73669
73669
73668
73665
73665
73665
73663
73663
73663
73661
73658
73658
73657
73657
73656
73656
73655
73655
73655
73654
73654
73654
73653
73652
73652
73650
73649
73648
73647
73646
73645
73644
73642
73642
73639
73639
73639
73637
73636
73636
73633
73627
73626
73625
73624
73623
73621
73618
73618
73618
73617
73613
73612
73612
73612
73610
73610
73609
73608
73606
73605
73605
73604
73603
73603
73603
73601
73601
73600
73600
73600
73599
73597
73597
73596
73595
73595
73595
73595
73595
73594
73594
73591
73587
73587
73586
73585
73578
73578
73578
73577
73576
73576
73576
73576
73573
73572
73571
73571
73571
73570
73569
73567
73566
73562
73560
73560
73556
73555
73554
73554
73551
73550
73549
73548
73547
73542
73541
73541
73539
73538
73538
73537
73536
73536
73532
73531
73531
73526
73522
73522
73522
73521
73519
73515
73514
73512
73512
73511
73510
73510
73507
73507
73507
73506
73504
73504
73503
73502
73502
73501
73501
73500
73499
73498
73497
73497
73497
73496
73496
73493
73492
73491
73491
73491
73491
73490
73489
73488
73488
73488
73488
73484
73483
73481
73480
73479
73479
73478
73477
73476
73476
73476
73474
73474
73473
73473
73472
73470
73470
73470
73470
73468
73468
73467
73466
73466
73466
73465
73464
73463
73463
73462
73460
73459
73457
73456
73456
73456
73455
73455
73455
73455
73454
73453
73450
73450
73448
73447
73446
73444
73444
73443
73443
73442
73442
73441
73440
73440
73440
73440
73439
73439
73439
73437
73437
73437
73437
73434
73433
73431
73430
73428
73428
73427
73426
73426
73425
73421
73420
73419
73417
73415
73415
73414
73412
73411
73411
73409
73408
73406
73404
73404
73403
73403
73401
73400
73400
73400
73400
73399
73399
73397
73396
73394
73393
73392
73392
73391
73390
73388
73388
73386
73386
73385
73384
73383
73382
73381
73381
73375
73375
73374
73371
73368
73367
73366
73365
73365
73363
73362
73362
73360
73356
73351
73350
73349
73345
73343
73343
73343
73342
73341
73341
73337
73337
73335
73334
73334
73333
73333
73332
73332
73331
73331
73329
73329
73328
73328
73325
73324
73323
73322
73321
73321
73320
73319
73319
73319
73319
73315
73315
73313
73313
73313
73311
73311
73309
73308
73308
73307
73307
73307
73306
73305
73304
73303
73302
73302
73302
73301
73301
73301
73300
73299
73298
73296
73294
73292
73292
73291
73291
73291
73290
73289
73286
73286
73286
73286
73285
73284
73284
73283
73283
73280
73280
73279
73279
73278
73276
73275
73273
73273
73272
73271
73270
73270
73270
73269
73267
73266
73265
73263
73262
73258
73258
73256
73256
73255
73252
73250
73250
73250
73249
73249
73249
73249
73248
73248
73246
73245
73245
73244
73244
73241
73241
73240
73238
73237
73237
73236
73235
73232
73230
73229
73226
73226
73226
73226
73225
73225
73225
73223
73223
73221
73220
73220
73217
73216
73215
73214
73214
73213
73212
73212
73209
73209
73208
73208
73206
73206
73204
73203
73202
73202
73201
73199
73195
73195
73195
73194
73194
73192
73191
73190
73188
73184
73184
73184
73183
73183
73183
73181
73181
73180
73179
73179
73179
73178
73177
73174
73173
73173
73171
73169
73167
73166
73166
73165
73165
73164
73164
73162
73162
73162
73160
73160
73159
73159
73157
73157
73156
73155
73155
73155
73154
73153
73152
73152
73150
73149
73148
73146
73143
73143
73142
73142
73142
73141
73139
73138
73136
73136
73135
73134
73134
73133
73133
73130
73129
73128
73128
73127
73127
73127
73127
73126
73126
73125
73123
73123
73121
73121
73121
73118
73116
73115
73114
73114
73110
73109
73107
73107
73106
73105
73103
73103
73103
73102
73101
73101
73100
73099
73099
73098
73097
73093
73090
73090
73090
73088
73087
73086
73086
73085
73084
73084
73083
73082
73082
73082
73081
73080
73080
73079
73079
73078
73077
73077
73075
73074
73073
73072
73071
73071
73071
73070
73069
73069
73067
73067
73066
73063
73061
73060
73059
73057
73056
73056
73056
73052
73051
73050
73050
73050
73048
73048
73048
73047
73047
73045
73045
73045
73044
73043
73042
73042
73042
73042
73039
73039
73037
73037
73036
73035
73034
73033
73031
73030
73029
73028
73027
73026
73024
73022
73021
73021
73020
73019
73017
73017
73016
73015
73012
73012
73012
73011
73011
73010
73009
73007
73007
73006
73005
73005
73005
73005
73004
73002
73001
73001
73001
73000
72999
72999
72999
72998
72995
72994
72994
72994
72993
72990
72988
72985
72984
72984
72984
72983
72982
72982
72979
72977
72977
72977
72976
72976
72974
72974
72974
72971
72969
72967
72963
72962
72958
72954
72954
72953
72952
72951
72947
72947
72946
72946
72945
72944
72943
72942
72942
72942
72941
72940
72940
72939
72938
72936
72934
72934
72933
72931
72931
72929
72929
72928
72927
72926
72925
72924
72922
72922
72920
72920
72919
72919
72918
72918
72918
72918
72917
72916
72916
72914
72910
72909
72909
72908
72907
72907
72906
72906
72905
72902
72901
72900
72900
72899
72897
72896
72895
72894
72893
72892
72889
72888
72884
72881
72880
72879
72878
72878
72878
72877
72874
72874
72870
72869
72868
72868
72867
72866
72866
72865
72863
72861
72857
72856
72856
72855
72854
72854
72852
72852
72851
72851
72851
72851
72850
72849
72849
72848
72847
72846
72846
72844
72844
72843
72842
72840
72840
72839
72839
72838
72837
72837
72836
72835
72832
72831
72831
72829
72829
72828
72823
72822
72819
72818
72817
72816
72815
72813
72811
72811
72810
72810
72810
72808
72801
72799
72797
72793
72789
72788
72787
72786
72784
72783
72781
72781
72780
72778
72778
72778
72776
72776
72776
72774
72772
72771
72771
72770
72769
72768
72768
72768
72767
72767
72766
72766
72765
72765
72764
72763
72761
72760
72760
72759
72759
72757
72756
72756
72755
72753
72752
72751
72750
72749
72747
72747
72742
72740
72740
72739
72738
72738
72737
72737
72736
72736
72734
72734
72732
72732
72731
72731
72730
72728
72727
72727
72727
72726
72724
72723
72723
72720
72719
72719
72718
72718
72714
72713
72710
72710
72710
72709
72708
72707
72707
72705
72704
72704
72704
72703
72703
72703
72703
72700
72700
72700
72698
72697
72697
72695
72693
72692
72691
72691
72691
72690
72690
72689
72687
72687
72687
72686
72685
72685
72684
72684
72683
72682
72681
72681
72679
72678
72677
72677
72676
72675
72675
72675
72673
72672
72672
72667
72667
72667
72664
72661
72661
72659
72657
72657
72653
72652
72652
72651
72651
72649
72649
72649
72648
72648
72647
72646
72645
72644
72643
72643
72641
72639
72637
72636
72636
72636
72633
72632
72632
72632
72630
72630
72629
72626
72625
72625
72625
72625
72621
72620
72619
72619
72618
72617
72617
72617
72615
72614
72612
72611
72610
72609
72608
72608
72607
72606
72601
72600
72598
72598
72598
72598
72597
72594
72594
72593
72592
72588
72583
72582
72582
72581
72581
72581
72580
72580
72578
72577
72576
72576
72576
72575
72573
72572
72572
72570
72569
72567
72566
72563
72563
72563
72557
72555
72554
72553
72553
72550
72548
72548
72548
72546
72542
72541
72540
72540
72540
72540
72539
72538
72537
72535
72534
72534
72533
72531
72531
72530
72530
72530
72529
72528
72527
72527
72526
72525
72525
72524
72524
72522
72522
72521
72521
72520
72520
72518
72518
72516
72516
72516
72515
72515
72515
72513
72513
72512
72511
72511
72507
72506
72506
72505
72505
72504
72503
72503
72503
72502
72501
72500
72499
72499
72496
72495
72495
72492
72492
72491
72490
72487
72486
72486
72485
72485
72484
72483
72482
72482
72481
72480
72479
72477
72477
72476
72475
72475
72475
72473
72472
72471
72469
72469
72469
72467
72464
72464
72463
72463
72463
72462
72461
72461
72461
72459
72457
72456
72453
72453
72450
72450
72449
72448
72447
72445
72444
72442
72442
72442
72440
72438
72437
72437
72432
72431
72431
72429
72429
72429
72428
72427
72427
72424
72424
72424
72423
72422
72422
72422
72421
72421
72419
72418
72416
72414
72413
72412
72410
72410
72407
72407
72407
72407
72406
72406
72404
72402
72401
72401
72399
72399
72397
72395
72395
72394
72394
72393
72392
72392
72391
72390
72389
72388
72388
72387
72387
72387
72384
72383
72383
72382
72377
72376
72375
72374
72374
72372
72369
72368
72367
72367
72366
72365
72360
72359
72357
72357
72357
72357
72356
72354
72354
72353
72353
72353
72352
72352
72350
72349
72348
72347
72346
72343
72340
72337
72335
72334
72334
72333
72333
72333
72332
72331
72331
72330
72329
72328
72327
72325
72325
72324
72323
72322
72322
72321
72319
72317
72317
72313
72312
72311
72310
72308
72306
72304
72304
72302
72299
72299
72299
72299
72298
72298
72298
72296
72296
72295
72294
72292
72292
72290
72287
72287
72286
72283
72283
72283
72281
72278
72276
72276
72276
72276
72275
72270
72268
72266
72264
72264
72262
72262
72262
72262
72258
72257
72255
72254
72254
72252
72252
72252
72252
72251
72251
72251
72250
72248
72247
72246
72246
72245
72245
72245
72244
72243
72243
72242
72242
72242
72242
72240
72240
72240
72237
72237
72237
72235
72234
72233
72232
72232
72229
72223
72223
72223
72223
72223
72222
72220
72217
72217
72217
72216
72215
72214
72212
72212
72212
72210
72207
72205
72205
72205
72205
72204
72204
72202
72202
72200
72197
72195
72195
72194
72193
72192
72192
72192
72192
72191
72191
72191
72189
72189
72189
72187
72187
72185
72184
72183
72182
72179
72177
72177
72167
72167
72165
72164
72163
72163
72162
72159
72158
72158
72158
72156
72156
72155
72153
72153
72153
72151
72150
72150
72150
72150
72150
72150
72150
72143
72143
72142
72141
72141
72139
72139
72139
72138
72137
72136
72136
72135
72135
72132
72131
72130
72129
72127
72127
72126
72125
72125
72124
72123
72122
72119
72118
72118
72116
72115
72115
72114
72113
72111
72109
72108
72108
72108
72106
72105
72105
72103
72103
72102
72101
72101
72101
72101
72097
72095
72095
72094
72093
72093
72093
72092
72092
72089
72088
72088
72088
72088
72087
72087
72080
72080
72079
72079
72079
72079
72078
72076
72076
72075
72072
72072
72069
72069
72069
72067
72067
72065
72063
72063
72062
72060
72058
72055
72054
72049
72049
72048
72047
72047
72047
72047
72046
72045
72044
72043
72042
72042
72041
72039
72034
72033
72030
72029
72029
72028
72022
72021
72019
72019
72017
72014
72014
72013
72012
72011
72011
72011
72008
72007
72006
72006
72006
72006
72004
72004
72003
72003
72002
72002
72001
72001
72000
72000
72000
71999
71998
71995
71994
71993
71993
71992
71992
71992
71991
71989
71988
71986
71985
71984
71983
71982
71981
71981
71981
71980
71979
71979
71978
71977
71976
71976
71975
71974
71974
71972
71972
71971
71970
71970
71969
71969
71969
71968
71967
71966
71966
71966
71965
71965
71965
71965
71964
71964
71964
71962
71962
71961
71960
71959
71958
71958
71956
71956
71955
71954
71953
71952
71952
71952
71952
71951
71951
71947
71947
71947
71944
71944
71942
71941
71938
71938
71937
71936
71934
71933
71933
71933
71930
71927
71926
71926
71926
71923
71922
71922
71920
71920
71917
71917
71917
71915
71915
71914
71914
71913
71912
71912
71910
71909
71909
71908
71906
71903
71903
71901
71899
71899
71897
71897
71897
71896
71896
71894
71894
71892
71891
71891
71891
71889
71889
71888
71888
71888
71887
71884
71881
71881
71880
71879
71879
71878
71877
71877
71876
71875
71875
71873
71872
71868
71868
71868
71867
71866
71866
71865
71864
71863
71863
71862
71860
71856
71856
71851
71851
71850
71849
71847
71846
71846
71845
71845
71844
71844
71842
71842
71842
71839
71839
71838
71837
71836
71836
71836
71835
71834
71834
71834
71834
71832
71830
71830
71829
71825
71821
71820
71819
71819
71818
71818
71818
71814
71813
71813
71811
71809
71808
71807
71807
71807
71804
71804
71804
71804
71803
71801
71798
71798
71797
71795
71794
71791
71790
71789
71788
71785
71785
71784
71781
71780
71779
71779
71777
71775
71775
71775
71773
71771
71771
71771
71770
71769
71769
71765
71764
71762
71761
71760
71757
71755
71753
71752
71752
71752
71751
71750
71749
71748
71748
71747
71745
71745
71744
71743
71743
71741
71740
71739
71735
71735
71734
71733
71731
71729
71729
71724
71724
71723
71723
71723
71722
71721
71720
71719
71719
71718
71717
71717
71717
71717
71716
71715
71714
71714
71713
71713
71712
71708
71708
71708
71705
71705
71705
71704
71704
71703
71701
71701
71697
71697
71697
71696
71696
71695
71693
71692
71692
71690
71690
71690
71689
71689
71688
71688
71688
71687
71686
71686
71685
71685
71684
71683
71682
71680
71680
71679
71679
71678
71678
71677
71677
71677
71676
71675
71675
71674
71674
71674
71673
71671
71669
71669
71667
71665
71663
71662
71662
71660
71658
71656
71656
71656
71655
71654
71653
71653
71652
71651
71648
71648
71646
71643
71641
71641
71640
71640
71640
71639
71639
71639
71638
71637
71637
71637
71637
71636
71634
71633
71632
71631
71631
71627
71627
71624
71622
71621
71619
71617
71617
71615
71615
71615
71614
71613
71613
71612
71607
71605
71604
71604
71602
71601
71601
71600
71599
71598
71597
71596
71596
71595
71595
71594
71593
71593
71593
71591
71591
71590
71590
71588
71588
71587
71585
71585
71584
71584
71583
71582
71582
71581
71580
71580
71580
71578
71576
71575
71573
71573
71573
71572
71572
71572
71571
71571
71571
71570
71570
71568
71567
71567
71566
71565
71565
71565
71565
71564
71559
71558
71557
71555
71554
71551
71551
71550
71549
71548
71548
71547
71547
71547
71546
71546
71546
71545
71544
71544
71543
71542
71542
71540
71539
71537
71536
71535
71535
71534
71532
71530
71530
71529
71529
71529
71526
71525
71524
71523
71522
71522
71520
71519
71517
71517
71517
71516
71516
71514
71514
71514
71513
71512
71512
71512
71509
71509
71509
71508
71508
71507
71507
71506
71506
71505
71504
71501
71499
71499
71499
71498
71497
71495
71494
71494
71493
71493
71493
71491
71491
71491
71490
71488
71486
71483
71482
71481
71481
71480
71479
71479
71479
71477
71476
71476
71474
71474
71473
71472
71471
71470
71470
71469
71469
71468
71466
71465
71465
71464
71464
71461
71460
71455
71454
71453
71452
71451
71449
71449
71449
71448
71448
71447
71446
71445
71445
71445
71443
71441
71440
71439
71436
71436
71436
71436
71434
71433
71431
71431
71431
71430
71428
71427
71426
71425
71425
71424
71422
71421
71418
71418
71417
71416
71414
71414
71413
71410
71409
71406
71402
71402
71402
71401
71401
71400
71400
71397
71394
71393
71393
71393
71391
71391
71391
71390
71389
71389
71389
71389
71389
71388
71388
71387
71385
71384
71384
71383
71383
71381
71381
71380
71377
71374
71374
71373
71368
71365
71364
71364
71363
71363
71362
71361
71361
71360
71359
71359
71358
71357
71357
71356
71354
71349
71349
71348
71346
71345
71345
71345
71341
71340
71340
71339
71336
71334
71333
71331
71328
71328
71327
71324
71324
71324
71323
71323
71322
71322
71322
71321
71321
71321
71321
71318
71317
71315
71314
71314
71310
71309
71309
71308
71308
71307
71307
71306
71306
71305
71305
71303
71302
71302
71299
71297
71295
71295
71293
71292
71292
71292
71286
71284
71283
71282
71281
71280
71280
71276
71275
71274
71273
71271
71269
71269
71269
71269
71268
71266
71266
71264
71264
71262
71262
71261
71261
71260
71258
71257
71257
71256
71254
71254
71254
71254
71249
71249
71247
71246
71245
71245
71244
71242
71241
71240
71239
71238
71238
71234
71232
71231
71228
71228
71228
71228
71226
71225
71222
71222
71221
71220
71220
71219
71219
71218
71217
71215
71213
71212
71211
71210
71210
71209
71207
71207
71206
71204
71203
71202
71202
71201
71201
71200
71200
71200
71197
71195
71194
71193
71193
71191
71190
71190
71187
71186
71186
71182
71181
71180
71180
71179
71179
71179
71179
71177
71174
71171
71168
71168
71168
71167
71165
71165
71165
71163
71162
71162
71162
71162
71161
71160
71160
71159
71158
71158
71157
71156
71155
71154
71152
71151
71151
71151
71151
71150
71149
71149
71147
71147
71146
71146
71144
71144
71143
71142
71139
71138
71137
71135
71135
71133
71132
71131
71131
71130
71129
71128
71125
71122
71122
71122
71121
71120
71120
71119
71118
71116
71115
71114
71113
71113
71113
71112
71111
71110
71110
71109
71108
71108
71108
71107
71107
71105
71105
71101
71101
71101
71100
71099
71099
71097
71096
71096
71095
71093
71092
71091
71091
71090
71088
71088
71085
71083
71081
71081
71079
71079
71079
71078
71077
71076
71075
71075
71073
71070
71069
71065
71062
71061
71060
71060
71060
71059
71058
71057
71054
71053
71053
71052
71051
71049
71049
71048
71048
71047
71047
71044
71044
71042
71042
71041
71040
71040
71038
71038
71038
71037
71037
71037
71036
71036
71036
71036
71034
71033
71033
71032
71031
71031
71023
71023
71021
71021
71020
71020
71020
71019
71017
71016
71016
71015
71014
71014
71011
71011
71010
71009
71009
71009
71009
71007
71006
71006
71005
71003
71000
70998
70998
70997
70996
70996
70993
70993
70993
70991
70991
70991
70990
70988
70986
70985
70985
70984
70983
70982
70981
70980
70980
70979
70977
70976
70975
70975
70974
70971
70971
70970
70969
70968
70967
70966
70964
70963
70961
70959
70958
70958
70958
70952
70951
70950
70949
70949
70949
70948
70947
70946
70944
70944
70943
70943
70943
70942
70940
70939
70939
70936
70935
70933
70933
70931
70931
70928
70926
70925
70924
70924
70920
70919
70919
70918
70917
70917
70915
70914
70913
70913
70911
70909
70909
70908
70907
70907
70906
70906
70903
70903
70902
70900
70895
70895
70895
70894
70894
70893
70893
70893
70891
70891
70891
70891
70890
70890
70889
70886
70884
70883
70881
70881
70881
70881
70879
70878
70876
70875
70872
70871
70869
70868
70867
70866
70866
70866
70864
70864
70862
70862
70861
70860
70860
70859
70857
70856
70854
70852
70851
70850
70849
70848
70848
70848
70847
70847
70847
70845
70843
70841
70841
70838
70837
70836
70833
70829
70828
70827
70826
70825
70825
70824
70823
70822
70822
70822
70819
70818
70818
70817
70813
70812
70811
70811
70810
70809
70809
70809
70808
70807
70806
70806
70806
70805
70805
70804
70804
70803
70803
70802
70802
70802
70801
70801
70800
70800
70799
70799
70798
70798
70797
70796
70796
70796
70793
70792
70786
70785
70785
70784
70781
70781
70780
70780
70778
70776
70776
70775
70775
70774
70770
70769
70769
70766
70765
70764
70761
70761
70761
70761
70760
70758
70753
70752
70752
70751
70749
70748
70747
70746
70746
70745
70745
70744
70741
70741
70740
70739
70738
70738
70737
70736
70735
70735
70735
70733
70732
70731
70728
70726
70725
70725
70722
70721
70720
70720
70718
70717
70717
70717
70717
70716
70716
70716
70714
70708
70707
70707
70706
70705
70703
70703
70701
70701
70701
70699
70699
70698
70696
70696
70693
70693
70692
70692
70691
70689
70689
70688
70688
70687
70685
70679
70678
70677
70675
70674
70674
70674
70673
70672
70669
70669
70669
70668
70668
70668
70666
70665
70664
70664
70662
70661
70661
70661
70660
70660
70659
70659
70659
70659
70658
70658
70658
70657
70655
70655
70654
70654
70651
70649
70648
70647
70647
70647
70647
70647
70647
70645
70644
70641
70640
70640
70639
70639
70637
70636
70636
70635
70633
70633
70632
70630
70630
70628
70627
70626
70624
70623
70621
70621
70620
70619
70619
70617
70617
70615
70615
70614
70612
70611
70611
70610
70610
70609
70608
70608
70607
70607
70606
70606
70605
70605
70604
70604
70603
70602
70602
70601
70601
70600
70600
70600
70599
70599
70599
70598
70597
70597
70596
70595
70594
70594
70594
70594
70592
70591
70590
70589
70587
70585
70584
70583
70581
70581
70581
70579
70577
70574
70574
70571
70568
70567
70567
70566
70563
70561
70561
70558
70556
70554
70553
70553
70552
70550
70549
70548
70548
70547
70544
70542
70541
70539
70539
70538
70533
70529
70529
70527
70527
70527
70526
70525
70524
70524
70523
70521
70521
70521
70516
70516
70516
70513
70513
70512
70511
70510
70506
70505
70505
70505
70505
70501
70501
70501
70498
70497
70497
70496
70496
70496
70495
70495
70494
70493
70493
70491
70490
70490
70490
70488
70487
70486
70486
70484
70483
70482
70482
70482
70481
70481
70478
70478
70477
70476
70476
70476
70476
70475
70475
70474
70473
70473
70473
70472
70472
70471
70470
70468
70467
70466
70465
70464
70462
70461
70461
70460
70457
70456
70454
70452
70452
70451
70450
70448
70448
70448
70448
70447
70446
70445
70443
70441
70440
70439
70439
70438
70435
70434
70434
70433
70432
70432
70431
70431
70425
70425
70422
70422
70421
70420
70420
70418
70417
70414
70414
70414
70413
70409
70408
70407
70406
70404
70402
70401
70400
70400
70400
70400
70397
70397
70396
70395
70395
70389
70388
70386
70384
70381
70380
70378
70378
70378
70375
70374
70373
70372
70371
70371
70370
70369
70369
70366
70366
70364
70362
70360
70359
70358
70356
70354
70354
70349
70349
70348
70347
70346
70345
70344
70344
70343
70342
70340
70339
70338
70337
70336
70336
70336
70335
70335
70334
70333
70333
70332
70331
70331
70330
70330
70329
70328
70327
70324
70323
70322
70322
70322
70320
70320
70318
70318
70317
70315
70315
70314
70313
70313
70311
70311
70311
70309
70308
70307
70304
70302
70301
70300
70297
70297
70296
70296
70293
70292
70292
70290
70290
70289
70288
70287
70286
70286
70284
70284
70284
70284
70284
70283
70282
70282
70281
70279
70277
70277
70276
70275
70274
70274
70274
70274
70274
70273
70270
70268
70267
70265
70263
70263
70260
70260
70259
70258
70256
70256
70256
70254
70254
70254
70251
70248
70244
70243
70242
70241
70240
70240
70240
70240
70240
70239
70237
70237
70236
70236
70235
70235
70235
70232
70232
70231
70230
70228
70227
70227
70227
70227
70227
70225
70224
70223
70221
70219
70218
70217
70217
70217
70216
70216
70215
70215
70214
70213
70212
70212
70211
70210
70210
70210
70207
70207
70205
70204
70204
70203
70202
70201
70200
70198
70195
70193
70190
70189
70189
70188
70188
70187
70183
70183
70183
70182
70177
70175
70174
70172
70170
70168
70168
70165
70164
70163
70163
70161
70160
70158
70158
70156
70156
70155
70154
70154
70153
70152
70152
70152
70151
70150
70149
70148
70148
70147
70147
70146
70146
70145
70145
70145
70145
70144
70141
70140
70139
70139
70138
70138
70138
70138
70133
70133
70133
70132
70130
70129
70127
70126
70126
70123
70123
70122
70120
70118
70117
70116
70115
70115
70114
70112
70111
70110
70109
70109
70108
70107
70106
70106
70106
70106
70105
70103
70102
70102
70101
70101
70099
70097
70097
70096
70096
70094
70094
70093
70092
70091
70089
70089
70088
70087
70087
70085
70084
70083
70083
70080
70079
70079
70077
70076
70075
70074
70074
70071
70069
70068
70066
70065
70065
70065
70064
70064
70062
70061
70061
70060
70059
70059
70058
70058
70057
70055
70055
70053
70053
70051
70051
70050
70049
70048
70048
70045
70044
70043
70042
70042
70042
70042
70041
70038
70038
70038
70037
70036
70034
70032
70031
70028
70027
70027
70026
70026
70026
70023
70017
70016
70016
70015
70012
70010
70009
70008
70006
70004
70003
70002
70002
70001
70000
69999
69996
69995
69995
69994
69993
69993
69991
69989
69989
69986
69986
69986
69981
69981
69981
69980
69980
69980
69978
69977
69976
69976
69976
69974
69972
69972
69971
69970
69968
69964
69963
69962
69962
69962
69960
69958
69958
69957
69955
69954
69953
69953
69953
69952
69950
69950
69949
69949
69948
69947
69945
69944
69941
69935
69932
69932
69932
69930
69930
69928
69924
69921
69919
69917
69916
69916
69913
69910
69909
69908
69907
69907
69905
69904
69902
69901
69901
69901
69900
69900
69900
69900
69900
69900
69899
69899
69899
69898
69897
69897
69897
69897
69896
69895
69893
69892
69891
69890
69890
69889
69889
69889
69887
69885
69884
69882
69881
69881
69880
69879
69878
69878
69878
69876
69875
69875
69874
69873
69871
69868
69868
69868
69867
69864
69863
69863
69862
69861
69860
69859
69858
69858
69857
69854
69852
69847
69846
69845
69844
69843
69842
69841
69840
69836
69835
69835
69832
69831
69830
69829
69827
69827
69826
69826
69826
69825
69824
69824
69823
69823
69823
69820
69817
69814
69813
69813
69812
69812
69812
69811
69809
69808
69808
69808
69808
69807
69806
69806
69806
69804
69804
69802
69802
69801
69800
69800
69799
69798
69798
69798
69797
69796
69794
69793
69793
69793
69793
69792
69792
69791
69791
69790
69789
69786
69786
69786
69785
69782
69781
69778
69777
69775
69775
69775
69775
69773
69771
69770
69770
69770
69769
69768
69765
69765
69764
69764
69763
69762
69761
69759
69758
69758
69758
69758
69758
69758
69754
69752
69750
69750
69748
69747
69746
69746
69746
69745
69745
69745
69745
69744
69744
69744
69744
69743
69741
69739
69739
69737
69736
69736
69735
69731
69731
69731
69730
69729
69728
69727
69726
69725
69724
69724
69723
69720
69719
69714
69713
69712
69711
69710
69710
69709
69709
69708
69705
69702
69701
69701
69699
69699
69698
69697
69695
69694
69688
69688
69687
69686
69686
69684
69682
69682
69682
69681
69680
69680
69680
69679
69679
69679
69678
69677
69677
69676
69675
69674
69673
69671
69671
69670
69669
69667
69667
69664
69663
69663
69662
69661
69661
69660
69660
69659
69655
69654
69651
69651
69650
69650
69650
69649
69649
69649
69648
69647
69644
69644
69643
69642
69641
69641
69640
69640
69640
69639
69638
69634
69633
69633
69633
69632
69632
69632
69630
69629
69629
69629
69628
69628
69627
69627
69622
69621
69621
69620
69620
69616
69615
69613
69613
69612
69612
69611
69611
69611
69610
69610
69609
69608
69608
69606
69604
69604
69602
69602
69601
69600
69600
69598
69595
69595
69595
69593
69591
69591
69590
69587
69587
69587
69585
69583
69583
69582
69582
69582
69581
69581
69581
69579
69577
69577
69577
69576
69576
69576
69576
69575
69573
69573
69573
69572
69571
69570
69570
69569
69569
69569
69569
69569
69568
69568
69568
69567
69567
69566
69564
69563
69563
69559
69558
69557
69555
69554
69554
69549
69547
69546
69543
69543
69542
69541
69541
69540
69536
69534
69534
69533
69530
69529
69528
69528
69527
69526
69526
69523
69520
69519
69518
69517
69516
69516
69515
69514
69511
69511
69511
69510
69510
69509
69507
69506
69506
69505
69504
69502
69502
69502
69499
69498
69497
69497
69497
69495
69494
69494
69493
69493
69492
69492
69491
69489
69489
69486
69485
69484
69483
69481
69478
69477
69476
69474
69474
69473
69472
69471
69470
69470
69469
69469
69469
69467
69467
69466
69465
69464
69464
69463
69462
69461
69460
69459
69457
69455
69453
69452
69452
69451
69447
69445
69444
69443
69443
69442
69438
69438
69438
69436
69434
69431
69430
69429
69428
69428
69427
69427
69427
69426
69426
69423
69421
69421
69421
69419
69418
69418
69418
69415
69414
69410
69407
69405
69400
69398
69398
69396
69392
69392
69391
69391
69391
69390
69390
69390
69388
69386
69385
69384
69384
69383
69382
69382
69381
69381
69380
69379
69375
69375
69375
69375
69372
69372
69371
69371
69370
69370
69369
69368
69368
69367
69367
69358
69353
69353
69348
69347
69345
69345
69344
69343
69343
69343
69340
69339
69339
69335
69334
69332
69332
69332
69332
69331
69329
69329
69328
69328
69327
69326
69326
69325
69325
69325
69324
69324
69322
69322
69321
69320
69318
69318
69318
69318
69318
69315
69314
69314
69313
69312
69312
69311
69311
69310
69305
69305
69302
69300
69300
69299
69298
69298
69297
69297
69296
69295
69295
69292
69291
69291
69291
69291
69289
69289
69289
69287
69286
69286
69285
69285
69284
69284
69284
69283
69283
69282
69281
69281
69278
69277
69272
69271
69269
69268
69266
69265
69265
69264
69262
69257
69257
69256
69254
69254
69253
69252
69252
69252
69245
69243
69243
69241
69240
69239
69237
69236
69235
69233
69232
69231
69230
69230
69228
69228
69225
69224
69224
69223
69223
69221
69220
69219
69219
69218
69218
69217
69217
69217
69217
69216
69215
69213
69211
69210
69209
69209
69206
69206
69205
69205
69204
69204
69204
69202
69200
69199
69199
69195
69195
69195
69195
69195
69194
69194
69194
69193
69193
69193
69193
69192
69192
69191
69190
69188
69186
69186
69186
69185
69184
69182
69181
69181
69181
69180
69179
69179
69179
69179
69179
69178
69177
69176
69172
69172
69170
69169
69169
69169
69169
69168
69167
69166
69165
69163
69162
69162
69161
69160
69158
69158
69158
69157
69156
69156
69155
69155
69155
69153
69153
69150
69149
69148
69147
69146
69143
69143
69143
69140
69136
69133
69132
69131
69131
69129
69128
69127
69124
69124
69124
69123
69122
69121
69119
69119
69117
69116
69115
69115
69112
69111
69110
69109
69108
69108
69108
69108
69108
69107
69105
69104
69101
69101
69100
69099
69099
69099
69098
69098
69097
69096
69095
69094
69093
69092
69092
69090
69089
69087
69087
69086
69086
69086
69085
69085
69084
69084
69083
69082
69081
69081
69080
69079
69079
69075
69073
69072
69072
69069
69068
69067
69065
69065
69064
69063
69062
69062
69061
69061
69061
69060
69058
69058
69057
69056
69056
69054
69054
69053
69053
69053
69052
69052
69051
69050
69048
69046
69045
69044
69040
69039
69039
69037
69037
69034
69030
69030
69030
69029
69025
69025
69023
69021
69019
69018
69015
69015
69012
69010
69010
69010
69010
69010
69009
69008
69007
69007
69005
69000
69000
69000
68999
68998
68998
68996
68993
68993
68992
68988
68988
68987
68987
68986
68984
68983
68982
68982
68979
68979
68978
68977
68977
68976
68975
68973
68973
68972
68972
68970
68968
68966
68965
68964
68964
68964
68964
68964
68963
68963
68963
68962
68962
68961
68961
68961
68960
68960
68959
68958
68955
68954
68954
68953
68949
68949
68948
68947
68944
68941
68941
68941
68940
68940
68940
68939
68939
68938
68936
68934
68932
68931
68931
68930
68929
68929
68928
68927
68926
68926
68925
68925
68924
68924
68922
68921
68919
68919
68919
68917
68916
68913
68913
68912
68912
68910
68909
68909
68907
68907
68907
68906
68906
68905
68904
68903
68901
68900
68897
68894
68892
68892
68892
68891
68890
68888
68887
68887
68887
68886
68885
68885
68885
68884
68883
68883
68881
68881
68881
68881
68881
68881
68880
68880
68879
68879
68879
68879
68877
68877
68876
68873
68872
68870
68870
68869
68869
68869
68868
68868
68868
68868
68866
68863
68862
68862
68860
68860
68859
68858
68857
68855
68855
68855
68855
68855
68849
68849
68847
68847
68845
68844
68840
68840
68839
68839
68837
68836
68836
68835
68834
68834
68834
68833
68831
68829
68829
68828
68826
68826
68825
68825
68824
68823
68822
68820
68820
68818
68816
68815
68813
68813
68810
68810
68810
68809
68809
68806
68806
68804
68803
68803
68802
68802
68801
68801
68800
68799
68797
68796
68796
68796
68796
68796
68795
68795
68791
68790
68790
68789
68786
68785
68785
68783
68783
68780
68779
68779
68778
68778
68778
68774
68773
68772
68770
68770
68770
68769
68767
68766
68766
68765
68765
68765
68763
68763
68763
68762
68762
68761
68759
68759
68755
68755
68755
68754
68754
68748
68748
68748
68747
68747
68745
68741
68740
68740
68739
68736
68736
68736
68735
68734
68734
68733
68732
68732
68729
68727
68726
68724
68723
68723
68723
68723
68721
68720
68719
68719
68719
68717
68717
68717
68716
68715
68710
68710
68709
68708
68708
68707
68706
68706
68706
68705
68703
68702
68701
68698
68691
68691
68690
68689
68689
68687
68687
68686
68683
68680
68678
68673
68670
68670
68669
68666
68666
68662
68661
68660
68660
68658
68658
68656
68655
68654
68652
68651
68650
68650
68649
68647
68647
68645
68645
68645
68644
68643
68642
68642
68642
68642
68640
68637
68636
68635
68635
68634
68629
68629
68629
68629
68629
68628
68627
68625
68625
68623
68621
68620
68619
68614
68613
68612
68612
68612
68612
68611
68611
68611
68611
68611
68608
68608
68605
68605
68604
68603
68603
68601
68600
68599
68598
68598
68596
68596
68595
68594
68594
68593
68593
68592
68590
68590
68589
68589
68585
68583
68582
68582
68580
68579
68579
68577
68576
68573
68573
68573
68572
68571
68571
68570
68568
68568
68567
68567
68566
68565
68563
68561
68561
68559
68558
68558
68557
68555
68555
68552
68552
68551
68550
68550
68550
68548
68547
68547
68547
68545
68542
68542
68542
68539
68537
68537
68536
68535
68535
68535
68532
68531
68529
68528
68526
68525
68524
68524
68522
68522
68521
68520
68519
68519
68518
68518
68516
68516
68516
68516
68514
68514
68513
68512
68511
68508
68508
68507
68505
68505
68505
68505
68504
68503
68503
68503
68503
68501
68499
68497
68497
68495
68495
68495
68493
68493
68491
68490
68490
68489
68489
68489
68488
68481
68479
68478
68477
68477
68477
68476
68475
68474
68473
68473
68472
68472
68472
68471
68469
68468
68468
68466
68466
68465
68465
68464
68464
68463
68462
68462
68461
68460
68458
68456
68455
68453
68453
68451
68451
68449
68449
68448
68448
68448
68447
68445
68445
68444
68444
68441
68440
68440
68437
68434
68434
68433
68432
68431
68430
68429
68429
68429
68429
68426
68426
68426
68425
68424
68423
68420
68420
68420
68418
68418
68417
68414
68413
68411
68410
68409
68408
68405
68404
68402
68402
68401
68401
68401
68401
68400
68400
68399
68397
68396
68395
68392
68391
68390
68389
68387
68387
68385
68384
68384
68383
68383
68377
68376
68375
68373
68373
68370
68370
68370
68369
68368
68364
68364
68364
68362
68361
68360
68360
68359
68359
68358
68357
68353
68353
68353
68352
68351
68350
68350
68350
68349
68348
68346
68346
68346
68343
68343
68343
68343
68342
68341
68340
68338
68337
68337
68334
68332
68332
68331
68331
68331
68329
68329
68328
68327
68325
68325
68324
68323
68322
68319
68318
68316
68316
68315
68315
68313
68311
68311
68310
68307
68307
68305
68304
68304
68303
68303
68302
68300
68299
68296
68296
68295
68294
68294
68294
68294
68293
68293
68293
68292
68292
68291
68290
68289
68287
68285
68285
68284
68284
68283
68282
68281
68281
68280
68279
68278
68278
68277
68274
68273
68273
68272
68271
68269
68269
68267
68267
68267
68266
68265
68265
68264
68264
68263
68263
68262
68261
68259
68256
68255
68254
68252
68250
68247
68243
68243
68242
68239
68239
68239
68238
68237
68236
68235
68235
68234
68234
68230
68230
68230
68229
68228
68228
68227
68227
68226
68225
68225
68219
68217
68215
68214
68214
68213
68213
68212
68210
68208
68208
68207
68207
68204
68204
68204
68203
68203
68202
68200
68200
68196
68195
68194
68194
68192
68191
68191
68190
68190
68189
68189
68188
68187
68187
68186
68184
68183
68181
68178
68177
68176
68171
68171
68170
68161
68161
68158
68157
68157
68156
68156
68156
68156
68155
68152
68152
68151
68148
68148
68147
68144
68144
68144
68144
68143
68143
68142
68139
68135
68134
68133
68132
68132
68131
68131
68131
68128
68127
68127
68127
68126
68125
68123
68123
68121
68120
68119
68118
68117
68117
68115
68115
68115
68114
68114
68113
68113
68112
68109
68109
68107
68106
68105
68104
68104
68102
68102
68101
68100
68098
68097
68096
68094
68093
68093
68092
68092
68091
68090
68089
68087
68085
68085
68084
68082
68080
68080
68080
68079
68079
68078
68077
68076
68074
68074
68071
68071
68069
68069
68068
68064
68064
68061
68060
68060
68060
68060
68059
68059
68059
68058
68056
68056
68055
68054
68053
68053
68053
68052
68052
68051
68050
68048
68046
68045
68042
68042
68042
68039
68039
68038
68037
68037
68036
68032
68031
68030
68029
68026
68025
68024
68023
68023
68023
68022
68022
68020
68018
68018
68017
68015
68014
68013
68008
68007
68006
68005
68005
68005
68004
68003
68003
68003
68002
68000
67999
67998
67996
67995
67995
67994
67993
67993
67993
67993
67992
67992
67991
67990
67989
67989
67987
67983
67979
67977
67976
67976
67976
67976
67976
67975
67973
67973
67973
67972
67969
67968
67968
67968
67966
67966
67964
67963
67962
67962
67961
67961
67961
67960
67960
67959
67959
67958
67958
67956
67953
67952
67952
67951
67951
67951
67950
67949
67947
67946
67946
67944
67944
67941
67939
67939
67937
67937
67936
67934
67934
67933
67932
67932
67932
67930
67927
67925
67925
67925
67924
67923
67923
67923
67921
67918
67917
67916
67914
67913
67913
67911
67911
67911
67910
67910
67910
67910
67909
67908
67908
67907
67903
67901
67900
67899
67899
67899
67898
67895
67895
67895
67893
67891
67889
67889
67886
67886
67885
67884
67884
67884
67883
67883
67879
67878
67875
67874
67873
67872
67872
67872
67871
67870
67868
67867
67866
67863
67862
67861
67859
67859
67859
67859
67858
67857
67852
67852
67851
67850
67849
67849
67849
67849
67847
67845
67845
67843
67843
67839
67838
67836
67835
67834
67832
67830
67830
67829
67829
67828
67827
67827
67826
67826
67826
67826
67824
67824
67822
67821
67821
67820
67820
67819
67815
67815
67815
67814
67813
67812
67812
67811
67810
67809
67807
67804
67801
67800
67800
67798
67798
67797
67797
67796
67795
67794
67794
67793
67792
67791
67790
67790
67789
67789
67787
67787
67786
67786
67786
67786
67785
67785
67784
67783
67782
67782
67779
67779
67779
67778
67777
67777
67776
67775
67775
67774
67773
67772
67772
67770
67770
67770
67768
67767
67766
67766
67764
67762
67761
67761
67761
67759
67757
67757
67757
67757
67756
67756
67752
67749
67748
67747
67746
67746
67745
67745
67745
67743
67741
67741
67740
67739
67738
67737
67735
67734
67733
67733
67732
67728
67727
67727
67725
67723
67722
67722
67721
67721
67719
67718
67716
67713
67712
67712
67709
67709
67708
67707
67706
67704
67704
67704
67703
67702
67699
67698
67696
67694
67686
67686
67686
67685
67683
67682
67682
67682
67681
67681
67681
67679
67678
67677
67677
67675
67675
67673
67672
67672
67672
67671
67671
67670
67670
67669
67668
67666
67666
67666
67664
67663
67662
67661
67658
67657
67655
67654
67653
67651
67649
67645
67645
67644
67643
67642
67642
67641
67640
67639
67638
67637
67634
67633
67633
67633
67632
67632
67631
67630
67628
67626
67626
67625
67625
67624
67623
67623
67622
67622
67622
67621
67621
67621
67620
67620
67619
67619
67619
67617
67616
67614
67614
67613
67608
67607
67607
67606
67606
67605
67605
67604
67603
67603
67602
67602
67600
67600
67599
67599
67599
67597
67595
67595
67594
67594
67593
67591
67591
67590
67590
67589
67589
67588
67588
67587
67585
67584
67581
67580
67579
67578
67578
67577
67575
67573
67572
67571
67569
67568
67567
67567
67567
67566
67566
67566
67565
67565
67564
67564
67564
67563
67561
67560
67557
67557
67555
67554
67554
67554
67552
67550
67549
67548
67545
67544
67544
67543
67542
67542
67541
67541
67538
67536
67536
67534
67533
67526
67526
67525
67525
67524
67524
67524
67524
67523
67523
67523
67522
67522
67520
67519
67518
67517
67515
67514
67514
67513
67512
67511
67510
67509
67508
67505
67503
67502
67502
67502
67502
67501
67500
67498
67498
67498
67497
67497
67496
67496
67495
67495
67495
67494
67494
67493
67493
67492
67491
67491
67491
67490
67489
67488
67486
67485
67483
67481
67480
67479
67479
67479
67477
67477
67475
67475
67475
67473
67471
67471
67470
67470
67469
67468
67466
67465
67463
67462
67462
67462
67462
67461
67459
67459
67458
67457
67456
67453
67453
67450
67448
67448
67447
67447
67447
67446
67443
67443
67443
67443
67442
67441
67441
67440
67439
67434
67434
67431
67431
67431
67430
67428
67427
67427
67427
67426
67425
67423
67423
67423
67421
67420
67420
67418
67417
67416
67416
67415
67414
67414
67413
67410
67409
67408
67405
67405
67405
67404
67401
67401
67401
67400
67399
67396
67395
67392
67392
67391
67391
67389
67386
67385
67385
67383
67382
67381
67379
67379
67378
67377
67376
67376
67376
67375
67374
67374
67373
67372
67372
67372
67369
67369
67369
67368
67368
67367
67367
67365
67363
67360
67358
67357
67357
67356
67356
67354
67353
67352
67351
67351
67351
67350
67350
67348
67347
67346
67343
67343
67342
67342
67341
67339
67338
67337
67337
67335
67335
67335
67334
67334
67333
67330
67330
67330
67329
67328
67327
67327
67326
67324
67323
67321
67320
67320
67319
67318
67317
67317
67317
67316
67315
67314
67313
67310
67307
67307
67306
67305
67305
67305
67304
67304
67303
67301
67299
67299
67299
67297
67296
67296
67295
67295
67294
67294
67293
67291
67290
67289
67288
67287
67287
67286
67286
67286
67285
67284
67284
67282
67282
67281
67279
67278
67278
67277
67276
67276
67274
67273
67271
67269
67269
67269
67268
67266
67264
67260
67260
67259
67257
67256
67256
67254
67253
67253
67251
67248
67244
67243
67242
67242
67242
67241
67239
67237
67236
67233
67232
67232
67230
67229
67229
67229
67228
67227
67226
67224
67224
67224
67223
67221
67220
67220
67215
67215
67214
67214
67213
67210
67209
67209
67207
67207
67205
67204
67204
67202
67202
67201
67201
67199
67198
67197
67197
67196
67195
67195
67195
67192
67191
67188
67184
67183
67180
67179
67178
67178
67177
67176
67175
67175
67174
67174
67172
67169
67167
67166
67166
67166
67165
67165
67164
67163
67163
67160
67158
67158
67156
67156
67156
67155
67154
67150
67150
67149
67149
67148
67147
67147
67147
67146
67146
67146
67145
67144
67144
67142
67141
67139
67136
67136
67136
67135
67134
67131
67131
67131
67130
67130
67128
67128
67127
67127
67126
67126
67126
67124
67123
67123
67123
67122
67121
67120
67119
67119
67118
67117
67117
67117
67116
67115
67114
67114
67114
67113
67112
67112
67111
67110
67109
67107
67106
67104
67103
67102
67102
67101
67101
67098
67097
67095
67094
67092
67092
67090
67090
67088
67088
67084
67081
67077
67077
67076
67073
67071
67070
67069
67069
67067
67067
67066
67065
67064
67064
67063
67062
67062
67061
67060
67056
67056
67055
67055
67055
67054
67053
67051
67049
67047
67046
67043
67040
67040
67039
67039
67038
67038
67035
67035
67033
67033
67032
67031
67030
67029
67028
67028
67028
67028
67027
67025
67025
67021
67020
67019
67019
67018
67017
67017
67014
67013
67012
67010
67009
67009
67009
67008
67007
67006
67001
67000
66999
66997
66996
66996
66995
66994
66993
66992
66991
66991
66990
66989
66987
66984
66984
66983
66980
66979
66976
66976
66976
66975
66975
66974
66973
66972
66971
66969
66968
66967
66967
66967
66967
66967
66967
66964
66963
66963
66962
66962
66962
66961
66961
66959
66959
66957
66957
66956
66953
66953
66949
66947
66946
66943
66943
66940
66940
66939
66939
66939
66938
66937
66937
66937
66937
66936
66936
66936
66934
66933
66930
66929
66929
66929
66928
66928
66927
66925
66924
66922
66922
66921
66919
66918
66917
66916
66916
66916
66915
66915
66913
66909
66908
66908
66908
66908
66908
66907
66906
66906
66905
66905
66904
66903
66901
66901
66900
66899
66898
66898
66898
66898
66897
66897
66896
66895
66895
66895
66895
66894
66894
66893
66892
66892
66890
66890
66890
66889
66888
66886
66886
66886
66885
66884
66883
66882
66881
66880
66880
66878
66877
66874
66873
66873
66872
66872
66872
66872
66871
66871
66870
66869
66867
66866
66865
66863
66862
66861
66860
66857
66856
66856
66856
66851
66850
66850
66850
66849
66849
66848
66848
66847
66845
66845
66844
66844
66844
66842
66842
66841
66838
66837
66836
66835
66834
66831
66829
66829
66828
66827
66827
66825
66824
66823
66822
66821
66819
66819
66818
66818
66818
66817
66817
66816
66815
66815
66815
66815
66814
66814
66814
66812
66812
66812
66808
66808
66804
66804
66801
66801
66800
66800
66797
66797
66796
66796
66795
66793
66792
66792
66791
66790
66789
66789
66788
66787
66786
66785
66784
66784
66782
66782
66780
66779
66778
66777
66775
66774
66772
66771
66771
66770
66770
66769
66769
66768
66765
66764
66764
66763
66760
66759
66759
66757
66757
66757
66756
66755
66754
66753
66752
66749
66748
66748
66748
66746
66745
66741
66740
66736
66735
66734
66733
66733
66730
66728
66728
66727
66727
66727
66726
66726
66725
66724
66721
66720
66720
66719
66718
66717
66716
66714
66712
66711
66708
66708
66706
66705
66705
66704
66703
66702
66702
66701
66701
66700
66700
66700
66699
66699
66698
66698
66697
66695
66693
66690
66688
66688
66687
66685
66684
66683
66683
66682
66679
66679
66678
66677
66677
66675
66675
66673
66672
66672
66671
66667
66666
66665
66664
66663
66661
66659
66658
66657
66651
66648
66647
66644
66643
66643
66642
66641
66640
66638
66638
66636
66635
66634
66632
66632
66631
66629
66628
66628
66628
66626
66626
66625
66624
66623
66623
66619
66618
66618
66612
66611
66611
66610
66610
66608
66607
66607
66606
66606
66605
66605
66604
66603
66601
66600
66599
66596
66596
66592
66592
66592
66592
66591
66589
66588
66587
66587
66587
66586
66586
66586
66585
66585
66585
66585
66584
66583
66583
66581
66581
66580
66574
66574
66574
66573
66573
66571
66571
66570
66568
66568
66567
66567
66565
66565
66564
66564
66564
66564
66560
66560
66559
66556
66556
66556
66554
66554
66553
66553
66553
66550
66548
66548
66546
66545
66545
66545
66544
66544
66543
66541
66541
66541
66541
66541
66540
66540
66537
66536
66532
66532
66529
66527
66527
66526
66523
66523
66522
66520
66520
66519
66517
66517
66513
66513
66512
66512
66509
66508
66507
66507
66506
66504
66503
66501
66500
66500
66498
66498
66497
66497
66497
66495
66494
66494
66493
66489
66488
66487
66487
66487
66486
66486
66486
66484
66484
66482
66482
66481
66481
66480
66479
66478
66477
66477
66476
66475
66473
66473
66472
66471
66470
66469
66469
66468
66468
66467
66467
66467
66464
66463
66462
66462
66461
66455
66455
66454
66452
66451
66450
66449
66449
66449
66448
66446
66446
66446
66446
66445
66444
66441
66441
66440
66440
66440
66435
66435
66435
66434
66434
66434
66434
66431
66429
66428
66427
66426
66425
66425
66425
66423
66422
66421
66419
66419
66418
66418
66416
66414
66413
66413
66412
66412
66410
66410
66409
66407
66404
66404
66403
66402
66401
66401
66399
66394
66393
66387
66387
66386
66386
66385
66383
66381
66381
66380
66378
66373
66373
66373
66373
66371
66371
66370
66369
66369
66368
66367
66367
66367
66366
66365
66363
66362
66362
66360
66359
66356
66356
66356
66355
66355
66355
66354
66353
66353
66353
66352
66352
66350
66349
66349
66347
66346
66345
66343
66343
66342
66342
66341
66340
66339
66339
66336
66333
66332
66331
66329
66329
66329
66327
66324
66322
66320
66319
66319
66316
66315
66315
66312
66311
66309
66308
66307
66306
66305
66303
66303
66301
66300
66299
66299
66298
66298
66298
66296
66296
66294
66292
66291
66290
66289
66285
66285
66285
66284
66284
66283
66282
66282
66281
66281
66280
66279
66278
66278
66277
66277
66277
66276
66275
66273
66273
66272
66272
66272
66271
66271
66268
66265
66264
66263
66262
66262
66261
66260
66259
66256
66253
66252
66250
66250
66246
66245
66245
66243
66241
66241
66240
66237
66236
66234
66233
66231
66231
66229
66229
66226
66224
66224
66224
66224
66223
66223
66222
66222
66222
66221
66219
66219
66217
66216
66215
66214
66213
66213
66212
66212
66211
66210
66210
66207
66205
66204
66203
66203
66202
66202
66198
66198
66197
66196
66195
66195
66195
66192
66192
66192
66191
66190
66190
66188
66188
66187
66187
66185
66184
66183
66183
66182
66181
66180
66180
66178
66177
66176
66176
66175
66174
66174
66172
66170
66169
66169
66168
66168
66166
66165
66162
66161
66159
66156
66156
66156
66154
66153
66151
66150
66150
66150
66149
66149
66146
66146
66146
66140
66137
66137
66136
66135
66131
66131
66130
66130
66129
66129
66126
66122
66122
66121
66121
66117
66116
66116
66115
66114
66114
66114
66112
66111
66111
66108
66108
66108
66107
66107
66107
66106
66106
66106
66104
66101
66099
66099
66098
66097
66096
66096
66092
66092
66090
66089
66089
66089
66086
66085
66084
66084
66083
66083
66082
66082
66081
66081
66079
66077
66076
66076
66075
66075
66073
66072
66071
66070
66070
66069
66068
66067
66067
66064
66063
66062
66061
66060
66059
66059
66058
66056
66053
66052
66052
66051
66051
66051
66051
66051
66049
66049
66048
66048
66047
66047
66046
66046
66043
66040
66040
66039
66039
66039
66039
66038
66037
66035
66035
66034
66033
66033
66029
66028
66028
66026
66025
66025
66024
66021
66020
66019
66018
66018
66017
66017
66016
66014
66012
66011
66010
66009
66009
66007
66006
66006
66004
66004
66003
66003
66000
66000
65999
65999
65998
65998
65998
65996
65995
65995
65994
65992
65991
65990
65989
65988
65987
65986
65986
65985
65983
65983
65981
65981
65977
65977
65973
65973
65971
65969
65969
65968
65968
65968
65965
65965
65964
65963
65962
65962
65961
65955
65954
65953
65953
65953
65952
65951
65951
65949
65948
65948
65947
65945
65945
65945
65945
65943
65941
65940
65939
65939
65939
65938
65937
65936
65935
65934
65933
65931
65928
65927
65927
65927
65926
65926
65925
65925
65925
65924
65924
65923
65922
65921
65921
65919
65919
65917
65916
65914
65914
65913
65913
65911
65909
65908
65908
65908
65907
65907
65907
65907
65906
65904
65904
65901
65900
65900
65900
65899
65897
65895
65894
65894
65891
65891
65891
65889
65889
65888
65887
65887
65884
65884
65883
65882
65877
65877
65877
65876
65874
65871
65871
65871
65870
65870
65869
65868
65868
65866
65866
65866
65865
65865
65864
65864
65862
65862
65859
65859
65859
65856
65855
65852
65849
65847
65846
65845
65843
65843
65843
65843
65842
65840
65838
65837
65835
65835
65834
65834
65832
65832
65828
65827
65827
65827
65826
65824
65823
65823
65822
65821
65821
65820
65819
65819
65818
65817
65815
65815
65814
65813
65813
65812
65812
65811
65810
65809
65807
65807
65806
65805
65804
65804
65803
65803
65801
65798
65798
65796
65794
65792
65790
65785
65784
65783
65782
65781
65780
65779
65778
65778
65778
65777
65776
65775
65774
65773
65773
65773
65770
65770
65768
65768
65768
65767
65767
65767
65767
65767
65766
65766
65766
65766
65765
65764
65764
65762
65761
65761
65761
65759
65758
65757
65757
65754
65752
65752
65752
65750
65748
65748
65745
65744
65744
65744
65741
65741
65741
65740
65740
65739
65737
65736
65736
65735
65735
65733
65733
65732
65732
65730
65730
65729
65727
65727
65726
65725
65724
65723
65722
65721
65721
65720
65719
65718
65718
65717
65716
65714
65712
65712
65711
65709
65708
65707
65707
65707
65706
65706
65706
65705
65705
65703
65703
65703
65702
65701
65701
65701
65701
65698
65698
65697
65697
65694
65693
65693
65693
65692
65691
65690
65690
65689
65688
65686
65684
65683
65682
65682
65682
65681
65679
65678
65678
65676
65675
65674
65673
65673
65672
65671
65668
65665
65664
65663
65663
65662
65662
65658
65656
65656
65655
65655
65655
65653
65651
65648
65648
65648
65647
65646
65646
65646
65645
65645
65645
65644
65642
65642
65641
65641
65639
65639
65638
65637
65635
65634
65633
65631
65630
65630
65628
65625
65624
65624
65621
65619
65619
65619
65616
65615
65615
65615
65614
65612
65612
65609
65609
65607
65603
65602
65601
65601
65600
65599
65599
65599
65598
65597
65597
65595
65594
65594
65593
65592
65591
65587
65586
65585
65585
65583
65582
65582
65581
65579
65578
65577
65576
65575
65573
65572
65571
65571
65566
65566
65565
65565
65565
65564
65562
65560
65559
65556
65555
65554
65553
65551
65550
65548
65547
65544
65542
65542
65541
65539
65539
65536
65535
65534
65534
65533
65532
65532
65530
65529
65529
65528
65528
65527
65525
65524
65523
65521
65519
65518
65517
65514
65513
65512
65511
65510
65509
65506
65503
65500
65499
65498
65493
65490
65487
65487
65486
65485
65485
65483
65482
65482
65482
65482
65481
65481
65479
65478
65477
65477
65477
65476
65475
65475
65475
65473
65473
65472
65472
65469
65465
65463
65463
65462
65461
65460
65458
65457
65457
65457
65456
65456
65454
65452
65451
65451
65450
65449
65449
65447
65444
65443
65443
65443
65442
65440
65440
65437
65434
65433
65432
65432
65428
65427
65421
65420
65419
65417
65416
65414
65412
65411
65411
65411
65410
65408
65407
65407
65406
65405
65404
65403
65401
65400
65400
65398
65397
65394
65393
65393
65391
65390
65388
65387
65386
65385
65384
65384
65384
65382
65382
65379
65379
65379
65376
65375
65374
65372
65371
65367
65366
65365
65364
65364
65363
65361
65359
65358
65357
65356
65356
65356
65354
65353
65353
65352
65351
65349
65349
65348
65345
65342
65341
65339
65337
65337
65336
65335
65329
65329
65329
65329
65327
65327
65325
65324
65323
65321
65321
65320
65319
65319
65319
65319
65318
65318
65317
65317
65315
65312
65312
65308
65308
65308
65308
65307
65306
65306
65305
65304
65301
65301
65301
65300
65299
65297
65297
65296
65296
65295
65295
65295
65294
65293
65292
65290
65289
65288
65288
65287
65287
65285
65284
65283
65281
65280
65278
65277
65277
65275
65274
65274
65274
65273
65271
65270
65270
65267
65266
65265
65263
65263
65261
65261
65260
65260
65260
65258
65258
65258
65257
65255
65255
65254
65254
65253
65250
65250
65249
65247
65247
65246
65246
65244
65243
65243
65243
65242
65242
65241
65240
65240
65238
65237
65235
65235
65235
65235
65234
65233
65232
65230
65228
65227
65227
65226
65226
65225
65225
65224
65224
65223
65223
65222
65221
65220
65218
65217
65215
65212
65212
65212
65211
65210
65209
65209
65208
65207
65207
65206
65205
65204
65204
65202
65200
65200
65200
65199
65195
65195
65194
65193
65193
65192
65191
65189
65187
65187
65186
65182
65181
65180
65179
65178
65174
65174
65173
65172
65172
65171
65170
65170
65170
65168
65168
65167
65167
65167
65166
65166
65166
65166
65165
65163
65162
65162
65161
65159
65158
65157
65157
65156
65155
65154
65154
65154
65153
65151
65150
65150
65149
65149
65148
65147
65147
65147
65147
65146
65143
65143
65141
65141
65141
65140
65140
65137
65136
65136
65134
65133
65132
65131
65131
65131
65131
65130
65130
65127
65127
65126
65126
65125
65125
65121
65121
65121
65121
65119
65119
65117
65115
65115
65113
65113
65111
65111
65109
65106
65106
65105
65105
65105
65105
65102
65101
65098
65097
65093
65092
65091
65091
65091
65089
65088
65088
65088
65088
65087
65087
65086
65085
65085
65085
65085
65085
65083
65083
65082
65081
65081
65080
65079
65079
65077
65076
65076
65075
65074
65074
65072
65071
65071
65070
65069
65068
65068
65067
65065
65063
65063
65062
65061
65058
65058
65056
65056
65056
65055
65055
65052
65049
65046
65046
65045
65044
65043
65042
65041
65041
65040
65039
65037
65037
65035
65025
65025
65024
65022
65022
65021
65020
65019
65018
65016
65016
65016
65016
65013
65013
65012
65012
65011
65010
65008
65007
65005
65004
65003
65003
65001
65001
64998
64997
64994
64993
64992
64990
64988
64987
64985
64984
64984
64983
64983
64983
64982
64981
64980
64978
64977
64976
64975
64974
64974
64974
64973
64972
64970
64970
64970
64969
64969
64967
64967
64966
64964
64962
64962
64959
64959
64959
64959
64958
64957
64954
64953
64953
64953
64952
64951
64951
64951
64951
64950
64949
64948
64948
64948
64946
64944
64944
64942
64942
64937
64936
64936
64936
64936
64933
64932
64932
64927
64927
64926
64926
64925
64924
64920
64919
64917
64917
64916
64916
64915
64915
64913
64911
64910
64908
64908
64907
64906
64905
64905
64904
64903
64901
64900
64899
64899
64898
64897
64896
64895
64895
64892
64892
64891
64890
64887
64886
64883
64882
64882
64880
64880
64879
64876
64876
64875
64873
64869
64868
64868
64868
64867
64866
64866
64864
64863
64863
64863
64863
64862
64861
64860
64860
64859
64859
64859
64857
64857
64856
64855
64855
64853
64852
64852
64851
64848
64847
64845
64844
64842
64840
64840
64836
64836
64835
64834
64833
64833
64831
64831
64831
64829
64825
64823
64819
64819
64817
64817
64817
64814
64813
64813
64811
64811
64809
64808
64808
64807
64806
64806
64805
64804
64804
64804
64802
64801
64801
64800
64799
64799
64797
64796
64794
64794
64793
64791
64790
64789
64789
64788
64787
64786
64784
64783
64783
64783
64780
64779
64779
64779
64778
64778
64775
64775
64771
64771
64770
64769
64768
64767
64767
64764
64764
64763
64763
64762
64762
64762
64762
64762
64760
64758
64757
64756
64756
64755
64755
64755
64754
64754
64753
64753
64753
64752
64751
64751
64751
64744
64744
64743
64739
64739
64738
64737
64737
64734
64734
64734
64733
64733
64732
64728
64728
64725
64724
64723
64722
64717
64717
64713
64712
64710
64709
64709
64708
64704
64700
64699
64698
64698
64697
64697
64695
64695
64694
64689
64689
64688
64686
64684
64682
64682
64680
64680
64680
64679
64679
64678
64676
64675
64675
64675
64674
64673
64673
64672
64672
64672
64671
64670
64670
64669
64668
64667
64667
64667
64665
64664
64663
64660
64660
64658
64657
64657
64657
64656
64654
64654
64653
64651
64651
64651
64650
64650
64649
64649
64649
64648
64648
64647
64647
64647
64646
64646
64644
64641
64641
64641
64641
64640
64639
64639
64637
64632
64632
64631
64630
64630
64628
64628
64627
64623
64622
64622
64621
64621
64618
64616
64615
64614
64614
64613
64611
64609
64608
64608
64607
64606
64606
64605
64603
64602
64600
64599
64597
64596
64593
64593
64592
64592
64591
64590
64590
64588
64588
64588
64587
64587
64584
64584
64583
64583
64582
64582
64581
64580
64579
64579
64578
64578
64578
64577
64573
64573
64572
64572
64570
64568
64568
64567
64567
64567
64565
64565
64564
64564
64563
64563
64562
64560
64557
64557
64555
64555
64554
64554
64553
64552
64551
64550
64548
64546
64544
64543
64542
64542
64541
64537
64537
64537
64537
64536
64534
64533
64533
64532
64532
64531
64530
64530
64529
64528
64528
64528
64526
64526
64525
64524
64524
64524
64520
64520
64518
64516
64516
64515
64514
64512
64510
64509
64509
64508
64507
64505
64505
64503
64502
64502
64502
64501
64500
64499
64497
64497
64497
64496
64496
64494
64494
64491
64491
64490
64489
64488
64486
64485
64485
64482
64481
64480
64479
64478
64478
64477
64477
64477
64476
64475
64475
64475
64475
64473
64472
64470
64470
64470
64469
64469
64467
64464
64463
64461
64460
64459
64459
64458
64458
64457
64456
64455
64451
64451
64448
64447
64446
64443
64443
64442
64442
64439
64437
64437
64437
64436
64435
64434
64434
64434
64433
64433
64433
64432
64431
64431
64430
64430
64428
64423
64423
64423
64422
64422
64422
64421
64421
64420
64418
64417
64417
64415
64414
64414
64413
64412
64411
64410
64409
64409
64409
64408
64407
64406
64402
64402
64402
64401
64400
64399
64397
64397
64396
64394
64393
64393
64391
64390
64388
64388
64387
64387
64387
64384
64384
64382
64382
64381
64379
64378
64378
64377
64376
64376
64375
64375
64375
64374
64374
64370
64370
64370
64368
64368
64367
64361
64359
64358
64356
64356
64353
64350
64348
64347
64345
64344
64344
64343
64343
64339
64338
64335
64335
64335
64334
64330
64330
64330
64327
64326
64323
64322
64320
64320
64320
64319
64317
64317
64317
64317
64316
64314
64312
64311
64311
64311
64310
64309
64309
64309
64308
64306
64306
64306
64306
64303
64303
64302
64302
64302
64302
64301
64301
64301
64300
64299
64297
64297
64297
64296
64294
64294
64292
64292
64290
64286
64286
64285
64283
64282
64279
64277
64276
64276
64275
64275
64275
64272
64272
64271
64270
64269
64268
64268
64265
64263
64259
64259
64259
64259
64258
64257
64256
64255
64255
64253
64250
64250
64247
64245
64243
64242
64241
64240
64236
64235
64234
64234
64234
64234
64233
64233
64233
64229
64228
64227
64226
64225
64224
64224
64224
64223
64221
64220
64216
64215
64215
64213
64211
64208
64206
64203
64202
64202
64201
64201
64201
64201
64200
64200
64200
64193
64193
64192
64190
64190
64188
64188
64187
64186
64186
64186
64185
64185
64184
64184
64184
64184
64181
64180
64179
64178
64177
64175
64165
64163
64162
64160
64160
64158
64158
64157
64156
64156
64156
64154
64154
64152
64151
64150
64149
64149
64146
64141
64141
64140
64137
64134
64133
64131
64131
64131
64130
64130
64129
64127
64125
64123
64123
64121
64121
64120
64120
64120
64119
64119
64119
64118
64118
64117
64116
64116
64114
64113
64112
64112
64109
64108
64107
64104
64104
64101
64101
64101
64101
64101
64100
64099
64098
64094
64093
64092
64090
64089
64088
64088
64086
64084
64083
64082
64082
64081
64081
64079
64079
64078
64078
64077
64075
64075
64074
64072
64072
64072
64071
64071
64069
64068
64067
64066
64065
64065
64065
64064
64061
64060
64059
64059
64058
64056
64051
64051
64051
64049
64049
64043
64043
64043
64042
64041
64040
64038
64038
64036
64036
64036
64034
64034
64034
64032
64031
64031
64027
64027
64026
64026
64024
64024
64023
64023
64022
64019
64019
64019
64018
64017
64015
64012
64010
64008
64008
64008
64007
64007
64005
64004
64004
64003
64002
64001
63998
63997
63997
63996
63996
63993
63992
63991
63990
63987
63987
63987
63986
63985
63984
63983
63983
63982
63981
63980
63979
63976
63976
63974
63974
63973
63973
63973
63972
63972
63971
63971
63968
63966
63963
63960
63960
63959
63958
63957
63957
63956
63955
63955
63954
63951
63949
63948
63947
63947
63946
63945
63944
63942
63939
63936
63936
63936
63936
63935
63935
63935
63934
63934
63932
63929
63927
63927
63925
63925
63924
63923
63921
63920
63913
63912
63912
63911
63910
63909
63909
63908
63907
63907
63904
63902
63902
63901
63901
63900
63900
63900
63900
63900
63899
63899
63899
63899
63897
63897
63897
63895
63895
63895
63892
63891
63890
63890
63889
63887
63883
63882
63882
63881
63881
63881
63881
63881
63880
63880
63876
63876
63874
63874
63872
63871
63871
63871
63870
63870
63869
63868
63868
63864
63862
63862
63861
63859
63858
63858
63858
63857
63856
63856
63855
63855
63855
63855
63854
63852
63851
63850
63849
63847
63845
63845
63844
63842
63841
63840
63839
63837
63836
63836
63833
63828
63824
63824
63823
63822
63821
63820
63820
63819
63818
63817
63814
63813
63812
63811
63811
63809
63808
63807
63806
63801
63799
63798
63797
63796
63795
63795
63794
63793
63792
63789
63788
63787
63786
63784
63784
63783
63782
63781
63781
63780
63780
63778
63778
63778
63776
63775
63775
63775
63773
63771
63765
63764
63764
63763
63758
63757
63757
63756
63755
63755
63754
63753
63752
63752
63752
63751
63750
63749
63748
63747
63746
63745
63743
63743
63742
63741
63734
63734
63734
63733
63732
63732
63730
63729
63728
63728
63727
63725
63724
63724
63722
63721
63718
63718
63717
63717
63716
63715
63714
63714
63713
63713
63712
63711
63709
63703
63702
63701
63701
63701
63700
63700
63698
63697
63693
63693
63690
63687
63683
63682
63679
63678
63678
63678
63676
63676
63675
63674
63673
63667
63664
63664
63659
63659
63658
63656
63655
63655
63654
63654
63653
63651
63648
63648
63647
63647
63646
63646
63646
63646
63645
63645
63645
63644
63644
63644
63642
63641
63641
63640
63640
63638
63638
63637
63635
63635
63634
63632
63630
63630
63629
63627
63627
63624
63624
63624
63620
63619
63618
63617
63616
63615
63614
63614
63612
63612
63612
63611
63609
63606
63606
63605
63603
63601
63601
63600
63600
63599
63598
63598
63597
63596
63596
63594
63594
63593
63592
63592
63591
63588
63587
63586
63586
63585
63583
63581
63580
63577
63574
63574
63574
63574
63573
63572
63571
63570
63570
63568
63566
63566
63563
63562
63560
63559
63558
63557
63556
63555
63555
63554
63554
63554
63553
63553
63552
63552
63550
63548
63547
63546
63545
63542
63542
63537
63537
63532
63532
63531
63531
63530
63530
63529
63528
63519
63518
63517
63516
63516
63515
63515
63514
63513
63513
63511
63511
63511
63510
63509
63509
63508
63508
63506
63504
63503
63502
63502
63502
63501
63501
63499
63499
63496
63495
63494
63492
63492
63491
63491
63490
63488
63487
63487
63487
63486
63486
63486
63486
63485
63484
63484
63482
63481
63479
63479
63479
63477
63476
63475
63474
63474
63471
63470
63470
63469
63469
63467
63466
63464
63463
63461
63459
63458
63458
63456
63456
63453
63452
63452
63450
63450
63450
63449
63447
63447
63447
63446
63446
63445
63444
63441
63439
63439
63439
63435
63435
63433
63431
63430
63430
63430
63427
63427
63425
63425
63424
63423
63423
63422
63422
63421
63421
63420
63419
63418
63416
63416
63416
63415
63414
63413
63413
63411
63410
63410
63409
63408
63408
63405
63405
63405
63404
63402
63401
63400
63400
63399
63399
63398
63394
63394
63394
63394
63394
63393
63392
63391
63389
63389
63389
63389
63386
63386
63385
63385
63382
63381
63380
63380
63378
63378
63378
63377
63376
63375
63373
63372
63370
63368
63366
63366
63364
63363
63359
63359
63359
63359
63357
63356
63355
63355
63353
63352
63352
63352
63350
63350
63349
63349
63349
63349
63348
63348
63345
63345
63344
63343
63341
63341
63341
63340
63339
63332
63329
63327
63325
63325
63323
63323
63322
63321
63319
63318
63318
63318
63318
63315
63313
63312
63310
63310
63310
63308
63307
63306
63303
63301
63301
63299
63298
63297
63297
63297
63294
63293
63292
63292
63292
63292
63291
63291
63288
63288
63288
63285
63285
63282
63282
63279
63279
63279
63279
63278
63278
63276
63274
63272
63269
63266
63266
63265
63264
63264
63264
63263
63263
63261
63260
63259
63259
63257
63256
63252
63250
63250
63248
63248
63247
63247
63247
63244
63243
63242
63239
63239
63238
63237
63236
63236
63236
63235
63234
63234
63234
63233
63233
63231
63231
63231
63231
63229
63225
63221
63220
63219
63218
63217
63216
63215
63215
63214
63213
63209
63209
63209
63206
63205
63203
63203
63202
63200
63198
63194
63194
63193
63193
63188
63188
63187
63187
63186
63185
63185
63184
63184
63182
63182
63181
63180
63180
63180
63178
63177
63176
63176
63175
63174
63174
63174
63173
63173
63173
63172
63171
63171
63171
63171
63170
63167
63167
63167
63166
63165
63163
63163
63163
63161
63161
63161
63160
63159
63158
63158
63158
63157
63157
63157
63157
63155
63155
63154
63154
63153
63151
63151
63150
63148
63145
63144
63144
63144
63142
63141
63141
63138
63137
63137
63137
63133
63129
63127
63127
63127
63127
63127
63124
63123
63122
63121
63121
63119
63119
63118
63118
63115
63115
63114
63114
63113
63111
63107
63107
63107
63106
63104
63103
63102
63101
63100
63100
63100
63098
63098
63098
63098
63097
63092
63091
63090
63088
63087
63086
63084
63083
63082
63081
63080
63076
63075
63074
63072
63072
63070
63068
63067
63066
63065
63065
63064
63064
63064
63063
63063
63061
63060
63059
63059
63058
63057
63056
63055
63054
63053
63053
63053
63052
63052
63051
63051
63051
63050
63046
63045
63045
63044
63041
63041
63040
63039
63039
63038
63036
63034
63033
63030
63029
63028
63027
63027
63025
63025
63022
63021
63021
63021
63019
63018
63017
63017
63016
63015
63014
63010
63010
63008
63005
63004
63004
63004
63004
63002
63000
63000
63000
63000
62999
62997
62994
62994
62994
62992
62992
62992
62990
62989
62988
62987
62987
62986
62985
62985
62985
62983
62983
62983
62982
62982
62978
62977
62977
62977
62977
62977
62976
62975
62972
62970
62969
62969
62966
62966
62964
62964
62964
62963
62963
62962
62962
62961
62956
62955
62955
62955
62955
62955
62953
62952
62951
62950
62949
62947
62946
62944
62943
62942
62942
62941
62941
62941
62938
62937
62935
62933
62933
62930
62929
62929
62928
62927
62927
62926
62926
62925
62924
62921
62920
62917
62916
62915
62914
62913
62913
62913
62910
62908
62908
62907
62907
62907
62906
62905
62904
62904
62903
62903
62903
62902
62901
62901
62900
62898
62897
62897
62895
62894
62892
62891
62889
62888
62888
62888
62887
62887
62886
62885
62884
62883
62883
62882
62881
62879
62876
62874
62874
62871
62870
62868
62868
62868
62867
62865
62864
62862
62862
62861
62861
62861
62859
62859
62859
62854
62852
62852
62851
62850
62850
62849
62849
62848
62846
62845
62843
62843
62843
62843
62841
62841
62839
62839
62836
62833
62833
62832
62829
62829
62829
62826
62822
62822
62819
62818
62818
62818
62818
62818
62817
62817
62817
62816
62815
62814
62812
62811
62809
62809
62808
62807
62807
62806
62806
62806
62805
62804
62803
62802
62801
62801
62798
62796
62795
62793
62792
62790
62787
62784
62784
62784
62784
62781
62781
62778
62777
62776
62773
62772
62772
62772
62771
62771
62769
62769
62769
62767
62765
62764
62761
62761
62760
62760
62758
62755
62755
62754
62754
62754
62753
62752
62751
62750
62750
62746
62746
62746
62746
62744
62743
62742
62738
62737
62737
62737
62737
62737
62735
62735
62734
62734
62734
62734
62733
62733
62733
62733
62733
62729
62728
62728
62727
62725
62723
62723
62722
62721
62719
62718
62718
62717
62717
62715
62714
62713
62713
62713
62713
62712
62711
62711
62710
62710
62708
62708
62706
62705
62704
62702
62702
62700
62700
62698
62697
62697
62696
62696
62694
62694
62694
62694
62694
62694
62693
62692
62689
62687
62687
62684
62684
62683
62683
62682
62681
62679
62679
62678
62677
62676
62675
62675
62675
62674
62673
62672
62672
62669
62669
62668
62668
62667
62666
62665
62662
62661
62660
62659
62659
62659
62658
62657
62656
62656
62653
62652
62652
62646
62645
62645
62644
62643
62642
62642
62641
62640
62637
62637
62636
62635
62635
62634
62634
62630
62630
62629
62628
62627
62625
62623
62619
62618
62616
62615
62613
62613
62611
62610
62607
62607
62607
62606
62604
62603
62603
62601
62597
62597
62594
62593
62593
62592
62592
62592
62591
62590
62589
62588
62587
62586
62585
62585
62585
62584
62583
62583
62583
62582
62581
62580
62577
62577
62574
62574
62574
62572
62572
62570
62569
62568
62565
62564
62562
62561
62560
62558
62555
62554
62552
62551
62551
62550
62548
62547
62547
62546
62545
62544
62544
62543
62543
62542
62540
62539
62537
62537
62536
62536
62535
62534
62534
62534
62533
62533
62533
62533
62533
62531
62530
62527
62527
62527
62526
62526
62525
62524
62524
62523
62523
62522
62521
62516
62515
62514
62513
62512
62512
62511
62510
62510
62510
62508
62507
62507
62506
62506
62505
62504
62504
62503
62503
62503
62503
62501
62501
62501
62501
62501
62496
62494
62493
62492
62492
62491
62491
62489
62489
62487
62487
62486
62484
62484
62484
62483
62483
62482
62482
62481
62480
62478
62477
62471
62469
62469
62467
62467
62466
62465
62463
62463
62462
62461
62461
62460
62460
62458
62458
62458
62458
62458
62457
62457
62456
62455
62454
62452
62452
62451
62451
62450
62450
62449
62449
62448
62448
62448
62447
62445
62443
62442
62442
62440
62439
62439
62439
62438
62437
62437
62437
62437
62432
62431
62430
62430
62429
62429
62429
62429
62426
62426
62426
62425
62425
62425
62424
62421
62420
62420
62420
62418
62415
62414
62414
62414
62414
62413
62411
62411
62410
62409
62409
62408
62407
62407
62406
62405
62405
62403
62395
62394
62394
62394
62394
62394
62393
62393
62393
62392
62392
62391
62391
62386
62385
62385
62385
62384
62384
62383
62383
62383
62382
62381
62381
62380
62379
62379
62378
62374
62373
62369
62369
62369
62369
62368
62367
62366
62366
62364
62361
62361
62361
62360
62359
62357
62356
62356
62354
62352
62351
62351
62350
62349
62349
62349
62348
62348
62347
62347
62346
62346
62346
62344
62344
62343
62343
62342
62340
62339
62338
62338
62337
62335
62335
62335
62334
62334
62334
62333
62333
62332
62332
62331
62331
62328
62328
62327
62323
62322
62321
62320
62317
62316
62315
62315
62314
62312
62309
62308
62305
62305
62304
62304
62304
62303
62302
62302
62301
62299
62298
62298
62297
62296
62296
62295
62293
62293
62293
62291
62291
62290
62290
62289
62287
62287
62284
62284
62283
62283
62283
62281
62281
62279
62276
62276
62276
62275
62271
62270
62269
62269
62268
62266
62265
62264
62264
62263
62259
62259
62257
62256
62256
62253
62252
62247
62247
62245
62245
62245
62245
62241
62241
62240
62238
62236
62235
62235
62235
62234
62234
62232
62232
62232
62230
62227
62227
62225
62224
62224
62224
62223
62222
62222
62221
62220
62220
62220
62218
62218
62217
62216
62216
62215
62214
62211
62210
62206
62205
62204
62204
62204
62203
62202
62202
62201
62198
62198
62194
62194
62194
62193
62192
62192
62191
62190
62188
62187
62187
62185
62185
62185
62184
62184
62184
62182
62181
62181
62181
62181
62180
62179
62179
62178
62177
62177
62174
62174
62174
62173
62172
62171
62170
62167
62166
62166
62164
62162
62162
62161
62160
62159
62157
62157
62156
62156
62154
62154
62153
62152
62151
62149
62148
62147
62145
62144
62144
62144
62143
62143
62143
62143
62141
62140
62140
62138
62136
62135
62135
62132
62132
62128
62126
62125
62123
62121
62121
62119
62117
62116
62115
62115
62114
62114
62114
62113
62113
62113
62112
62111
62107
62107
62105
62103
62102
62099
62097
62097
62097
62096
62096
62095
62094
62094
62093
62093
62093
62092
62091
62089
62088
62085
62085
62084
62083
62081
62081
62081
62080
62077
62077
62076
62074
62071
62071
62071
62070
62067
62065
62064
62064
62064
62063
62063
62062
62060
62060
62059
62058
62057
62054
62053
62052
62052
62051
62049
62048
62046
62046
62046
62046
62045
62044
62043
62042
62042
62041
62041
62038
62038
62037
62036
62035
62033
62033
62033
62031
62031
62030
62029
62027
62025
62025
62025
62024
62023
62020
62018
62015
62014
62013
62011
62010
62009
62009
62006
62003
62002
62002
62002
62001
62001
62001
62000
61999
61998
61997
61996
61996
61996
61995
61990
61983
61980
61980
61979
61977
61977
61976
61975
61975
61974
61971
61971
61970
61969
61967
61965
61965
61964
61964
61963
61962
61960
61957
61957
61957
61956
61955
61948
61946
61946
61945
61944
61944
61943
61942
61942
61942
61939
61938
61937
61937
61935
61935
61935
61934
61933
61933
61933
61932
61931
61931
61929
61927
61926
61924
61924
61923
61919
61918
61917
61917
61916
61915
61915
61915
61913
61913
61912
61910
61907
61905
61904
61904
61903
61902
61901
61899
61899
61897
61897
61895
61894
61894
61893
61893
61892
61892
61891
61890
61890
61889
61888
61885
61885
61884
61884
61883
61880
61879
61873
61871
61871
61870
61870
61867
61866
61865
61865
61863
61862
61859
61858
61857
61857
61856
61855
61854
61852
61850
61850
61849
61846
61845
61844
61844
61843
61843
61841
61838
61838
61837
61836
61836
61835
61834
61834
61832
61829
61828
61828
61828
61827
61826
61826
61825
61824
61822
61822
61821
61820
61816
61815
61814
61813
61813
61812
61812
61811
61811
61808
61808
61806
61804
61803
61800
61800
61799
61798
61798
61797
61797
61795
61793
61793
61793
61791
61791
61789
61786
61786
61784
61782
61782
61781
61778
61777
61776
61775
61774
61774
61773
61772
61772
61769
61769
61767
61766
61765
61764
61761
61761
61761
61758
61757
61757
61756
61756
61755
61753
61752
61752
61752
61750
61750
61749
61749
61747
61747
61743
61743
61742
61741
61741
61740
61739
61737
61736
61735
61734
61733
61732
61731
61730
61728
61727
61723
61720
61720
61719
61719
61719
61718
61718
61716
61716
61716
61714
61714
61714
61713
61711
61711
61710
61710
61710
61709
61708
61707
61707
61703
61701
61701
61699
61699
61699
61698
61697
61695
61689
61688
61688
61688
61687
61685
61683
61683
61682
61681
61681
61680
61678
61678
61677
61676
61674
61673
61672
61671
61671
61670
61670
61668
61667
61667
61667
61666
61665
61664
61663
61662
61661
61661
61660
61660
61657
61657
61656
61656
61656
61655
61654
61654
61654
61653
61646
61644
61644
61643
61642
61638
61636
61635
61635
61635
61634
61634
61634
61632
61630
61630
61630
61630
61629
61629
61629
61629
61628
61627
61626
61626
61626
61625
61620
61618
61617
61615
61614
61613
61612
61611
61610
61610
61610
61608
61607
61605
61605
61602
61601
61600
61600
61599
61598
61596
61594
61593
61593
61592
61592
61591
61590
61589
61589
61589
61588
61587
61586
61586
61584
61582
61581
61580
61580
61577
61575
61574
61574
61572
61570
61570
61563
61562
61562
61560
61558
61558
61557
61555
61554
61554
61553
61551
61551
61551
61549
61548
61546
61546
61546
61544
61543
61543
61540
61540
61538
61535
61534
61534
61533
61530
61530
61529
61528
61526
61526
61521
61519
61519
61518
61516
61515
61515
61513
61512
61512
61510
61510
61510
61509
61509
61508
61502
61497
61497
61496
61495
61495
61495
61491
61491
61487
61486
61486
61485
61484
61484
61483
61483
61483
61481
61481
61478
61477
61476
61476
61475
61474
61474
61474
61472
61472
61470
61470
61468
61467
61467
61465
61464
61464
61464
61463
61463
61463
61462
61460
61459
61458
61456
61456
61456
61451
61451
61449
61448
61447
61447
61445
61443
61441
61439
61438
61437
61437
61436
61436
61436
61435
61435
61429
61429
61429
61427
61427
61427
61424
61424
61422
61422
61421
61418
61416
61416
61415
61414
61414
61413
61412
61409
61408
61407
61406
61406
61403
61403
61403
61401
61398
61396
61394
61394
61394
61394
61393
61392
61392
61390
61389
61388
61387
61387
61386
61386
61385
61383
61382
61381
61380
61380
61379
61378
61378
61375
61374
61374
61372
61372
61372
61371
61370
61370
61369
61369
61369
61369
61368
61368
61366
61366
61364
61364
61363
61360
61359
61358
61356
61354
61352
61352
61352
61352
61350
61350
61348
61346
61346
61344
61344
61343
61342
61340
61339
61339
61338
61337
61337
61333
61333
61333
61333
61332
61331
61331
61330
61330
61329
61326
61326
61323
61323
61322
61321
61320
61320
61319
61318
61318
61317
61316
61313
61311
61311
61310
61309
61307
61305
61305
61305
61304
61303
61303
61303
61299
61299
61298
61295
61294
61294
61294
61293
61290
61290
61290
61289
61287
61285
61285
61285
61280
61278
61277
61274
61274
61272
61270
61270
61268
61268
61267
61267
61266
61266
61266
61266
61265
61264
61264
61263
61262
61261
61259
61258
61257
61257
61254
61254
61253
61253
61250
61250
61249
61248
61248
61247
61247
61246
61246
61245
61244
61241
61241
61241
61240
61239
61239
61237
61237
61236
61233
61233
61231
61229
61228
61228
61227
61226
61226
61226
61224
61223
61222
61222
61222
61222
61221
61220
61219
61218
61218
61217
61217
61216
61214
61214
61209
61208
61208
61208
61206
61205
61205
61204
61203
61203
61198
61196
61192
61191
61191
61190
61190
61189
61188
61187
61187
61187
61184
61183
61182
61181
61181
61179
61179
61178
61177
61177
61177
61177
61177
61175
61172
61172
61172
61172
61170
61170
61169
61168
61164
61163
61163
61162
61160
61158
61157
61156
61154
61153
61152
61149
61145
61144
61144
61143
61143
61141
61141
61140
61138
61138
61137
61137
61133
61133
61132
61132
61131
61130
61129
61128
61128
61125
61124
61123
61123
61122
61120
61120
61118
61117
61117
61117
61116
61113
61111
61111
61110
61110
61109
61109
61109
61108
61107
61104
61104
61104
61102
61101
61101
61101
61101
61100
61100
61099
61094
61094
61093
61091
61090
61087
61086
61085
61080
61076
61076
61075
61075
61075
61075
61074
61070
61070
61068
61065
61065
61064
61064
61062
61060
61060
61059
61059
61059
61055
61053
61052
61051
61050
61050
61050
61048
61044
61042
61041
61041
61040
61040
61040
61039
61039
61039
61039
61038
61036
61035
61035
61034
61033
61032
61029
61029
61028
61024
61023
61023
61023
61022
61020
61020
61017
61015
61014
61014
61013
61012
61007
61006
61005
61003
61003
61002
61000
60998
60997
60996
60996
60996
60993
60993
60991
60991
60990
60989
60987
60986
60984
60980
60980
60979
60979
60978
60978
60978
60978
60977
60976
60970
60970
60969
60968
60968
60965
60963
60963
60960
60959
60958
60957
60957
60956
60955
60955
60954
60954
60953
60953
60953
60953
60952
60951
60951
60949
60948
60948
60947
60947
60946
60946
60945
60943
60943
60941
60940
60940
60938
60937
60936
60934
60934
60933
60931
60930
60930
60929
60928
60927
60927
60927
60926
60926
60926
60925
60924
60920
60918
60915
60915
60914
60913
60913
60912
60911
60911
60911
60910
60910
60910
60910
60909
60909
60907
60904
60904
60903
60902
60902
60901
60901
60896
60895
60893
60892
60891
60891
60890
60890
60889
60889
60889
60888
60887
60886
60886
60886
60885
60884
60882
60882
60882
60878
60877
60876
60876
60874
60874
60871
60870
60870
60868
60867
60867
60865
60865
60864
60863
60861
60859
60857
60857
60856
60855
60853
60853
60851
60851
60850
60850
60848
60848
60847
60847
60845
60845
60843
60843
60842
60842
60838
60835
60834
60834
60831
60825
60824
60821
60820
60820
60820
60819
60818
60818
60817
60812
60812
60812
60811
60810
60808
60807
60806
60803
60802
60802
60802
60801
60797
60793
60792
60791
60791
60789
60785
60784
60781
60781
60780
60778
60776
60775
60769
60769
60768
60764
60763
60762
60761
60759
60759
60756
60755
60755
60753
60753
60753
60751
60748
60747
60747
60746
60743
60742
60742
60739
60739
60738
60735
60731
60729
60729
60729
60725
60724
60721
60720
60719
60716
60716
60715
60714
60712
60711
60710
60709
60708
60706
60704
60702
60702
60701
60700
60695
60693
60692
60692
60692
60690
60689
60688
60686
60684
60683
60682
60682
60681
60681
60678
60678
60678
60677
60674
60672
60671
60670
60669
60669
60666
60663
60662
60662
60660
60659
60659
60656
60656
60656
60656
60655
60655
60653
60653
60651
60651
60651
60649
60649
60649
60648
60647
60646
60645
60645
60642
60641
60641
60640
60640
60640
60638
60637
60635
60632
60631
60630
60630
60628
60628
60628
60628
60627
60626
60622
60621
60621
60620
60620
60619
60619
60618
60616
60616
60616
60616
60616
60616
60613
60613
60612
60612
60612
60611
60611
60609
60608
60608
60605
60601
60601
60600
60600
60600
60598
60595
60594
60594
60591
60591
60591
60590
60589
60588
60587
60587
60586
60584
60584
60583
60583
60582
60577
60577
60576
60574
60573
60573
60572
60572
60572
60571
60571
60571
60569
60569
60568
60567
60567
60566
60566
60565
60565
60564
60564
60563
60563
60561
60560
60559
60557
60557
60556
60555
60554
60554
60552
60550
60550
60548
60548
60547
60545
60544
60544
60543
60543
60541
60541
60541
60541
60540
60539
60539
60538
60537
60537
60537
60536
60535
60534
60531
60531
60530
60530
60529
60527
60527
60526
60525
60524
60523
60523
60520
60519
60519
60516
60516
60516
60513
60511
60511
60509
60509
60507
60505
60504
60504
60504
60499
60497
60497
60497
60497
60497
60491
60490
60488
60487
60484
60484
60484
60483
60483
60483
60481
60479
60479
60479
60477
60476
60476
60475
60475
60475
60474
60474
60472
60472
60472
60470
60470
60469
60468
60467
60465
60464
60464
60464
60464
60464
60464
60463
60461
60458
60456
60456
60455
60453
60450
60449
60448
60446
60442
60442
60441
60440
60440
60437
60437
60436
60435
60433
60432
60430
60430
60430
60429
60428
60426
60426
60424
60424
60422
60422
60422
60421
60420
60419
60419
60418
60417
60417
60413
60412
60411
60410
60410
60410
60409
60408
60408
60408
60408
60407
60407
60406
60406
60404
60404
60404
60403
60402
60402
60400
60398
60398
60398
60396
60395
60394
60394
60392
60392
60392
60391
60391
60389
60389
60388
60388
60388
60388
60387
60387
60386
60385
60384
60384
60382
60380
60380
60376
60374
60373
60373
60372
60372
60371
60368
60368
60365
60365
60364
60364
60357
60357
60357
60356
60356
60355
60354
60354
60353
60353
60350
60348
60348
60348
60348
60347
60346
60345
60344
60344
60342
60342
60340
60338
60338
60337
60337
60337
60337
60336
60336
60334
60334
60334
60328
60328
60327
60325
60324
60322
60321
60320
60320
60319
60319
60317
60316
60316
60313
60313
60307
60306
60306
60306
60304
60304
60302
60302
60299
60299
60298
60298
60298
60297
60295
60295
60295
60294
60293
60291
60290
60289
60287
60286
60283
60281
60281
60280
60279
60277
60275
60275
60275
60273
60273
60268
60266
60266
60266
60262
60262
60261
60260
60260
60257
60255
60254
60252
60250
60250
60246
60244
60243
60242
60242
60241
60240
60240
60239
60237
60236
60235
60235
60235
60235
60234
60233
60232
60232
60230
60229
60228
60228
60227
60225
60223
60223
60222
60221
60221
60217
60216
60216
60214
60213
60210
60210
60209
60209
60207
60204
60201
60201
60200
60199
60198
60197
60197
60196
60195
60195
60195
60195
60192
60192
60190
60189
60187
60186
60186
60186
60185
60185
60184
60183
60183
60182
60182
60181
60181
60180
60180
60180
60178
60177
60177
60175
60175
60175
60174
60174
60173
60172
60172
60171
60171
60171
60170
60170
60167
60167
60167
60164
60164
60164
60163
60162
60162
60161
60159
60158
60156
60156
60155
60153
60152
60152
60151
60151
60150
60150
60149
60147
60147
60146
60145
60145
60145
60144
60143
60143
60142
60141
60139
60136
60136
60136
60136
60134
60134
60134
60133
60133
60133
60130
60130
60129
60129
60128
60128
60128
60127
60124
60122
60121
60121
60121
60120
60119
60119
60119
60119
60118
60117
60116
60116
60115
60114
60113
60113
60113
60110
60110
60108
60108
60106
60103
60103
60102
60101
60099
60099
60097
60096
60096
60095
60094
60094
60094
60093
60093
60091
60091
60089
60085
60083
60080
60080
60079
60078
60077
60077
60077
60072
60072
60072
60071
60070
60070
60068
60067
60064
60063
60058
60058
60058
60057
60054
60054
60052
60052
60051
60049
60046
60045
60045
60044
60044
60043
60042
60041
60041
60039
60038
60037
60036
60036
60036
60034
60033
60033
60031
60028
60028
60026
60026
60024
60023
60023
60022
60021
60020
60018
60017
60016
60016
60016
60013
60013
60013
60012
60012
60012
60010
60010
60008
60008
60006
60005
60004
60004
60003
60003
59999
59998
59998
59997
59992
59992
59992
59991
59987
59987
59985
59984
59981
59980
59979
59979
59979
59974
59971
59971
59969
59968
59967
59962
59961
59960
59959
59959
59959
59958
59956
59954
59954
59950
59949
59948
59947
59947
59943
59943
59943
59942
59942
59940
59940
59939
59939
59938
59938
59937
59936
59935
59935
59932
59931
59930
59926
59923
59921
59921
59921
59921
59919
59916
59915
59914
59912
59912
59910
59909
59907
59907
59907
59906
59905
59904
59904
59904
59903
59900
59900
59900
59900
59899
59899
59898
59898
59896
59896
59895
59894
59894
59893
59893
59892
59892
59892
59891
59888
59888
59887
59886
59885
59885
59884
59883
59880
59879
59878
59878
59876
59876
59875
59874
59874
59871
59871
59869
59868
59868
59866
59866
59866
59864
59863
59862
59861
59861
59861
59859
59859
59858
59858
59858
59857
59856
59853
59853
59853
59850
59850
59849
59849
59846
59845
59845
59844
59844
59842
59840
59839
59839
59837
59836
59834
59834
59834
59832
59832
59831
59830
59830
59830
59829
59828
59828
59828
59827
59826
59823
59823
59823
59819
59819
59819
59819
59818
59818
59817
59816
59815
59812
59812
59811
59811
59811
59810
59809
59808
59808
59808
59806
59805
59805
59803
59800
59799
59798
59797
59795
59795
59795
59795
59793
59793
59793
59793
59792
59791
59790
59789
59788
59788
59787
59787
59786
59785
59784
59784
59783
59783
59783
59782
59782
59778
59778
59775
59775
59775
59773
59773
59772
59772
59771
59769
59769
59769
59768
59767
59766
59766
59766
59766
59759
59759
59759
59759
59758
59757
59757
59756
59756
59754
59753
59752
59751
59750
59750
59749
59746
59746
59745
59744
59742
59741
59741
59740
59738
59738
59736
59736
59735
59735
59733
59728
59728
59727
59726
59726
59726
59724
59723
59723
59723
59720
59720
59715
59715
59714
59714
59714
59714
59714
59713
59713
59711
59710
59709
59709
59708
59708
59707
59706
59704
59704
59701
59701
59700
59700
59698
59697
59696
59695
59695
59694
59694
59693
59692
59691
59691
59690
59689
59689
59689
59688
59687
59685
59684
59683
59682
59679
59679
59679
59678
59676
59674
59674
59673
59671
59669
59668
59667
59665
59665
59664
59663
59663
59661
59659
59658
59657
59657
59656
59655
59654
59654
59650
59649
59649
59648
59648
59646
59646
59645
59645
59644
59642
59642
59639
59638
59637
59636
59634
59633
59631
59631
59630
59629
59628
59628
59628
59627
59625
59623
59622
59616
59615
59615
59615
59614
59612
59610
59609
59608
59605
59604
59603
59603
59601
59601
59597
59594
59591
59590
59590
59589
59588
59588
59588
59584
59584
59583
59583
59583
59580
59578
59578
59577
59577
59577
59576
59575
59575
59572
59571
59568
59568
59566
59565
59565
59565
59564
59564
59564
59563
59563
59562
59562
59561
59560
59559
59559
59559
59559
59558
59558
59557
59557
59557
59556
59556
59554
59554
59553
59552
59552
59551
59550
59550
59549
59548
59547
59547
59546
59545
59544
59542
59540
59540
59539
59539
59539
59538
59538
59536
59535
59534
59534
59534
59533
59533
59533
59530
59529
59528
59527
59527
59527
59527
59527
59526
59526
59526
59525
59523
59523
59522
59521
59520
59519
59518
59518
59518
59516
59516
59516
59515
59514
59514
59514
59512
59511
59510
59505
59505
59502
59501
59501
59500
59500
59498
59497
59496
59496
59493
59491
59490
59484
59484
59484
59483
59482
59482
59479
59479
59479
59477
59476
59473
59472
59472
59472
59471
59471
59466
59466
59465
59464
59464
59463
59462
59461
59461
59460
59458
59457
59456
59456
59455
59455
59454
59453
59451
59447
59447
59445
59444
59444
59444
59443
59442
59440
59440
59439
59437
59437
59436
59436
59435
59435
59434
59433
59432
59431
59429
59429
59429
59428
59427
59427
59425
59425
59424
59424
59424
59423
59422
59421
59419
59416
59415
59415
59415
59414
59414
59413
59412
59411
59410
59409
59407
59407
59407
59406
59406
59405
59405
59403
59403
59402
59401
59400
59397
59397
59395
59395
59393
59392
59392
59390
59389
59388
59387
59385
59384
59383
59383
59382
59380
59379
59378
59378
59377
59376
59375
59375
59373
59372
59371
59370
59368
59367
59366
59366
59366
59365
59364
59362
59362
59361
59360
59358
59357
59356
59354
59354
59353
59352
59351
59349
59348
59345
59344
59343
59343
59342
59342
59341
59341
59339
59338
59337
59335
59334
59333
59332
59330
59330
59329
59329
59328
59327
59324
59323
59323
59322
59322
59321
59320
59320
59319
59317
59316
59315
59315
59314
59314
59314
59313
59310
59309
59308
59308
59308
59307
59307
59305
59305
59305
59303
59303
59302
59302
59302
59301
59301
59298
59296
59296
59295
59294
59293
59292
59288
59287
59287
59286
59284
59284
59283
59282
59281
59280
59279
59277
59276
59275
59272
59271
59270
59270
59270
59269
59268
59268
59268
59267
59261
59261
59261
59258
59257
59255
59253
59252
59252
59251
59251
59251
59250
59250
59250
59248
59248
59247
59247
59245
59245
59245
59244
59243
59241
59240
59239
59239
59238
59237
59236
59235
59234
59233
59233
59231
59227
59227
59226
59226
59225
59223
59223
59222
59222
59222
59222
59220
59218
59217
59214
59214
59213
59213
59212
59210
59208
59208
59208
59207
59207
59206
59205
59204
59204
59200
59197
59197
59194
59191
59191
59190
59190
59184
59184
59181
59181
59178
59177
59175
59174
59173
59172
59172
59171
59171
59170
59169
59167
59166
59166
59165
59165
59164
59162
59158
59158
59156
59154
59150
59150
59148
59147
59147
59145
59140
59139
59138
59137
59137
59137
59136
59136
59133
59133
59132
59128
59128
59128
59126
59126
59125
59124
59124
59123
59123
59123
59120
59119
59117
59116
59114
59113
59112
59111
59111
59111
59111
59109
59108
59108
59108
59105
59104
59104
59103
59103
59102
59102
59100
59100
59098
59098
59097
59096
59096
59095
59095
59095
59095
59095
59095
59094
59094
59091
59091
59089
59088
59087
59085
59083
59081
59080
59079
59073
59072
59069
59069
59069
59068
59067
59065
59065
59065
59064
59064
59062
59062
59062
59061
59060
59060
59060
59059
59059
59057
59056
59056
59056
59053
59051
59047
59045
59045
59044
59043
59041
59040
59040
59035
59035
59035
59034
59034
59034
59033
59033
59033
59033
59031
59031
59030
59028
59027
59024
59024
59023
59023
59022
59021
59020
59020
59020
59019
59018
59016
59014
59013
59013
59012
59010
59009
59009
59008
59008
59008
59007
59003
59002
59002
59002
59002
59000
59000
58999
58998
58997
58997
58997
58996
58995
58995
58995
58990
58990
58989
58989
58988
58988
58988
58987
58985
58984
58984
58981
58979
58979
58976
58976
58975
58973
58972
58972
58972
58972
58971
58971
58971
58970
58969
58968
58968
58968
58968
58966
58966
58964
58964
58963
58962
58957
58957
58956
58956
58955
58954
58954
58954
58953
58953
58952
58951
58951
58950
58949
58949
58949
58946
58944
58943
58942
58942
58942
58940
58939
58936
58933
58933
58932
58932
58931
58931
58931
58931
58929
58929
58929
58928
58928
58928
58928
58927
58925
58925
58925
58924
58921
58921
58918
58916
58915
58915
58915
58915
58914
58914
58912
58911
58910
58908
58908
58905
58905
58905
58903
58902
58899
58898
58897
58896
58896
58895
58895
58894
58892
58891
58890
58890
58889
58886
58883
58882
58882
58882
58881
58875
58875
58874
58874
58873
58870
58868
58866
58865
58865
58865
58865
58865
58863
58862
58861
58860
58860
58860
58860
58859
58859
58858
58857
58856
58855
58854
58854
58853
58852
58847
58847
58846
58846
58845
58844
58843
58842
58842
58839
58838
58837
58836
58836
58835
58835
58832
58832
58832
58832
58831
58830
58830
58829
58828
58826
58826
58825
58825
58824
58824
58823
58822
58821
58819
58818
58817
58816
58816
58815
58813
58811
58811
58810
58810
58810
58807
58805
58805
58802
58802
58799
58796
58796
58795
58795
58795
58794
58793
58793
58793
58792
58790
58790
58790
58789
58789
58788
58786
58785
58784
58784
58782
58782
58781
58780
58779
58778
58776
58776
58776
58776
58775
58775
58774
58773
58773
58771
58770
58768
58767
58765
58763
58762
58762
58762
58761
58761
58761
58760
58758
58757
58757
58755
58753
58752
58751
58749
58748
58747
58744
58744
58744
58743
58743
58743
58741
58740
58740
58738
58736
58736
58736
58735
58732
58732
58730
58729
58728
58727
58727
58727
58725
58724
58724
58724
58724
58723
58722
58722
58721
58721
58720
58719
58719
58718
58717
58714
58714
58714
58714
58714
58713
58712
58711
58711
58711
58709
58709
58709
58708
58705
58703
58703
58702
58702
58700
58700
58699
58699
58699
58697
58697
58696
58695
58695
58694
58693
58691
58691
58691
58690
58690
58689
58689
58689
58686
58686
58686
58684
58684
58684
58683
58682
58680
58679
58678
58677
58677
58675
58674
58674
58671
58670
58668
58668
58667
58667
58666
58665
58662
58662
58662
58661
58661
58658
58658
58657
58656
58655
58655
58655
58655
58655
58654
58653
58651
58650
58650
58649
58646
58646
58643
58641
58639
58639
58639
58639
58636
58636
58634
58633
58632
58632
58630
58628
58628
58628
58628
58625
58624
58623
58623
58623
58622
58620
58620
58617
58617
58617
58617
58617
58615
58613
58613
58612
58611
58611
58611
58611
58611
58610
58607
58607
58607
58604
58602
58601
58601
58601
58597
58597
58596
58596
58594
58592
58591
58591
58590
58588
58587
58586
58585
58584
58582
58580
58579
58579
58578
58578
58577
58574
58573
58573
58572
58571
58570
58568
58568
58567
58566
58565
58565
58564
58564
58563
58563
58562
58561
58561
58561
58560
58560
58558
58558
58558
58557
58555
58554
58553
58553
58551
58550
58550
58549
58549
58547
58547
58546
58546
58544
58542
58542
58541
58537
58537
58536
58536
58534
58533
58533
58533
58531
58530
58530
58530
58526
58525
58525
58524
58524
58524
58524
58523
58522
58521
58517
58515
58515
58512
58511
58511
58508
58507
58506
58504
58504
58504
58504
58503
58503
58503
58502
58501
58501
58500
58500
58499
58499
58498
58498
58496
58496
58496
58496
58494
58493
58493
58493
58492
58491
58491
58490
58489
58485
58485
58483
58482
58482
58477
58475
58473
58473
58470
58470
58470
58469
58469
58467
58467
58467
58466
58465
58465
58464
58463
58462
58461
58458
58457
58456
58453
58450
58448
58448
58447
58447
58446
58445
58442
58441
58440
58440
58440
58439
58439
58438
58437
58436
58435
58433
58433
58433
58432
58432
58431
58429
58429
58429
58429
58426
58425
58425
58424
58424
58422
58422
58421
58421
58419
58415
58415
58414
58413
58412
58412
58411
58410
58409
58408
58408
58405
58404
58402
58398
58398
58396
58396
58392
58392
58389
58389
58388
58388
58387
58387
58387
58386
58384
58383
58381
58381
58381
58381
58379
58379
58379
58378
58376
58374
58373
58373
58373
58373
58373
58372
58371
58369
58368
58367
58366
58366
58366
58363
58363
58363
58362
58360
58359
58359
58359
58357
58356
58356
58356
58356
58354
58353
58353
58352
58351
58350
58350
58348
58348
58346
58346
58345
58342
58342
58340
58340
58340
58339
58338
58338
58336
58335
58335
58335
58334
58334
58331
58330
58330
58329
58328
58327
58326
58320
58319
58319
58319
58319
58318
58318
58317
58316
58315
58314
58314
58313
58311
58310
58309
58309
58307
58305
58304
58304
58304
58304
58303
58302
58302
58300
58300
58298
58295
58294
58294
58292
58288
58286
58286
58285
58279
58278
58278
58277
58277
58276
58276
58276
58276
58275
58274
58273
58272
58271
58269
58269
58268
58267
58267
58266
58264
58264
58262
58261
58261
58261
58261
58260
58260
58260
58259
58259
58255
58255
58254
58254
58252
58251
58250
58248
58247
58244
58244
58244
58243
58242
58242
58241
58240
58239
58238
58238
58237
58236
58236
58235
58235
58234
58233
58231
58230
58229
58228
58224
58223
58222
58219
58217
58215
58212
58211
58211
58211
58209
58208
58208
58207
58202
58202
58200
58199
58199
58198
58195
58194
58191
58191
58190
58189
58189
58189
58188
58187
58186
58186
58186
58182
58182
58182
58182
58181
58180
58179
58178
58178
58177
58176
58174
58173
58172
58171
58171
58171
58170
58169
58168
58168
58168
58167
58166
58166
58165
58165
58163
58162
58162
58161
58159
58159
58157
58156
58156
58156
58155
58154
58154
58154
58154
58153
58153
58149
58149
58148
58148
58146
58142
58141
58140
58140
58138
58137
58135
58135
58135
58133
58132
58130
58130
58130
58129
58126
58125
58125
58124
58124
58124
58123
58121
58120
58119
58119
58118
58118
58117
58117
58116
58115
58114
58114
58113
58111
58109
58108
58107
58106
58106
58105
58104
58103
58100
58099
58099
58098
58098
58097
58096
58094
58093
58092
58090
58090
58089
58089
58087
58081
58080
58080
58079
58079
58077
58076
58075
58074
58073
58073
58073
58071
58068
58068
58067
58064
58061
58060
58059
58059
58058
58058
58058
58056
58055
58055
58054
58054
58054
58053
58051
58051
58051
58049
58048
58047
58047
58047
58046
58044
58044
58043
58040
58040
58036
58035
58035
58033
58032
58032
58031
58030
58030
58029
58028
58028
58028
58027
58026
58025
58025
58024
58023
58023
58023
58020
58020
58019
58019
58019
58018
58017
58015
58015
58015
58008
58005
58003
58001
58000
57998
57997
57997
57997
57996
57996
57995
57994
57994
57993
57993
57992
57991
57990
57990
57989
57987
57987
57986
57986
57985
57982
57981
57981
57981
57980
57979
57979
57976
57974
57973
57972
57971
57970
57970
57967
57966
57965
57963
57962
57960
57959
57958
57958
57955
57954
57954
57951
57951
57951
57947
57946
57943
57943
57943
57942
57942
57941
57941
57940
57940
57939
57938
57935
57935
57934
57934
57933
57932
57930
57930
57929
57929
57929
57927
57926
57925
57925
57924
57924
57922
57920
57920
57920
57916
57916
57915
57915
57914
57912
57912
57911
57910
57910
57908
57907
57905
57904
57904
57904
57901
57899
57898
57895
57895
57894
57890
57889
57888
57888
57887
57887
57885
57883
57883
57883
57880
57879
57879
57878
57876
57874
57872
57871
57871
57867
57867
57865
57864
57863
57862
57861
57860
57859
57858
57857
57857
57854
57854
57852
57850
57849
57849
57848
57847
57847
57846
57845
57845
57844
57844
57844
57843
57843
57842
57842
57841
57841
57836
57830
57829
57828
57827
57825
57823
57822
57820
57819
57819
57817
57817
57816
57816
57814
57812
57812
57811
57809
57808
57807
57806
57806
57806
57805
57805
57804
57804
57804
57798
57797
57795
57794
57794
57792
57791
57791
57789
57788
57787
57787
57786
57785
57784
57783
57782
57782
57781
57781
57781
57780
57780
57779
57778
57778
57778
57778
57777
57777
57773
57772
57772
57771
57771
57771
57769
57769
57769
57767
57766
57766
57765
57764
57763
57763
57761
57761
57759
57759
57757
57757
57756
57756
57756
57756
57755
57754
57753
57753
57752
57752
57750
57750
57749
57747
57746
57745
57744
57742
57742
57742
57741
57741
57741
57739
57737
57735
57734
57734
57734
57731
57731
57729
57729
57729
57728
57727
57727
57727
57727
57727
57726
57725
57725
57724
57724
57721
57720
57720
57719
57718
57718
57717
57716
57714
57712
57712
57711
57710
57710
57709
57708
57708
57706
57705
57705
57703
57702
57702
57699
57699
57699
57698
57697
57695
57695
57691
57691
57689
57688
57688
57686
57685
57684
57684
57683
57681
57681
57680
57677
57677
57676
57675
57673
57671
57670
57670
57669
57667
57666
57663
57662
57658
57658
57657
57656
57656
57656
57656
57655
57653
57652
57652
57652
57650
57649
57649
57647
57646
57645
57644
57643
57643
57642
57640
57640
57638
57637
57636
57636
57635
57635
57634
57633
57633
57632
57632
57632
57631
57631
57628
57628
57627
57625
57624
57623
57619
57619
57619
57617
57617
57617
57617
57616
57616
57611
57611
57611
57610
57609
57608
57608
57605
57605
57605
57604
57603
57602
57602
57601
57597
57592
57591
57591
57591
57589
57587
57587
57585
57582
57582
57580
57579
57579
57577
57577
57577
57577
57577
57576
57575
57575
57574
57573
57573
57573
57571
57570
57570
57569
57569
57569
57568
57568
57566
57566
57564
57564
57564
57563
57563
57561
57560
57559
57559
57559
57558
57557
57556
57556
57556
57555
57554
57553
57553
57552
57552
57551
57550
57549
57549
57549
57548
57548
57547
57541
57540
57540
57539
57538
57538
57537
57537
57535
57534
57534
57533
57532
57532
57532
57531
57530
57529
57529
57529
57527
57526
57524
57523
57521
57520
57520
57518
57516
57516
57516
57515
57513
57512
57509
57506
57506
57505
57500
57497
57497
57496
57494
57493
57493
57491
57491
57490
57490
57489
57488
57487
57486
57485
57484
57482
57481
57480
57480
57478
57477
57477
57475
57474
57473
57473
57471
57471
57470
57469
57469
57469
57469
57466
57466
57465
57465
57464
57461
57461
57461
57459
57459
57458
57456
57454
57454
57453
57452
57452
57452
57450
57449
57448
57448
57447
57447
57445
57442
57442
57441
57440
57440
57439
57438
57438
57437
57435
57435
57434
57434
57434
57433
57431
57431
57431
57428
57425
57424
57422
57421
57419
57419
57417
57416
57416
57415
57413
57413
57412
57411
57410
57410
57410
57409
57408
57408
57408
57408
57407
57407
57407
57406
57406
57403
57403
57402
57401
57399
57398
57394
57392
57391
57390
57386
57385
57382
57381
57380
57380
57380
57379
57379
57378
57377
57377
57377
57376
57375
57375
57374
57374
57374
57374
57373
57372
57371
57369
57369
57368
57368
57365
57364
57364
57363
57363
57358
57357
57356
57353
57353
57353
57352
57352
57350
57350
57350
57350
57348
57347
57347
57347
57347
57345
57344
57343
57343
57342
57338
57336
57333
57333
57332
57332
57332
57331
57330
57330
57329
57329
57327
57327
57326
57326
57324
57322
57320
57319
57318
57316
57315
57315
57314
57313
57312
57312
57311
57309
57309
57307
57306
57306
57305
57303
57302
57301
57301
57300
57299
57298
57297
57295
57295
57294
57292
57290
57288
57286
57286
57284
57284
57283
57283
57282
57282
57282
57279
57279
57278
57276
57275
57274
57272
57271
57271
57269
57268
57266
57265
57265
57265
57264
57264
57264
57263
57261
57259
57259
57258
57256
57256
57255
57253
57252
57248
57245
57245
57244
57244
57244
57243
57242
57242
57241
57240
57239
57238
57237
57234
57233
57233
57232
57231
57230
57229
57229
57227
57225
57225
57224
57222
57222
57222
57220
57219
57218
57217
57216
57215
57214
57212
57212
57212
57210
57209
57209
57206
57205
57204
57203
57203
57202
57202
57202
57200
57199
57197
57196
57195
57195
57192
57192
57192
57191
57191
57189
57187
57187
57186
57184
57184
57183
57181
57181
57181
57180
57179
57179
57177
57177
57176
57176
57175
57175
57174
57174
57173
57172
57171
57170
57169
57167
57166
57166
57164
57163
57163
57158
57158
57158
57157
57155
57153
57149
57148
57147
57146
57145
57144
57143
57142
57138
57138
57138
57136
57135
57134
57132
57131
57129
57126
57125
57125
57123
57122
57121
57121
57120
57116
57115
57114
57113
57109
57109
57107
57106
57104
57103
57103
57103
57101
57097
57093
57092
57091
57090
57089
57089
57088
57088
57087
57081
57079
57077
57076
57075
57074
57074
57074
57073
57072
57071
57069
57066
57066
57065
57065
57064
57060
57060
57059
57058
57057
57056
57055
57055
57054
57053
57053
57052
57051
57050
57050
57048
57047
57044
57044
57043
57040
57040
57039
57039
57038
57035
57033
57033
57030
57030
57029
57029
57029
57028
57027
57027
57026
57024
57023
57021
57018
57018
57018
57018
57017
57016
57015
57014
57013
57013
57012
57011
57010
57010
57010
57009
57008
57008
57006
57005
57004
57003
57003
57003
57002
57002
57001
57001
57001
57000
56997
56996
56994
56990
56990
56985
56983
56980
56980
56980
56979
56979
56977
56975
56975
56974
56974
56974
56974
56972
56969
56968
56968
56967
56967
56966
56965
56964
56962
56961
56960
56960
56960
56959
56958
56957
56956
56956
56955
56955
56955
56953
56951
56950
56950
56949
56947
56947
56947
56944
56943
56943
56941
56941
56940
56939
56938
56937
56934
56934
56932
56930
56929
56928
56928
56927
56927
56927
56927
56926
56926
56926
56925
56924
56924
56924
56923
56923
56922
56921
56921
56920
56917
56914
56912
56910
56909
56908
56908
56908
56906
56905
56905
56904
56899
56896
56895
56895
56895
56894
56894
56894
56892
56892
56891
56890
56890
56889
56889
56888
56884
56884
56883
56877
56875
56875
56875
56874
56872
56872
56871
56870
56870
56868
56868
56867
56866
56866
56863
56863
56857
56857
56857
56852
56852
56851
56851
56851
56850
56850
56849
56849
56848
56848
56848
56847
56847
56846
56844
56841
56839
56839
56837
56837
56837
56836
56835
56834
56834
56833
56832
56832
56832
56832
56832
56831
56829
56828
56828
56827
56827
56826
56826
56826
56826
56825
56824
56823
56822
56821
56820
56818
56818
56818
56818
56813
56811
56810
56810
56808
56808
56806
56805
56803
56803
56799
56799
56797
56797
56795
56794
56793
56792
56792
56791
56790
56790
56788
56788
56788
56787
56787
56784
56782
56782
56780
56780
56780
56778
56777
56777
56776
56775
56773
56772
56772
56771
56769
56768
56767
56763
56760
56759
56755
56752
56751
56749
56749
56747
56747
56747
56747
56747
56745
56743
56735
56735
56734
56732
56732
56731
56731
56731
56730
56730
56729
56729
56728
56724
56723
56722
56721
56721
56720
56720
56720
56716
56716
56715
56714
56713
56713
56712
56712
56709
56707
56704
56704
56703
56702
56697
56696
56693
56688
56684
56682
56681
56681
56680
56680
56679
56679
56677
56676
56676
56675
56675
56673
56670
56668
56666
56665
56664
56662
56660
56658
56658
56656
56656
56655
56655
56651
56651
56651
56651
56650
56650
56648
56644
56643
56643
56642
56642
56641
56641
56639
56639
56638
56638
56638
56635
56633
56632
56631
56629
56628
56627
56627
56624
56623
56623
56621
56620
56619
56617
56615
56615
56615
56614
56613
56613
56612
56609
56607
56607
56606
56602
56602
56601
56601
56601
56600
56600
56599
56597
56596
56595
56594
56593
56592
56592
56591
56590
56590
56589
56589
56589
56589
56584
56582
56578
56577
56574
56574
56574
56570
56570
56568
56566
56566
56565
56564
56564
56564
56563
56563
56563
56562
56562
56561
56556
56554
56554
56554
56552
56552
56551
56550
56549
56549
56549
56548
56547
56546
56545
56545
56543
56542
56538
56538
56534
56533
56531
56529
56528
56527
56527
56526
56525
56524
56524
56523
56523
56521
56521
56520
56520
56519
56519
56518
56517
56516
56514
56511
56511
56511
56510
56510
56509
56508
56507
56506
56505
56504
56503
56503
56501
56500
56500
56499
56497
56497
56492
56492
56488
56488
56487
56485
56484
56484
56482
56482
56481
56480
56476
56475
56475
56472
56470
56469
56469
56467
56467
56466
56466
56465
56462
56461
56459
56459
56459
56458
56458
56457
56452
56450
56449
56446
56446
56446
56445
56445
56444
56443
56442
56439
56438
56438
56437
56437
56437
56436
56436
56436
56432
56430
56428
56427
56427
56425
56425
56425
56424
56424
56424
56424
56424
56423
56422
56421
56421
56421
56421
56420
56420
56420
56419
56419
56418
56416
56414
56413
56412
56412
56411
56410
56409
56409
56409
56407
56407
56407
56407
56406
56405
56404
56402
56402
56400
56400
56398
56397
56396
56396
56396
56395
56395
56389
56389
56388
56385
56382
56379
56379
56378
56376
56375
56375
56374
56374
56372
56372
56371
56369
56369
56368
56367
56367
56365
56364
56364
56363
56362
56361
56361
56360
56359
56357
56357
56355
56355
56354
56353
56351
56351
56348
56348
56348
56347
56345
56344
56344
56343
56340
56339
56339
56339
56335
56328
56327
56327
56326
56326
56326
56326
56325
56325
56324
56321
56320
56319
56318
56315
56314
56314
56313
56313
56312
56312
56309
56308
56307
56306
56304
56303
56302
56299
56299
56297
56296
56296
56295
56295
56295
56295
56293
56292
56291
56290
56290
56289
56288
56288
56288
56288
56286
56286
56285
56285
56284
56284
56283
56281
56281
56279
56279
56278
56278
56277
56276
56276
56276
56274
56273
56273
56271
56267
56267
56263
56261
56257
56256
56255
56254
56253
56253
56253
56252
56252
56251
56250
56249
56247
56247
56246
56244
56243
56242
56241
56241
56241
56241
56240
56240
56239
56239
56238
56236
56234
56232
56232
56232
56228
56227
56224
56224
56224
56224
56222
56222
56222
56222
56222
56221
56220
56220
56218
56218
56218
56210
56210
56209
56209
56207
56206
56206
56205
56204
56201
56199
56198
56197
56197
56197
56196
56194
56194
56193
56193
56192
56191
56190
56190
56190
56189
56187
56185
56182
56182
56182
56180
56176
56175
56173
56173
56172
56172
56171
56171
56170
56169
56168
56168
56167
56165
56164
56164
56163
56161
56159
56156
56154
56153
56152
56151
56150
56147
56146
56145
56144
56141
56140
56139
56139
56138
56138
56136
56135
56134
56131
56130
56128
56125
56125
56125
56124
56124
56124
56121
56120
56120
56119
56119
56118
56116
56116
56115
56114
56114
56114
56114
56112
56112
56111
56111
56109
56109
56109
56107
56106
56105
56104
56104
56101
56100
56100
56100
56099
56099
56098
56096
56096
56095
56093
56093
56093
56092
56092
56092
56092
56092
56090
56089
56089
56086
56084
56084
56083
56083
56082
56081
56080
56079
56079
56079
56078
56076
56075
56075
56072
56071
56069
56068
56067
56067
56066
56065
56064
56062
56061
56061
56059
56059
56059
56058
56058
56058
56057
56056
56055
56055
56054
56053
56052
56049
56048
56048
56046
56045
56045
56044
56044
56044
56044
56044
56044
56038
56033
56033
56032
56032
56032
56032
56031
56031
56031
56030
56029
56028
56025
56025
56025
56022
56022
56021
56020
56015
56013
56013
56013
56012
56012
56010
56010
56008
56006
56006
56005
56005
56005
56004
56003
56003
56003
56002
56000
56000
55995
55995
55995
55992
55992
55990
55987
55987
55986
55985
55985
55983
55982
55982
55982
55982
55981
55981
55981
55979
55977
55975
55971
55971
55970
55968
55961
55960
55958
55954
55953
55952
55952
55951
55950
55947
55945
55944
55944
55941
55940
55939
55939
55938
55937
55935
55934
55934
55932
55931
55930
55930
55929
55927
55926
55923
55923
55923
55923
55921
55921
55920
55920
55919
55918
55918
55917
55916
55913
55912
55912
55911
55909
55909
55908
55907
55905
55904
55899
55899
55898
55897
55896
55895
55895
55894
55893
55892
55891
55890
55888
55888
55887
55885
55885
55885
55885
55884
55884
55884
55883
55882
55881
55880
55879
55879
55876
55876
55875
55871
55871
55871
55867
55867
55867
55866
55864
55864
55860
55859
55859
55858
55857
55857
55857
55854
55852
55852
55851
55849
55847
55847
55847
55844
55844
55843
55843
55841
55841
55840
55840
55839
55837
55835
55835
55834
55832
55831
55831
55831
55830
55829
55828
55827
55826
55825
55824
55823
55822
55822
55822
55821
55821
55821
55821
55818
55816
55816
55815
55813
55810
55809
55808
55806
55804
55802
55802
55801
55800
55799
55799
55798
55796
55796
55795
55795
55794
55793
55792
55792
55791
55791
55790
55789
55787
55786
55786
55784
55783
55781
55781
55780
55779
55777
55777
55776
55776
55775
55774
55773
55772
55771
55771
55770
55770
55769
55768
55766
55766
55766
55766
55765
55762
55761
55759
55758
55757
55757
55757
55756
55756
55755
55754
55754
55753
55752
55750
55750
55749
55749
55749
55745
55743
55742
55741
55740
55740
55739
55739
55739
55739
55738
55737
55737
55733
55732
55731
55727
55725
55723
55722
55722
55721
55721
55720
55716
55716
55716
55716
55714
55708
55707
55707
55707
55707
55706
55706
55705
55705
55704
55703
55703
55700
55698
55695
55694
55694
55692
55692
55692
55690
55687
55687
55685
55685
55684
55682
55681
55680
55677
55677
55677
55677
55676
55676
55674
55674
55673
55673
55672
55668
55666
55666
55665
55665
55665
55662
55662
55661
55660
55660
55660
55659
55658
55656
55655
55655
55653
55652
55652
55650
55650
55649
55648
55648
55647
55645
55643
55642
55642
55641
55640
55637
55637
55636
55634
55634
55632
55632
55632
55631
55631
55630
55625
55624
55624
55623
55622
55622
55622
55620
55618
55618
55617
55617
55616
55615
55615
55614
55614
55612
55611
55611
55610
55609
55608
55607
55606
55606
55604
55604
55603
55603
55602
55601
55599
55599
55597
55597
55593
55592
55592
55591
55588
55588
55587
55583
55582
55581
55578
55576
55575
55575
55575
55575
55575
55575
55575
55573
55571
55571
55570
55569
55568
55568
55567
55566
55566
55565
55565
55564
55561
55561
55560
55559
55557
55555
55553
55552
55552
55551
55550
55550
55548
55542
55541
55541
55541
55541
55540
55535
55535
55535
55534
55533
55531
55531
55531
55529
55527
55527
55527
55522
55520
55514
55514
55513
55512
55511
55509
55509
55505
55504
55500
55499
55499
55498
55497
55497
55495
55495
55493
55493
55491
55486
55486
55486
55482
55480
55480
55479
55478
55478
55478
55477
55477
55476
55476
55476
55475
55473
55471
55471
55470
55470
55470
55467
55466
55466
55464
55464
55461
55460
55460
55456
55456
55456
55455
55453
55450
55449
55449
55448
55447
55446
55446
55445
55444
55444
55441
55439
55438
55438
55437
55436
55436
55435
55435
55435
55434
55432
55430
55427
55426
55426
55425
55422
55422
55420
55419
55419
55417
55415
55414
55413
55413
55413
55412
55411
55411
55411
55410
55409
55408
55408
55407
55407
55405
55404
55404
55403
55402
55401
55400
55400
55399
55398
55394
55394
55394
55393
55391
55391
55388
55388
55387
55387
55386
55382
55381
55380
55380
55378
55377
55375
55375
55371
55369
55368
55368
55367
55366
55364
55363
55361
55360
55359
55357
55357
55356
55354
55353
55352
55352
55351
55350
55348
55346
55344
55343
55343
55340
55340
55340
55340
55339
55338
55338
55338
55337
55337
55337
55334
55333
55333
55333
55333
55333
55331
55331
55330
55330
55330
55327
55325
55324
55324
55323
55322
55320
55319
55319
55318
55317
55316
55316
55316
55314
55314
55314
55313
55313
55313
55312
55312
55309
55309
55308
55304
55302
55300
55299
55298
55297
55296
55296
55293
55288
55287
55287
55287
55286
55286
55285
55284
55282
55281
55280
55279
55279
55276
55275
55275
55274
55273
55272
55272
55272
55271
55268
55266
55264
55263
55260
55260
55260
55260
55258
55257
55253
55250
55249
55246
55246
55246
55245
55244
55243
55242
55241
55240
55240
55240
55239
55238
55237
55236
55235
55234
55234
55234
55233
55232
55231
55230
55229
55228
55227
55227
55227
55226
55226
55224
55223
55219
55217
55216
55216
55214
55211
55210
55210
55210
55210
55209
55208
55206
55206
55205
55204
55203
55202
55202
55200
55200
55199
55197
55195
55194
55192
55192
55192
55191
55191
55190
55189
55189
55188
55185
55184
55182
55180
55178
55178
55178
55178
55177
55177
55176
55175
55174
55174
55174
55171
55171
55169
55165
55165
55164
55164
55163
55163
55159
55159
55157
55157
55156
55155
55152
55152
55151
55151
55151
55151
55151
55150
55148
55148
55147
55146
55146
55146
55146
55143
55143
55142
55141
55140
55137
55136
55136
55136
55133
55133
55133
55132
55131
55131
55130
55130
55129
55129
55128
55127
55124
55123
55122
55122
55120
55120
55120
55119
55119
55118
55116
55116
55114
55113
55112
55112
55111
55111
55110
55110
55110
55108
55106
55103
55102
55102
55102
55102
55098
55097
55097
55096
55096
55094
55091
55091
55091
55088
55086
55086
55080
55080
55077
55077
55075
55075
55074
55072
55072
55068
55068
55067
55067
55066
55066
55065
55064
55063
55061
55060
55059
55058
55058
55056
55056
55055
55055
55054
55054
55053
55051
55050
55050
55048
55047
55047
55047
55045
55045
55044
55044
55043
55038
55036
55036
55036
55033
55033
55032
55030
55030
55028
55027
55027
55026
55023
55023
55023
55023
55021
55020
55020
55019
55017
55017
55017
55016
55015
55015
55013
55012
55011
55011
55010
55008
55008
55008
55006
55006
55005
55005
55000
54999
54998
54998
54997
54995
54995
54994
54993
54991
54990
54990
54990
54988
54986
54983
54982
54980
54978
54973
54972
54971
54970
54969
54969
54968
54966
54965
54964
54964
54964
54963
54963
54961
54961
54959
54957
54957
54956
54956
54955
54955
54954
54952
54951
54950
54949
54948
54948
54947
54946
54945
54944
54943
54942
54939
54938
54937
54936
54935
54935
54934
54934
54933
54929
54929
54928
54927
54927
54926
54924
54924
54916
54915
54915
54912
54912
54912
54910
54909
54907
54906
54906
54905
54902
54902
54902
54900
54899
54898
54896
54896
54896
54896
54895
54895
54894
54892
54891
54889
54888
54887
54887
54884
54884
54884
54884
54883
54882
54881
54879
54879
54878
54878
54878
54877
54876
54874
54874
54873
54872
54871
54869
54864
54864
54864
54863
54863
54861
54860
54860
54859
54857
54857
54855
54855
54853
54851
54850
54849
54847
54847
54846
54845
54843
54842
54842
54841
54840
54838
54836
54835
54834
54834
54833
54833
54832
54831
54831
54830
54830
54830
54830
54829
54827
54827
54825
54824
54822
54821
54821
54821
54819
54816
54815
54813
54812
54812
54811
54810
54810
54809
54808
54808
54806
54806
54804
54804
54801
54800
54799
54799
54799
54798
54798
54798
54795
54794
54793
54792
54792
54792
54790
54789
54789
54785
54784
54784
54782
54782
54781
54775
54775
54773
54771
54770
54769
54769
54768
54766
54766
54764
54764
54764
54763
54762
54761
54760
54760
54759
54758
54758
54758
54757
54756
54755
54755
54755
54754
54753
54753
54751
54751
54750
54750
54750
54749
54748
54748
54747
54745
54742
54741
54740
54740
54739
54738
54737
54737
54737
54736
54735
54735
54734
54733
54733
54732
54732
54729
54727
54726
54725
54723
54723
54722
54720
54720
54719
54719
54718
54718
54718
54718
54716
54715
54712
54712
54711
54711
54710
54710
54710
54709
54709
54708
54707
54707
54706
54705
54701
54701
54697
54696
54695
54695
54694
54694
54693
54692
54691
54691
54691
54688
54688
54688
54688
54688
54687
54685
54685
54684
54683
54682
54681
54680
54679
54678
54677
54676
54675
54675
54674
54674
54672
54672
54671
54671
54670
54670
54669
54669
54668
54667
54666
54666
54665
54665
54664
54663
54663
54662
54661
54660
54660
54659
54658
54657
54657
54656
54654
54654
54653
54652
54649
54648
54645
54644
54643
54642
54641
54641
54639
54639
54638
54638
54637
54637
54636
54635
54635
54634
54634
54634
54633
54632
54632
54630
54630
54630
54628
54625
54625
54623
54623
54621
54618
54618
54618
54615
54615
54611
54610
54608
54608
54607
54606
54604
54604
54604
54603
54603
54603
54602
54601
54601
54601
54595
54595
54595
54593
54593
54592
54592
54592
54590
54589
54589
54588
54587
54587
54585
54584
54584
54582
54582
54581
54581
54579
54578
54576
54576
54576
54576
54575
54575
54574
54574
54574
54573
54573
54572
54572
54571
54570
54570
54568
54568
54567
54567
54566
54563
54562
54561
54560
54559
54558
54556
54555
54554
54551
54550
54550
54548
54548
54546
54545
54543
54542
54542
54540
54538
54535
54535
54535
54533
54533
54527
54526
54526
54525
54522
54520
54520
54519
54518
54517
54517
54516
54515
54512
54512
54511
54511
54510
54510
54510
54510
54509
54507
54507
54507
54507
54507
54506
54506
54505
54505
54504
54503
54503
54502
54500
54499
54498
54497
54493
54493
54492
54491
54491
54490
54489
54487
54487
54487
54486
54486
54486
54486
54485
54484
54484
54483
54480
54480
54480
54478
54477
54476
54476
54472
54472
54471
54469
54468
54466
54465
54465
54463
54463
54463
54462
54461
54460
54459
54459
54458
54457
54457
54456
54455
54452
54452
54451
54451
54449
54449
54449
54448
54448
54445
54444
54442
54440
54437
54436
54436
54436
54436
54432
54431
54430
54430
54430
54427
54425
54425
54424
54424
54422
54421
54421
54420
54420
54420
54419
54419
54418
54418
54417
54416
54416
54415
54414
54413
54410
54408
54407
54406
54406
54402
54401
54400
54398
54397
54397
54396
54394
54394
54393
54393
54392
54392
54392
54391
54390
54390
54389
54388
54387
54387
54387
54385
54385
54385
54385
54385
54384
54383
54383
54383
54383
54382
54382
54381
54381
54381
54381
54380
54380
54378
54378
54377
54377
54375
54375
54374
54374
54373
54373
54372
54371
54370
54370
54368
54367
54365
54364
54364
54363
54361
54360
54359
54358
54357
54357
54356
54356
54355
54355
54353
54353
54352
54352
54351
54351
54348
54346
54344
54344
54343
54343
54343
54342
54341
54339
54339
54336
54335
54335
54334
54334
54334
54332
54332
54332
54331
54330
54330
54329
54327
54324
54323
54322
54322
54321
54321
54321
54321
54321
54321
54320
54319
54318
54317
54315
54315
54314
54313
54312
54312
54310
54310
54309
54308
54308
54307
54307
54306
54304
54303
54303
54302
54301
54301
54301
54300
54299
54298
54296
54295
54295
54294
54294
54293
54292
54291
54291
54291
54290
54290
54288
54287
54287
54285
54285
54282
54282
54282
54281
54278
54277
54276
54276
54275
54275
54275
54274
54273
54272
54271
54271
54271
54269
54267
54267
54267
54265
54264
54263
54262
54262
54261
54258
54258
54258
54256
54256
54256
54255
54254
54254
54254
54251
54250
54250
54250
54249
54249
54248
54248
54248
54247
54247
54246
54246
54246
54245
54242
54238
54237
54237
54237
54236
54236
54235
54230
54230
54228
54227
54225
54225
54221
54218
54216
54216
54216
54214
54213
54212
54212
54212
54209
54208
54207
54206
54206
54204
54201
54200
54199
54199
54197
54197
54196
54195
54195
54193
54192
54192
54190
54185
54185
54184
54184
54183
54182
54180
54180
54180
54179
54179
54178
54177
54176
54175
54174
54173
54172
54172
54172
54171
54171
54171
54170
54168
54167
54166
54166
54166
54164
54164
54160
54160
54159
54158
54158
54158
54157
54156
54156
54155
54154
54153
54153
54153
54153
54152
54152
54151
54149
54149
54149
54148
54148
54145
54141
54141
54141
54139
54139
54137
54137
54134
54134
54133
54133
54133
54132
54132
54132
54132
54131
54131
54130
54130
54130
54128
54127
54127
54126
54126
54125
54125
54124
54124
54122
54117
54116
54113
54113
54112
54111
54110
54110
54109
54109
54108
54107
54106
54105
54103
54100
54097
54097
54095
54095
54094
54094
54093
54093
54092
54092
54091
54091
54083
54083
54081
54079
54079
54079
54078
54077
54076
54075
54075
54074
54071
54070
54069
54068
54068
54067
54064
54063
54063
54062
54061
54059
54057
54057
54057
54056
54055
54055
54051
54051
54049
54047
54047
54047
54046
54046
54046
54045
54045
54044
54043
54043
54043
54043
54042
54042
54042
54041
54040
54040
54037
54036
54035
54034
54034
54032
54028
54028
54027
54026
54025
54024
54023
54023
54022
54022
54022
54021
54021
54020
54019
54019
54017
54016
54016
54013
54013
54013
54012
54010
54010
54009
54008
54005
54004
54003
54001
54000
54000
53999
53999
53998
53998
53997
53997
53997
53995
53994
53993
53992
53991
53990
53990
53989
53989
53987
53984
53983
53982
53982
53981
53980
53975
53973
53971
53970
53970
53970
53969
53967
53967
53967
53963
53963
53962
53961
53957
53957
53956
53955
53953
53953
53952
53951
53948
53948
53946
53946
53944
53944
53944
53944
53943
53943
53942
53941
53940
53939
53935
53935
53935
53935
53933
53933
53933
53931
53929
53928
53927
53926
53924
53923
53923
53920
53919
53917
53916
53916
53915
53915
53914
53913
53913
53912
53911
53908
53908
53907
53906
53905
53904
53903
53901
53900
53898
53897
53895
53895
53895
53895
53893
53892
53892
53891
53889
53889
53888
53887
53886
53886
53886
53885
53884
53884
53884
53883
53882
53881
53880
53879
53878
53878
53876
53872
53870
53868
53867
53866
53866
53866
53865
53865
53864
53861
53861
53859
53859
53857
53856
53855
53854
53853
53851
53850
53850
53850
53850
53849
53849
53849
53847
53846
53845
53845
53842
53841
53840
53840
53839
53839
53839
53838
53835
53835
53835
53833
53833
53832
53831
53828
53826
53826
53823
53823
53822
53821
53821
53821
53821
53820
53817
53817
53816
53816
53816
53815
53814
53814
53813
53813
53812
53812
53812
53812
53811
53811
53810
53808
53807
53807
53807
53806
53806
53806
53805
53805
53803
53800
53799
53799
53796
53795
53795
53791
53791
53789
53789
53786
53786
53785
53785
53785
53784
53784
53783
53782
53781
53781
53779
53778
53778
53778
53777
53775
53774
53774
53774
53773
53773
53772
53772
53772
53770
53770
53770
53770
53770
53769
53769
53768
53767
53766
53765
53765
53764
53761
53759
53758
53758
53757
53756
53756
53755
53752
53750
53749
53747
53746
53745
53745
53743
53743
53743
53743
53742
53741
53741
53739
53738
53737
53736
53736
53736
53735
53735
53732
53731
53730
53730
53729
53728
53727
53725
53725
53725
53725
53725
53722
53720
53720
53717
53717
53717
53715
53712
53712
53712
53711
53710
53706
53705
53700
53700
53699
53698
53697
53696
53695
53692
53692
53690
53690
53689
53689
53688
53687
53687
53685
53685
53685
53685
53685
53684
53684
53683
53682
53681
53680
53679
53678
53677
53676
53676
53674
53674
53673
53673
53672
53672
53671
53671
53669
53668
53668
53667
53667
53666
53666
53666
53666
53663
53663
53662
53662
53661
53658
53654
53654
53653
53653
53652
53652
53651
53651
53650
53649
53649
53649
53648
53648
53646
53644
53643
53643
53639
53639
53637
53634
53633
53633
53633
53632
53631
53631
53630
53628
53626
53625
53623
53623
53623
53622
53622
53621
53620
53618
53617
53617
53617
53615
53614
53614
53613
53610
53609
53608
53607
53607
53607
53605
53604
53604
53603
53601
53600
53600
53600
53599
53599
53598
53598
53598
53598
53597
53596
53595
53594
53592
53592
53591
53591
53591
53591
53586
53585
53581
53579
53578
53578
53578
53577
53574
53574
53573
53572
53572
53572
53571
53571
53570
53569
53569
53567
53566
53565
53562
53560
53559
53556
53555
53553
53552
53552
53550
53550
53549
53548
53548
53547
53546
53545
53544
53540
53539
53539
53538
53538
53537
53536
53534
53534
53534
53534
53533
53533
53533
53533
53532
53531
53531
53531
53529
53528
53528
53528
53527
53527
53526
53526
53526
53525
53525
53524
53523
53522
53521
53520
53519
53517
53516
53515
53513
53513
53512
53509
53508
53507
53505
53504
53503
53499
53498
53498
53498
53496
53496
53496
53494
53493
53491
53491
53490
53489
53489
53489
53487
53487
53486
53486
53484
53484
53483
53482
53481
53479
53479
53478
53477
53476
53475
53474
53473
53473
53471
53470
53470
53470
53468
53467
53464
53464
53464
53463
53461
53460
53459
53457
53457
53457
53456
53452
53450
53450
53448
53443
53442
53442
53439
53439
53438
53437
53435
53433
53433
53433
53433
53433
53432
53431
53431
53430
53427
53427
53427
53426
53426
53426
53426
53425
53424
53423
53422
53421
53420
53420
53418
53417
53414
53413
53411
53411
53410
53408
53407
53407
53407
53406
53405
53404
53403
53402
53402
53400
53399
53399
53398
53393
53390
53389
53388
53387
53382
53381
53381
53379
53377
53377
53375
53375
53373
53372
53371
53370
53370
53368
53368
53368
53367
53366
53365
53365
53364
53364
53364
53363
53363
53360
53359
53359
53357
53356
53356
53355
53355
53355
53355
53353
53353
53353
53352
53351
53351
53350
53348
53348
53347
53346
53346
53343
53342
53342
53341
53339
53339
53337
53335
53335
53334
53334
53333
53333
53332
53332
53331
53331
53330
53328
53328
53328
53325
53322
53322
53321
53321
53320
53319
53319
53318
53317
53316
53316
53315
53313
53313
53310
53310
53309
53309
53309
53308
53308
53308
53307
53306
53305
53305
53304
53304
53303
53301
53301
53300
53299
53299
53299
53299
53299
53298
53297
53296
53295
53295
53294
53293
53292
53292
53291
53290
53290
53290
53290
53288
53288
53286
53284
53282
53281
53281
53281
53280
53279
53278
53277
53277
53276
53275
53275
53274
53273
53273
53272
53272
53267
53265
53265
53264
53264
53263
53262
53261
53260
53259
53258
53257
53257
53256
53256
53256
53253
53253
53252
53251
53250
53250
53250
53249
53248
53246
53245
53243
53243
53243
53241
53240
53238
53236
53235
53234
53232
53231
53230
53230
53228
53226
53221
53221
53219
53217
53216
53216
53213
53213
53212
53212
53212
53212
53211
53211
53211
53210
53210
53208
53207
53207
53201
53200
53199
53198
53197
53196
53195
53195
53193
53189
53189
53187
53186
53186
53186
53184
53184
53182
53182
53182
53182
53181
53181
53180
53179
53179
53175
53175
53175
53172
53170
53168
53166
53165
53164
53162
53161
53161
53160
53159
53158
53157
53157
53156
53152
53152
53152
53150
53149
53148
53146
53145
53145
53144
53143
53142
53142
53141
53141
53141
53140
53140
53138
53138
53138
53137
53137
53135
53135
53135
53134
53134
53134
53134
53134
53133
53132
53132
53131
53130
53129
53128
53128
53126
53126
53124
53123
53122
53121
53121
53120
53119
53118
53118
53117
53117
53114
53114
53113
53110
53105
53102
53102
53100
53100
53098
53092
53090
53088
53088
53088
53086
53086
53081
53081
53080
53080
53080
53080
53079
53079
53079
53077
53075
53074
53073
53073
53072
53067
53067
53065
53063
53062
53061
53061
53059
53054
53053
53050
53050
53048
53043
53043
53042
53041
53039
53038
53038
53037
53036
53035
53031
53029
53029
53029
53029
53028
53028
53026
53026
53026
53024
53023
53023
53022
53020
53020
53019
53018
53016
53016
53015
53015
53014
53014
53014
53014
53011
53011
53011
53009
53008
53008
53007
53006
53005
53005
53004
53004
53004
53004
53001
53000
52995
52994
52993
52992
52991
52991
52989
52989
52988
52987
52987
52987
52986
52985
52985
52983
52983
52983
52982
52979
52978
52977
52977
52976
52973
52972
52972
52968
52965
52964
52962
52961
52960
52959
52959
52959
52958
52957
52955
52955
52953
52953
52952
52952
52951
52950
52949
52948
52947
52947
52947
52946
52944
52943
52943
52943
52943
52939
52938
52937
52937
52936
52936
52935
52935
52934
52933
52933
52933
52932
52932
52930
52929
52929
52929
52928
52927
52926
52926
52926
52925
52924
52922
52921
52920
52919
52919
52919
52919
52916
52915
52915
52914
52913
52912
52911
52911
52910
52910
52909
52909
52909
52908
52908
52906
52905
52902
52900
52898
52898
52895
52893
52891
52889
52889
52888
52888
52886
52885
52884
52883
52883
52882
52882
52877
52876
52876
52875
52873
52871
52870
52869
52869
52868
52865
52864
52864
52862
52861
52861
52858
52858
52858
52856
52855
52855
52855
52854
52854
52854
52853
52853
52852
52851
52851
52850
52850
52848
52842
52841
52841
52840
52839
52834
52832
52832
52827
52827
52826
52824
52824
52824
52823
52822
52820
52819
52816
52814
52814
52813
52813
52812
52811
52810
52809
52807
52806
52806
52805
52805
52803
52802
52802
52799
52799
52799
52799
52798
52797
52796
52795
52795
52794
52793
52792
52791
52788
52788
52788
52788
52787
52786
52786
52785
52785
52783
52782
52782
52782
52782
52781
52780
52780
52779
52778
52776
52776
52775
52774
52773
52773
52772
52771
52771
52770
52770
52769
52769
52767
52763
52763
52762
52761
52761
52761
52761
52759
52759
52758
52757
52757
52757
52757
52756
52754
52754
52749
52748
52747
52746
52745
52745
52743
52743
52742
52742
52741
52739
52739
52737
52736
52736
52735
52734
52734
52731
52729
52728
52728
52728
52727
52727
52726
52726
52725
52725
52724
52723
52722
52722
52719
52716
52715
52715
52713
52709
52708
52707
52704
52703
52703
52701
52701
52700
52699
52698
52698
52696
52695
52694
52694
52693
52693
52693
52692
52691
52691
52690
52690
52689
52688
52688
52687
52687
52686
52682
52682
52682
52682
52681
52679
52679
52678
52677
52676
52675
52674
52673
52673
52672
52671
52668
52668
52667
52667
52666
52666
52664
52662
52661
52661
52659
52658
52658
52658
52658
52657
52656
52656
52655
52652
52651
52651
52651
52649
52645
52645
52644
52644
52642
52642
52638
52638
52637
52636
52634
52633
52633
52632
52632
52629
52629
52629
52628
52628
52627
52627
52626
52626
52623
52622
52621
52621
52619
52619
52619
52618
52618
52618
52617
52616
52616
52616
52615
52614
52613
52613
52612
52610
52608
52608
52607
52605
52603
52603
52602
52601
52600
52599
52599
52597
52597
52596
52594
52592
52590
52589
52589
52589
52588
52588
52587
52587
52583
52583
52581
52581
52581
52580
52579
52576
52576
52576
52576
52572
52572
52572
52571
52569
52569
52566
52566
52566
52565
52564
52563
52563
52562
52562
52561
52560
52557
52552
52550
52550
52547
52547
52546
52546
52545
52544
52542
52540
52539
52538
52538
52537
52537
52536
52535
52534
52533
52531
52531
52529
52529
52528
52526
52525
52525
52523
52522
52521
52520
52519
52517
52516
52516
52516
52514
52513
52510
52510
52508
52508
52507
52507
52506
52506
52505
52504
52503
52503
52503
52502
52501
52501
52499
52499
52498
52498
52497
52497
52495
52493
52492
52491
52490
52490
52488
52487
52487
52486
52484
52484
52483
52482
52482
52482
52480
52480
52479
52478
52478
52478
52477
52474
52474
52472
52470
52470
52470
52469
52468
52466
52466
52463
52462
52462
52461
52457
52456
52453
52452
52451
52446
52445
52443
52443
52442
52442
52442
52442
52441
52440
52438
52437
52436
52436
52434
52434
52433
52433
52432
52432
52431
52430
52430
52428
52428
52428
52427
52426
52425
52424
52424
52423
52422
52422
52421
52418
52415
52415
52413
52412
52411
52409
52409
52409
52408
52408
52408
52407
52405
52404
52404
52403
52402
52401
52401
52400
52398
52397
52394
52392
52390
52390
52389
52389
52387
52386
52384
52384
52383
52383
52383
52381
52380
52380
52377
52373
52370
52369
52369
52368
52368
52367
52364
52364
52360
52358
52358
52357
52356
52355
52355
52354
52354
52351
52350
52350
52348
52348
52347
52346
52346
52345
52345
52344
52344
52344
52343
52341
52340
52336
52334
52333
52333
52332
52332
52331
52330
52328
52327
52326
52325
52322
52322
52321
52320
52320
52320
52320
52317
52317
52316
52316
52316
52315
52314
52313
52312
52310
52308
52303
52303
52301
52300
52299
52299
52298
52295
52290
52289
52286
52284
52283
52283
52283
52281
52280
52278
52277
52275
52273
52271
52269
52269
52268
52265
52264
52263
52263
52263
52262
52261
52261
52260
52258
52257
52257
52257
52256
52254
52254
52253
52250
52249
52248
52248
52248
52246
52244
52244
52241
52236
52236
52235
52235
52234
52234
52233
52231
52229
52228
52225
52224
52224
52222
52222
52222
52221
52220
52219
52217
52215
52215
52215
52212
52210
52209
52207
52206
52202
52202
52200
52198
52196
52196
52192
52192
52191
52190
52190
52190
52189
52189
52185
52185
52184
52182
52181
52180
52178
52178
52177
52176
52175
52175
52174
52174
52174
52174
52174
52173
52173
52172
52171
52171
52170
52167
52167
52167
52167
52167
52167
52164
52164
52163
52163
52161
52152
52151
52149
52148
52148
52147
52145
52145
52145
52144
52143
52143
52141
52141
52141
52140
52140
52139
52138
52138
52135
52135
52135
52134
52134
52133
52132
52130
52129
52128
52128
52127
52126
52126
52123
52123
52123
52123
52121
52120
52120
52118
52118
52117
52117
52117
52113
52113
52111
52111
52109
52109
52106
52105
52104
52103
52101
52101
52100
52100
52100
52100
52099
52098
52098
52096
52095
52094
52092
52092
52092
52091
52090
52087
52086
52084
52084
52083
52083
52076
52075
52074
52073
52073
52073
52071
52071
52071
52070
52067
52066
52066
52064
52064
52063
52062
52061
52061
52060
52060
52056
52056
52055
52053
52053
52053
52052
52052
52051
52050
52049
52047
52045
52045
52043
52043
52042
52042
52041
52039
52038
52037
52037
52034
52032
52031
52031
52030
52029
52028
52028
52027
52026
52026
52025
52025
52025
52023
52021
52021
52020
52016
52016
52015
52014
52013
52012
52012
52011
52011
52011
52007
52006
52004
52004
52004
52002
51999
51996
51995
51992
51991
51990
51990
51987
51987
51986
51985
51985
51983
51982
51981
51980
51979
51978
51976
51973
51972
51972
51972
51972
51971
51970
51968
51967
51966
51965
51963
51961
51961
51961
51961
51959
51959
51957
51957
51957
51957
51956
51955
51955
51954
51954
51952
51951
51950
51949
51949
51948
51948
51947
51946
51946
51946
51944
51939
51939
51937
51935
51934
51932
51931
51930
51929
51929
51928
51926
51924
51923
51922
51921
51920
51918
51917
51915
51913
51912
51911
51911
51909
51909
51908
51906
51905
51904
51900
51898
51898
51895
51895
51894
51892
51891
51891
51890
51889
51888
51886
51883
51882
51882
51881
51881
51879
51877
51874
51873
51871
51870
51869
51868
51868
51866
51865
51865
51864
51864
51864
51863
51863
51862
51861
51861
51860
51859
51859
51858
51857
51855
51855
51854
51854
51853
51853
51853
51852
51851
51851
51850
51850
51850
51848
51847
51845
51844
51842
51842
51839
51839
51838
51837
51834
51833
51833
51831
51831
51830
51829
51825
51823
51823
51822
51822
51821
51821
51821
51819
51818
51817
51817
51815
51815
51814
51813
51813
51813
51812
51811
51811
51809
51806
51802
51801
51801
51799
51799
51798
51797
51796
51796
51795
51795
51795
51794
51794
51794
51794
51789
51786
51786
51782
51782
51781
51781
51780
51780
51780
51779
51779
51777
51776
51776
51776
51776
51775
51775
51773
51771
51769
51769
51768
51768
51767
51765
51764
51764
51764
51764
51762
51761
51760
51760
51760
51759
51759
51759
51757
51757
51752
51751
51749
51748
51747
51745
51742
51741
51741
51740
51740
51738
51737
51735
51735
51734
51733
51733
51730
51730
51729
51729
51728
51728
51728
51728
51727
51726
51726
51726
51723
51723
51719
51719
51718
51716
51715
51714
51713
51712
51710
51710
51709
51708
51707
51707
51706
51706
51706
51705
51704
51704
51704
51702
51701
51700
51699
51698
51698
51697
51696
51695
51693
51692
51690
51690
51689
51688
51683
51682
51682
51682
51680
51680
51679
51678
51678
51676
51675
51673
51673
51673
51668
51666
51665
51665
51664
51664
51663
51663
51662
51662
51661
51658
51658
51657
51655
51654
51654
51654
51653
51652
51649
51648
51647
51647
51647
51645
51643
51642
51642
51641
51639
51639
51637
51637
51636
51635
51635
51634
51634
51632
51632
51631
51630
51629
51629
51628
51627
51626
51622
51622
51619
51619
51618
51617
51616
51615
51614
51612
51612
51612
51611
51611
51610
51610
51609
51608
51607
51605
51605
51605
51603
51602
51601
51600
51599
51598
51598
51598
51597
51597
51595
51593
51592
51591
51591
51589
51588
51587
51585
51585
51585
51583
51581
51581
51577
51577
51577
51576
51575
51575
51575
51573
51572
51572
51572
51571
51571
51570
51567
51567
51565
51565
51563
51561
51561
51558
51557
51556
51555
51554
51551
51550
51550
51550
51549
51547
51546
51546
51545
51544
51543
51542
51542
51542
51542
51541
51540
51539
51539
51539
51538
51538
51536
51535
51529
51529
51528
51528
51527
51526
51525
51525
51525
51523
51522
51521
51520
51519
51519
51517
51513
51512
51511
51511
51509
51508
51508
51507
51504
51504
51503
51501
51500
51499
51498
51498
51498
51497
51496
51496
51495
51495
51494
51494
51493
51492
51489
51488
51488
51488
51487
51486
51485
51483
51483
51482
51482
51482
51481
51481
51481
51479
51477
51476
51476
51476
51475
51474
51472
51468
51468
51468
51467
51467
51464
51463
51460
51459
51457
51454
51452
51452
51452
51450
51448
51448
51448
51446
51445
51444
51443
51443
51442
51442
51441
51441
51441
51438
51437
51437
51436
51433
51432
51431
51427
51427
51427
51427
51426
51426
51425
51422
51421
51421
51421
51418
51418
51415
51415
51414
51414
51413
51412
51409
51409
51409
51407
51407
51406
51403
51402
51401
51401
51400
51400
51399
51399
51398
51395
51393
51391
51391
51390
51390
51389
51389
51388
51387
51387
51386
51385
51385
51384
51380
51380
51379
51378
51378
51378
51377
51377
51376
51376
51376
51376
51375
51373
51373
51372
51371
51371
51371
51370
51366
51365
51365
51364
51363
51363
51361
51360
51357
51356
51356
51354
51353
51350
51350
51349
51349
51347
51347
51344
51344
51343
51343
51340
51339
51339
51338
51338
51337
51337
51336
51336
51335
51335
51332
51332
51332
51331
51331
51331
51330
51330
51330
51327
51327
51327
51326
51326
51322
51321
51320
51320
51319
51315
51315
51314
51312
51311
51311
51308
51307
51306
51305
51304
51303
51303
51303
51299
51299
51299
51298
51298
51297
51296
51296
51295
51290
51290
51289
51289
51289
51286
51286
51284
51284
51283
51281
51281
51280
51279
51278
51278
51276
51275
51273
51273
51271
51271
51270
51267
51266
51266
51262
51261
51260
51260
51257
51255
51254
51252
51252
51252
51250
51248
51248
51246
51245
51244
51241
51240
51239
51239
51237
51237
51237
51236
51236
51235
51235
51233
51232
51228
51227
51225
51225
51224
51224
51224
51223
51223
51220
51218
51218
51216
51216
51212
51211
51210
51209
51207
51207
51206
51205
51205
51204
51203
51202
51202
51201
51200
51199
51197
51196
51194
51193
51192
51192
51191
51184
51183
51183
51182
51181
51181
51180
51180
51179
51179
51178
51177
51173
51173
51172
51172
51171
51171
51169
51166
51166
51165
51164
51164
51163
51163
51162
51161
51160
51158
51158
51157
51156
51155
51155
51155
51154
51153
51152
51152
51150
51149
51147
51147
51146
51145
51145
51145
51144
51142
51142
51141
51141
51140
51140
51139
51138
51134
51132
51132
51132
51131
51131
51129
51129
51128
51127
51127
51124
51123
51122
51122
51122
51121
51120
51119
51119
51118
51118
51118
51117
51116
51116
51116
51116
51116
51111
51110
51108
51107
51107
51107
51106
51106
51104
51102
51102
51102
51100
51100
51098
51095
51095
51094
51094
51093
51093
51091
51091
51090
51089
51088
51086
51085
51084
51084
51084
51083
51081
51080
51079
51078
51077
51076
51076
51075
51075
51074
51072
51071
51070
51067
51067
51066
51065
51064
51064
51063
51062
51061
51061
51059
51059
51058
51058
51057
51057
51057
51055
51053
51051
51051
51049
51048
51048
51047
51047
51046
51046
51045
51044
51044
51043
51043
51042
51042
51042
51042
51041
51041
51041
51040
51040
51038
51038
51037
51035
51035
51033
51033
51026
51026
51025
51025
51025
51024
51024
51023
51022
51020
51020
51019
51019
51017
51017
51013
51012
51011
51010
51010
51009
51009
51007
51007
51001
50999
50999
50999
50999
50997
50997
50996
50995
50994
50992
50992
50991
50991
50991
50989
50988
50987
50986
50986
50985
50984
50980
50980
50979
50977
50976
50976
50975
50974
50971
50968
50968
50967
50966
50966
50964
50964
50964
50964
50963
50961
50960
50958
50956
50956
50956
50956
50955
50955
50953
50951
50951
50950
50950
50949
50948
50946
50946
50944
50940
50938
50937
50936
50935
50932
50931
50927
50923
50923
50920
50919
50919
50918
50917
50916
50916
50915
50914
50914
50913
50913
50912
50912
50912
50911
50910
50910
50909
50908
50908
50905
50904
50904
50904
50902
50901
50897
50894
50891
50890
50890
50890
50889
50889
50888
50888
50887
50885
50884
50883
50882
50882
50881
50880
50880
50879
50878
50877
50877
50877
50875
50873
50871
50870
50869
50869
50867
50866
50865
50862
50861
50861
50861
50861
50859
50859
50854
50854
50850
50849
50849
50846
50846
50845
50843
50843
50840
50839
50837
50837
50836
50835
50835
50834
50833
50833
50832
50831
50831
50830
50830
50827
50824
50823
50823
50822
50822
50822
50821
50820
50820
50820
50819
50818
50817
50815
50815
50813
50813
50812
50809
50808
50807
50806
50805
50804
50803
50802
50802
50800
50800
50799
50799
50797
50795
50795
50792
50790
50789
50789
50788
50787
50786
50782
50781
50780
50779
50778
50778
50775
50775
50774
50772
50769
50766
50766
50765
50765
50763
50763
50758
50758
50757
50757
50757
50755
50754
50753
50753
50750
50749
50745
50744
50744
50742
50739
50738
50738
50737
50735
50734
50731
50730
50730
50729
50729
50728
50726
50726
50726
50725
50725
50723
50722
50722
50721
50721
50717
50717
50715
50715
50715
50713
50712
50711
50709
50708
50708
50708
50704
50704
50704
50699
50699
50698
50697
50697
50697
50696
50696
50692
50692
50691
50691
50689
50688
50686
50685
50683
50682
50679
50679
50678
50677
50677
50676
50675
50674
50673
50672
50668
50667
50665
50664
50663
50662
50662
50662
50659
50656
50656
50655
50654
50654
50653
50653
50652
50651
50650
50650
50649
50647
50646
50646
50645
50645
50645
50643
50642
50642
50641
50640
50640
50638
50638
50636
50635
50633
50633
50631
50631
50631
50630
50629
50629
50629
50629
50628
50628
50627
50627
50626
50625
50624
50624
50622
50622
50621
50621
50621
50619
50613
50613
50611
50611
50610
50609
50607
50606
50606
50606
50605
50604
50602
50602
50602
50602
50601
50601
50601
50601
50599
50596
50596
50592
50591
50591
50590
50590
50590
50589
50589
50588
50587
50587
50586
50585
50584
50584
50584
50582
50581
50579
50578
50577
50577
50576
50576
50574
50573
50572
50571
50570
50570
50568
50568
50568
50568
50567
50565
50565
50565
50564
50564
50561
50561
50561
50560
50560
50559
50557
50557
50556
50555
50554
50554
50553
50553
50553
50553
50552
50552
50551
50550
50548
50547
50545
50544
50544
50543
50543
50542
50541
50541
50540
50539
50538
50533
50532
50530
50530
50529
50529
50528
50527
50527
50527
50526
50524
50522
50521
50521
50520
50520
50519
50519
50516
50516
50515
50513
50512
50511
50511
50509
50508
50508
50508
50506
50505
50504
50504
50503
50502
50500
50499
50498
50497
50497
50496
50495
50493
50493
50492
50492
50491
50491
50489
50489
50489
50488
50488
50488
50487
50485
50485
50482
50482
50481
50480
50480
50480
50479
50478
50476
50476
50475
50475
50472
50472
50471
50470
50470
50470
50470
50470
50470
50467
50467
50467
50465
50465
50465
50465
50462
50462
50461
50460
50460
50458
50456
50456
50456
50452
50451
50448
50448
50447
50446
50444
50443
50443
50441
50440
50440
50438
50437
50435
50434
50434
50434
50431
50431
50430
50428
50427
50424
50423
50423
50423
50422
50421
50419
50418
50414
50413
50412
50412
50410
50410
50410
50408
50407
50407
50406
50405
50403
50403
50403
50402
50402
50401
50401
50400
50396
50396
50396
50395
50395
50395
50394
50394
50393
50392
50391
50390
50390
50389
50388
50387
50386
50386
50384
50383
50383
50383
50382
50382
50382
50381
50379
50376
50373
50373
50373
50372
50371
50371
50370
50369
50368
50367
50365
50365
50363
50361
50361
50357
50357
50356
50353
50351
50351
50351
50350
50349
50346
50345
50344
50344
50342
50342
50342
50339
50338
50335
50335
50334
50334
50334
50333
50333
50329
50329
50328
50328
50327
50327
50327
50325
50325
50325
50325
50323
50322
50322
50321
50316
50315
50313
50312
50308
50306
50304
50303
50302
50301
50301
50299
50298
50298
50296
50291
50290
50290
50289
50289
50288
50288
50287
50287
50282
50282
50280
50279
50279
50276
50267
50267
50266
50265
50262
50260
50260
50258
50258
50258
50255
50253
50253
50252
50251
50249
50243
50242
50242
50241
50241
50240
50240
50239
50238
50236
50235
50234
50234
50233
50230
50230
50230
50229
50227
50226
50225
50225
50224
50224
50223
50223
50223
50222
50222
50222
50219
50218
50215
50215
50213
50212
50212
50208
50208
50207
50205
50201
50198
50198
50197
50196
50196
50195
50194
50193
50193
50192
50192
50191
50189
50189
50187
50186
50184
50184
50180
50180
50180
50179
50178
50175
50173
50171
50171
50171
50170
50169
50168
50167
50165
50165
50165
50164
50164
50163
50162
50161
50161
50161
50160
50160
50160
50159
50158
50158
50157
50156
50156
50156
50155
50154
50153
50153
50152
50152
50149
50149
50148
50145
50143
50141
50141
50141
50140
50139
50139
50138
50138
50137
50137
50137
50137
50136
50136
50136
50135
50134
50133
50133
50132
50132
50132
50130
50130
50129
50128
50128
50125
50125
50124
50123
50122
50119
50119
50119
50119
50118
50118
50117
50117
50117
50116
50116
50115
50114
50112
50112
50111
50110
50110
50109
50108
50107
50107
50107
50107
50106
50106
50105
50105
50105
50105
50104
50104
50102
50100
50099
50098
50098
50097
50097
50097
50097
50096
50095
50094
50093
50093
50092
50092
50089
50085
50084
50084
50084
50084
50083
50082
50080
50080
50077
50074
50071
50071
50070
50068
50066
50064
50064
50064
50064
50063
50063
50063
50061
50060
50059
50058
50056
50056
50055
50055
50055
50052
50051
50050
50049
50049
50048
50044
50043
50041
50040
50040
50039
50038
50037
50036
50035
50035
50035
50033
50030
50026
50025
50024
50022
50022
50022
50022
50021
50021
50020
50020
50019
50018
50016
50016
50012
50012
50012
50012
50011
50011
50011
50010
50010
50009
50009
50009
50008
50006
50005
50005
50005
50003
50002
50001
50001
50000
49999
49999
49999
49998
49998
49998
49996
49994
49992
49990
49987
49986
49985
49984
49983
49980
49979
49977
49977
49976
49975
49973
49973
49971
49968
49968
49966
49965
49965
49964
49962
49962
49961
49958
49957
49957
49957
49956
49955
49952
49951
49951
49951
49950
49950
49949
49947
49947
49946
49945
49944
49944
49943
49943
49941
49941
49940
49939
49939
49938
49938
49937
49936
49936
49932
49932
49932
49931
49929
49929
49928
49927
49927
49926
49926
49926
49925
49924
49920
49918
49918
49916
49914
49912
49912
49910
49909
49909
49907
49906
49903
49898
49896
49896
49895
49894
49894
49892
49892
49889
49887
49887
49885
49883
49882
49880
49878
49877
49876
49875
49873
49873
49873
49872
49871
49869
49869
49869
49868
49866
49866
49865
49864
49864
49864
49863
49862
49862
49860
49858
49857
49856
49856
49855
49855
49854
49852
49851
49851
49851
49849
49847
49847
49847
49846
49844
49843
49841
49839
49839
49838
49838
49837
49837
49831
49829
49827
49827
49826
49826
49825
49823
49822
49821
49818
49817
49816
49814
49812
49811
49809
49809
49808
49808
49807
49806
49804
49803
49803
49802
49801
49801
49798
49798
49797
49797
49797
49796
49794
49792
49792
49790
49789
49789
49788
49786
49785
49784
49783
49782
49779
49778
49778
49778
49776
49776
49772
49771
49771
49768
49767
49767
49766
49766
49765
49761
49760
49758
49757
49756
49756
49754
49752
49752
49749
49748
49747
49747
49747
49745
49739
49738
49738
49738
49737
49736
49733
49731
49731
49730
49730
49727
49727
49727
49726
49726
49726
49725
49725
49723
49723
49722
49722
49719
49719
49718
49717
49716
49715
49714
49711
49709
49707
49707
49707
49705
49705
49705
49704
49701
49700
49696
49693
49693
49692
49692
49690
49689
49688
49688
49687
49686
49682
49682
49678
49677
49676
49676
49675
49674
49672
49670
49667
49667
49666
49665
49663
49662
49662
49661
49661
49660
49660
49659
49659
49658
49658
49657
49657
49655
49654
49654
49653
49653
49652
49651
49651
49651
49651
49651
49650
49650
49648
49647
49647
49646
49646
49645
49644
49643
49643
49642
49639
49638
49638
49638
49637
49635
49634
49632
49632
49630
49630
49630
49627
49625
49625
49624
49624
49623
49623
49622
49621
49621
49621
49620
49618
49617
49617
49616
49614
49613
49613
49613
49611
49611
49610
49610
49608
49607
49607
49606
49606
49606
49605
49604
49602
49600
49599
49599
49598
49597
49596
49594
49594
49594
49593
49593
49592
49592
49591
49590
49590
49590
49589
49589
49589
49588
49587
49586
49586
49585
49582
49580
49580
49578
49577
49576
49575
49573
49572
49571
49571
49571
49567
49566
49565
49564
49563
49562
49561
49560
49559
49558
49557
49557
49557
49555
49554
49553
49553
49553
49552
49552
49551
49550
49546
49546
49543
49540
49539
49537
49537
49536
49532
49532
49532
49531
49530
49529
49528
49527
49526
49523
49523
49520
49516
49514
49513
49512
49509
49508
49508
49506
49505
49505
49503
49503
49503
49502
49502
49502
49497
49497
49496
49493
49492
49490
49490
49489
49488
49486
49486
49485
49484
49483
49482
49482
49482
49482
49480
49480
49479
49477
49477
49476
49472
49471
49471
49471
49470
49469
49469
49469
49467
49467
49467
49465
49463
49461
49461
49460
49459
49458
49458
49456
49455
49454
49451
49451
49450
49449
49448
49447
49447
49446
49445
49443
49442
49441
49440
49439
49436
49436
49434
49433
49431
49431
49430
49430
49429
49429
49428
49426
49425
49423
49422
49420
49420
49419
49417
49416
49415
49413
49413
49412
49411
49410
49410
49409
49408
49407
49406
49406
49406
49405
49404
49402
49402
49401
49400
49398
49396
49395
49395
49395
49395
49394
49394
49393
49387
49386
49386
49385
49385
49385
49383
49383
49383
49382
49381
49381
49381
49377
49377
49374
49373
49372
49372
49370
49369
49367
49366
49366
49365
49364
49364
49362
49362
49360
49359
49357
49356
49356
49355
49351
49351
49350
49350
49350
49346
49345
49344
49344
49343
49341
49341
49341
49340
49340
49339
49337
49337
49337
49336
49336
49335
49335
49333
49333
49332
49330
49330
49329
49329
49329
49328
49326
49324
49324
49322
49322
49321
49318
49316
49314
49312
49312
49312
49311
49309
49306
49305
49304
49303
49303
49302
49301
49301
49300
49300
49300
49299
49297
49294
49294
49293
49293
49292
49291
49290
49289
49288
49288
49285
49284
49284
49282
49276
49276
49275
49272
49272
49271
49268
49267
49267
49266
49263
49263
49261
49259
49258
49257
49256
49256
49256
49255
49255
49255
49254
49251
49250
49248
49248
49247
49246
49244
49244
49243
49243
49243
49242
49238
49236
49235
49234
49233
49231
49230
49230
49229
49229
49228
49227
49226
49225
49225
49225
49223
49222
49222
49219
49218
49218
49218
49217
49213
49213
49213
49213
49208
49205
49204
49202
49202
49197
49195
49194
49191
49189
49187
49187
49186
49186
49185
49182
49181
49181
49181
49180
49178
49175
49175
49175
49175
49173
49173
49173
49173
49172
49172
49171
49170
49168
49168
49165
49164
49162
49161
49160
49159
49159
49159
49157
49153
49153
49152
49152
49147
49147
49146
49144
49144
49142
49142
49140
49139
49139
49139
49138
49137
49137
49136
49136
49136
49135
49129
49128
49127
49125
49124
49123
49123
49123
49122
49122
49119
49116
49116
49116
49115
49113
49111
49110
49109
49108
49107
49107
49107
49105
49105
49103
49102
49102
49102
49101
49101
49099
49098
49098
49095
49094
49094
49093
49090
49090
49089
49089
49088
49086
49084
49083
49083
49083
49080
49079
49077
49076
49076
49075
49075
49074
49074
49074
49074
49073
49073
49073
49072
49072
49071
49070
49070
49068
49067
49067
49067
49065
49063
49063
49062
49062
49061
49060
49058
49058
49056
49055
49052
49050
49047
49046
49046
49043
49042
49042
49041
49040
49040
49040
49037
49036
49035
49034
49030
49029
49029
49028
49028
49024
49023
49023
49022
49021
49021
49020
49018
49018
49017
49016
49016
49014
49011
49010
49009
49007
49005
49004
49004
49004
49004
49002
49000
48998
48997
48995
48995
48994
48994
48993
48991
48989
48988
48988
48988
48988
48987
48987
48986
48986
48986
48985
48983
48983
48983
48979
48976
48973
48972
48971
48970
48969
48967
48967
48965
48965
48962
48959
48959
48958
48958
48957
48956
48956
48955
48955
48955
48955
48954
48953
48951
48951
48951
48949
48946
48946
48945
48945
48943
48943
48942
48941
48940
48940
48939
48938
48937
48937
48937
48936
48936
48935
48934
48934
48933
48933
48933
48931
48931
48930
48930
48928
48928
48927
48926
48925
48923
48922
48921
48921
48918
48917
48912
48910
48907
48907
48903
48903
48899
48899
48895
48894
48891
48891
48890
48890
48889
48888
48888
48888
48887
48886
48886
48885
48883
48882
48882
48879
48879
48879
48877
48877
48876
48876
48875
48875
48875
48874
48874
48872
48870
48869
48869
48868
48867
48865
48864
48864
48864
48864
48863
48862
48860
48859
48859
48858
48856
48856
48854
48854
48852
48850
48850
48849
48848
48847
48846
48845
48844
48844
48843
48841
48841
48840
48840
48839
48838
48838
48837
48836
48836
48835
48835
48833
48831
48831
48830
48828
48828
48827
48827
48825
48824
48823
48823
48821
48817
48814
48814
48812
48812
48807
48807
48806
48806
48806
48806
48805
48805
48804
48803
48802
48801
48799
48799
48798
48798
48798
48797
48796
48796
48795
48795
48794
48793
48793
48793
48793
48790
48789
48789
48789
48788
48788
48787
48787
48786
48784
48784
48784
48783
48782
48782
48782
48781
48781
48781
48780
48779
48778
48777
48776
48776
48775
48773
48771
48769
48769
48769
48768
48767
48767
48764
48763
48760
48760
48758
48755
48754
48754
48754
48753
48750
48749
48749
48748
48746
48746
48743
48740
48736
48736
48735
48735
48734
48733
48733
48733
48733
48732
48732
48731
48731
48729
48729
48728
48728
48726
48724
48719
48718
48716
48716
48716
48715
48714
48714
48713
48711
48710
48709
48709
48707
48706
48705
48701
48700
48700
48699
48699
48698
48698
48695
48694
48693
48692
48691
48690
48689
48689
48689
48688
48681
48680
48680
48679
48679
48678
48678
48677
48675
48674
48673
48673
48673
48672
48672
48672
48669
48669
48668
48667
48667
48665
48664
48664
48661
48660
48658
48657
48655
48654
48653
48653
48651
48651
48649
48649
48648
48648
48646
48645
48643
48640
48639
48639
48637
48636
48633
48632
48632
48631
48631
48630
48629
48629
48628
48628
48626
48624
48623
48621
48620
48619
48617
48616
48616
48616
48614
48614
48614
48613
48612
48612
48612
48612
48611
48609
48609
48608
48608
48607
48605
48604
48604
48603
48601
48601
48601
48598
48597
48596
48594
48593
48593
48592
48592
48591
48591
48589
48588
48587
48587
48585
48585
48585
48584
48584
48584
48583
48582
48581
48579
48578
48576
48576
48575
48575
48574
48573
48573
48570
48569
48568
48566
48566
48566
48564
48563
48562
48561
48561
48560
48559
48559
48559
48555
48554
48554
48552
48552
48552
48551
48550
48548
48547
48545
48545
48541
48539
48538
48536
48536
48534
48533
48532
48530
48530
48527
48526
48525
48525
48524
48524
48523
48523
48523
48523
48522
48522
48518
48518
48518
48517
48516
48516
48515
48513
48512
48510
48509
48506
48505
48505
48504
48503
48503
48499
48497
48495
48494
48494
48493
48492
48489
48489
48488
48488
48487
48487
48486
48485
48484
48483
48482
48482
48480
48477
48477
48476
48476
48475
48474
48474
48473
48472
48471
48470
48468
48467
48466
48464
48463
48463
48461
48461
48461
48460
48459
48458
48457
48457
48456
48456
48455
48455
48452
48451
48450
48449
48449
48448
48447
48446
48446
48446
48445
48444
48443
48443
48442
48441
48439
48439
48439
48438
48436
48436
48435
48435
48435
48435
48434
48432
48431
48430
48429
48428
48427
48427
48424
48424
48424
48421
48421
48420
48420
48420
48419
48419
48419
48418
48417
48416
48415
48414
48414
48414
48413
48413
48413
48412
48411
48410
48410
48410
48408
48407
48407
48407
48405
48405
48404
48402
48402
48400
48400
48399
48396
48395
48393
48392
48392
48391
48390
48389
48388
48387
48387
48387
48387
48384
48384
48382
48382
48382
48381
48381
48381
48381
48380
48380
48380
48378
48378
48375
48375
48374
48374
48373
48372
48370
48370
48370
48370
48369
48368
48368
48367
48365
48365
48361
48358
48355
48355
48353
48350
48349
48347
48346
48346
48346
48344
48344
48341
48340
48340
48340
48339
48339
48339
48338
48337
48335
48334
48333
48333
48332
48332
48330
48329
48328
48328
48328
48325
48324
48323
48321
48319
48316
48316
48315
48312
48310
48308
48308
48307
48306
48300
48300
48299
48299
48298
48298
48297
48297
48294
48292
48292
48290
48288
48287
48287
48285
48284
48283
48281
48278
48278
48278
48277
48274
48273
48273
48270
48266
48265
48262
48260
48256
48256
48254
48253
48253
48250
48249
48247
48246
48244
48243
48243
48243
48242
48239
48239
48238
48237
48237
48237
48236
48236
48236
48234
48234
48234
48233
48232
48232
48231
48231
48230
48230
48230
48228
48227
48227
48226
48226
48225
48224
48224
48222
48222
48221
48220
48220
48219
48219
48219
48218
48218
48217
48215
48215
48214
48214
48213
48213
48213
48212
48211
48211
48209
48208
48207
48207
48206
48206
48206
48205
48205
48202
48202
48202
48199
48198
48197
48196
48196
48195
48194
48193
48193
48192
48190
48189
48188
48188
48187
48187
48187
48186
48186
48186
48185
48184
48183
48183
48182
48180
48180
48179
48179
48177
48175
48175
48174
48172
48172
48171
48170
48168
48167
48167
48166
48165
48165
48165
48164
48164
48164
48164
48163
48163
48162
48162
48161
48160
48158
48157
48155
48151
48148
48147
48147
48147
48146
48143
48143
48143
48142
48142
48139
48139
48138
48137
48136
48136
48136
48135
48135
48133
48132
48132
48132
48132
48131
48130
48130
48129
48129
48128
48128
48126
48125
48125
48124
48124
48124
48123
48123
48122
48121
48120
48120
48120
48118
48115
48108
48108
48105
48104
48102
48101
48101
48100
48099
48099
48099
48098
48097
48095
48095
48094
48094
48094
48093
48091
48089
48089
48088
48088
48088
48087
48086
48085
48085
48084
48082
48081
48080
48079
48078
48078
48076
48075
48074
48073
48072
48070
48070
48069
48068
48067
48067
48066
48065
48065
48065
48062
48061
48060
48060
48059
48058
48058
48057
48056
48055
48048
48047
48046
48044
48044
48043
48041
48041
48039
48038
48037
48037
48036
48033
48031
48031
48031
48030
48028
48025
48024
48022
48020
48019
48019
48019
48018
48015
48013
48012
48012
48008
48008
48007
48006
48005
48005
48004
48004
48003
47998
47998
47998
47998
47997
47997
47997
47997
47996
47994
47994
47992
47991
47991
47990
47990
47988
47988
47988
47987
47986
47986
47983
47983
47981
47981
47980
47980
47980
47980
47979
47979
47978
47974
47973
47973
47973
47972
47971
47968
47968
47968
47967
47966
47965
47963
47962
47962
47961
47961
47961
47961
47961
47960
47959
47959
47959
47958
47957
47957
47955
47955
47953
47953
47951
47950
47949
47949
47948
47947
47947
47945
47944
47942
47941
47938
47938
47938
47935
47935
47933
47933
47933
47932
47930
47930
47928
47926
47925
47924
47924
47923
47923
47920
47920
47919
47917
47916
47913
47911
47909
47909
47909
47908
47907
47907
47906
47905
47905
47904
47904
47903
47902
47899
47898
47897
47897
47897
47895
47894
47893
47892
47892
47891
47888
47888
47886
47884
47882
47881
47878
47877
47877
47876
47875
47872
47871
47871
47871
47870
47869
47869
47867
47867
47866
47865
47864
47862
47859
47859
47859
47857
47857
47853
47852
47852
47851
47851
47851
47850
47850
47848
47848
47848
47846
47846
47843
47843
47843
47839
47837
47837
47836
47836
47836
47834
47834
47833
47832
47831
47830
47829
47829
47828
47828
47827
47827
47826
47826
47825
47816
47816
47816
47814
47810
47810
47810
47808
47808
47807
47806
47805
47803
47803
47802
47802
47801
47799
47798
47798
47797
47796
47795
47794
47794
47794
47793
47792
47792
47791
47790
47787
47786
47784
47783
47780
47780
47778
47778
47778
47775
47772
47772
47772
47771
47771
47771
47767
47765
47764
47762
47762
47760
47757
47753
47753
47753
47752
47752
47751
47750
47750
47749
47749
47749
47748
47746
47746
47746
47746
47745
47744
47744
47742
47741
47741
47740
47738
47738
47737
47736
47736
47734
47733
47731
47730
47729
47729
47728
47728
47726
47724
47724
47723
47723
47722
47721
47721
47721
47720
47718
47715
47714
47712
47712
47711
47710
47708
47707
47706
47701
47699
47697
47695
47695
47694
47692
47689
47688
47688
47688
47686
47686
47682
47680
47679
47678
47677
47676
47675
47675
47674
47674
47673
47672
47671
47671
47670
47670
47667
47666
47666
47665
47665
47664
47663
47662
47662
47662
47659
47659
47659
47658
47657
47655
47654
47653
47653
47652
47652
47648
47646
47646
47646
47644
47643
47643
47642
47641
47639
47639
47638
47635
47635
47634
47633
47631
47630
47630
47627
47627
47627
47624
47622
47622
47621
47619
47619
47618
47616
47616
47615
47614
47614
47614
47612
47612
47612
47612
47611
47610
47610
47608
47607
47607
47606
47605
47603
47603
47603
47602
47601
47601
47601
47601
47600
47597
47596
47596
47595
47595
47595
47594
47594
47593
47592
47592
47591
47591
47589
47586
47584
47583
47583
47582
47580
47579
47578
47578
47576
47575
47573
47573
47573
47573
47570
47569
47567
47566
47566
47565
47562
47562
47561
47560
47559
47559
47558
47558
47557
47555
47555
47554
47553
47553
47553
47550
47549
47548
47547
47547
47547
47544
47543
47542
47540
47539
47538
47537
47535
47535
47534
47534
47534
47534
47532
47531
47531
47531
47531
47530
47528
47528
47528
47527
47526
47524
47523
47521
47520
47520
47519
47518
47518
47518
47517
47517
47516
47516
47515
47510
47510
47508
47508
47506
47505
47504
47504
47501
47499
47499
47497
47497
47496
47495
47495
47494
47493
47492
47492
47491
47491
47490
47489
47488
47488
47486
47486
47486
47484
47483
47483
47481
47480
47477
47477
47476
47476
47476
47475
47474
47471
47471
47471
47470
47470
47470
47469
47468
47467
47466
47466
47466
47462
47461
47460
47459
47458
47456
47454
47453
47453
47452
47448
47448
47448
47445
47445
47444
47443
47440
47440
47432
47431
47430
47430
47427
47427
47426
47426
47425
47425
47423
47422
47421
47421
47419
47416
47415
47415
47413
47411
47411
47411
47409
47409
47408
47406
47404
47403
47403
47403
47402
47402
47402
47401
47401
47399
47397
47397
47396
47395
47391
47391
47391
47390
47389
47389
47388
47388
47385
47385
47384
47382
47381
47378
47378
47377
47377
47375
47374
47373
47372
47372
47370
47369
47369
47367
47365
47363
47363
47363
47362
47362
47361
47361
47361
47360
47360
47360
47360
47359
47359
47358
47358
47357
47356
47351
47351
47351
47350
47349
47349
47349
47349
47346
47345
47344
47344
47343
47343
47341
47341
47339
47338
47337
47336
47334
47333
47333
47331
47331
47330
47330
47327
47327
47327
47326
47325
47325
47324
47324
47324
47323
47319
47319
47318
47317
47316
47312
47311
47309
47308
47306
47305
47304
47304
47302
47301
47300
47298
47294
47293
47293
47291
47290
47290
47288
47288
47288
47286
47286
47286
47285
47284
47283
47283
47283
47282
47282
47281
47281
47281
47279
47279
47276
47276
47272
47271
47270
47270
47269
47269
47269
47267
47264
47263
47262
47261
47261
47259
47259
47256
47255
47253
47251
47250
47249
47247
47246
47246
47246
47246
47245
47245
47245
47243
47243
47243
47241
47241
47238
47238
47237
47235
47234
47233
47231
47230
47229
47228
47225
47225
47224
47224
47224
47224
47224
47224
47224
47223
47221
47219
47217
47217
47215
47215
47214
47213
47210
47209
47206
47205
47200
47199
47198
47197
47197
47194
47191
47190
47189
47186
47185
47185
47184
47184
47183
47183
47181
47180
47178
47177
47177
47176
47175
47172
47172
47172
47170
47168
47167
47167
47166
47165
47165
47163
47162
47162
47162
47161
47158
47157
47156
47154
47154
47153
47153
47149
47144
47144
47141
47141
47140
47139
47139
47139
47138
47138
47135
47134
47134
47133
47132
47132
47131
47131
47131
47131
47130
47128
47127
47127
47126
47123
47123
47123
47123
47120
47118
47116
47116
47115
47113
47113
47112
47108
47107
47104
47103
47100
47100
47098
47097
47097
47095
47094
47093
47092
47090
47089
47089
47087
47087
47087
47087
47086
47085
47085
47083
47083
47082
47082
47081
47081
47080
47078
47078
47075
47075
47074
47074
47072
47070
47069
47069
47068
47067
47067
47066
47065
47064
47063
47063
47062
47060
47059
47058
47058
47055
47055
47054
47054
47053
47052
47051
47050
47048
47045
47044
47043
47042
47042
47042
47042
47040
47039
47038
47037
47036
47033
47033
47033
47030
47029
47028
47028
47027
47027
47026
47026
47025
47025
47024
47024
47023
47023
47022
47020
47020
47019
47017
47016
47015
47015
47015
47014
47014
47013
47012
47012
47011
47008
47007
47005
47005
47004
47004
47004
47004
47004
47003
46998
46998
46997
46996
46996
46996
46995
46994
46994
46992
46991
46991
46990
46989
46988
46988
46988
46985
46984
46981
46981
46981
46978
46977
46975
46975
46974
46972
46971
46970
46969
46969
46968
46966
46966
46965
46964
46964
46962
46960
46959
46958
46958
46955
46954
46954
46954
46954
46952
46952
46951
46950
46949
46949
46949
46948
46946
46942
46942
46942
46942
46941
46940
46939
46937
46937
46936
46936
46935
46933
46933
46931
46930
46929
46929
46928
46928
46926
46925
46921
46919
46918
46916
46916
46915
46913
46913
46913
46913
46912
46912
46912
46909
46909
46909
46907
46905
46904
46904
46904
46904
46903
46899
46899
46899
46898
46897
46897
46896
46896
46895
46895
46895
46893
46892
46891
46887
46883
46882
46880
46879
46879
46879
46878
46877
46876
46876
46876
46875
46874
46874
46874
46873
46873
46872
46872
46872
46869
46869
46868
46866
46866
46865
46864
46863
46863
46863
46862
46861
46860
46859
46856
46856
46853
46853
46852
46852
46851
46850
46845
46845
46845
46844
46843
46843
46843
46842
46841
46841
46841
46841
46839
46838
46838
46837
46837
46836
46836
46834
46831
46831
46828
46828
46827
46825
46824
46822
46820
46820
46818
46818
46817
46817
46817
46814
46814
46814
46813
46813
46812
46809
46807
46805
46804
46802
46801
46800
46800
46799
46798
46798
46797
46797
46796
46795
46793
46792
46791
46791
46791
46788
46788
46787
46787
46785
46784
46784
46782
46782
46782
46781
46779
46777
46776
46776
46773
46772
46772
46771
46770
46767
46765
46763
46761
46759
46759
46758
46757
46756
46755
46755
46754
46753
46750
46748
46747
46747
46747
46747
46746
46746
46745
46745
46743
46742
46741
46740
46740
46739
46739
46739
46738
46737
46736
46736
46734
46734
46734
46733
46730
46727
46724
46723
46723
46722
46720
46719
46719
46717
46717
46713
46712
46712
46711
46710
46704
46704
46704
46703
46702
46701
46701
46700
46700
46695
46695
46694
46694
46692
46692
46691
46691
46691
46689
46687
46687
46687
46686
46684
46684
46683
46682
46682
46681
46681
46681
46679
46679
46678
46677
46676
46674
46674
46672
46672
46671
46671
46671
46670
46669
46669
46668
46664
46664
46663
46663
46662
46661
46659
46658
46652
46648
46648
46647
46647
46646
46646
46646
46644
46642
46642
46641
46641
46639
46638
46638
46636
46636
46636
46635
46635
46633
46633
46632
46632
46632
46630
46629
46625
46624
46623
46623
46622
46622
46622
46621
46620
46620
46617
46617
46615
46613
46613
46612
46610
46609
46609
46608
46608
46607
46607
46606
46605
46605
46603
46601
46600
46599
46599
46599
46598
46598
46598
46597
46595
46594
46593
46593
46592
46592
46591
46589
46588
46588
46587
46581
46579
46579
46578
46577
46577
46575
46574
46571
46570
46569
46568
46567
46566
46564
46564
46563
46563
46562
46562
46561
46559
46557
46557
46555
46553
46553
46552
46552
46550
46549
46548
46548
46548
46547
46545
46543
46543
46541
46541
46537
46536
46534
46533
46533
46532
46531
46531
46530
46529
46528
46526
46526
46525
46523
46522
46521
46517
46516
46516
46515
46514
46514
46513
46513
46511
46508
46502
46502
46502
46501
46500
46500
46499
46498
46498
46497
46496
46495
46492
46492
46489
46489
46488
46488
46486
46486
46485
46485
46482
46480
46479
46479
46478
46477
46477
46473
46473
46473
46468
46468
46465
46465
46462
46458
46457
46456
46455
46454
46453
46451
46451
46447
46447
46445
46444
46442
46442
46440
46440
46439
46438
46437
46437
46434
46432
46431
46430
46430
46430
46429
46428
46428
46427
46426
46426
46426
46425
46425
46424
46423
46422
46422
46421
46420
46420
46419
46418
46418
46418
46417
46416
46415
46415
46415
46414
46410
46409
46407
46406
46404
46404
46404
46404
46403
46403
46403
46403
46402
46401
46401
46400
46399
46399
46398
46398
46397
46396
46396
46395
46393
46393
46392
46390
46390
46390
46390
46389
46389
46388
46388
46386
46384
46383
46381
46380
46379
46377
46377
46376
46375
46375
46374
46374
46370
46370
46367
46366
46366
46365
46360
46360
46357
46355
46353
46352
46352
46351
46351
46351
46347
46347
46344
46342
46342
46342
46342
46342
46341
46340
46338
46337
46337
46336
46336
46335
46334
46333
46332
46332
46330
46328
46326
46325
46325
46322
46320
46319
46319
46319
46319
46318
46318
46318
46317
46316
46314
46314
46314
46314
46313
46312
46312
46308
46308
46307
46304
46304
46303
46303
46302
46301
46301
46300
46299
46299
46296
46296
46295
46295
46293
46292
46291
46290
46289
46289
46287
46287
46287
46286
46285
46285
46285
46283
46282
46281
46281
46281
46280
46279
46279
46279
46278
46276
46276
46276
46275
46275
46274
46273
46273
46271
46270
46270
46270
46269
46269
46268
46267
46267
46265
46264
46264
46264
46263
46262
46261
46260
46260
46259
46259
46259
46258
46258
46256
46255
46253
46251
46251
46251
46250
46250
46248
46248
46247
46247
46246
46245
46245
46243
46243
46242
46242
46241
46237
46237
46231
46230
46230
46229
46228
46226
46224
46223
46222
46221
46220
46219
46219
46218
46218
46217
46214
46213
46212
46212
46211
46209
46209
46209
46207
46204
46204
46202
46202
46201
46200
46198
46198
46197
46196
46195
46193
46193
46192
46190
46189
46189
46187
46177
46177
46175
46174
46173
46173
46168
46166
46166
46164
46164
46163
46162
46162
46162
46160
46158
46158
46156
46155
46154
46153
46152
46152
46152
46151
46149
46147
46147
46146
46142
46142
46141
46140
46138
46138
46137
46136
46135
46134
46134
46133
46130
46130
46128
46127
46126
46122
46122
46122
46121
46119
46119
46119
46119
46117
46114
46113
46113
46111
46109
46108
46108
46108
46107
46106
46106
46106
46106
46105
46104
46103
46103
46100
46099
46099
46099
46097
46096
46096
46096
46091
46091
46090
46089
46088
46088
46088
46082
46081
46080
46076
46076
46075
46075
46074
46074
46072
46068
46068
46066
46063
46062
46062
46061
46059
46058
46056
46056
46056
46055
46055
46055
46053
46051
46050
46049
46049
46048
46048
46042
46040
46039
46039
46038
46035
46034
46033
46033
46032
46032
46031
46030
46029
46028
46028
46027
46027
46026
46025
46025
46022
46021
46021
46020
46019
46019
46018
46017
46017
46016
46016
46016
46016
46016
46014
46012
46010
46010
46007
46006
46006
46004
46003
46002
46002
46000
45999
45999
45998
45997
45996
45995
45995
45994
45993
45993
45991
45991
45990
45989
45989
45989
45986
45985
45984
45983
45982
45981
45981
45981
45980
45980
45980
45977
45977
45975
45974
45974
45972
45972
45970
45969
45968
45968
45966
45966
45964
45963
45963
45962
45962
45961
45960
45960
45959
45959
45958
45957
45955
45954
45954
45953
45951
45950
45949
45948
45947
45946
45943
45943
45942
45939
45939
45937
45936
45936
45935
45934
45934
45933
45933
45933
45932
45932
45931
45931
45930
45929
45929
45928
45927
45926
45926
45926
45925
45925
45924
45922
45921
45921
45920
45919
45918
45917
45915
45913
45912
45912
45912
45908
45908
45907
45907
45907
45906
45903
45903
45902
45902
45901
45901
45901
45899
45899
45899
45898
45897
45896
45896
45895
45894
45894
45893
45893
45893
45892
45891
45889
45889
45887
45886
45886
45884
45884
45882
45879
45879
45877
45877
45877
45877
45875
45873
45873
45873
45871
45868
45868
45867
45866
45866
45865
45864
45864
45863
45861
45861
45861
45861
45860
45857
45857
45857
45856
45854
45853
45853
45852
45851
45849
45848
45848
45847
45844
45842
45842
45842
45841
45840
45839
45838
45838
45837
45837
45836
45834
45833
45832
45831
45830
45829
45829
45829
45828
45828
45826
45824
45824
45823
45822
45819
45819
45818
45818
45818
45817
45814
45814
45813
45813
45813
45812
45812
45811
45810
45808
45807
45807
45804
45804
45803
45803
45803
45802
45801
45800
45800
45798
45798
45797
45796
45794
45791
45790
45789
45789
45788
45788
45788
45787
45785
45785
45784
45783
45783
45782
45782
45782
45782
45781
45781
45781
45780
45778
45778
45778
45776
45775
45774
45771
45769
45767
45767
45765
45763
45762
45761
45761
45760
45760
45756
45756
45756
45755
45754
45753
45752
45750
45750
45749
45748
45747
45747
45746
45746
45744
45743
45739
45738
45738
45738
45737
45737
45736
45733
45733
45731
45730
45728
45722
45720
45718
45717
45716
45715
45711
45711
45710
45709
45709
45707
45707
45707
45707
45706
45704
45703
45702
45702
45701
45701
45698
45697
45696
45696
45695
45694
45691
45687
45687
45686
45684
45684
45683
45682
45681
45679
45679
45677
45677
45676
45674
45674
45673
45669
45668
45665
45665
45664
45664
45664
45663
45663
45663
45660
45659
45658
45658
45658
45655
45654
45653
45649
45648
45647
45647
45647
45646
45646
45645
45644
45643
45643
45642
45641
45641
45639
45639
45638
45637
45636
45635
45634
45634
45634
45633
45632
45628
45628
45626
45626
45623
45622
45622
45621
45620
45619
45619
45619
45618
45616
45615
45615
45614
45610
45610
45609
45608
45607
45604
45603
45600
45598
45597
45597
45597
45596
45596
45596
45595
45592
45591
45590
45590
45589
45589
45587
45587
45584
45584
45584
45578
45578
45578
45578
45577
45576
45575
45575
45574
45574
45572
45571
45571
45570
45570
45569
45568
45565
45565
45564
45557
45557
45556
45554
45554
45553
45553
45551
45550
45549
45548
45548
45548
45546
45545
45543
45542
45541
45540
45537
45536
45536
45534
45533
45533
45533
45531
45531
45529
45523
45522
45522
45522
45521
45520
45519
45519
45515
45515
45513
45511
45511
45506
45504
45504
45503
45502
45502
45502
45501
45501
45501
45500
45500
45500
45498
45497
45497
45497
45494
45493
45491
45491
45491
45490
45488
45487
45486
45485
45484
45484
45482
45480
45480
45476
45475
45474
45473
45472
45470
45470
45470
45470
45469
45468
45467
45465
45465
45463
45463
45463
45462
45462
45462
45460
45459
45458
45458
45457
45456
45455
45455
45455
45455
45452
45451
45451
45450
45450
45450
45450
45447
45446
45445
45445
45445
45445
45444
45444
45444
45443
45442
45440
45440
45438
45438
45437
45437
45435
45435
45434
45433
45431
45431
45430
45430
45426
45425
45425
45424
45424
45423
45420
45418
45417
45417
45412
45411
45411
45410
45409
45406
45406
45405
45405
45401
45401
45400
45400
45400
45399
45399
45394
45392
45392
45388
45388
45387
45386
45386
45383
45383
45381
45381
45380
45379
45378
45378
45375
45375
45374
45373
45372
45372
45371
45370
45370
45369
45368
45364
45364
45360
45359
45357
45357
45356
45355
45352
45351
45351
45351
45351
45348
45347
45346
45345
45344
45341
45341
45337
45337
45335
45333
45333
45333
45332
45330
45330
45330
45329
45329
45328
45328
45327
45326
45324
45324
45324
45324
45323
45323
45323
45323
45321
45320
45319
45319
45319
45318
45317
45317
45316
45314
45313
45312
45312
45311
45310
45309
45308
45306
45306
45305
45305
45304
45304
45298
45297
45295
45295
45293
45292
45292
45290
45289
45285
45284
45284
45282
45280
45279
45278
45277
45277
45276
45276
45275
45273
45271
45268
45267
45267
45264
45263
45260
45259
45257
45254
45254
45254
45251
45251
45250
45247
45246
45246
45245
45245
45244
45244
45244
45242
45242
45241
45241
45239
45238
45238
45238
45236
45236
45231
45231
45229
45227
45227
45227
45226
45225
45225
45224
45224
45223
45217
45215
45215
45214
45214
45213
45213
45213
45212
45211
45210
45210
45209
45208
45207
45206
45204
45204
45203
45203
45199
45198
45198
45195
45195
45195
45193
45193
45193
45193
45191
45190
45189
45189
45188
45188
45187
45186
45185
45184
45184
45183
45182
45182
45182
45182
45181
45181
45181
45180
45180
45179
45177
45177
45175
45175
45175
45174
45173
45173
45172
45171
45169
45168
45166
45166
45166
45165
45164
45164
45162
45159
45157
45156
45155
45153
45150
45150
45148
45147
45147
45146
45146
45146
45143
45143
45141
45141
45141
45141
45139
45139
45139
45138
45137
45137
45137
45133
45133
45131
45130
45129
45129
45128
45126
45125
45124
45124
45122
45122
45122
45121
45121
45119
45118
45116
45115
45115
45112
45112
45111
45108
45107
45106
45106
45105
45104
45102
45102
45101
45100
45100
45099
45099
45098
45097
45097
45093
45093
45093
45091
45091
45090
45089
45086
45086
45085
45084
45083
45082
45077
45076
45076
45075
45075
45074
45073
45071
45068
45066
45066
45066
45065
45065
45064
45064
45064
45062
45059
45059
45059
45058
45058
45058
45058
45057
45055
45055
45054
45051
45050
45048
45048
45047
45047
45047
45045
45045
45044
45044
45043
45043
45042
45041
45040
45039
45039
45034
45034
45034
45031
45031
45029
45027
45026
45024
45024
45023
45023
45023
45023
45022
45018
45017
45016
45016
45015
45015
45014
45012
45011
45009
45009
45008
45007
45007
45006
45003
45002
45000
44998
44994
44994
44991
44991
44989
44989
44988
44987
44986
44986
44986
44985
44983
44980
44978
44976
44975
44975
44974
44974
44972
44971
44966
44963
44960
44960
44960
44959
44958
44957
44955
44954
44952
44950
44946
44945
44945
44943
44942
44942
44939
44939
44938
44938
44938
44938
44937
44936
44936
44935
44935
44933
44933
44932
44932
44932
44931
44928
44927
44926
44925
44925
44924
44924
44923
44922
44922
44922
44921
44921
44920
44918
44917
44917
44915
44915
44915
44914
44913
44913
44911
44911
44910
44910
44907
44907
44906
44906
44905
44902
44900
44899
44898
44898
44896
44895
44894
44894
44894
44894
44894
44893
44893
44892
44891
44890
44890
44890
44886
44886
44885
44885
44885
44884
44884
44883
44883
44882
44882
44881
44878
44878
44875
44875
44873
44872
44871
44870
44867
44867
44866
44864
44863
44862
44862
44862
44861
44860
44860
44859
44858
44857
44856
44856
44853
44852
44850
44849
44846
44845
44844
44844
44842
44842
44841
44841
44841
44840
44840
44839
44839
44838
44838
44838
44837
44836
44835
44834
44833
44832
44832
44832
44832
44832
44831
44831
44829
44828
44825
44825
44825
44825
44824
44824
44823
44823
44822
44822
44821
44820
44820
44820
44819
44818
44817
44816
44816
44816
44815
44813
44812
44809
44809
44808
44808
44808
44808
44807
44807
44806
44806
44806
44805
44805
44804
44803
44803
44803
44801
44801
44801
44801
44800
44799
44797
44795
44795
44794
44790
44789
44788
44788
44786
44785
44784
44784
44782
44782
44780
44780
44779
44778
44778
44776
44775
44772
44771
44769
44769
44769
44769
44768
44767
44767
44766
44766
44765
44764
44763
44762
44760
44759
44757
44757
44757
44755
44754
44754
44753
44753
44753
44750
44749
44749
44745
44743
44743
44743
44743
44741
44740
44740
44740
44739
44738
44735
44735
44733
44732
44732
44732
44732
44730
44729
44729
44729
44728
44727
44726
44726
44725
44724
44723
44722
44720
44720
44720
44716
44716
44714
44714
44714
44714
44714
44712
44711
44710
44710
44710
44709
44708
44708
44706
44704
44703
44702
44701
44701
44700
44699
44699
44697
44697
44696
44696
44694
44693
44692
44691
44691
44691
44690
44689
44686
44684
44683
44683
44682
44681
44680
44680
44680
44678
44676
44675
44675
44674
44674
44670
44669
44668
44664
44663
44660
44659
44659
44658
44657
44657
44657
44657
44657
44656
44655
44654
44654
44654
44652
44652
44650
44649
44648
44647
44647
44646
44645
44644
44641
44641
44640
44635
44634
44633
44633
44630
44630
44628
44626
44625
44625
44624
44624
44621
44619
44618
44617
44617
44616
44616
44616
44615
44614
44613
44612
44611
44611
44611
44611
44610
44610
44610
44609
44609
44608
44608
44607
44606
44604
44603
44603
44602
44602
44602
44601
44600
44599
44599
44598
44598
44598
44597
44596
44595
44594
44594
44593
44592
44591
44591
44590
44589
44588
44587
44587
44586
44583
44582
44582
44581
44581
44580
44580
44580
44579
44579
44579
44578
44578
44576
44575
44574
44574
44573
44572
44571
44571
44571
44569
44568
44567
44567
44567
44567
44566
44565
44562
44562
44561
44560
44558
44558
44557
44556
44556
44555
44553
44553
44553
44552
44551
44551
44550
44549
44548
44546
44546
44546
44546
44546
44543
44543
44542
44542
44541
44540
44540
44539
44537
44536
44535
44534
44534
44533
44533
44532
44531
44529
44527
44527
44526
44526
44525
44524
44524
44524
44522
44521
44519
44519
44518
44516
44513
44511
44511
44511
44509
44509
44506
44505
44500
44498
44497
44497
44496
44493
44493
44489
44489
44488
44488
44487
44487
44486
44486
44485
44484
44483
44483
44483
44483
44482
44481
44480
44479
44479
44478
44478
44477
44477
44477
44477
44475
44475
44474
44474
44473
44472
44472
44468
44468
44468
44467
44467
44465
44464
44464
44464
44463
44462
44461
44461
44460
44458
44458
44456
44456
44455
44455
44453
44452
44452
44452
44450
44449
44449
44448
44448
44448
44447
44441
44440
44440
44438
44434
44433
44432
44432
44431
44431
44425
44424
44423
44422
44421
44420
44420
44420
44419
44419
44418
44418
44416
44413
44413
44413
44413
44412
44412
44410
44410
44410
44408
44406
44405
44402
44401
44401
44400
44399
44399
44397
44397
44396
44394
44393
44392
44392
44391
44388
44387
44387
44387
44384
44381
44379
44378
44377
44375
44375
44375
44374
44373
44373
44372
44369
44367
44366
44366
44365
44363
44361
44361
44361
44360
44359
44359
44355
44353
44353
44351
44351
44350
44349
44348
44347
44347
44346
44346
44346
44345
44344
44342
44341
44341
44341
44340
44340
44339
44339
44337
44337
44337
44335
44334
44334
44333
44333
44332
44332
44331
44329
44327
44327
44324
44323
44322
44320
44319
44319
44319
44318
44316
44314
44314
44312
44311
44309
44308
44308
44307
44307
44305
44304
44304
44302
44302
44301
44301
44301
44300
44299
44298
44297
44297
44296
44295
44293
44291
44288
44287
44287
44286
44282
44282
44281
44281
44279
44279
44279
44278
44277
44275
44275
44274
44274
44272
44271
44271
44271
44270
44270
44270
44269
44267
44265
44265
44265
44262
44262
44261
44260
44259
44259
44258
44256
44256
44255
44252
44252
44249
44248
44245
44245
44243
44241
44237
44236
44236
44235
44233
44231
44228
44227
44227
44225
44222
44222
44221
44221
44221
44220
44219
44219
44218
44217
44217
44216
44216
44216
44212
44212
44211
44211
44211
44209
44209
44208
44208
44207
44207
44207
44205
44204
44203
44202
44202
44202
44201
44201
44200
44200
44198
44198
44196
44195
44195
44193
44193
44193
44190
44189
44188
44185
44185
44184
44182
44182
44180
44179
44179
44179
44179
44176
44176
44175
44174
44173
44173
44172
44171
44171
44170
44170
44169
44169
44168
44167
44166
44166
44166
44164
44163
44161
44161
44159
44159
44158
44157
44157
44156
44156
44155
44154
44152
44151
44150
44149
44146
44145
44145
44143
44143
44143
44140
44138
44137
44136
44135
44134
44133
44132
44131
44131
44130
44129
44128
44128
44127
44126
44125
44124
44116
44114
44114
44113
44112
44111
44110
44108
44107
44106
44105
44103
44103
44102
44101
44101
44100
44099
44099
44096
44095
44093
44092
44092
44092
44092
44089
44088
44087
44087
44086
44085
44084
44084
44081
44081
44080
44080
44080
44080
44079
44078
44077
44077
44077
44073
44070
44070
44070
44069
44069
44069
44068
44068
44065
44065
44064
44063
44063
44060
44060
44059
44058
44058
44057
44057
44056
44055
44055
44055
44055
44055
44053
44053
44052
44051
44050
44050
44047
44047
44046
44044
44043
44043
44043
44042
44041
44041
44041
44041
44041
44041
44040
44039
44039
44037
44033
44032
44029
44029
44028
44027
44027
44026
44025
44022
44021
44021
44020
44019
44018
44018
44016
44016
44016
44015
44015
44015
44015
44014
44013
44012
44012
44010
44008
44008
44008
44007
44005
44003
44003
44002
44002
44002
44000
44000
43999
43998
43996
43994
43994
43994
43994
43993
43990
43989
43989
43987
43987
43985
43983
43981
43980
43978
43976
43976
43976
43976
43974
43974
43973
43969
43968
43967
43965
43965
43964
43963
43961
43961
43959
43959
43959
43958
43958
43958
43957
43956
43956
43956
43955
43954
43954
43954
43954
43954
43952
43946
43946
43945
43943
43942
43940
43937
43937
43937
43936
43935
43935
43935
43935
43935
43933
43933
43931
43930
43929
43928
43927
43926
43926
43925
43924
43922
43919
43917
43915
43914
43914
43913
43910
43910
43910
43908
43907
43905
43903
43903
43902
43901
43900
43899
43899
43899
43898
43897
43897
43897
43897
43896
43896
43896
43895
43894
43893
43892
43892
43890
43889
43888
43887
43886
43886
43886
43884
43883
43882
43882
43882
43882
43881
43879
43879
43877
43876
43874
43874
43874
43872
43871
43871
43871
43868
43867
43866
43866
43865
43862
43860
43857
43857
43854
43853
43853
43852
43850
43850
43850
43847
43846
43844
43843
43843
43840
43839
43838
43837
43835
43834
43833
43833
43833
43832
43832
43829
43826
43825
43824
43821
43819
43819
43816
43815
43814
43814
43813
43813
43810
43808
43806
43803
43802
43801
43801
43801
43800
43800
43799
43799
43797
43797
43796
43796
43796
43795
43794
43794
43793
43793
43789
43787
43787
43785
43785
43783
43782
43782
43776
43775
43775
43775
43775
43775
43773
43773
43770
43768
43768
43765
43764
43759
43759
43757
43755
43754
43754
43752
43751
43748
43748
43746
43746
43741
43741
43741
43741
43739
43738
43737
43737
43736
43736
43735
43734
43733
43733
43732
43731
43730
43730
43729
43728
43727
43727
43727
43726
43724
43721
43721
43721
43717
43716
43716
43715
43715
43713
43713
43712
43712
43711
43709
43708
43704
43702
43701
43700
43699
43698
43697
43696
43695
43694
43694
43694
43693
43693
43693
43692
43691
43690
43689
43688
43688
43685
43684
43684
43682
43682
43681
43680
43677
43676
43676
43674
43673
43673
43672
43672
43672
43670
43669
43669
43668
43666
43666
43665
43664
43664
43662
43662
43661
43660
43659
43658
43653
43649
43649
43649
43648
43648
43647
43647
43645
43644
43644
43643
43642
43641
43639
43638
43637
43635
43635
43635
43634
43633
43629
43629
43629
43628
43627
43623
43622
43620
43620
43618
43618
43618
43616
43615
43613
43607
43607
43606
43606
43606
43606
43604
43603
43603
43602
43602
43601
43601
43599
43599
43599
43598
43597
43595
43594
43592
43591
43591
43590
43590
43589
43589
43588
43588
43588
43588
43586
43585
43582
43582
43580
43580
43578
43578
43576
43576
43575
43574
43574
43573
43571
43570
43568
43567
43567
43566
43566
43565
43564
43564
43563
43563
43562
43562
43561
43561
43559
43559
43558
43557
43556
43554
43553
43552
43550
43550
43550
43548
43548
43547
43545
43542
43541
43540
43539
43533
43532
43532
43531
43530
43530
43529
43528
43528
43527
43525
43523
43519
43518
43518
43518
43515
43515
43514
43513
43511
43508
43506
43506
43505
43504
43503
43503
43500
43499
43496
43493
43492
43492
43491
43491
43490
43490
43489
43489
43488
43487
43487
43486
43485
43485
43484
43483
43483
43483
43483
43482
43482
43480
43479
43479
43479
43478
43477
43477
43476
43474
43474
43474
43473
43473
43471
43469
43469
43467
43466
43465
43465
43464
43462
43462
43461
43461
43459
43458
43458
43458
43457
43457
43456
43455
43455
43454
43453
43450
43450
43447
43446
43446
43446
43442
43441
43439
43437
43436
43435
43434
43434
43434
43434
43434
43432
43432
43430
43428
43428
43427
43426
43423
43422
43422
43422
43421
43421
43418
43417
43417
43416
43415
43415
43412
43412
43408
43407
43407
43406
43405
43405
43404
43402
43402
43402
43401
43400
43398
43398
43398
43397
43397
43395
43395
43394
43394
43393
43392
43392
43391
43390
43389
43388
43387
43386
43385
43384
43384
43382
43382
43375
43374
43374
43374
43372
43370
43368
43367
43366
43364
43364
43361
43356
43355
43353
43350
43349
43345
43344
43343
43342
43342
43342
43340
43340
43339
43337
43336
43334
43334
43334
43333
43332
43331
43331
43330
43329
43328
43327
43327
43325
43324
43324
43324
43323
43322
43320
43318
43317
43315
43315
43315
43314
43312
43312
43306
43306
43302
43302
43301
43300
43299
43299
43299
43298
43297
43297
43296
43293
43291
43290
43290
43290
43289
43288
43288
43288
43288
43287
43285
43285
43285
43284
43283
43281
43280
43278
43277
43276
43276
43275
43275
43275
43273
43272
43270
43269
43268
43266
43265
43264
43263
43262
43262
43262
43260
43259
43259
43258
43257
43256
43255
43254
43254
43252
43244
43244
43243
43242
43241
43240
43240
43240
43239
43237
43237
43236
43236
43235
43234
43234
43232
43232
43230
43229
43229
43226
43226
43224
43220
43219
43218
43218
43218
43217
43217
43215
43214
43213
43213
43212
43212
43211
43211
43210
43209
43209
43207
43205
43204
43204
43202
43202
43201
43201
43199
43199
43198
43197
43197
43195
43195
43194
43190
43189
43187
43186
43181
43180
43179
43178
43177
43176
43173
43173
43173
43173
43172
43172
43171
43170
43169
43169
43168
43166
43165
43165
43164
43164
43164
43162
43162
43159
43157
43156
43155
43154
43153
43153
43152
43152
43151
43151
43150
43150
43150
43149
43148
43148
43144
43144
43142
43142
43141
43141
43138
43136
43136
43136
43135
43135
43132
43131
43130
43126
43126
43125
43124
43124
43124
43123
43123
43122
43121
43121
43121
43119
43118
43118
43118
43116
43115
43113
43113
43112
43112
43111
43110
43109
43107
43105
43105
43103
43102
43102
43100
43099
43098
43098
43094
43094
43092
43091
43090
43090
43090
43089
43089
43088
43087
43086
43086
43084
43084
43083
43081
43079
43078
43078
43077
43076
43075
43074
43073
43070
43069
43068
43067
43067
43063
43059
43057
43057
43054
43053
43053
43051
43051
43045
43045
43044
43042
43042
43041
43036
43036
43034
43033
43032
43032
43031
43030
43029
43029
43029
43028
43027
43027
43027
43027
43024
43022
43021
43021
43020
43020
43020
43019
43017
43017
43017
43009
43006
43005
43004
43003
43001
42999
42999
42999
42998
42997
42997
42993
42991
42990
42990
42989
42989
42986
42986
42986
42986
42983
42983
42982
42981
42979
42979
42979
42979
42978
42978
42978
42975
42975
42975
42974
42974
42974
42973
42973
42972
42971
42971
42970
42968
42964
42962
42960
42960
42960
42960
42960
42960
42959
42956
42955
42953
42952
42952
42951
42951
42950
42949
42948
42947
42946
42946
42946
42946
42945
42943
42940
42939
42939
42936
42936
42935
42935
42932
42932
42931
42931
42931
42931
42929
42927
42926
42924
42924
42924
42924
42923
42923
42922
42922
42922
42920
42919
42919
42919
42917
42915
42914
42914
42914
42914
42914
42913
42912
42911
42910
42910
42909
42909
42908
42908
42908
42907
42906
42905
42905
42904
42904
42903
42900
42898
42897
42897
42897
42896
42896
42895
42895
42891
42891
42889
42888
42887
42887
42887
42885
42884
42883
42882
42882
42880
42879
42877
42876
42876
42875
42874
42873
42869
42868
42867
42864
42864
42863
42863
42862
42861
42861
42859
42856
42855
42854
42853
42852
42852
42851
42850
42849
42847
42846
42845
42844
42843
42842
42841
42840
42839
42837
42836
42833
42830
42829
42828
42827
42827
42826
42825
42824
42824
42823
42822
42822
42821
42821
42821
42820
42819
42819
42818
42816
42815
42815
42813
42813
42812
42812
42811
42811
42811
42809
42809
42808
42807
42807
42806
42806
42805
42804
42803
42802
42800
42800
42800
42799
42799
42797
42797
42795
42795
42794
42793
42789
42788
42788
42787
42785
42785
42785
42784
42781
42779
42779
42779
42778
42778
42777
42777
42776
42775
42775
42774
42774
42771
42771
42769
42769
42769
42769
42768
42768
42767
42766
42765
42764
42763
42762
42759
42757
42757
42756
42755
42755
42752
42752
42751
42751
42750
42749
42749
42748
42748
42748
42746
42745
42745
42744
42744
42744
42743
42743
42742
42740
42740
42739
42738
42737
42736
42733
42733
42732
42731
42730
42730
42729
42729
42729
42728
42728
42727
42726
42726
42725
42724
42723
42721
42721
42719
42718
42718
42717
42716
42715
42714
42713
42710
42707
42707
42703
42702
42702
42702
42702
42702
42700
42699
42698
42698
42697
42697
42697
42696
42693
42693
42691
42691
42690
42688
42687
42686
42686
42684
42683
42683
42682
42681
42680
42680
42679
42678
42678
42678
42677
42676
42675
42674
42674
42671
42671
42669
42668
42668
42667
42666
42665
42663
42662
42661
42661
42661
42661
42660
42660
42659
42659
42658
42657
42657
42655
42655
42652
42650
42649
42648
42648
42647
42644
42641
42640
42639
42638
42638
42638
42637
42636
42635
42634
42633
42632
42632
42631
42629
42629
42629
42628
42627
42626
42626
42624
42623
42621
42620
42619
42616
42613
42613
42612
42611
42610
42610
42608
42608
42606
42605
42603
42600
42600
42600
42599
42597
42596
42596
42595
42593
42593
42591
42588
42585
42585
42584
42584
42583
42582
42581
42580
42579
42577
42576
42576
42575
42575
42573
42573
42573
42573
42572
42572
42572
42571
42570
42569
42569
42567
42566
42564
42563
42562
42561
42560
42559
42559
42558
42557
42557
42557
42557
42555
42555
42554
42552
42552
42551
42550
42549
42548
42548
42548
42547
42546
42546
42544
42542
42541
42540
42539
42539
42538
42537
42537
42536
42534
42534
42533
42529
42528
42527
42527
42527
42526
42526
42526
42525
42525
42523
42521
42520
42518
42517
42517
42516
42516
42515
42513
42513
42513
42513
42511
42510
42509
42508
42508
42507
42503
42503
42503
42503
42502
42499
42499
42499
42496
42495
42495
42495
42495
42493
42492
42491
42490
42490
42490
42489
42487
42486
42485
42482
42481
42481
42480
42480
42479
42479
42479
42478
42478
42478
42477
42477
42476
42476
42472
42471
42469
42468
42467
42467
42467
42466
42465
42464
42463
42462
42461
42461
42460
42460
42459
42457
42457
42456
42455
42455
42455
42454
42454
42453
42451
42449
42449
42449
42449
42449
42447
42446
42445
42444
42443
42441
42441
42439
42437
42436
42436
42434
42434
42434
42434
42433
42433
42433
42430
42428
42427
42424
42423
42422
42421
42420
42419
42419
42418
42418
42416
42416
42415
42415
42415
42412
42410
42409
42406
42405
42405
42403
42402
42402
42401
42401
42400
42398
42398
42398
42397
42397
42396
42396
42395
42393
42393
42392
42392
42390
42389
42389
42387
42386
42385
42385
42384
42383
42382
42381
42380
42377
42377
42375
42374
42373
42373
42372
42371
42371
42369
42369
42366
42366
42365
42365
42364
42363
42363
42363
42360
42358
42357
42356
42356
42355
42355
42355
42354
42352
42351
42350
42350
42350
42350
42349
42349
42347
42347
42347
42345
42345
42344
42342
42340
42339
42339
42337
42335
42334
42333
42332
42332
42330
42329
42328
42328
42326
42325
42325
42324
42323
42322
42322
42321
42320
42319
42319
42317
42315
42311
42311
42311
42310
42309
42309
42307
42306
42305
42304
42301
42300
42298
42297
42297
42296
42296
42295
42294
42294
42293
42293
42291
42290
42290
42288
42288
42287
42287
42286
42286
42285
42279
42278
42277
42276
42276
42275
42274
42273
42273
42272
42270
42269
42268
42268
42267
42266
42260
42254
42253
42252
42251
42249
42249
42248
42248
42247
42246
42246
42246
42243
42241
42240
42239
42239
42239
42238
42237
42234
42233
42231
42231
42231
42228
42226
42226
42225
42224
42220
42217
42216
42215
42214
42214
42212
42212
42210
42209
42208
42205
42205
42202
42202
42202
42201
42201
42201
42201
42199
42198
42195
42194
42194
42192
42191
42187
42187
42187
42186
42186
42186
42185
42185
42185
42184
42184
42183
42181
42181
42180
42178
42176
42176
42174
42174
42174
42174
42173
42173
42172
42172
42171
42169
42169
42169
42168
42168
42168
42167
42165
42164
42163
42161
42160
42160
42160
42160
42159
42158
42157
42155
42153
42151
42151
42150
42150
42147
42147
42146
42145
42143
42143
42143
42141
42141
42140
42140
42139
42138
42137
42135
42135
42134
42134
42133
42132
42130
42130
42129
42125
42124
42123
42122
42121
42120
42119
42118
42117
42117
42116
42116
42116
42115
42114
42112
42109
42109
42108
42108
42105
42103
42102
42099
42098
42098
42095
42094
42092
42092
42090
42089
42087
42086
42086
42084
42081
42081
42079
42078
42078
42074
42070
42070
42069
42069
42068
42066
42065
42060
42058
42057
42057
42053
42053
42049
42048
42048
42048
42047
42045
42045
42044
42043
42042
42041
42040
42038
42037
42037
42036
42035
42034
42034
42033
42033
42032
42032
42032
42029
42029
42028
42027
42026
42025
42024
42023
42022
42022
42022
42018
42018
42016
42015
42014
42012
42011
42010
42010
42009
42007
42007
42004
42003
42002
42001
41999
41997
41996
41995
41991
41990
41989
41987
41987
41985
41983
41982
41982
41982
41982
41980
41979
41979
41979
41979
41976
41974
41973
41972
41971
41966
41965
41960
41960
41958
41958
41955
41952
41952
41950
41950
41949
41948
41947
41947
41946
41946
41946
41945
41944
41944
41942
41941
41940
41940
41940
41940
41939
41937
41933
41931
41931
41930
41930
41926
41925
41923
41921
41921
41919
41918
41915
41915
41914
41913
41912
41911
41910
41910
41909
41908
41907
41907
41906
41904
41904
41903
41902
41902
41901
41896
41896
41895
41894
41891
41891
41890
41889
41886
41884
41883
41882
41881
41881
41880
41879
41879
41876
41874
41874
41873
41873
41872
41870
41869
41868
41868
41868
41868
41867
41866
41864
41864
41861
41861
41860
41859
41856
41854
41854
41853
41852
41851
41850
41849
41849
41846
41846
41842
41842
41839
41837
41837
41837
41834
41833
41833
41831
41831
41830
41829
41828
41827
41826
41824
41824
41824
41824
41824
41823
41823
41823
41823
41820
41819
41819
41819
41817
41817
41817
41817
41815
41814
41812
41812
41811
41811
41810
41809
41808
41807
41806
41806
41805
41804
41804
41802
41797
41797
41796
41795
41795
41794
41794
41794
41792
41792
41792
41789
41788
41787
41787
41786
41785
41785
41785
41784
41783
41781
41779
41779
41778
41777
41777
41777
41776
41776
41775
41773
41772
41771
41771
41770
41770
41769
41768
41767
41767
41764
41763
41763
41762
41762
41760
41758
41755
41753
41753
41752
41752
41751
41751
41751
41749
41747
41745
41745
41745
41744
41743
41743
41739
41734
41732
41731
41731
41730
41730
41730
41730
41729
41729
41728
41727
41726
41726
41725
41725
41723
41723
41723
41722
41721
41721
41721
41720
41719
41719
41718
41718
41718
41717
41717
41714
41713
41713
41711
41710
41709
41708
41706
41705
41703
41702
41701
41701
41699
41699
41699
41698
41696
41695
41695
41694
41691
41690
41690
41689
41688
41687
41687
41687
41686
41684
41681
41681
41680
41678
41678
41678
41678
41677
41676
41676
41676
41675
41673
41673
41673
41672
41672
41672
41671
41671
41670
41669
41669
41667
41667
41665
41665
41664
41664
41663
41663
41662
41662
41656
41654
41653
41652
41650
41650
41650
41649
41648
41648
41646
41643
41643
41642
41642
41641
41641
41641
41639
41638
41638
41637
41636
41634
41634
41633
41633
41632
41630
41629
41628
41628
41627
41626
41625
41625
41625
41625
41624
41621
41621
41617
41617
41616
41615
41613
41610
41610
41610
41606
41605
41605
41605
41604
41602
41602
41600
41599
41599
41598
41598
41598
41598
41597
41596
41595
41595
41594
41593
41592
41592
41590
41588
41587
41587
41585
41585
41582
41582
41581
41578
41577
41577
41576
41574
41574
41573
41573
41572
41572
41572
41572
41571
41570
41569
41568
41567
41567
41567
41565
41564
41563
41563
41561
41561
41556
41556
41556
41555
41554
41553
41552
41551
41551
41550
41550
41550
41548
41548
41543
41542
41542
41541
41540
41538
41538
41538
41537
41537
41535
41535
41534
41533
41532
41531
41531
41530
41530
41529
41528
41528
41527
41527
41525
41524
41522
41522
41520
41519
41519
41518
41518
41517
41517
41516
41513
41512
41512
41510
41507
41507
41507
41507
41507
41501
41501
41500
41500
41499
41499
41494
41493
41492
41491
41490
41488
41488
41487
41487
41486
41486
41485
41485
41485
41485
41484
41483
41483
41480
41480
41480
41479
41478
41477
41475
41475
41474
41473
41473
41472
41472
41469
41467
41467
41466
41465
41465
41461
41460
41458
41458
41457
41456
41455
41454
41453
41451
41451
41450
41449
41449
41449
41448
41448
41448
41447
41446
41445
41445
41445
41444
41443
41441
41439
41438
41435
41434
41434
41433
41432
41432
41431
41429
41429
41428
41427
41426
41426
41426
41425
41421
41420
41419
41419
41415
41414
41413
41412
41411
41411
41411
41411
41411
41410
41409
41406
41406
41406
41406
41401
41400
41397
41396
41396
41395
41394
41393
41392
41391
41390
41389
41389
41389
41389
41388
41388
41388
41387
41386
41386
41386
41385
41383
41382
41380
41379
41377
41377
41377
41376
41376
41376
41373
41373
41372
41372
41372
41371
41369
41369
41368
41368
41366
41366
41365
41365
41364
41363
41363
41362
41362
41360
41359
41358
41357
41356
41356
41355
41354
41352
41350
41349
41348
41347
41345
41344
41344
41343
41343
41342
41342
41341
41339
41338
41337
41333
41331
41329
41329
41328
41327
41325
41323
41323
41321
41320
41318
41317
41317
41315
41312
41311
41310
41310
41308
41307
41307
41306
41306
41304
41304
41303
41303
41302
41301
41301
41300
41300
41300
41299
41298
41298
41295
41295
41294
41294
41294
41293
41293
41291
41290
41290
41290
41289
41289
41288
41287
41287
41287
41286
41284
41282
41281
41281
41281
41280
41279
41279
41279
41278
41278
41278
41277
41275
41274
41274
41273
41272
41271
41270
41268
41267
41266
41266
41266
41263
41263
41262
41260
41259
41258
41258
41257
41257
41252
41252
41252
41252
41250
41250
41250
41249
41248
41247
41247
41246
41245
41245
41244
41242
41241
41241
41241
41240
41239
41238
41235
41232
41231
41229
41228
41228
41227
41226
41225
41225
41222
41222
41222
41222
41221
41220
41219
41219
41217
41216
41215
41215
41214
41211
41211
41211
41210
41210
41209
41209
41209
41207
41207
41207
41206
41205
41205
41204
41203
41203
41203
41203
41203
41203
41201
41199
41198
41197
41195
41195
41192
41190
41190
41189
41189
41188
41188
41188
41188
41187
41185
41183
41182
41182
41177
41177
41175
41174
41172
41172
41172
41171
41171
41170
41168
41168
41167
41166
41165
41165
41165
41164
41164
41163
41160
41159
41158
41157
41156
41156
41154
41154
41154
41153
41153
41152
41147
41147
41142
41141
41141
41140
41140
41138
41137
41136
41136
41135
41135
41133
41132
41131
41129
41129
41127
41125
41123
41122
41122
41122
41121
41120
41119
41116
41115
41115
41114
41113
41112
41112
41111
41111
41110
41109
41109
41109
41108
41108
41106
41106
41106
41105
41105
41105
41104
41102
41101
41099
41099
41099
41098
41097
41095
41092
41091
41090
41090
41089
41087
41085
41085
41085
41084
41084
41080
41079
41077
41076
41076
41076
41073
41072
41071
41069
41069
41067
41067
41067
41067
41066
41065
41063
41062
41061
41058
41056
41056
41055
41053
41051
41050
41046
41045
41044
41043
41042
41041
41040
41040
41040
41039
41039
41039
41038
41038
41038
41038
41037
41037
41035
41033
41033
41031
41031
41031
41029
41027
41026
41022
41020
41020
41020
41016
41016
41015
41014
41014
41014
41013
41012
41010
41008
41007
41007
41005
41004
41003
41001
40999
40997
40996
40995
40995
40994
40994
40989
40988
40987
40987
40986
40985
40985
40985
40984
40983
40982
40982
40979
40978
40976
40976
40976
40975
40974
40972
40972
40971
40971
40970
40969
40967
40967
40966
40965
40965
40962
40960
40959
40958
40957
40957
40957
40956
40956
40955
40953
40952
40952
40951
40950
40950
40948
40948
40947
40947
40947
40946
40946
40943
40942
40937
40936
40936
40934
40934
40934
40932
40931
40931
40930
40929
40929
40928
40928
40926
40926
40925
40922
40921
40917
40916
40916
40915
40915
40914
40913
40912
40912
40912
40912
40912
40911
40911
40909
40907
40906
40905
40904
40902
40901
40900
40898
40898
40897
40896
40895
40895
40894
40892
40892
40892
40892
40891
40890
40890
40888
40886
40885
40884
40883
40883
40883
40882
40882
40881
40881
40880
40880
40879
40879
40878
40878
40878
40877
40877
40877
40877
40874
40873
40871
40871
40867
40866
40865
40864
40864
40864
40862
40861
40859
40859
40858
40856
40856
40856
40855
40852
40852
40849
40848
40846
40846
40846
40845
40845
40844
40842
40841
40840
40839
40839
40838
40836
40835
40834
40832
40829
40827
40827
40825
40824
40823
40821
40819
40818
40816
40816
40814
40814
40812
40811
40810
40810
40809
40805
40805
40804
40804
40802
40801
40799
40799
40798
40798
40796
40795
40794
40794
40793
40793
40792
40791
40789
40789
40789
40789
40789
40789
40788
40787
40785
40785
40784
40784
40783
40781
40780
40780
40780
40779
40778
40777
40777
40773
40773
40772
40772
40771
40770
40769
40769
40768
40766
40765
40763
40761
40759
40758
40757
40757
40755
40755
40755
40754
40752
40752
40752
40750
40750
40747
40746
40744
40744
40744
40744
40742
40742
40741
40741
40740
40740
40740
40740
40740
40739
40739
40736
40736
40735
40735
40733
40731
40730
40730
40729
40727
40725
40724
40723
40722
40719
40718
40716
40715
40714
40714
40713
40710
40709
40703
40702
40702
40702
40702
40698
40697
40695
40693
40693
40692
40692
40691
40690
40689
40689
40688
40688
40687
40686
40685
40685
40684
40681
40681
40680
40680
40679
40677
40677
40676
40674
40672
40671
40671
40671
40670
40669
40669
40669
40668
40668
40667
40665
40664
40662
40660
40658
40657
40657
40657
40656
40655
40655
40654
40653
40653
40653
40652
40651
40650
40650
40650
40646
40646
40643
40642
40641
40640
40639
40635
40633
40633
40630
40628
40626
40626
40625
40624
40622
40619
40619
40618
40617
40615
40614
40614
40611
40610
40610
40609
40608
40607
40607
40607
40606
40604
40603
40602
40601
40601
40600
40600
40599
40599
40598
40597
40595
40594
40594
40593
40591
40591
40589
40588
40587
40587
40586
40586
40585
40585
40583
40582
40582
40580
40580
40578
40578
40577
40577
40577
40577
40576
40575
40571
40571
40570
40569
40568
40568
40568
40567
40566
40565
40564
40563
40563
40562
40561
40561
40557
40557
40556
40554
40553
40552
40551
40551
40549
40549
40549
40548
40543
40543
40543
40542
40541
40537
40535
40535
40533
40533
40532
40530
40529
40528
40527
40527
40527
40526
40526
40526
40524
40523
40523
40521
40519
40519
40517
40516
40516
40513
40511
40511
40510
40510
40510
40510
40509
40507
40506
40505
40504
40503
40503
40501
40501
40500
40498
40495
40495
40494
40494
40491
40490
40488
40487
40487
40487
40485
40485
40482
40482
40481
40480
40478
40475
40474
40473
40472
40472
40471
40470
40470
40470
40470
40468
40468
40466
40465
40465
40464
40463
40461
40461
40461
40460
40459
40458
40457
40456
40455
40454
40452
40452
40452
40447
40447
40445
40444
40444
40443
40443
40442
40441
40441
40439
40439
40438
40438
40438
40435
40432
40428
40426
40426
40424
40423
40418
40418
40417
40417
40415
40415
40410
40408
40408
40408
40407
40407
40407
40406
40406
40405
40404
40403
40403
40402
40399
40399
40399
40398
40394
40388
40387
40385
40383
40380
40380
40380
40378
40376
40376
40375
40375
40374
40372
40372
40371
40370
40370
40369
40369
40367
40367
40366
40365
40364
40364
40363
40363
40362
40362
40362
40359
40359
40357
40357
40355
40355
40355
40354
40354
40352
40351
40350
40349
40349
40347
40347
40347
40344
40342
40341
40341
40340
40339
40339
40338
40338
40337
40335
40334
40334
40331
40331
40331
40331
40331
40330
40330
40327
40326
40326
40326
40325
40324
40323
40321
40321
40321
40321
40319
40319
40318
40318
40317
40317
40314
40312
40310
40310
40310
40309
40308
40308
40306
40306
40306
40303
40303
40302
40301
40301
40300
40299
40299
40298
40297
40296
40296
40296
40296
40295
40292
40292
40292
40291
40291
40291
40290
40290
40290
40288
40288
40287
40287
40287
40286
40285
40283
40281
40280
40278
40278
40278
40278
40277
40276
40276
40275
40275
40274
40272
40272
40271
40270
40270
40266
40266
40264
40261
40261
40261
40259
40258
40258
40256
40254
40253
40252
40251
40250
40246
40246
40245
40245
40241
40240
40238
40238
40238
40238
40237
40237
40237
40236
40235
40234
40234
40233
40233
40232
40230
40230
40230
40230
40229
40228
40227
40227
40227
40226
40225
40223
40222
40222
40222
40222
40220
40218
40218
40217
40216
40213
40213
40212
40212
40211
40209
40207
40207
40204
40204
40203
40203
40202
40202
40200
40200
40200
40200
40199
40197
40197
40196
40196
40196
40194
40194
40194
40194
40193
40192
40192
40192
40190
40189
40189
40189
40188
40186
40184
40182
40182
40180
40179
40177
40173
40173
40172
40171
40171
40170
40167
40166
40166
40165
40165
40160
40159
40159
40159
40158
40158
40158
40158
40158
40154
40153
40151
40151
40150
40149
40149
40146
40145
40145
40145
40144
40144
40142
40140
40137
40137
40137
40135
40135
40135
40134
40134
40133
40133
40133
40132
40129
40129
40129
40126
40125
40120
40120
40120
40119
40118
40117
40117
40116
40114
40113
40112
40112
40110
40109
40109
40108
40106
40104
40102
40101
40101
40099
40099
40098
40098
40097
40097
40096
40096
40096
40094
40092
40090
40089
40087
40087
40086
40085
40081
40080
40080
40078
40077
40075
40074
40071
40070
40070
40069
40067
40067
40067
40066
40066
40066
40065
40062
40062
40062
40061
40060
40060
40059
40058
40058
40058
40057
40057
40057
40056
40056
40054
40054
40053
40052
40050
40049
40048
40048
40047
40047
40047
40045
40044
40042
40042
40041
40040
40040
40040
40039
40039
40038
40037
40036
40035
40035
40034
40033
40032
40031
40031
40030
40028
40027
40025
40025
40024
40022
40020
40019
40018
40018
40018
40016
40016
40016
40016
40015
40014
40014
40013
40013
40012
40012
40010
40010
40009
40008
40006
40006
40005
40005
40005
40002
40002
40001
40001
40000
40000
40000
39999
39999
39997
39996
39993
39993
39991
39989
39987
39986
39984
39984
39983
39983
39982
39980
39980
39978
39978
39976
39975
39974
39974
39972
39972
39971
39971
39971
39969
39969
39968
39967
39966
39966
39963
39962
39962
39961
39961
39960
39959
39956
39953
39952
39949
39947
39946
39945
39945
39943
39943
39943
39942
39942
39941
39940
39939
39938
39937
39935
39935
39934
39934
39931
39929
39927
39927
39925
39922
39921
39921
39920
39919
39918
39917
39917
39915
39915
39914
39914
39914
39911
39911
39911
39910
39909
39909
39907
39906
39906
39904
39904
39901
39901
39900
39900
39900
39899
39898
39898
39898
39897
39897
39896
39895
39894
39894
39893
39893
39893
39891
39890
39890
39884
39883
39883
39882
39882
39882
39880
39877
39877
39876
39876
39875
39872
39871
39870
39869
39869
39868
39868
39867
39867
39865
39865
39862
39861
39860
39859
39859
39858
39858
39858
39857
39857
39856
39854
39854
39854
39854
39853
39853
39851
39850
39850
39849
39848
39848
39848
39846
39845
39845
39844
39844
39844
39842
39842
39841
39841
39841
39840
39840
39839
39838
39836
39835
39835
39833
39832
39831
39830
39830
39829
39828
39828
39826
39826
39822
39821
39820
39819
39818
39817
39817
39815
39811
39810
39809
39808
39808
39808
39807
39807
39806
39806
39806
39805
39803
39803
39802
39801
39800
39800
39798
39797
39797
39797
39796
39795
39795
39794
39794
39793
39793
39790
39789
39787
39787
39785
39784
39781
39780
39780
39780
39780
39780
39780
39779
39779
39778
39777
39776
39776
39775
39775
39775
39774
39773
39772
39772
39771
39770
39768
39768
39768
39767
39766
39766
39766
39766
39766
39765
39765
39764
39763
39763
39761
39761
39761
39760
39757
39756
39756
39756
39753
39752
39751
39749
39749
39749
39748
39747
39744
39743
39743
39743
39741
39739
39738
39737
39736
39736
39733
39732
39732
39730
39729
39729
39728
39727
39724
39724
39722
39721
39721
39719
39716
39715
39713
39712
39712
39710
39708
39703
39703
39700
39698
39698
39698
39698
39692
39692
39691
39690
39687
39686
39685
39685
39685
39682
39677
39676
39676
39675
39674
39674
39674
39674
39673
39672
39671
39671
39671
39668
39663
39661
39660
39659
39659
39658
39658
39657
39655
39655
39654
39654
39653
39652
39652
39652
39650
39649
39647
39646
39646
39645
39644
39644
39641
39641
39640
39640
39640
39639
39638
39636
39635
39635
39635
39633
39632
39630
39628
39627
39627
39627
39626
39624
39624
39623
39621
39619
39619
39619
39618
39618
39617
39615
39615
39614
39612
39610
39610
39610
39605
39604
39602
39600
39597
39596
39595
39595
39595
39594
39594
39594
39593
39591
39591
39589
39588
39586
39583
39582
39582
39581
39581
39580
39579
39579
39579
39578
39578
39578
39578
39573
39573
39572
39572
39570
39570
39568
39566
39566
39564
39564
39563
39563
39558
39556
39554
39554
39553
39553
39553
39551
39550
39550
39550
39549
39548
39548
39547
39546
39544
39544
39542
39541
39541
39541
39537
39536
39535
39535
39535
39533
39533
39533
39529
39528
39528
39527
39527
39527
39526
39526
39525
39524
39524
39524
39523
39523
39522
39521
39520
39520
39518
39515
39513
39511
39511
39510
39509
39508
39507
39504
39504
39503
39503
39502
39500
39500
39498
39498
39498
39497
39493
39491
39488
39488
39488
39486
39484
39482
39482
39481
39480
39479
39479
39478
39477
39475
39474
39474
39473
39470
39470
39468
39468
39468
39467
39466
39465
39462
39460
39460
39459
39456
39456
39455
39455
39454
39453
39452
39452
39451
39451
39449
39449
39449
39449
39448
39444
39443
39441
39441
39441
39439
39439
39437
39436
39436
39433
39432
39430
39429
39427
39426
39422
39418
39417
39414
39414
39411
39410
39406
39405
39404
39403
39402
39401
39401
39401
39400
39399
39398
39397
39396
39394
39393
39393
39393
39391
39390
39389
39389
39389
39388
39388
39386
39386
39385
39384
39382
39382
39382
39382
39381
39381
39380
39380
39376
39375
39374
39372
39372
39371
39371
39371
39371
39371
39370
39370
39369
39369
39368
39367
39367
39364
39362
39358
39357
39356
39355
39354
39354
39354
39353
39352
39351
39349
39349
39348
39346
39345
39343
39342
39342
39341
39339
39339
39338
39337
39336
39336
39336
39335
39334
39334
39333
39332
39332
39332
39330
39330
39330
39329
39328
39328
39325
39324
39323
39323
39323
39323
39321
39319
39318
39318
39316
39316
39315
39314
39313
39312
39311
39310
39308
39308
39308
39308
39307
39307
39305
39302
39302
39300
39299
39298
39298
39296
39295
39294
39293
39287
39286
39285
39285
39283
39283
39281
39281
39279
39277
39276
39276
39275
39275
39274
39272
39271
39270
39269
39269
39269
39264
39263
39261
39260
39259
39258
39258
39257
39257
39255
39255
39254
39254
39253
39253
39252
39250
39250
39249
39249
39248
39248
39247
39246
39244
39244
39243
39242
39239
39239
39238
39236
39235
39235
39235
39234
39233
39233
39233
39231
39231
39231
39231
39230
39230
39226
39225
39225
39224
39224
39224
39223
39221
39221
39220
39219
39216
39216
39216
39215
39215
39214
39214
39213
39212
39212
39211
39211
39210
39208
39208
39207
39207
39206
39206
39206
39205
39201
39201
39199
39199
39198
39198
39198
39197
39197
39194
39192
39192
39190
39190
39189
39189
39189
39187
39186
39184
39183
39183
39183
39182
39179
39179
39177
39176
39174
39172
39172
39171
39164
39163
39162
39160
39159
39158
39157
39156
39156
39156
39155
39152
39152
39152
39151
39150
39150
39148
39147
39146
39146
39145
39144
39144
39141
39141
39140
39139
39138
39136
39135
39134
39133
39132
39132
39130
39129
39129
39128
39128
39127
39126
39125
39125
39124
39123
39123
39121
39120
39118
39117
39116
39115
39113
39113
39112
39112
39109
39109
39108
39107
39107
39106
39104
39104
39103
39103
39103
39103
39102
39102
39101
39100
39098
39095
39095
39095
39094
39094
39093
39092
39092
39091
39090
39088
39084
39082
39081
39081
39080
39080
39079
39078
39078
39078
39078
39075
39075
39075
39073
39071
39071
39070
39067
39063
39063
39062
39061
39060
39059
39059
39058
39058
39057
39055
39054
39052
39052
39050
39050
39050
39049
39048
39046
39045
39045
39043
39043
39043
39042
39042
39040
39039
39039
39038
39038
39037
39036
39035
39035
39033
39031
39030
39029
39028
39025
39025
39024
39023
39022
39022
39022
39022
39020
39020
39019
39018
39018
39016
39015
39015
39014
39011
39009
39005
39004
39003
39003
39002
39002
39001
39000
38999
38999
38998
38997
38996
38993
38991
38990
38989
38988
38987
38987
38986
38985
38985
38984
38984
38983
38983
38982
38982
38980
38980
38976
38975
38974
38974
38974
38973
38973
38972
38972
38971
38970
38970
38969
38968
38968
38967
38967
38967
38965
38965
38965
38965
38964
38963
38963
38962
38962
38962
38960
38960
38959
38958
38953
38953
38953
38952
38950
38950
38950
38950
38948
38946
38946
38944
38944
38943
38942
38941
38940
38940
38938
38938
38938
38936
38935
38935
38935
38935
38933
38933
38933
38929
38929
38929
38928
38928
38927
38923
38921
38921
38920
38920
38919
38916
38916
38915
38915
38914
38912
38911
38911
38909
38909
38909
38909
38907
38906
38905
38901
38900
38900
38899
38899
38893
38893
38893
38892
38890
38889
38888
38885
38883
38883
38882
38882
38881
38879
38878
38875
38875
38875
38874
38874
38871
38871
38870
38869
38868
38866
38866
38866
38865
38865
38865
38863
38861
38861
38857
38857
38855
38853
38853
38852
38851
38849
38849
38846
38845
38843
38842
38841
38841
38841
38838
38838
38838
38837
38837
38833
38833
38831
38829
38829
38828
38828
38828
38826
38826
38824
38822
38820
38820
38819
38818
38818
38817
38816
38814
38814
38813
38813
38813
38812
38812
38812
38811
38811
38811
38810
38810
38809
38809
38808
38808
38807
38804
38803
38802
38800
38800
38800
38796
38794
38792
38790
38785
38785
38784
38783
38782
38781
38781
38780
38780
38779
38779
38778
38777
38777
38776
38775
38774
38773
38772
38772
38771
38770
38768
38766
38764
38763
38763
38762
38762
38759
38755
38752
38751
38750
38748
38746
38746
38744
38744
38742
38741
38741
38740
38740
38739
38738
38738
38737
38737
38734
38734
38732
38731
38730
38730
38730
38728
38728
38727
38726
38726
38725
38725
38721
38721
38721
38719
38719
38717
38716
38716
38715
38715
38715
38714
38714
38714
38713
38713
38709
38707
38705
38705
38705
38704
38704
38703
38702
38698
38697
38697
38697
38696
38696
38695
38694
38693
38693
38689
38687
38687
38686
38685
38684
38683
38683
38682
38682
38681
38681
38680
38680
38679
38674
38673
38673
38673
38672
38668
38668
38667
38665
38660
38658
38657
38655
38653
38651
38650
38648
38648
38648
38646
38645
38643
38642
38641
38641
38641
38641
38640
38639
38638
38636
38634
38633
38633
38632
38631
38629
38629
38627
38627
38626
38625
38624
38622
38622
38621
38621
38620
38619
38619
38618
38617
38617
38616
38615
38615
38614
38613
38613
38612
38612
38611
38608
38608
38608
38608
38607
38606
38605
38605
38603
38602
38602
38601
38600
38600
38599
38597
38596
38596
38595
38594
38593
38592
38592
38591
38588
38587
38587
38585
38583
38583
38583
38582
38582
38581
38581
38581
38579
38579
38578
38577
38576
38573
38573
38568
38568
38566
38566
38566
38562
38562
38561
38561
38561
38559
38559
38558
38557
38557
38555
38553
38553
38551
38551
38550
38549
38548
38547
38545
38545
38544
38544
38543
38543
38542
38542
38542
38540
38540
38539
38538
38536
38536
38535
38535
38534
38533
38532
38530
38529
38529
38528
38527
38522
38518
38517
38513
38511
38508
38507
38507
38506
38506
38506
38506
38505
38502
38502
38497
38496
38494
38493
38493
38491
38490
38490
38488
38488
38487
38487
38487
38484
38483
38482
38482
38481
38481
38480
38478
38478
38478
38477
38477
38474
38473
38472
38470
38468
38466
38465
38465
38464
38461
38460
38460
38459
38458
38458
38458
38457
38456
38456
38456
38456
38455
38455
38453
38450
38450
38450
38450
38450
38447
38446
38444
38443
38441
38440
38440
38437
38436
38435
38435
38433
38432
38431
38430
38430
38428
38428
38428
38428
38427
38427
38425
38425
38425
38424
38424
38424
38423
38422
38422
38421
38420
38420
38420
38418
38417
38415
38414
38413
38412
38412
38411
38410
38410
38408
38408
38407
38407
38405
38405
38403
38403
38403
38399
38398
38396
38396
38396
38396
38395
38394
38393
38393
38392
38392
38391
38389
38387
38387
38385
38384
38384
38383
38383
38381
38381
38380
38379
38377
38376
38375
38375
38374
38373
38372
38372
38371
38370
38369
38369
38368
38366
38364
38364
38363
38363
38362
38361
38360
38357
38357
38355
38355
38354
38354
38351
38349
38347
38344
38343
38342
38341
38341
38340
38340
38338
38338
38338
38334
38334
38333
38333
38332
38332
38331
38330
38330
38328
38328
38327
38327
38325
38323
38322
38322
38320
38317
38315
38314
38312
38312
38312
38308
38308
38307
38305
38304
38303
38303
38302
38301
38299
38299
38295
38293
38290
38289
38289
38289
38287
38287
38284
38284
38281
38281
38280
38280
38279
38278
38278
38277
38273
38273
38273
38270
38270
38268
38268
38268
38267
38265
38265
38264
38264
38264
38264
38262
38261
38261
38260
38260
38260
38260
38258
38257
38256
38254
38254
38253
38253
38251
38250
38248
38246
38246
38245
38244
38243
38242
38240
38240
38239
38237
38237
38236
38236
38235
38234
38232
38232
38231
38231
38229
38225
38225
38222
38220
38218
38218
38217
38217
38216
38214
38209
38208
38207
38207
38205
38202
38202
38202
38201
38201
38201
38200
38199
38197
38195
38195
38191
38191
38190
38189
38189
38188
38187
38187
38187
38186
38184
38184
38183
38182
38182
38177
38176
38175
38173
38173
38172
38172
38172
38172
38171
38171
38171
38169
38169
38168
38163
38162
38160
38160
38159
38158
38157
38155
38155
38155
38155
38154
38154
38154
38152
38151
38150
38148
38147
38147
38146
38144
38143
38142
38135
38135
38134
38133
38133
38131
38130
38130
38126
38125
38124
38122
38121
38120
38118
38116
38116
38116
38116
38115
38114
38113
38112
38112
38112
38111
38110
38109
38109
38107
38106
38106
38106
38106
38105
38105
38105
38105
38103
38102
38101
38099
38099
38098
38098
38097
38096
38096
38095
38095
38094
38094
38093
38093
38093
38089
38089
38087
38087
38086
38085
38085
38083
38079
38079
38079
38077
38077
38077
38075
38075
38074
38074
38074
38073
38071
38070
38069
38067
38065
38063
38061
38060
38060
38060
38060
38059
38057
38057
38056
38055
38053
38053
38048
38048
38047
38046
38045
38041
38040
38040
38038
38038
38036
38035
38034
38032
38032
38031
38031
38030
38030
38029
38028
38028
38027
38026
38026
38025
38025
38025
38024
38024
38023
38022
38022
38021
38020
38020
38019
38019
38018
38018
38015
38014
38013
38012
38009
38006
38004
38004
38003
38002
38001
38001
38000
38000
37999
37999
37997
37997
37996
37995
37994
37993
37992
37991
37990
37988
37988
37988
37986
37984
37981
37979
37976
37974
37974
37973
37973
37973
37973
37972
37969
37968
37968
37967
37967
37966
37966
37966
37966
37965
37965
37964
37961
37960
37959
37959
37958
37956
37956
37956
37955
37954
37953
37952
37951
37949
37947
37947
37946
37945
37944
37941
37940
37939
37938
37937
37936
37936
37935
37935
37934
37934
37933
37932
37931
37930
37930
37927
37927
37926
37926
37925
37925
37924
37922
37922
37922
37922
37921
37920
37920
37919
37919
37919
37918
37918
37917
37917
37916
37916
37916
37915
37914
37913
37911
37910
37909
37909
37909
37909
37908
37907
37906
37906
37906
37906
37905
37903
37903
37902
37901
37901
37899
37898
37896
37894
37894
37892
37891
37890
37886
37886
37883
37883
37878
37877
37876
37876
37876
37875
37874
37874
37872
37870
37870
37870
37869
37867
37865
37865
37862
37862
37862
37861
37861
37860
37858
37857
37855
37853
37853
37853
37851
37851
37851
37850
37849
37848
37847
37847
37847
37846
37845
37842
37841
37839
37838
37836
37836
37835
37835
37835
37834
37833
37832
37831
37829
37829
37829
37828
37827
37827
37826
37826
37824
37824
37823
37821
37820
37820
37814
37814
37814
37808
37806
37806
37806
37806
37805
37803
37802
37802
37801
37799
37798
37798
37798
37798
37797
37796
37795
37789
37789
37780
37779
37778
37778
37777
37776
37775
37774
37772
37771
37771
37769
37769
37768
37768
37768
37767
37765
37764
37763
37763
37763
37762
37761
37761
37760
37759
37755
37753
37753
37753
37751
37750
37750
37749
37747
37746
37743
37742
37741
37738
37737
37736
37735
37735
37732
37730
37729
37728
37725
37724
37722
37722
37721
37720
37720
37719
37718
37718
37716
37715
37715
37715
37714
37713
37712
37711
37711
37710
37710
37710
37709
37709
37708
37708
37708
37707
37707
37706
37706
37705
37703
37701
37700
37698
37697
37697
37697
37696
37695
37695
37695
37695
37694
37692
37692
37691
37690
37690
37688
37688
37687
37686
37685
37682
37679
37677
37676
37674
37674
37673
37673
37672
37672
37670
37669
37667
37666
37666
37665
37663
37662
37661
37658
37658
37657
37657
37655
37653
37653
37652
37651
37651
37645
37642
37642
37642
37641
37640
37640
37639
37639
37637
37636
37632
37629
37629
37629
37626
37626
37626
37623
37623
37619
37617
37617
37617
37616
37616
37615
37614
37614
37613
37610
37608
37607
37606
37606
37606
37605
37604
37603
37603
37603
37602
37602
37601
37600
37600
37600
37600
37599
37598
37597
37596
37595
37594
37594
37593
37591
37590
37589
37589
37587
37586
37583
37583
37582
37580
37578
37576
37576
37575
37575
37574
37574
37574
37574
37574
37572
37572
37570
37569
37569
37568
37567
37566
37563
37563
37561
37561
37559
37558
37556
37555
37554
37553
37553
37553
37551
37550
37550
37549
37549
37547
37547
37544
37543
37541
37541
37540
37539
37538
37538
37538
37537
37536
37535
37534
37533
37533
37531
37531
37529
37527
37527
37527
37527
37526
37526
37525
37524
37524
37523
37522
37522
37520
37519
37518
37518
37515
37515
37515
37513
37512
37508
37506
37504
37504
37503
37502
37502
37501
37500
37497
37496
37495
37492
37492
37492
37490
37489
37489
37488
37486
37485
37485
37483
37483
37483
37482
37482
37480
37478
37477
37476
37475
37470
37470
37470
37469
37469
37468
37468
37468
37466
37466
37462
37462
37462
37460
37460
37460
37460
37458
37458
37455
37454
37454
37450
37447
37446
37446
37445
37444
37443
37442
37441
37440
37439
37438
37438
37438
37438
37437
37437
37436
37433
37433
37431
37431
37428
37427
37427
37426
37426
37424
37418
37417
37415
37414
37412
37411
37410
37410
37410
37407
37406
37405
37405
37405
37404
37403
37403
37403
37403
37402
37401
37399
37398
37398
37396
37394
37390
37390
37390
37389
37388
37387
37387
37387
37386
37385
37385
37381
37377
37375
37375
37374
37374
37372
37372
37372
37370
37370
37370
37369
37369
37367
37366
37365
37364
37363
37363
37361
37361
37361
37359
37357
37353
37353
37353
37352
37351
37350
37349
37348
37347
37343
37343
37341
37337
37337
37337
37335
37333
37333
37332
37332
37331
37329
37328
37328
37324
37324
37322
37318
37318
37317
37316
37316
37316
37313
37311
37310
37309
37309
37308
37307
37307
37306
37305
37304
37303
37303
37302
37300
37300
37300
37300
37299
37298
37298
37298
37294
37293
37291
37291
37290
37289
37286
37286
37286
37285
37284
37282
37282
37281
37281
37281
37280
37279
37279
37277
37276
37275
37274
37274
37273
37272
37271
37271
37270
37270
37269
37267
37265
37264
37263
37263
37262
37262
37261
37259
37259
37258
37257
37257
37255
37255
37255
37254
37253
37253
37250
37250
37248
37248
37246
37245
37245
37245
37242
37241
37239
37238
37237
37237
37237
37237
37236
37234
37233
37232
37230
37230
37228
37227
37227
37226
37225
37224
37224
37223
37222
37222
37221
37221
37220
37220
37219
37219
37218
37217
37217
37217
37215
37212
37211
37211
37210
37209
37208
37208
37207
37207
37207
37207
37206
37203
37203
37203
37203
37202
37202
37201
37200
37198
37198
37197
37196
37196
37195
37194
37194
37192
37189
37186
37185
37184
37183
37183
37183
37182
37180
37178
37178
37177
37176
37175
37171
37168
37168
37168
37167
37165
37165
37164
37163
37162
37160
37160
37157
37157
37157
37156
37154
37153
37153
37152
37152
37151
37151
37150
37149
37149
37149
37149
37146
37145
37144
37144
37143
37142
37142
37141
37140
37140
37140
37139
37138
37138
37136
37136
37136
37136
37134
37133
37133
37133
37132
37130
37128
37127
37126
37126
37123
37123
37122
37122
37119
37119
37118
37118
37117
37115
37111
37110
37110
37108
37108
37105
37105
37104
37104
37103
37100
37097
37097
37096
37095
37094
37092
37091
37091
37091
37090
37089
37088
37087
37087
37085
37084
37083
37081
37080
37080
37079
37078
37078
37076
37076
37075
37075
37075
37073
37071
37070
37068
37068
37067
37067
37067
37066
37066
37060
37060
37059
37056
37055
37055
37054
37053
37053
37051
37050
37048
37048
37047
37047
37047
37046
37045
37044
37043
37042
37042
37042
37042
37041
37041
37041
37041
37041
37040
37040
37040
37039
37038
37038
37037
37036
37036
37034
37034
37033
37030
37029
37029
37029
37029
37029
37029
37028
37028
37026
37026
37025
37022
37022
37022
37022
37022
37021
37020
37020
37020
37019
37019
37019
37016
37016
37015
37014
37014
37014
37013
37012
37012
37011
37011
37010
37010
37008
37006
37005
37002
37001
36999
36998
36998
36997
36997
36997
36995
36994
36994
36993
36990
36990
36987
36987
36985
36981
36979
36978
36978
36976
36976
36975
36975
36975
36974
36973
36973
36973
36970
36969
36969
36968
36967
36966
36966
36965
36961
36960
36960
36959
36958
36958
36956
36954
36954
36953
36953
36952
36952
36950
36950
36949
36948
36948
36947
36946
36946
36946
36946
36946
36944
36943
36941
36939
36939
36938
36937
36935
36935
36934
36934
36933
36930
36930
36929
36929
36926
36926
36926
36924
36923
36921
36921
36921
36921
36920
36919
36917
36916
36915
36915
36915
36914
36911
36911
36910
36907
36905
36903
36900
36898
36898
36897
36897
36896
36895
36895
36894
36894
36892
36891
36890
36889
36887
36885
36884
36884
36883
36882
36882
36880
36880
36879
36879
36878
36877
36876
36876
36874
36873
36873
36873
36872
36872
36871
36871
36870
36869
36868
36867
36867
36865
36863
36861
36861
36860
36860
36856
36855
36855
36854
36854
36853
36853
36851
36850
36849
36848
36847
36847
36847
36845
36845
36844
36843
36842
36842
36839
36839
36838
36837
36837
36834
36833
36832
36832
36831
36830
36830
36829
36829
36829
36828
36827
36827
36827
36826
36825
36825
36824
36824
36822
36820
36820
36819
36818
36817
36815
36813
36808
36808
36806
36804
36804
36803
36803
36802
36802
36801
36801
36799
36797
36796
36795
36794
36792
36792
36792
36790
36789
36788
36788
36787
36787
36786
36784
36782
36782
36782
36781
36776
36774
36773
36772
36770
36769
36769
36768
36768
36766
36765
36765
36765
36764
36763
36763
36762
36757
36757
36756
36756
36756
36756
36752
36750
36750
36748
36748
36747
36747
36747
36746
36746
36745
36745
36744
36743
36743
36743
36742
36740
36739
36738
36737
36737
36736
36734
36734
36734
36734
36732
36732
36729
36727
36727
36727
36726
36724
36723
36721
36719
36719
36718
36717
36714
36713
36713
36713
36709
36708
36708
36707
36705
36705
36704
36704
36704
36701
36700
36700
36699
36699
36698
36697
36697
36697
36695
36689
36688
36687
36686
36684
36683
36680
36679
36677
36677
36676
36674
36673
36672
36672
36669
36668
36668
36668
36667
36665
36664
36663
36663
36663
36663
36661
36661
36660
36659
36657
36657
36655
36655
36654
36654
36652
36651
36651
36650
36647
36647
36646
36646
36644
36644
36644
36642
36641
36641
36641
36640
36640
36638
36636
36634
36633
36628
36626
36625
36624
36624
36624
36624
36622
36622
36621
36621
36621
36620
36620
36619
36618
36618
36618
36616
36615
36615
36614
36612
36611
36611
36610
36610
36610
36609
36608
36608
36606
36606
36606
36606
36605
36603
36602
36602
36601
36600
36599
36597
36595
36594
36593
36593
36592
36591
36591
36590
36588
36587
36587
36585
36585
36583
36583
36583
36582
36580
36580
36580
36579
36579
36578
36577
36576
36576
36575
36575
36574
36573
36572
36571
36571
36570
36570
36569
36569
36567
36567
36565
36563
36562
36562
36562
36561
36561
36560
36559
36559
36557
36556
36556
36556
36556
36554
36554
36554
36553
36553
36552
36551
36550
36545
36543
36543
36540
36538
36538
36537
36536
36536
36536
36535
36533
36533
36533
36532
36531
36529
36529
36527
36526
36526
36526
36525
36524
36524
36524
36523
36522
36519
36518
36517
36517
36516
36516
36515
36512
36511
36511
36511
36511
36510
36510
36506
36504
36503
36502
36501
36500
36496
36496
36495
36495
36491
36490
36488
36488
36485
36485
36485
36485
36483
36483
36482
36481
36481
36479
36478
36478
36477
36475
36473
36473
36473
36472
36472
36469
36468
36468
36466
36464
36464
36463
36462
36460
36457
36453
36453
36452
36452
36451
36451
36450
36449
36448
36447
36447
36447
36445
36443
36440
36438
36437
36437
36437
36437
36435
36433
36433
36433
36432
36432
36432
36432
36429
36428
36428
36428
36428
36427
36426
36425
36423
36419
36418
36418
36417
36411
36410
36409
36409
36409
36407
36406
36403
36403
36403
36402
36402
36401
36400
36397
36396
36395
36394
36393
36392
36389
36388
36388
36386
36386
36385
36384
36384
36383
36382
36381
36379
36379
36378
36377
36376
36375
36373
36372
36371
36371
36370
36369
36368
36366
36365
36365
36363
36363
36362
36361
36361
36359
36358
36358
36357
36355
36355
36355
36354
36351
36349
36349
36348
36346
36346
36346
36345
36340
36338
36338
36337
36336
36334
36334
36334
36330
36330
36328
36327
36327
36327
36325
36325
36324
36322
36321
36321
36320
36320
36317
36315
36315
36312
36311
36310
36310
36310
36310
36309
36307
36307
36306
36305
36304
36304
36303
36302
36299
36297
36297
36295
36295
36293
36293
36292
36292
36291
36291
36290
36284
36279
36279
36277
36276
36272
36270
36270
36269
36269
36267
36267
36267
36266
36265
36265
36260
36259
36258
36257
36255
36255
36254
36253
36253
36251
36249
36248
36247
36247
36247
36246
36246
36246
36246
36245
36245
36244
36243
36242
36241
36241
36238
36238
36237
36236
36235
36234
36234
36233
36232
36231
36230
36229
36228
36228
36228
36226
36225
36225
36224
36222
36219
36218
36217
36216
36216
36212
36211
36210
36209
36209
36208
36208
36207
36207
36207
36206
36206
36205
36203
36202
36201
36201
36200
36199
36199
36198
36198
36197
36197
36196
36196
36196
36194
36194
36192
36189
36188
36188
36187
36184
36183
36180
36178
36178
36176
36176
36175
36175
36174
36174
36173
36172
36172
36168
36168
36168
36167
36166
36165
36164
36161
36160
36160
36160
36158
36157
36156
36156
36156
36153
36150
36148
36148
36148
36147
36146
36145
36144
36143
36143
36143
36142
36142
36140
36139
36138
36135
36135
36134
36133
36132
36132
36130
36130
36130
36129
36128
36128
36127
36126
36125
36121
36120
36120
36119
36119
36118
36118
36118
36117
36116
36115
36115
36114
36113
36111
36111
36111
36110
36110
36109
36109
36109
36108
36108
36106
36104
36102
36101
36101
36099
36098
36098
36096
36096
36096
36094
36094
36092
36091
36091
36091
36089
36089
36088
36087
36087
36086
36085
36083
36078
36077
36076
36075
36075
36073
36073
36072
36071
36070
36070
36069
36069
36068
36067
36067
36065
36065
36064
36062
36062
36061
36059
36057
36055
36053
36052
36050
36049
36048
36045
36043
36042
36042
36041
36041
36040
36036
36035
36033
36033
36032
36031
36031
36030
36029
36029
36028
36027
36025
36023
36022
36022
36020
36019
36017
36017
36016
36014
36014
36014
36014
36014
36011
36011
36010
36008
36008
36006
36006
36005
36001
36001
36000
36000
35999
35998
35998
35998
35997
35996
35996
35995
35995
35995
35995
35993
35991
35991
35991
35989
35988
35987
35987
35987
35986
35986
35983
35982
35982
35980
35978
35978
35977
35977
35977
35976
35975
35975
35975
35974
35974
35973
35972
35971
35971
35970
35967
35966
35966
35966
35965
35964
35964
35963
35963
35961
35961
35960
35958
35957
35957
35956
35954
35953
35952
35948
35946
35946
35946
35945
35945
35942
35942
35940
35939
35939
35936
35934
35933
35933
35931
35931
35931
35930
35930
35928
35927
35926
35926
35925
35923
35923
35921
35921
35920
35920
35920
35917
35915
35915
35915
35911
35909
35907
35906
35906
35906
35905
35902
35901
35901
35901
35900
35900
35900
35900
35899
35898
35897
35896
35896
35893
35892
35892
35892
35892
35891
35888
35888
35887
35886
35886
35880
35879
35878
35876
35875
35873
35872
35871
35871
35870
35869
35869
35866
35865
35865
35865
35864
35863
35862
35862
35861
35855
35853
35852
35852
35851
35850
35849
35848
35848
35844
35844
35842
35842
35841
35841
35839
35839
35837
35837
35836
35836
35836
35835
35835
35833
35833
35832
35832
35831
35830
35830
35829
35828
35827
35827
35826
35825
35824
35821
35820
35820
35820
35819
35813
35813
35813
35813
35813
35812
35810
35810
35809
35807
35806
35802
35802
35801
35800
35800
35799
35798
35798
35796
35795
35795
35794
35793
35792
35791
35790
35790
35790
35787
35786
35785
35785
35784
35783
35783
35782
35782
35774
35774
35773
35772
35772
35772
35771
35770
35769
35765
35765
35764
35763
35763
35758
35758
35758
35757
35757
35757
35755
35755
35752
35752
35752
35751
35751
35749
35746
35744
35744
35743
35742
35741
35739
35739
35735
35735
35733
35733
35731
35730
35729
35729
35726
35724
35724
35724
35722
35719
35719
35718
35718
35718
35718
35717
35716
35714
35714
35713
35711
35710
35709
35706
35705
35705
35704
35703
35702
35700
35700
35699
35696
35696
35695
35695
35694
35693
35692
35689
35687
35687
35687
35686
35682
35681
35681
35680
35677
35676
35676
35675
35675
35675
35673
35672
35667
35666
35666
35662
35661
35660
35660
35659
35659
35657
35657
35655
35655
35652
35652
35650
35648
35647
35646
35646
35642
35641
35638
35635
35635
35634
35632
35632
35632
35631
35630
35630
35629
35627
35627
35626
35626
35625
35625
35625
35624
35622
35622
35622
35621
35621
35621
35620
35618
35618
35618
35616
35614
35614
35613
35613
35612
35608
35608
35607
35605
35602
35600
35597
35596
35595
35595
35593
35591
35591
35587
35584
35584
35583
35583
35583
35582
35581
35580
35580
35576
35576
35575
35574
35573
35573
35572
35572
35570
35569
35569
35568
35567
35565
35564
35562
35562
35562
35561
35561
35560
35559
35559
35558
35558
35553
35553
35552
35550
35550
35550
35549
35547
35545
35544
35542
35541
35540
35539
35539
35537
35537
35536
35533
35530
35530
35529
35529
35528
35525
35522
35520
35520
35520
35518
35518
35517
35516
35515
35514
35512
35512
35509
35506
35506
35505
35504
35504
35503
35502
35501
35500
35499
35497
35496
35495
35492
35492
35491
35489
35489
35488
35488
35486
35485
35485
35485
35482
35481
35479
35478
35477
35475
35475
35474
35473
35473
35471
35470
35469
35469
35468
35468
35465
35463
35463
35463
35463
35463
35463
35462
35458
35457
35457
35457
35457
35456
35456
35452
35450
35449
35448
35447
35446
35444
35444
35444
35443
35443
35442
35441
35439
35439
35438
35437
35437
35436
35435
35434
35434
35434
35434
35433
35433
35430
35430
35425
35424
35424
35423
35423
35422
35421
35421
35420
35419
35419
35418
35416
35415
35414
35414
35412
35411
35411
35410
35408
35408
35408
35407
35407
35406
35404
35404
35403
35401
35399
35398
35397
35394
35390
35389
35389
35389
35387
35386
35385
35385
35384
35383
35380
35379
35379
35377
35377
35376
35376
35376
35375
35375
35375
35375
35375
35374
35374
35374
35372
35371
35371
35370
35369
35369
35368
35366
35366
35366
35365
35365
35364
35364
35362
35362
35360
35357
35356
35349
35348
35346
35344
35344
35344
35344
35342
35335
35332
35332
35331
35331
35330
35329
35327
35325
35324
35324
35324
35322
35322
35321
35319
35319
35318
35318
35318
35318
35318
35317
35317
35315
35314
35314
35313
35312
35311
35310
35310
35308
35308
35306
35305
35305
35305
35305
35304
35304
35303
35302
35300
35300
35299
35296
35295
35295
35294
35294
35293
35293
35293
35292
35292
35289
35289
35289
35288
35288
35288
35287
35287
35285
35283
35281
35281
35280
35279
35278
35277
35276
35275
35271
35271
35270
35270
35268
35268
35267
35266
35266
35263
35262
35262
35260
35260
35260
35259
35258
35255
35253
35253
35253
35252
35251
35251
35249
35248
35248
35247
35247
35245
35245
35243
35242
35241
35241
35240
35239
35236
35235
35234
35234
35234
35232
35232
35232
35231
35231
35230
35230
35229
35229
35228
35228
35227
35227
35226
35225
35221
35220
35219
35217
35217
35217
35216
35216
35214
35211
35209
35209
35208
35207
35207
35207
35206
35205
35205
35204
35203
35202
35200
35199
35199
35199
35195
35192
35192
35191
35189
35189
35187
35187
35186
35186
35184
35183
35183
35180
35180
35180
35179
35178
35178
35178
35176
35176
35174
35173
35168
35168
35168
35167
35166
35165
35164
35163
35163
35163
35162
35160
35160
35160
35159
35155
35149
35149
35149
35148
35147
35147
35147
35145
35144
35142
35141
35140
35137
35137
35135
35135
35135
35134
35132
35132
35132
35130
35129
35129
35128
35128
35128
35125
35124
35124
35124
35123
35122
35121
35120
35119
35119
35119
35117
35117
35117
35116
35116
35113
35113
35112
35112
35112
35112
35111
35109
35108
35107
35106
35105
35103
35102
35102
35102
35101
35101
35097
35097
35096
35096
35094
35094
35093
35093
35092
35091
35090
35089
35083
35082
35081
35081
35080
35079
35078
35075
35075
35074
35073
35070
35069
35069
35067
35066
35065
35065
35064
35064
35064
35061
35059
35059
35058
35057
35056
35056
35055
35055
35054
35054
35052
35050
35050
35048
35045
35044
35043
35041
35041
35040
35040
35037
35036
35035
35035
35034
35033
35032
35030
35029
35026
35024
35021
35020
35019
35019
35018
35017
35016
35014
35012
35011
35010
35008
35007
35006
35006
35005
35003
35002
35001
35000
34997
34997
34996
34995
34990
34990
34989
34989
34986
34986
34986
34985
34985
34984
34983
34983
34982
34980
34978
34978
34977
34976
34974
34973
34973
34972
34971
34971
34971
34970
34970
34969
34968
34966
34966
34966
34965
34965
34964
34964
34964
34964
34963
34963
34962
34961
34961
34961
34959
34959
34957
34954
34953
34953
34951
34951
34950
34949
34948
34947
34943
34943
34942
34942
34942
34941
34939
34938
34938
34937
34937
34936
34935
34931
34930
34929
34929
34927
34926
34924
34924
34923
34922
34922
34921
34921
34920
34920
34919
34919
34919
34918
34918
34916
34916
34915
34915
34913
34912
34912
34912
34912
34911
34910
34910
34907
34905
34903
34899
34898
34898
34898
34895
34893
34892
34892
34891
34890
34890
34884
34883
34882
34881
34881
34881
34881
34880
34879
34879
34879
34879
34875
34875
34874
34874
34873
34872
34871
34871
34869
34869
34867
34867
34866
34865
34865
34865
34865
34865
34864
34863
34863
34862
34860
34859
34856
34854
34853
34852
34852
34852
34852
34852
34850
34850
34849
34849
34849
34848
34847
34846
34846
34846
34844
34843
34838
34838
34837
34836
34835
34834
34833
34833
34833
34833
34833
34832
34830
34828
34828
34826
34824
34823
34822
34822
34822
34820
34820
34820
34819
34819
34817
34815
34815
34809
34809
34807
34806
34805
34805
34804
34803
34802
34801
34800
34800
34800
34800
34800
34799
34793
34790
34789
34789
34785
34784
34784
34784
34782
34782
34781
34780
34779
34778
34777
34775
34775
34772
34772
34772
34772
34771
34771
34770
34769
34768
34767
34765
34765
34765
34764
34763
34762
34762
34761
34760
34760
34760
34759
34758
34757
34755
34754
34752
34749
34748
34746
34745
34745
34744
34744
34743
34743
34741
34737
34737
34736
34736
34731
34729
34729
34728
34727
34727
34725
34723
34722
34721
34721
34719
34714
34714
34713
34713
34712
34710
34710
34709
34709
34709
34708
34706
34704
34704
34701
34699
34699
34698
34698
34697
34696
34695
34692
34692
34691
34688
34680
34678
34678
34675
34675
34674
34674
34674
34673
34671
34670
34669
34668
34668
34667
34666
34665
34665
34662
34662
34661
34660
34660
34658
34658
34655
34654
34654
34650
34647
34647
34647
34645
34644
34643
34642
34641
34640
34639
34638
34637
34637
34636
34635
34635
34633
34631
34630
34628
34626
34625
34624
34624
34624
34622
34621
34620
34620
34619
34617
34613
34613
34613
34610
34609
34608
34603
34602
34601
34599
34596
34596
34594
34593
34593
34592
34591
34591
34590
34590
34589
34589
34588
34588
34587
34587
34584
34583
34583
34579
34578
34576
34575
34573
34572
34572
34571
34568
34568
34567
34567
34566
34564
34562
34562
34562
34562
34562
34561
34560
34560
34560
34560
34558
34557
34557
34556
34554
34553
34553
34553
34553
34552
34552
34550
34549
34549
34548
34548
34547
34547
34545
34545
34545
34543
34539
34536
34531
34530
34528
34528
34528
34526
34523
34522
34521
34520
34519
34518
34517
34516
34516
34512
34512
34512
34509
34509
34508
34507
34507
34506
34506
34505
34504
34504
34503
34501
34500
34500
34499
34498
34498
34495
34495
34494
34493
34493
34492
34492
34491
34491
34490
34490
34489
34487
34487
34485
34484
34479
34477
34476
34476
34476
34473
34473
34470
34469
34468
34467
34466
34465
34465
34465
34464
34463
34463
34463
34462
34462
34461
34458
34458
34458
34457
34454
34453
34453
34451
34450
34450
34450
34450
34449
34448
34448
34445
34444
34443
34442
34441
34439
34439
34439
34438
34436
34433
34432
34432
34432
34431
34430
34430
34429
34429
34429
34426
34424
34423
34422
34421
34421
34421
34419
34418
34417
34414
34413
34412
34411
34408
34408
34407
34406
34405
34405
34404
34403
34403
34403
34403
34399
34398
34396
34396
34394
34392
34392
34391
34391
34390
34389
34389
34389
34389
34389
34387
34386
34381
34379
34378
34378
34377
34376
34374
34374
34374
34372
34372
34367
34366
34366
34365
34364
34363
34362
34362
34361
34360
34360
34357
34357
34356
34352
34348
34346
34346
34343
34342
34341
34341
34339
34336
34335
34334
34333
34333
34333
34332
34332
34331
34331
34331
34330
34330
34330
34329
34326
34326
34325
34324
34322
34321
34320
34319
34317
34317
34316
34315
34315
34314
34312
34312
34310
34308
34307
34306
34305
34304
34303
34301
34301
34301
34296
34296
34294
34294
34293
34293
34292
34292
34290
34290
34290
34289
34289
34288
34285
34285
34282
34282
34281
34281
34281
34280
34280
34280
34279
34278
34276
34275
34275
34274
34273
34272
34271
34270
34269
34269
34269
34269
34268
34267
34265
34265
34265
34265
34264
34263
34263
34260
34258
34256
34254
34254
34253
34251
34251
34250
34250
34249
34248
34247
34245
34245
34244
34240
34240
34236
34236
34232
34232
34229
34227
34226
34225
34225
34224
34223
34223
34222
34222
34222
34221
34220
34218
34217
34214
34213
34213
34212
34212
34208
34206
34206
34205
34203
34202
34202
34201
34199
34198
34198
34197
34196
34192
34191
34191
34191
34191
34191
34188
34188
34188
34184
34183
34183
34183
34180
34178
34177
34176
34173
34170
34168
34168
34167
34165
34164
34164
34163
34163
34161
34160
34159
34158
34157
34157
34157
34157
34156
34155
34154
34154
34153
34152
34150
34150
34150
34149
34149
34147
34146
34145
34145
34145
34142
34139
34137
34136
34135
34134
34134
34134
34133
34131
34131
34130
34130
34130
34126
34126
34125
34125
34125
34123
34123
34122
34122
34122
34122
34121
34120
34117
34116
34115
34113
34112
34111
34110
34110
34107
34105
34105
34103
34102
34102
34100
34099
34098
34098
34095
34094
34094
34091
34091
34089
34089
34086
34085
34084
34083
34083
34079
34079
34077
34076
34076
34070
34070
34070
34069
34068
34066
34065
34064
34063
34063
34061
34061
34060
34060
34060
34059
34059
34058
34057
34057
34053
34053
34050
34050
34049
34047
34046
34046
34046
34045
34045
34044
34043
34043
34039
34039
34039
34039
34038
34036
34036
34033
34033
34033
34032
34031
34030
34029
34027
34027
34027
34027
34025
34024
34024
34023
34023
34022
34022
34021
34019
34017
34014
34013
34012
34012
34011
34009
34008
34008
34006
34006
34004
34003
34002
34001
34001
33999
33999
33998
33998
33997
33996
33995
33994
33994
33994
33994
33993
33992
33992
33990
33989
33989
33988
33987
33987
33987
33985
33985
33984
33983
33983
33982
33982
33980
33980
33980
33980
33979
33979
33978
33978
33978
33977
33977
33975
33975
33973
33972
33967
33967
33966
33965
33964
33964
33961
33955
33955
33954
33954
33954
33953
33952
33951
33951
33950
33950
33948
33947
33946
33945
33945
33942
33940
33940
33939
33939
33939
33938
33938
33937
33936
33935
33934
33934
33933
33933
33932
33932
33931
33930
33929
33928
33925
33923
33921
33920
33917
33917
33916
33916
33915
33914
33911
33911
33911
33909
33909
33906
33904
33903
33901
33900
33900
33896
33895
33892
33890
33890
33890
33888
33888
33888
33888
33886
33885
33881
33881
33881
33881
33878
33876
33875
33874
33869
33867
33867
33867
33866
33865
33865
33865
33864
33863
33863
33862
33861
33861
33861
33859
33857
33857
33856
33856
33855
33854
33854
33853
33849
33849
33849
33849
33849
33848
33847
33846
33845
33843
33841
33841
33840
33840
33837
33837
33837
33836
33835
33833
33833
33830
33829
33828
33827
33827
33827
33826
33825
33825
33824
33822
33821
33820
33816
33815
33815
33814
33813
33812
33810
33810
33810
33809
33808
33808
33808
33808
33807
33806
33806
33804
33803
33802
33801
33799
33799
33799
33799
33798
33796
33795
33794
33794
33794
33790
33790
33789
33789
33787
33786
33785
33783
33782
33782
33779
33778
33776
33775
33774
33773
33771
33770
33769
33769
33768
33768
33766
33766
33765
33765
33764
33764
33762
33762
33761
33760
33759
33758
33758
33755
33754
33751
33751
33751
33751
33750
33750
33749
33748
33746
33746
33745
33742
33738
33738
33737
33736
33735
33734
33734
33734
33734
33733
33732
33732
33732
33730
33728
33726
33725
33724
33724
33722
33721
33719
33719
33719
33717
33716
33716
33716
33716
33715
33715
33712
33712
33711
33710
33710
33708
33708
33707
33707
33704
33702
33699
33698
33696
33696
33696
33696
33696
33695
33695
33694
33694
33693
33693
33693
33691
33691
33689
33689
33688
33686
33685
33685
33685
33684
33684
33683
33683
33682
33682
33679
33679
33674
33674
33673
33672
33672
33670
33668
33667
33667
33666
33666
33666
33664
33663
33662
33661
33659
33658
33656
33656
33656
33656
33654
33652
33651
33651
33648
33647
33646
33646
33645
33645
33643
33643
33643
33641
33641
33641
33640
33639
33638
33635
33634
33633
33632
33629
33629
33627
33627
33626
33623
33623
33622
33621
33620
33618
33618
33617
33616
33616
33616
33615
33615
33615
33614
33614
33614
33610
33610
33607
33605
33605
33605
33605
33604
33604
33603
33603
33602
33601
33600
33599
33598
33598
33597
33596
33596
33596
33596
33594
33591
33591
33590
33590
33589
33589
33586
33583
33583
33583
33582
33581
33580
33579
33579
33579
33578
33576
33576
33575
33575
33574
33574
33573
33571
33571
33571
33570
33569
33568
33568
33567
33566
33563
33561
33560
33560
33559
33559
33559
33558
33557
33555
33554
33553
33553
33552
33547
33545
33544
33543
33543
33541
33540
33540
33539
33538
33538
33537
33536
33535
33535
33530
33530
33530
33530
33529
33528
33528
33527
33527
33527
33522
33522
33522
33521
33521
33521
33520
33519
33518
33518
33518
33518
33516
33515
33515
33514
33513
33513
33512
33512
33511
33511
33511
33510
33510
33510
33509
33508
33507
33505
33505
33504
33503
33502
33500
33500
33496
33494
33492
33490
33489
33488
33488
33487
33487
33486
33486
33486
33485
33485
33485
33483
33482
33482
33482
33481
33480
33477
33477
33476
33476
33475
33474
33472
33472
33468
33465
33464
33464
33461
33461
33460
33459
33458
33457
33456
33454
33453
33451
33451
33449
33449
33442
33440
33439
33439
33433
33432
33431
33431
33430
33430
33429
33429
33428
33428
33428
33426
33425
33424
33424
33423
33423
33423
33422
33422
33421
33421
33420
33419
33419
33418
33418
33418
33417
33416
33416
33415
33414
33413
33413
33412
33412
33407
33407
33404
33403
33403
33403
33402
33402
33401
33400
33399
33397
33397
33395
33393
33392
33392
33390
33390
33390
33390
33389
33389
33388
33388
33386
33386
33383
33382
33381
33380
33379
33379
33378
33378
33377
33377
33377
33377
33375
33375
33373
33372
33372
33371
33369
33366
33366
33366
33363
33363
33363
33362
33361
33360
33359
33358
33357
33356
33355
33354
33354
33353
33352
33350
33350
33350
33349
33349
33346
33346
33345
33344
33343
33343
33342
33342
33342
33342
33341
33340
33340
33338
33338
33335
33335
33334
33334
33333
33332
33332
33332
33332
33331
33330
33327
33327
33327
33326
33326
33325
33325
33323
33321
33320
33316
33315
33314
33313
33310
33310
33308
33308
33306
33305
33303
33302
33302
33302
33301
33299
33299
33299
33299
33298
33297
33295
33294
33293
33291
33290
33289
33289
33287
33285
33281
33280
33279
33279
33279
33278
33278
33276
33275
33275
33274
33274
33272
33271
33270
33270
33267
33266
33263
33263
33263
33262
33262
33261
33261
33260
33259
33259
33259
33258
33258
33256
33256
33255
33253
33252
33252
33251
33251
33251
33251
33250
33249
33249
33248
33247
33247
33245
33245
33245
33244
33243
33243
33243
33240
33240
33237
33237
33237
33234
33232
33232
33232
33231
33230
33229
33229
33229
33226
33225
33225
33224
33224
33223
33223
33223
33223
33222
33222
33221
33220
33220
33219
33218
33218
33218
33217
33217
33216
33216
33215
33215
33215
33214
33213
33210
33209
33207
33205
33204
33204
33200
33199
33199
33199
33198
33194
33191
33190
33186
33186
33180
33180
33173
33173
33171
33171
33169
33168
33167
33167
33166
33166
33165
33165
33164
33161
33161
33158
33158
33157
33156
33156
33153
33152
33152
33152
33152
33150
33147
33146
33145
33145
33145
33141
33139
33139
33137
33137
33136
33136
33135
33135
33135
33133
33132
33129
33129
33129
33128
33122
33120
33116
33113
33112
33111
33110
33110
33108
33108
33107
33107
33107
33105
33105
33104
33103
33101
33100
33099
33096
33095
33093
33092
33092
33092
33090
33088
33088
33085
33085
33084
33084
33084
33084
33083
33083
33082
33081
33081
33079
33078
33077
33074
33072
33070
33070
33070
33069
33068
33066
33066
33064
33064
33064
33064
33063
33062
33060
33060
33060
33059
33059
33059
33058
33056
33054
33054
33054
33053
33052
33052
33052
33051
33050
33050
33050
33049
33048
33047
33045
33044
33044
33043
33042
33042
33042
33041
33038
33038
33037
33035
33034
33034
33033
33033
33033
33032
33032
33030
33029
33028
33028
33028
33028
33027
33025
33023
33022
33021
33020
33019
33019
33019
33018
33017
33017
33016
33016
33015
33014
33012
33011
33010
33009
33008
33008
33007
33004
33004
33002
33002
33002
33001
33001
32994
32993
32991
32990
32988
32986
32985
32985
32981
32981
32981
32981
32978
32978
32978
32978
32977
32977
32974
32974
32973
32972
32971
32970
32969
32969
32968
32968
32968
32966
32966
32965
32964
32962
32961
32961
32961
32961
32960
32959
32959
32959
32959
32956
32955
32954
32954
32953
32953
32952
32951
32949
32949
32949
32948
32947
32947
32946
32946
32946
32946
32942
32940
32938
32938
32937
32937
32936
32935
32933
32932
32931
32929
32927
32926
32926
32922
32921
32921
32921
32920
32918
32918
32917
32917
32916
32915
32914
32911
32911
32910
32910
32909
32908
32908
32908
32906
32906
32905
32905
32905
32904
32903
32903
32902
32902
32901
32899
32899
32898
32896
32896
32895
32892
32892
32892
32892
32890
32888
32888
32887
32886
32884
32883
32883
32882
32882
32882
32880
32879
32879
32879
32878
32877
32876
32876
32875
32874
32873
32870
32869
32869
32868
32866
32865
32864
32861
32860
32860
32858
32855
32855
32853
32852
32852
32852
32851
32851
32849
32849
32849
32849
32848
32848
32846
32845
32845
32845
32844
32844
32844
32843
32840
32838
32836
32834
32833
32831
32830
32829
32827
32825
32825
32824
32824
32824
32823
32822
32820
32817
32817
32816
32815
32813
32812
32811
32810
32810
32806
32806
32805
32802
32801
32800
32800
32799
32799
32798
32798
32797
32797
32796
32795
32793
32793
32793
32791
32791
32789
32789
32788
32788
32787
32786
32786
32785
32783
32781
32781
32780
32780
32778
32776
32775
32775
32775
32775
32773
32771
32771
32769
32769
32768
32767
32767
32766
32766
32765
32764
32764
32764
32763
32763
32763
32757
32756
32756
32755
32755
32754
32754
32753
32753
32751
32751
32751
32750
32748
32747
32746
32744
32743
32743
32741
32741
32740
32740
32738
32737
32737
32735
32734
32730
32729
32729
32728
32728
32727
32727
32726
32725
32723
32719
32718
32717
32717
32717
32717
32716
32715
32715
32714
32714
32711
32711
32705
32705
32704
32703
32702
32702
32701
32700
32700
32699
32696
32696
32695
32694
32693
32689
32688
32688
32687
32687
32686
32686
32680
32679
32679
32676
32675
32675
32674
32670
32670
32670
32669
32668
32667
32665
32665
32665
32664
32661
32661
32660
32660
32659
32658
32658
32658
32657
32656
32655
32655
32654
32651
32651
32649
32649
32648
32646
32645
32645
32644
32643
32643
32642
32642
32639
32639
32638
32636
32635
32635
32632
32631
32631
32627
32627
32626
32626
32626
32626
32626
32624
32624
32623
32623
32623
32620
32620
32619
32618
32618
32617
32616
32616
32615
32614
32614
32611
32611
32610
32610
32609
32608
32607
32606
32606
32604
32604
32602
32598
32594
32593
32592
32592
32591
32590
32589
32589
32584
32583
32583
32581
32580
32578
32577
32575
32575
32575
32574
32574
32573
32571
32571
32570
32568
32568
32565
32563
32562
32561
32559
32559
32559
32559
32558
32558
32558
32556
32554
32554
32552
32547
32547
32546
32546
32545
32545
32544
32543
32543
32542
32540
32539
32538
32537
32537
32536
32535
32535
32535
32534
32532
32531
32531
32527
32526
32526
32522
32522
32521
32521
32520
32520
32520
32517
32517
32516
32515
32514
32514
32513
32512
32511
32510
32509
32508
32507
32505
32505
32505
32503
32500
32497
32496
32495
32494
32492
32492
32492
32492
32490
32488
32488
32487
32487
32484
32483
32481
32481
32480
32478
32477
32475
32474
32474
32472
32471
32471
32469
32469
32467
32466
32465
32464
32464
32463
32463
32461
32460
32459
32455
32455
32453
32451
32451
32449
32449
32447
32447
32446
32445
32445
32444
32443
32442
32441
32439
32438
32436
32434
32434
32432
32432
32431
32430
32430
32430
32429
32428
32427
32426
32426
32425
32423
32422
32420
32419
32419
32419
32418
32418
32418
32417
32416
32416
32416
32415
32413
32411
32411
32410
32409
32408
32408
32407
32406
32403
32400
32398
32397
32397
32397
32396
32395
32395
32395
32394
32394
32393
32393
32393
32392
32391
32391
32390
32390
32389
32388
32388
32388
32388
32387
32385
32382
32381
32380
32380
32378
32377
32372
32371
32371
32370
32368
32366
32366
32366
32364
32364
32363
32361
32361
32358
32357
32355
32353
32351
32350
32349
32348
32347
32347
32346
32345
32344
32343
32343
32343
32343
32342
32342
32338
32338
32338
32338
32338
32336
32335
32335
32334
32333
32332
32331
32330
32329
32328
32326
32325
32322
32321
32320
32320
32319
32317
32316
32315
32314
32314
32314
32312
32312
32308
32307
32306
32306
32306
32305
32304
32303
32303
32303
32303
32303
32302
32302
32301
32300
32300
32300
32298
32297
32297
32296
32295
32295
32295
32295
32294
32293
32292
32291
32291
32290
32290
32289
32289
32287
32287
32286
32283
32283
32283
32280
32280
32279
32279
32279
32277
32277
32274
32274
32273
32272
32271
32271
32271
32270
32269
32269
32267
32267
32264
32264
32264
32263
32263
32261
32261
32261
32260
32260
32259
32257
32257
32257
32254
32254
32253
32251
32251
32250
32250
32250
32249
32247
32247
32246
32246
32244
32242
32240
32238
32238
32234
32234
32233
32229
32228
32228
32226
32225
32225
32225
32224
32223
32222
32222
32221
32221
32220
32218
32216
32214
32214
32214
32213
32213
32212
32212
32212
32211
32211
32210
32207
32206
32204
32203
32203
32201
32201
32201
32200
32200
32198
32197
32196
32196
32195
32195
32194
32191
32191
32190
32189
32189
32185
32185
32184
32182
32182
32179
32174
32174
32173
32172
32171
32166
32166
32166
32165
32165
32164
32161
32159
32158
32158
32157
32156
32156
32154
32154
32152
32152
32148
32148
32146
32142
32141
32138
32137
32137
32135
32134
32134
32134
32131
32130
32128
32128
32126
32126
32125
32121
32120
32120
32119
32118
32116
32114
32113
32112
32112
32112
32111
32111
32110
32110
32109
32109
32108
32107
32105
32103
32102
32101
32099
32099
32098
32098
32097
32097
32096
32096
32096
32094
32093
32092
32091
32087
32086
32086
32084
32081
32081
32080
32079
32078
32078
32076
32076
32076
32074
32073
32073
32071
32071
32067
32066
32066
32065
32063
32061
32059
32058
32058
32055
32052
32051
32049
32048
32047
32046
32045
32044
32043
32043
32042
32042
32042
32041
32041
32040
32039
32038
32037
32037
32036
32035
32034
32033
32033
32032
32032
32029
32029
32028
32026
32023
32022
32021
32021
32020
32018
32017
32016
32015
32015
32014
32012
32008
32008
32007
32007
32006
32003
32003
32001
32000
31999
31998
31997
31997
31997
31996
31996
31995
31995
31995
31995
31994
31993
31993
31993
31988
31988
31986
31985
31984
31983
31983
31981
31981
31977
31974
31973
31973
31973
31973
31973
31972
31972
31968
31968
31967
31966
31965
31963
31963
31962
31958
31958
31957
31956
31956
31956
31953
31952
31951
31949
31948
31945
31945
31944
31944
31943
31943
31943
31941
31940
31938
31937
31936
31936
31935
31935
31934
31933
31932
31931
31930
31930
31930
31929
31929
31928
31926
31925
31924
31923
31922
31920
31919
31919
31919
31918
31916
31914
31914
31912
31912
31911
31910
31910
31909
31909
31908
31908
31907
31905
31904
31904
31902
31902
31901
31901
31899
31897
31896
31895
31894
31894
31891
31889
31889
31889
31888
31886
31882
31882
31880
31876
31875
31873
31872
31871
31869
31867
31867
31866
31864
31864
31864
31862
31861
31860
31859
31857
31854
31853
31852
31851
31851
31848
31847
31847
31846
31846
31844
31838
31837
31834
31834
31832
31831
31830
31828
31826
31825
31824
31823
31822
31822
31822
31821
31820
31818
31818
31817
31817
31816
31815
31814
31811
31810
31809
31809
31808
31808
31808
31808
31806
31805
31804
31804
31804
31803
31802
31802
31799
31799
31798
31798
31797
31797
31795
31795
31795
31795
31794
31794
31793
31793
31792
31790
31789
31789
31788
31788
31787
31785
31784
31784
31782
31782
31782
31781
31776
31775
31774
31774
31771
31771
31768
31767
31765
31765
31759
31759
31758
31757
31754
31752
31752
31751
31751
31751
31750
31748
31747
31747
31747
31745
31744
31741
31740
31740
31739
31738
31737
31737
31734
31734
31732
31731
31731
31731
31727
31726
31725
31724
31724
31724
31723
31721
31720
31720
31717
31717
31714
31711
31710
31709
31705
31705
31704
31704
31703
31701
31699
31699
31699
31698
31698
31696
31695
31693
31692
31692
31692
31690
31688
31687
31686
31686
31686
31685
31685
31683
31683
31683
31682
31681
31678
31678
31677
31676
31676
31676
31676
31674
31671
31671
31670
31670
31669
31665
31662
31661
31661
31659
31659
31658
31658
31657
31657
31656
31655
31654
31654
31651
31650
31648
31648
31647
31647
31646
31646
31644
31643
31639
31638
31636
31635
31633
31632
31629
31628
31624
31624
31623
31623
31621
31618
31618
31618
31616
31616
31616
31614
31614
31614
31613
31613
31611
31611
31610
31610
31609
31609
31607
31606
31605
31603
31602
31600
31600
31598
31597
31593
31592
31591
31589
31588
31588
31587
31585
31584
31583
31583
31582
31581
31581
31579
31578
31577
31577
31574
31574
31573
31573
31572
31572
31571
31571
31569
31569
31568
31567
31567
31567
31565
31565
31563
31563
31561
31560
31560
31558
31558
31556
31556
31555
31555
31555
31553
31553
31550
31550
31550
31548
31546
31544
31543
31543
31541
31541
31540
31540
31540
31539
31537
31536
31535
31534
31533
31530
31530
31530
31529
31524
31524
31523
31522
31522
31520
31519
31518
31517
31512
31510
31508
31508
31508
31508
31507
31506
31505
31503
31498
31498
31496
31496
31495
31493
31492
31491
31490
31488
31487
31486
31486
31485
31485
31484
31483
31482
31482
31481
31481
31480
31479
31478
31476
31476
31475
31474
31474
31474
31472
31472
31471
31470
31469
31468
31468
31466
31465
31465
31462
31462
31462
31461
31461
31460
31459
31459
31458
31457
31455
31455
31455
31454
31454
31451
31451
31449
31449
31448
31446
31444
31444
31443
31442
31441
31441
31441
31441
31440
31440
31439
31439
31439
31438
31438
31437
31437
31436
31436
31434
31433
31430
31429
31429
31427
31427
31427
31427
31425
31425
31424
31422
31420
31419
31419
31418
31415
31415
31415
31413
31411
31411
31407
31405
31404
31404
31403
31403
31402
31400
31398
31398
31395
31394
31391
31390
31390
31390
31390
31389
31388
31388
31387
31386
31385
31385
31385
31385
31382
31381
31379
31376
31374
31374
31373
31371
31371
31371
31368
31367
31367
31365
31365
31365
31364
31364
31361
31361
31361
31360
31360
31360
31359
31359
31358
31357
31354
31353
31352
31351
31351
31350
31349
31348
31346
31346
31345
31344
31342
31338
31337
31336
31334
31333
31333
31333
31331
31330
31327
31325
31324
31323
31321
31320
31319
31317
31317
31317
31317
31316
31315
31315
31314
31313
31313
31313
31312
31310
31309
31305
31305
31301
31300
31299
31298
31297
31296
31294
31293
31292
31291
31290
31288
31286
31285
31280
31280
31279
31278
31278
31278
31278
31277
31277
31277
31276
31275
31275
31274
31274
31274
31273
31272
31272
31272
31270
31270
31269
31269
31268
31268
31267
31267
31267
31266
31264
31264
31264
31263
31262
31261
31260
31260
31260
31259
31258
31258
31257
31257
31257
31255
31253
31253
31252
31252
31251
31251
31250
31250
31249
31247
31247
31245
31245
31245
31244
31242
31240
31240
31239
31239
31237
31237
31237
31237
31236
31236
31236
31232
31231
31230
31229
31229
31227
31226
31225
31225
31225
31223
31222
31221
31221
31217
31214
31214
31214
31214
31213
31213
31213
31212
31212
31210
31209
31208
31208
31208
31208
31206
31205
31205
31203
31203
31202
31200
31199
31198
31197
31197
31195
31195
31194
31192
31192
31191
31191
31190
31190
31189
31188
31188
31187
31184
31184
31183
31182
31180
31178
31176
31175
31174
31171
31169
31168
31167
31167
31167
31165
31165
31164
31164
31163
31163
31163
31163
31162
31162
31160
31159
31156
31153
31153
31152
31151
31144
31139
31135
31135
31134
31133
31130
31130
31130
31126
31122
31122
31121
31119
31115
31114
31113
31110
31110
31109
31108
31108
31108
31108
31105
31104
31103
31102
31100
31100
31100
31100
31099
31098
31097
31096
31096
31094
31090
31090
31088
31087
31084
31082
31080
31079
31077
31077
31076
31076
31076
31075
31075
31073
31072
31071
31069
31068
31068
31067
31066
31066
31065
31065
31064
31063
31063
31062
31061
31060
31057
31057
31055
31055
31049
31048
31048
31048
31047
31047
31046
31046
31046
31044
31043
31043
31042
31040
31040
31039
31039
31039
31038
31036
31035
31033
31033
31032
31029
31028
31025
31025
31024
31024
31023
31023
31021
31021
31019
31017
31017
31016
31016
31015
31015
31014
31013
31012
31012
31010
31008
31007
31007
31006
31006
31005
31004
31002
31001
31000
31000
31000
30996
30996
30993
30993
30993
30991
30991
30990
30989
30987
30987
30986
30984
30982
30980
30979
30978
30977
30977
30976
30976
30976
30976
30975
30974
30970
30969
30968
30968
30967
30962
30962
30961
30961
30960
30960
30960
30959
30957
30956
30955
30955
30953
30953
30952
30952
30952
30951
30950
30949
30949
30945
30944
30944
30944
30941
30941
30940
30938
30937
30934
30933
30930
30929
30929
30928
30928
30927
30926
30925
30924
30924
30923
30921
30921
30919
30918
30918
30916
30915
30913
30913
30913
30912
30911
30910
30910
30910
30909
30909
30909
30908
30908
30907
30905
30903
30902
30902
30901
30898
30898
30895
30894
30893
30893
30892
30890
30890
30887
30886
30885
30885
30884
30884
30884
30883
30883
30882
30880
30878
30877
30876
30876
30874
30872
30870
30870
30869
30868
30867
30866
30866
30864
30861
30859
30858
30854
30854
30852
30850
30849
30849
30849
30847
30846
30845
30841
30840
30840
30837
30837
30836
30835
30835
30834
30834
30832
30832
30831
30829
30828
30828
30827
30825
30823
30823
30822
30822
30821
30820
30819
30817
30816
30815
30815
30813
30813
30813
30812
30812
30812
30811
30810
30810
30807
30807
30806
30806
30804
30802
30801
30801
30800
30799
30798
30798
30797
30797
30797
30797
30796
30795
30793
30793
30791
30790
30789
30789
30787
30784
30784
30783
30780
30780
30779
30779
30777
30774
30773
30773
30772
30771
30770
30770
30770
30767
30767
30766
30766
30765
30765
30765
30764
30763
30761
30758
30756
30755
30755
30754
30753
30753
30750
30749
30748
30747
30746
30744
30743
30741
30739
30739
30739
30739
30739
30738
30736
30734
30732
30732
30729
30728
30727
30727
30727
30727
30726
30726
30725
30725
30725
30724
30722
30722
30721
30721
30721
30720
30718
30716
30716
30716
30715
30714
30713
30713
30712
30712
30712
30710
30710
30708
30708
30707
30707
30706
30705
30703
30700
30697
30695
30693
30693
30689
30688
30688
30688
30687
30687
30686
30686
30683
30683
30683
30682
30681
30681
30680
30678
30678
30676
30676
30675
30675
30672
30670
30670
30669
30667
30665
30663
30662
30661
30660
30660
30660
30659
30656
30654
30652
30652
30651
30651
30648
30646
30644
30643
30642
30642
30641
30636
30635
30635
30635
30634
30634
30627
30627
30627
30627
30625
30625
30624
30624
30624
30623
30620
30616
30616
30615
30614
30613
30612
30612
30612
30611
30611
30610
30608
30607
30606
30606
30605
30605
30604
30604
30602
30601
30600
30598
30597
30597
30596
30595
30595
30595
30594
30594
30593
30588
30584
30584
30583
30581
30579
30578
30578
30577
30577
30577
30576
30575
30573
30573
30572
30572
30571
30570
30570
30569
30568
30567
30567
30566
30564
30563
30562
30561
30559
30558
30558
30554
30553
30553
30552
30552
30551
30550
30549
30548
30547
30547
30545
30543
30543
30543
30543
30536
30536
30535
30534
30534
30533
30532
30531
30531
30529
30529
30528
30528
30527
30527
30527
30526
30524
30524
30523
30522
30521
30520
30519
30519
30518
30517
30517
30515
30514
30513
30513
30512
30512
30511
30511
30510
30509
30509
30506
30506
30506
30505
30504
30504
30502
30501
30501
30501
30499
30498
30497
30493
30491
30490
30490
30489
30489
30488
30487
30486
30482
30482
30481
30481
30477
30477
30476
30473
30472
30467
30467
30467
30467
30466
30465
30465
30463
30460
30460
30457
30455
30454
30453
30450
30449
30449
30448
30447
30447
30445
30443
30443
30442
30440
30439
30438
30437
30437
30436
30436
30435
30435
30434
30432
30431
30430
30429
30429
30427
30424
30423
30421
30421
30420
30418
30417
30414
30412
30412
30412
30411
30409
30407
30406
30405
30405
30403
30403
30401
30401
30401
30399
30399
30397
30397
30395
30393
30392
30391
30389
30389
30388
30386
30385
30385
30383
30382
30379
30378
30377
30376
30374
30374
30373
30371
30370
30370
30370
30369
30368
30367
30366
30363
30363
30363
30361
30361
30361
30361
30359
30357
30355
30355
30354
30353
30352
30350
30349
30349
30349
30347
30345
30344
30343
30341
30339
30339
30338
30338
30337
30337
30336
30333
30332
30331
30328
30327
30324
30324
30323
30322
30321
30321
30320
30317
30316
30315
30315
30315
30314
30314
30314
30314
30314
30313
30308
30307
30306
30306
30305
30302
30301
30300
30297
30296
30296
30295
30294
30292
30292
30292
30292
30291
30291
30287
30285
30284
30284
30284
30282
30282
30281
30281
30280
30277
30275
30275
30273
30272
30272
30272
30270
30270
30269
30268
30268
30267
30267
30266
30264
30263
30260
30260
30257
30256
30255
30255
30255
30254
30250
30249
30249
30248
30247
30247
30247
30246
30246
30246
30245
30245
30244
30237
30236
30235
30233
30231
30231
30230
30230
30228
30228
30227
30227
30227
30227
30226
30220
30219
30219
30218
30217
30215
30215
30214
30213
30213
30212
30211
30210
30210
30210
30208
30208
30207
30205
30205
30204
30202
30202
30201
30199
30197
30195
30194
30194
30193
30193
30191
30191
30191
30190
30190
30190
30187
30184
30183
30182
30181
30181
30180
30179
30178
30177
30176
30174
30174
30173
30172
30170
30169
30168
30167
30163
30162
30160
30157
30157
30157
30157
30154
30152
30151
30149
30147
30145
30145
30145
30140
30140
30139
30138
30138
30137
30136
30135
30132
30132
30131
30127
30127
30126
30123
30121
30121
30119
30119
30119
30117
30117
30117
30116
30116
30116
30109
30108
30107
30107
30106
30105
30105
30105
30104
30104
30103
30102
30101
30100
30100
30099
30099
30096
30095
30095
30094
30092
30092
30092
30091
30091
30091
30090
30090
30090
30088
30088
30086
30085
30083
30082
30082
30082
30082
30081
30080
30080
30079
30078
30076
30076
30076
30075
30073
30073
30071
30069
30068
30066
30062
30061
30060
30060
30059
30058
30057
30054
30054
30053
30053
30051
30051
30049
30048
30047
30045
30044
30043
30042
30041
30040
30039
30038
30034
30034
30033
30033
30032
30031
30031
30030
30029
30029
30029
30028
30027
30027
30026
30025
30024
30022
30021
30021
30021
30019
30019
30018
30018
30015
30015
30014
30014
30013
30013
30013
30012
30012
30011
30011
30010
30010
30008
30008
30007
30006
30006
30005
30003
30000
30000
30000
29998
29998
29997
29995
29995
29994
29994
29993
29992
29992
29991
29991
29989
29988
29988
29984
29983
29983
29981
29980
29977
29976
29976
29973
29971
29970
29970
29968
29968
29967
29966
29965
29964
29963
29960
29959
29958
29958
29954
29952
29952
29951
29950
29949
29948
29948
29948
29947
29947
29947
29945
29945
29945
29944
29941
29938
29938
29937
29934
29934
29932
29931
29930
29930
29930
29928
29928
29928
29927
29927
29924
29924
29924
29923
29922
29922
29921
29921
29918
29916
29916
29916
29915
29911
29909
29908
29906
29905
29903
29902
29900
29897
29892
29892
29892
29890
29888
29888
29888
29887
29886
29885
29882
29882
29882
29881
29881
29881
29880
29878
29877
29876
29875
29874
29873
29873
29872
29869
29866
29865
29865
29865
29864
29864
29862
29862
29862
29861
29859
29859
29857
29857
29857
29857
29857
29855
29855
29853
29852
29850
29847
29847
29847
29847
29845
29844
29843
29842
29842
29841
29839
29838
29838
29837
29837
29836
29835
29835
29835
29835
29835
29834
29833
29832
29829
29829
29829
29828
29828
29827
29825
29825
29824
29823
29823
29822
29822
29822
29820
29817
29817
29814
29813
29812
29809
29808
29808
29808
29808
29806
29806
29806
29803
29800
29800
29799
29799
29799
29798
29798
29797
29796
29795
29794
29790
29789
29789
29789
29788
29787
29785
29784
29784
29783
29783
29782
29782
29782
29782
29781
29781
29780
29778
29777
29776
29776
29776
29776
29775
29772
29770
29769
29767
29766
29765
29764
29762
29762
29760
29760
29760
29759
29759
29758
29757
29756
29756
29754
29751
29751
29747
29744
29744
29744
29743
29743
29742
29740
29740
29739
29738
29737
29736
29735
29734
29734
29734
29733
29731
29730
29729
29728
29727
29727
29727
29726
29725
29722
29722
29720
29720
29720
29718
29718
29716
29716
29716
29715
29714
29710
29710
29709
29709
29709
29708
29707
29706
29706
29705
29703
29702
29702
29700
29696
29696
29694
29694
29693
29692
29690
29689
29687
29685
29685
29683
29682
29680
29679
29677
29676
29676
29675
29675
29674
29674
29673
29673
29671
29671
29671
29671
29670
29669
29666
29666
29665
29663
29661
29661
29660
29659
29659
29659
29658
29658
29657
29656
29656
29656
29655
29654
29654
29653
29652
29650
29648
29646
29646
29646
29645
29645
29643
29642
29642
29641
29641
29640
29640
29639
29638
29636
29636
29633
29633
29632
29628
29627
29626
29625
29625
29624
29623
29622
29622
29622
29621
29620
29620
29618
29617
29617
29616
29616
29616
29614
29613
29611
29611
29610
29610
29609
29609
29609
29609
29609
29608
29608
29606
29605
29605
29605
29605
29602
29602
29601
29601
29601
29601
29597
29597
29595
29593
29592
29592
29591
29591
29589
29588
29587
29587
29586
29585
29584
29584
29584
29583
29582
29579
29578
29578
29578
29578
29573
29569
29568
29568
29568
29568
29567
29566
29566
29563
29563
29562
29561
29559
29558
29556
29555
29553
29550
29549
29548
29546
29546
29545
29544
29544
29543
29543
29542
29541
29541
29540
29540
29539
29538
29536
29534
29532
29530
29529
29529
29528
29528
29527
29525
29525
29523
29523
29523
29520
29519
29517
29517
29514
29514
29514
29510
29509
29508
29508
29506
29504
29504
29503
29502
29502
29502
29499
29498
29496
29496
29496
29495
29494
29494
29492
29491
29491
29490
29489
29489
29488
29484
29483
29483
29481
29481
29480
29477
29476
29475
29471
29471
29470
29470
29469
29468
29468
29467
29466
29466
29465
29462
29462
29456
29456
29456
29455
29454
29453
29453
29451
29451
29449
29449
29446
29443
29443
29443
29443
29440
29439
29438
29438
29437
29437
29437
29436
29435
29435
29434
29429
29429
29428
29423
29423
29422
29421
29421
29421
29419
29419
29419
29418
29410
29410
29409
29408
29405
29404
29404
29404
29404
29402
29402
29401
29401
29401
29399
29395
29395
29394
29393
29392
29390
29390
29390
29389
29388
29387
29387
29387
29386
29385
29385
29380
29378
29378
29378
29377
29374
29373
29371
29371
29369
29367
29366
29366
29366
29365
29364
29364
29363
29362
29362
29360
29359
29358
29357
29357
29356
29355
29354
29353
29351
29350
29349
29348
29344
29344
29343
29342
29342
29342
29339
29339
29337
29337
29334
29332
29331
29330
29330
29328
29328
29326
29326
29325
29323
29322
29322
29321
29321
29320
29313
29313
29312
29311
29310
29309
29308
29306
29303
29303
29301
29301
29300
29298
29297
29293
29290
29288
29287
29286
29286
29286
29286
29285
29285
29282
29281
29281
29281
29279
29279
29278
29277
29274
29272
29271
29271
29271
29271
29270
29270
29267
29263
29262
29262
29262
29262
29260
29255
29255
29255
29255
29255
29253
29252
29251
29250
29249
29249
29245
29244
29243
29243
29241
29240
29239
29239
29238
29237
29235
29235
29234
29231
29230
29228
29228
29228
29224
29224
29223
29222
29222
29221
29221
29220
29218
29218
29217
29215
29214
29212
29211
29210
29209
29206
29206
29206
29206
29206
29205
29202
29200
29198
29195
29195
29193
29193
29192
29192
29192
29192
29192
29191
29190
29189
29188
29188
29188
29188
29188
29186
29184
29184
29184
29184
29182
29182
29181
29179
29178
29177
29176
29174
29174
29173
29172
29171
29171
29170
29169
29168
29167
29167
29167
29164
29164
29162
29162
29161
29159
29158
29158
29157
29155
29154
29154
29154
29153
29153
29151
29151
29149
29146
29144
29144
29144
29140
29140
29139
29139
29135
29135
29135
29134
29131
29131
29130
29130
29130
29129
29128
29127
29126
29126
29126
29125
29124
29124
29123
29123
29123
29121
29117
29117
29115
29115
29114
29114
29114
29114
29113
29110
29107
29105
29103
29101
29101
29101
29100
29099
29098
29097
29097
29096
29095
29095
29094
29092
29092
29091
29091
29090
29090
29089
29089
29088
29087
29086
29086
29083
29083
29083
29081
29080
29080
29079
29078
29078
29078
29077
29077
29076
29076
29074
29072
29071
29071
29071
29070
29069
29069
29068
29068
29067
29066
29065
29063
29061
29057
29055
29053
29052
29052
29051
29050
29049
29048
29044
29043
29042
29042
29041
29041
29039
29039
29037
29037
29035
29034
29034
29034
29032
29031
29030
29026
29025
29023
29022
29022
29021
29020
29020
29020
29018
29018
29015
29015
29013
29013
29012
29012
29011
29010
29009
29006
29006
29006
29005
29004
29002
29002
28996
28995
28995
28994
28993
28993
28992
28992
28988
28987
28987
28983
28982
28981
28978
28978
28976
28976
28976
28975
28975
28972
28971
28971
28970
28967
28967
28965
28964
28964
28962
28962
28960
28960
28959
28956
28956
28955
28954
28952
28951
28951
28951
28950
28950
28949
28949
28948
28948
28947
28944
28941
28939
28938
28937
28932
28932
28931
28931
28931
28931
28928
28927
28922
28922
28922
28919
28918
28917
28915
28914
28914
28913
28912
28903
28903
28902
28900
28899
28899
28899
28898
28897
28896
28896
28895
28893
28892
28892
28892
28891
28890
28889
28889
28888
28886
28886
28885
28885
28883
28882
28882
28880
28880
28880
28879
28879
28877
28876
28875
28872
28872
28870
28868
28868
28866
28865
28862
28861
28861
28860
28859
28859
28859
28859
28858
28857
28857
28856
28854
28854
28853
28850
28850
28849
28848
28847
28846
28846
28846
28845
28845
28843
28843
28843
28842
28841
28839
28838
28837
28832
28832
28831
28831
28830
28830
28829
28828
28828
28827
28827
28825
28825
28825
28824
28822
28822
28821
28821
28821
28818
28818
28818
28817
28817
28815
28814
28813
28813
28812
28811
28811
28811
28810
28810
28810
28807
28807
28807
28805
28802
28802
28802
28799
28798
28797
28795
28795
28795
28795
28793
28792
28791
28789
28789
28788
28787
28786
28786
28786
28785
28785
28785
28785
28784
28784
28784
28782
28782
28782
28780
28779
28777
28776
28776
28775
28773
28773
28772
28772
28770
28770
28768
28767
28767
28765
28763
28761
28761
28759
28759
28759
28758
28757
28757
28757
28756
28755
28754
28754
28752
28752
28751
28751
28750
28750
28749
28748
28747
28746
28746
28745
28745
28744
28743
28743
28742
28742
28740
28740
28735
28735
28735
28732
28732
28730
28729
28729
28728
28728
28727
28727
28727
28724
28723
28722
28722
28721
28721
28718
28716
28716
28711
28710
28710
28709
28709
28703
28703
28702
28702
28701
28692
28692
28692
28691
28690
28690
28690
28688
28688
28687
28686
28685
28684
28684
28684
28684
28683
28681
28680
28679
28678
28678
28678
28674
28673
28670
28670
28669
28669
28667
28666
28665
28664
28661
28661
28660
28659
28659
28657
28656
28656
28656
28656
28655
28654
28653
28652
28651
28651
28650
28649
28649
28648
28648
28648
28647
28646
28645
28644
28644
28643
28642
28641
28640
28639
28637
28636
28636
28635
28635
28634
28634
28634
28633
28632
28631
28630
28630
28630
28629
28629
28628
28628
28627
28626
28626
28626
28624
28624
28624
28622
28621
28621
28621
28620
28619
28619
28616
28615
28615
28615
28614
28614
28614
28613
28612
28612
28612
28610
28610
28609
28608
28607
28605
28604
28604
28604
28600
28599
28599
28599
28599
28599
28592
28592
28592
28591
28590
28589
28588
28587
28587
28587
28584
28583
28582
28581
28579
28579
28579
28578
28577
28577
28576
28576
28574
28574
28573
28573
28572
28572
28571
28569
28569
28568
28567
28566
28565
28565
28564
28563
28563
28562
28562
28562
28561
28561
28559
28558
28557
28557
28556
28556
28555
28555
28554
28553
28552
28551
28551
28550
28550
28548
28545
28545
28544
28544
28544
28542
28542
28542
28540
28539
28539
28539
28539
28538
28536
28535
28533
28532
28532
28532
28531
28531
28529
28529
28528
28528
28525
28525
28525
28525
28524
28523
28523
28523
28521
28520
28517
28515
28515
28515
28512
28511
28510
28510
28510
28509
28506
28505
28505
28504
28503
28501
28500
28500
28500
28500
28498
28497
28494
28493
28492
28492
28491
28489
28489
28488
28487
28487
28485
28484
28484
28483
28481
28480
28479
28478
28478
28477
28477
28475
28475
28472
28472
28469
28469
28467
28467
28466
28465
28464
28462
28462
28462
28460
28459
28457
28456
28455
28454
28454
28454
28453
28453
28453
28450
28450
28448
28447
28445
28444
28444
28443
28442
28442
28441
28441
28440
28439
28439
28438
28437
28435
28435
28434
28433
28431
28430
28429
28427
28426
28426
28425
28425
28425
28423
28421
28421
28420
28420
28420
28419
28418
28415
28415
28415
28414
28414
28411
28409
28407
28407
28406
28406
28403
28403
28399
28399
28398
28398
28395
28395
28390
28389
28389
28389
28389
28388
28385
28383
28382
28381
28380
28380
28377
28376
28373
28373
28369
28368
28364
28363
28363
28362
28356
28354
28354
28354
28353
28353
28353
28352
28352
28352
28349
28349
28349
28349
28348
28347
28347
28346
28344
28344
28342
28342
28341
28341
28341
28341
28340
28340
28337
28337
28336
28332
28332
28332
28332
28329
28328
28328
28326
28325
28324
28323
28322
28322
28321
28320
28319
28319
28319
28317
28315
28314
28311
28310
28309
28308
28307
28305
28304
28304
28302
28299
28294
28291
28289
28289
28287
28286
28285
28285
28285
28283
28281
28278
28277
28277
28276
28276
28275
28275
28269
28268
28267
28265
28264
28264
28263
28263
28263
28262
28261
28260
28259
28259
28259
28259
28258
28258
28255
28254
28254
28254
28254
28254
28253
28252
28252
28251
28250
28249
28248
28248
28247
28246
28245
28244
28243
28241
28241
28239
28238
28238
28237
28237
28237
28237
28235
28234
28233
28233
28232
28230
28230
28229
28228
28226
28225
28225
28225
28225
28224
28222
28216
28216
28216
28216
28215
28214
28214
28210
28209
28209
28208
28205
28204
28203
28201
28201
28200
28200
28199
28199
28198
28198
28197
28195
28195
28193
28192
28192
28192
28191
28191
28190
28189
28189
28187
28187
28185
28185
28184
28184
28184
28184
28183
28183
28183
28182
28181
28181
28180
28180
28178
28178
28178
28177
28177
28176
28175
28173
28173
28172
28171
28170
28170
28170
28170
28170
28169
28168
28168
28167
28167
28166
28164
28164
28162
28161
28161
28160
28159
28158
28156
28155
28153
28153
28151
28148
28148
28146
28142
28141
28141
28140
28140
28140
28139
28137
28136
28136
28134
28134
28133
28133
28133
28132
28132
28132
28130
28129
28128
28128
28128
28126
28125
28124
28122
28122
28122
28122
28120
28120
28120
28120
28120
28116
28116
28114
28113
28113
28113
28110
28110
28107
28101
28101
28097
28096
28094
28094
28094
28092
28091
28091
28090
28089
28087
28087
28086
28086
28085
28085
28084
28084
28082
28082
28080
28080
28079
28079
28079
28079
28078
28077
28077
28074
28074
28071
28071
28070
28070
28070
28069
28067
28067
28065
28064
28062
28062
28061
28060
28060
28059
28059
28058
28054
28054
28053
28051
28050
28047
28046
28045
28045
28043
28042
28040
28039
28039
28039
28036
28035
28035
28035
28033
28033
28032
28031
28029
28026
28026
28025
28023
28022
28021
28020
28020
28015
28014
28014
28014
28013
28012
28012
28012
28012
28011
28011
28011
28010
28009
28009
28008
28008
28006
28004
28004
28003
28000
28000
28000
28000
27999
27998
27998
27998
27995
27994
27989
27987
27987
27984
27982
27980
27980
27979
27979
27973
27972
27972
27972
27972
27971
27970
27966
27965
27964
27962
27962
27960
27960
27958
27958
27957
27957
27956
27956
27954
27953
27953
27952
27952
27952
27952
27950
27948
27946
27943
27942
27942
27942
27941
27941
27941
27941
27940
27939
27938
27938
27937
27936
27936
27936
27936
27936
27935
27933
27930
27930
27930
27929
27928
27927
27925
27925
27925
27924
27923
27922
27922
27920
27918
27918
27917
27917
27917
27915
27914
27913
27912
27912
27912
27911
27910
27909
27908
27907
27905
27904
27904
27903
27902
27902
27902
27902
27902
27900
27899
27899
27897
27896
27896
27895
27894
27894
27893
27893
27893
27893
27892
27892
27891
27890
27888
27888
27887
27886
27886
27885
27884
27883
27883
27881
27880
27880
27879
27879
27879
27878
27878
27878
27876
27876
27875
27874
27874
27874
27873
27871
27870
27868
27867
27867
27866
27865
27865
27863
27863
27862
27862
27862
27860
27859
27859
27858
27858
27857
27856
27855
27855
27854
27851
27851
27850
27849
27848
27844
27843
27843
27842
27840
27840
27840
27839
27838
27837
27836
27835
27835
27835
27834
27833
27833
27831
27830
27830
27827
27827
27824
27823
27821
27820
27818
27817
27816
27815
27814
27814
27813
27813
27811
27811
27811
27809
27807
27806
27806
27806
27805
27805
27804
27803
27802
27802
27802
27801
27801
27799
27798
27798
27798
27797
27797
27796
27796
27795
27793
27791
27791
27791
27789
27789
27787
27786
27786
27786
27786
27785
27785
27785
27779
27778
27777
27776
27776
27776
27775
27775
27775
27774
27774
27773
27772
27772
27770
27767
27767
27766
27764
27763
27762
27759
27758
27758
27757
27756
27755
27754
27753
27753
27752
27752
27751
27749
27749
27747
27746
27745
27745
27744
27742
27741
27740
27738
27736
27734
27733
27732
27732
27732
27731
27728
27728
27728
27727
27726
27724
27724
27722
27721
27721
27720
27719
27717
27716
27715
27714
27713
27713
27713
27710
27709
27708
27708
27704
27704
27704
27703
27703
27703
27702
27701
27699
27698
27696
27695
27693
27693
27692
27685
27684
27684
27683
27683
27680
27677
27677
27676
27674
27673
27673
27671
27671
27666
27665
27664
27663
27663
27662
27662
27660
27660
27659
27657
27657
27652
27652
27652
27651
27651
27651
27649
27647
27643
27641
27641
27640
27638
27634
27634
27634
27633
27633
27633
27631
27630
27630
27629
27628
27627
27627
27627
27626
27625
27625
27623
27622
27621
27621
27621
27620
27619
27616
27616
27615
27615
27615
27611
27609
27604
27603
27602
27601
27601
27599
27598
27595
27593
27592
27591
27590
27589
27589
27586
27584
27584
27583
27581
27581
27581
27580
27577
27576
27575
27571
27570
27568
27568
27567
27567
27567
27567
27565
27565
27563
27560
27560
27560
27560
27556
27555
27555
27550
27550
27549
27549
27548
27546
27546
27543
27543
27541
27541
27540
27537
27537
27537
27536
27535
27534
27534
27534
27533
27532
27531
27531
27530
27530
27526
27525
27521
27520
27520
27519
27519
27518
27517
27516
27515
27515
27514
27514
27513
27512
27512
27510
27509
27509
27508
27508
27508
27508
27507
27507
27505
27504
27503
27501
27500
27498
27498
27498
27497
27495
27494
27492
27492
27490
27490
27490
27489
27488
27488
27487
27486
27485
27484
27483
27482
27482
27481
27479
27476
27475
27474
27472
27470
27470
27469
27466
27466
27466
27465
27463
27462
27457
27456
27456
27455
27455
27454
27451
27451
27450
27450
27447
27447
27445
27445
27444
27440
27439
27438
27437
27437
27437
27435
27434
27432
27431
27429
27429
27428
27424
27422
27421
27420
27420
27419
27415
27415
27414
27412
27412
27412
27410
27410
27410
27408
27408
27407
27406
27405
27405
27404
27404
27404
27403
27402
27402
27399
27398
27398
27397
27396
27394
27393
27393
27393
27392
27390
27390
27388
27386
27386
27385
27385
27384
27381
27381
27381
27380
27378
27378
27377
27377
27377
27372
27372
27372
27372
27371
27370
27370
27369
27369
27369
27366
27361
27360
27359
27358
27357
27357
27355
27353
27353
27351
27350
27350
27348
27348
27347
27343
27342
27341
27339
27339
27338
27337
27336
27336
27336
27333
27329
27329
27329
27328
27326
27325
27323
27322
27322
27322
27322
27322
27322
27321
27320
27320
27319
27319
27318
27318
27317
27316
27315
27314
27314
27313
27312
27312
27310
27309
27309
27308
27306
27306
27306
27306
27298
27297
27296
27295
27294
27294
27293
27293
27291
27288
27284
27284
27283
27281
27281
27281
27281
27281
27281
27281
27281
27279
27279
27279
27278
27278
27278
27278
27275
27274
27274
27274
27273
27272
27272
27270
27268
27268
27267
27267
27267
27266
27266
27266
27266
27266
27265
27265
27265
27264
27264
27263
27260
27259
27258
27256
27256
27255
27254
27253
27251
27250
27248
27248
27244
27243
27243
27242
27241
27239
27239
27238
27237
27235
27233
27232
27232
27232
27232
27231
27230
27229
27229
27227
27226
27225
27224
27223
27221
27221
27220
27220
27219
27217
27217
27217
27217
27216
27215
27214
27213
27212
27209
27208
27208
27208
27206
27206
27206
27205
27204
27204
27204
27203
27202
27202
27202
27201
27200
27200
27199
27198
27197
27197
27196
27195
27193
27193
27190
27190
27189
27188
27187
27187
27186
27186
27186
27185
27184
27182
27181
27181
27181
27180
27179
27178
27178
27176
27176
27175
27175
27173
27172
27172
27171
27170
27169
27169
27168
27166
27164
27164
27164
27164
27162
27158
27157
27156
27156
27155
27153
27153
27151
27151
27150
27150
27150
27148
27146
27144
27143
27143
27138
27138
27137
27136
27135
27135
27133
27131
27129
27129
27129
27126
27124
27123
27122
27121
27119
27118
27118
27116
27116
27116
27115
27113
27112
27111
27110
27110
27110
27109
27108
27106
27105
27104
27102
27102
27102
27098
27097
27097
27096
27096
27095
27094
27094
27092
27091
27090
27090
27089
27089
27089
27089
27087
27086
27084
27084
27081
27080
27080
27079
27076
27075
27074
27073
27073
27072
27071
27071
27070
27069
27069
27069
27068
27066
27065
27062
27062
27061
27060
27060
27059
27059
27058
27058
27057
27057
27056
27053
27050
27046
27045
27039
27038
27037
27037
27037
27035
27033
27031
27031
27030
27030
27030
27027
27026
27026
27024
27023
27023
27020
27019
27019
27017
27016
27016
27014
27013
27012
27010
27010
27008
27007
27006
27006
27004
27004
27004
27001
26997
26996
26994
26992
26991
26991
26991
26990
26989
26989
26987
26987
26985
26985
26984
26983
26982
26981
26980
26980
26980
26980
26978
26977
26976
26975
26975
26975
26973
26972
26970
26968
26968
26967
26966
26966
26965
26965
26964
26962
26960
26960
26959
26959
26955
26954
26953
26951
26950
26946
26945
26945
26944
26943
26941
26940
26940
26938
26938
26936
26934
26933
26932
26931
26931
26931
26930
26928
26928
26927
26927
26926
26926
26925
26920
26920
26919
26919
26918
26917
26916
26916
26916
26915
26915
26913
26911
26910
26910
26906
26903
26900
26899
26899
26898
26897
26897
26896
26896
26896
26896
26894
26893
26893
26892
26890
26890
26890
26890
26886
26886
26886
26884
26883
26882
26881
26880
26878
26878
26877
26877
26877
26875
26872
26869
26868
26868
26862
26862
26861
26860
26858
26858
26857
26855
26854
26854
26853
26848
26847
26847
26846
26845
26842
26840
26839
26836
26835
26835
26834
26832
26830
26830
26829
26829
26829
26827
26824
26824
26822
26821
26820
26817
26817
26815
26814
26814
26814
26813
26813
26813
26811
26810
26804
26803
26803
26802
26801
26800
26799
26797
26796
26795
26793
26793
26793
26793
26791
26790
26787
26786
26786
26786
26784
26783
26782
26782
26782
26781
26779
26778
26775
26775
26774
26773
26772
26772
26771
26771
26769
26766
26765
26764
26763
26763
26762
26762
26762
26760
26759
26758
26757
26756
26756
26755
26753
26751
26749
26749
26743
26741
26741
26741
26740
26739
26739
26735
26735
26732
26728
26727
26727
26727
26726
26725
26724
26723
26722
26722
26719
26716
26713
26713
26710
26710
26709
26709
26708
26707
26706
26705
26705
26705
26705
26704
26703
26701
26701
26701
26699
26698
26697
26694
26693
26691
26690
26690
26689
26687
26686
26685
26685
26684
26684
26682
26679
26678
26678
26677
26676
26676
26675
26675
26675
26674
26672
26670
26670
26669
26668
26667
26665
26663
26662
26662
26661
26661
26660
26657
26654
26654
26649
26649
26648
26648
26648
26647
26646
26645
26645
26644
26639
26639
26638
26637
26636
26634
26634
26634
26633
26631
26631
26629
26627
26626
26626
26625
26624
26624
26624
26622
26621
26621
26619
26617
26616
26616
26616
26615
26614
26613
26612
26610
26609
26606
26605
26605
26605
26604
26604
26604
26602
26601
26601
26600
26600
26600
26597
26595
26594
26591
26591
26589
26588
26587
26586
26584
26583
26583
26580
26580
26578
26578
26577
26577
26577
26577
26577
26576
26575
26574
26574
26570
26570
26569
26567
26567
26566
26564
26563
26563
26561
26560
26559
26558
26558
26557
26557
26557
26555
26554
26554
26553
26553
26553
26551
26550
26549
26549
26548
26548
26545
26543
26542
26542
26541
26540
26540
26540
26539
26539
26539
26538
26536
26535
26534
26534
26531
26531
26529
26529
26529
26527
26527
26526
26524
26524
26522
26522
26521
26521
26521
26520
26520
26519
26518
26515
26514
26513
26513
26512
26511
26508
26507
26506
26505
26504
26504
26503
26501
26500
26500
26499
26498
26498
26495
26495
26494
26493
26493
26490
26490
26489
26487
26485
26484
26483
26481
26481
26479
26479
26479
26478
26478
26476
26474
26472
26471
26471
26471
26469
26467
26463
26463
26462
26462
26461
26461
26458
26457
26457
26454
26453
26453
26452
26449
26449
26447
26444
26444
26443
26443
26441
26439
26437
26435
26435
26434
26434
26434
26428
26428
26427
26426
26425
26425
26425
26424
26424
26423
26423
26420
26419
26419
26417
26416
26414
26414
26413
26412
26411
26408
26407
26407
26406
26406
26406
26405
26402
26400
26400
26399
26399
26399
26398
26397
26396
26395
26395
26392
26388
26388
26387
26385
26383
26382
26381
26379
26379
26379
26378
26376
26376
26376
26374
26373
26373
26372
26370
26369
26369
26367
26367
26366
26365
26363
26362
26361
26361
26361
26360
26360
26359
26359
26359
26357
26357
26356
26355
26353
26353
26351
26350
26349
26348
26348
26347
26345
26343
26339
26338
26336
26336
26336
26336
26335
26335
26334
26334
26334
26333
26332
26331
26331
26330
26329
26326
26326
26325
26325
26324
26321
26321
26317
26316
26315
26315
26315
26312
26311
26309
26306
26305
26305
26305
26304
26304
26303
26303
26303
26302
26298
26298
26297
26297
26295
26293
26290
26290
26289
26289
26286
26286
26285
26285
26282
26282
26280
26278
26278
26278
26277
26275
26275
26274
26273
26271
26271
26271
26270
26270
26269
26267
26266
26266
26265
26263
26263
26261
26260
26259
26259
26258
26258
26257
26257
26256
26256
26256
26255
26253
26251
26251
26250
26248
26248
26246
26246
26245
26243
26242
26241
26240
26238
26237
26236
26234
26234
26232
26232
26230
26228
26227
26226
26226
26226
26224
26223
26223
26223
26223
26222
26221
26221
26221
26219
26219
26219
26218
26217
26215
26212
26211
26209
26207
26207
26206
26205
26205
26205
26204
26202
26202
26200
26199
26199
26198
26197
26197
26195
26194
26193
26193
26192
26192
26191
26191
26190
26189
26188
26188
26188
26188
26187
26187
26186
26186
26186
26186
26185
26185
26183
26182
26178
26178
26176
26175
26174
26172
26171
26171
26169
26169
26167
26167
26167
26167
26166
26165
26164
26162
26161
26161
26160
26159
26159
26158
26157
26154
26152
26150
26149
26148
26148
26147
26147
26146
26145
26144
26143
26139
26138
26138
26138
26137
26133
26132
26132
26130
26128
26128
26127
26127
26126
26124
26122
26122
26122
26122
26121
26121
26119
26116
26115
26114
26113
26112
26108
26107
26106
26105
26103
26101
26098
26098
26096
26095
26094
26093
26089
26087
26086
26086
26083
26082
26081
26081
26078
26078
26076
26074
26074
26073
26073
26072
26070
26069
26067
26066
26066
26066
26066
26065
26065
26063
26063
26063
26061
26059
26057
26055
26055
26055
26053
26053
26051
26050
26049
26048
26048
26047
26044
26043
26043
26042
26042
26041
26039
26038
26038
26038
26036
26034
26034
26033
26032
26032
26030
26030
26029
26029
26028
26028
26027
26026
26026
26025
26025
26022
26022
26021
26021
26019
26018
26016
26016
26015
26015
26015
26014
26013
26012
26009
26009
26008
26008
26006
26005
26005
26005
26004
26003
26002
26002
26001
26001
25998
25998
25997
25997
25994
25993
25993
25993
25992
25991
25990
25988
25988
25988
25987
25987
25984
25984
25983
25982
25980
25976
25975
25974
25973
25971
25971
25971
25971
25970
25970
25969
25969
25969
25968
25966
25966
25963
25963
25962
25961
25958
25957
25957
25954
25953
25953
25952
25951
25951
25950
25950
25949
25948
25946
25945
25945
25943
25942
25941
25941
25940
25939
25938
25938
25937
25937
25936
25936
25935
25933
25931
25928
25927
25927
25925
25924
25924
25921
25918
25915
25915
25915
25912
25912
25910
25910
25909
25908
25906
25905
25905
25903
25903
25903
25902
25902
25902
25901
25899
25898
25897
25897
25897
25896
25893
25892
25890
25890
25888
25888
25886
25884
25883
25883
25882
25879
25879
25878
25876
25875
25873
25872
25872
25872
25872
25872
25870
25869
25867
25867
25866
25866
25864
25863
25862
25862
25859
25858
25857
25856
25855
25855
25855
25855
25852
25852
25851
25850
25847
25847
25847
25845
25845
25845
25844
25842
25842
25842
25841
25841
25841
25841
25840
25839
25837
25837
25832
25831
25828
25826
25825
25823
25823
25821
25821
25821
25820
25820
25816
25814
25811
25809
25808
25808
25808
25806
25802
25801
25801
25800
25800
25800
25791
25791
25790
25787
25785
25785
25784
25784
25783
25782
25780
25780
25779
25777
25776
25775
25775
25774
25774
25774
25774
25774
25770
25769
25769
25768
25765
25764
25764
25763
25763
25762
25761
25760
25760
25760
25759
25758
25756
25756
25756
25754
25754
25753
25753
25752
25751
25750
25749
25749
25748
25748
25748
25742
25738
25738
25738
25738
25737
25737
25737
25737
25737
25735
25734
25733
25733
25733
25732
25732
25728
25727
25724
25724
25724
25723
25723
25722
25721
25719
25719
25718
25718
25717
25716
25716
25715
25713
25710
25709
25708
25707
25707
25704
25704
25702
25701
25698
25698
25698
25697
25697
25696
25694
25693
25692
25692
25691
25690
25686
25685
25683
25682
25682
25680
25678
25676
25675
25672
25671
25671
25670
25670
25669
25667
25666
25666
25664
25663
25661
25658
25657
25656
25656
25655
25655
25655
25654
25654
25654
25654
25652
25652
25652
25652
25651
25650
25648
25646
25646
25642
25641
25641
25640
25638
25637
25637
25636
25635
25632
25630
25630
25630
25629
25627
25626
25626
25626
25625
25625
25625
25625
25623
25621
25619
25619
25618
25617
25617
25614
25613
25612
25611
25609
25606
25604
25601
25601
25600
25599
25599
25599
25598
25595
25594
25594
25594
25592
25592
25589
25588
25588
25588
25587
25586
25586
25586
25585
25585
25584
25584
25582
25577
25576
25575
25575
25574
25574
25573
25572
25572
25572
25571
25571
25570
25569
25569
25569
25569
25568
25568
25567
25566
25564
25562
25559
25559
25559
25558
25557
25555
25554
25553
25552
25552
25550
25550
25548
25545
25544
25541
25540
25540
25539
25539
25538
25537
25536
25534
25533
25533
25533
25532
25531
25531
25531
25530
25524
25523
25523
25520
25520
25519
25518
25518
25516
25516
25515
25514
25514
25513
25511
25511
25510
25509
25509
25508
25507
25506
25502
25499
25498
25497
25496
25493
25493
25493
25493
25492
25490
25490
25490
25489
25488
25488
25485
25484
25484
25483
25482
25482
25481
25480
25479
25478
25476
25475
25474
25472
25469
25468
25466
25466
25461
25459
25457
25457
25456
25455
25453
25453
25453
25450
25450
25449
25449
25448
25448
25445
25442
25442
25440
25440
25440
25439
25439
25435
25435
25431
25429
25429
25429
25425
25425
25423
25422
25422
25422
25421
25421
25420
25420
25419
25418
25418
25416
25416
25411
25410
25409
25408
25407
25406
25405
25405
25403
25402
25401
25399
25399
25399
25398
25396
25395
25393
25390
25390
25388
25388
25388
25388
25387
25385
25382
25382
25379
25379
25376
25375
25375
25374
25366
25366
25365
25364
25363
25363
25362
25362
25361
25361
25359
25359
25357
25357
25356
25355
25354
25351
25350
25350
25349
25346
25346
25346
25345
25343
25342
25342
25341
25340
25338
25337
25336
25336
25335
25334
25332
25330
25329
25328
25327
25327
25325
25324
25322
25322
25320
25318
25311
25311
25309
25309
25309
25307
25307
25306
25305
25303
25303
25302
25302
25301
25301
25300
25300
25295
25295
25293
25290
25290
25290
25290
25289
25289
25289
25288
25287
25284
25282
25281
25281
25280
25279
25276
25274
25272
25272
25269
25269
25269
25267
25266
25266
25265
25264
25261
25260
25260
25258
25257
25256
25255
25254
25254
25253
25253
25251
25251
25250
25247
25247
25247
25246
25246
25244
25244
25241
25237
25236
25233
25233
25230
25227
25227
25227
25227
25225
25220
25220
25219
25218
25216
25216
25216
25213
25213
25213
25212
25211
25211
25210
25209
25209
25209
25208
25208
25207
25207
25204
25202
25202
25200
25199
25198
25189
25189
25188
25187
25187
25185
25185
25185
25182
25182
25181
25180
25178
25178
25177
25176
25176
25175
25175
25174
25174
25173
25173
25173
25172
25172
25171
25169
25168
25166
25165
25164
25163
25162
25162
25161
25160
25158
25158
25158
25157
25157
25156
25152
25152
25151
25151
25151
25149
25148
25145
25145
25144
25142
25142
25142
25140
25139
25137
25137
25134
25133
25132
25132
25131
25130
25128
25128
25127
25125
25124
25123
25123
25122
25122
25121
25120
25119
25119
25117
25117
25117
25115
25112
25109
25107
25107
25106
25106
25106
25105
25104
25101
25099
25099
25099
25098
25098
25093
25092
25091
25090
25089
25089
25088
25088
25087
25085
25084
25078
25078
25078
25076
25076
25076
25076
25075
25071
25070
25070
25069
25067
25066
25064
25063
25062
25062
25062
25061
25060
25059
25059
25059
25058
25058
25057
25057
25056
25054
25053
25052
25052
25052
25051
25050
25050
25050
25048
25046
25044
25043
25043
25043
25042
25041
25041
25039
25035
25035
25034
25033
25033
25031
25031
25029
25025
25023
25022
25021
25020
25016
25016
25015
25014
25013
25012
25010
25010
25010
25010
25008
25008
25008
25006
25006
25003
25003
25002
25002
25002
24998
24997
24994
24994
24993
24992
24992
24991
24990
24988
24988
24987
24983
24983
24983
24981
24980
24979
24979
24978
24975
24974
24972
24971
24969
24969
24968
24967
24967
24966
24963
24963
24962
24961
24960
24960
24959
24959
24958
24954
24953
24952
24951
24951
24949
24946
24945
24944
24944
24944
24944
24943
24942
24941
24941
24940
24940
24939
24938
24938
24937
24936
24935
24935
24934
24932
24928
24926
24926
24926
24926
24925
24924
24924
24924
24923
24923
24921
24920
24920
24920
24919
24918
24916
24916
24912
24910
24910
24907
24906
24905
24905
24905
24902
24898
24898
24897
24897
24895
24894
24891
24891
24888
24886
24883
24882
24881
24881
24880
24879
24878
24878
24876
24876
24874
24872
24869
24868
24867
24866
24866
24864
24864
24863
24862
24861
24860
24859
24859
24857
24857
24856
24856
24856
24855
24849
24847
24847
24846
24846
24845
24844
24844
24844
24842
24841
24840
24840
24837
24837
24836
24835
24834
24834
24834
24833
24831
24831
24831
24829
24829
24828
24828
24827
24826
24824
24824
24824
24824
24823
24823
24822
24822
24820
24819
24819
24819
24819
24818
24815
24815
24814
24813
24813
24812
24812
24809
24809
24808
24808
24806
24805
24805
24804
24802
24802
24800
24798
24797
24796
24795
24795
24790
24790
24790
24787
24787
24786
24784
24783
24782
24782
24780
24779
24778
24778
24777
24776
24776
24776
24775
24772
24768
24767
24767
24767
24766
24766
24766
24766
24765
24765
24765
24763
24763
24763
24762
24762
24760
24758
24757
24757
24756
24755
24755
24754
24754
24751
24750
24747
24747
24746
24745
24743
24742
24740
24740
24740
24739
24739
24737
24736
24736
24736
24736
24736
24735
24734
24734
24733
24731
24729
24729
24729
24728
24728
24728
24727
24727
24724
24723
24723
24721
24721
24720
24720
24714
24713
24712
24712
24711
24711
24710
24710
24709
24708
24708
24707
24707
24707
24707
24706
24706
24706
24702
24701
24700
24698
24696
24692
24692
24691
24691
24691
24690
24690
24689
24689
24688
24686
24685
24684
24683
24682
24681
24681
24680
24680
24679
24678
24675
24674
24674
24673
24673
24671
24671
24670
24670
24666
24662
24661
24661
24659
24658
24658
24658
24657
24657
24656
24653
24653
24653
24651
24650
24650
24646
24646
24646
24646
24642
24640
24639
24638
24634
24633
24632
24632
24631
24631
24630
24629
24628
24628
24623
24623
24621
24620
24620
24619
24618
24616
24615
24614
24614
24613
24612
24612
24612
24611
24611
24610
24610
24609
24607
24605
24605
24605
24600
24597
24596
24595
24592
24591
24588
24587
24586
24584
24582
24581
24580
24579
24577
24575
24575
24574
24574
24573
24572
24572
24570
24568
24566
24566
24566
24564
24563
24560
24560
24560
24558
24557
24557
24555
24555
24555
24555
24555
24554
24553
24553
24552
24551
24549
24549
24549
24548
24546
24546
24546
24545
24544
24541
24541
24540
24539
24538
24536
24536
24536
24536
24535
24535
24532
24529
24529
24527
24524
24523
24521
24520
24519
24518
24517
24516
24516
24516
24516
24515
24513
24513
24513
24513
24513
24512
24512
24511
24510
24510
24510
24509
24509
24507
24507
24505
24503
24503
24502
24502
24500
24500
24499
24499
24499
24499
24498
24497
24496
24493
24493
24492
24492
24492
24491
24491
24491
24490
24489
24489
24488
24487
24486
24485
24481
24481
24480
24480
24480
24479
24478
24476
24475
24474
24473
24473
24472
24469
24468
24467
24467
24467
24466
24465
24462
24462
24461
24460
24459
24456
24456
24455
24454
24454
24454
24454
24453
24452
24452
24452
24452
24451
24447
24446
24446
24445
24444
24444
24443
24443
24439
24439
24438
24438
24437
24437
24434
24432
24430
24429
24429
24426
24426
24426
24426
24426
24424
24422
24421
24420
24416
24415
24415
24412
24412
24411
24411
24411
24410
24408
24407
24406
24405
24402
24399
24399
24396
24395
24394
24393
24391
24391
24390
24389
24388
24384
24383
24381
24381
24378
24378
24376
24376
24374
24374
24374
24373
24373
24371
24371
24370
24369
24368
24366
24365
24363
24363
24363
24362
24361
24361
24361
24361
24360
24360
24359
24358
24357
24355
24353
24352
24352
24351
24349
24347
24346
24344
24343
24342
24341
24340
24338
24338
24337
24337
24336
24336
24335
24334
24334
24333
24333
24333
24332
24331
24328
24328
24326
24326
24325
24323
24322
24321
24321
24319
24316
24315
24314
24314
24313
24311
24310
24310
24310
24309
24308
24307
24305
24305
24304
24303
24302
24301
24301
24298
24297
24292
24291
24291
24291
24290
24288
24287
24287
24287
24287
24286
24286
24284
24283
24281
24281
24281
24281
24280
24279
24279
24279
24279
24275
24274
24274
24274
24271
24268
24268
24265
24263
24262
24262
24262
24260
24259
24251
24251
24250
24248
24248
24244
24243
24243
24242
24241
24240
24239
24237
24236
24236
24235
24235
24234
24233
24233
24232
24230
24228
24227
24226
24226
24225
24225
24223
24223
24221
24221
24221
24221
24221
24220
24219
24218
24217
24217
24216
24216
24214
24214
24213
24213
24211
24209
24206
24205
24204
24204
24203
24202
24202
24202
24202
24201
24200
24199
24198
24197
24196
24195
24194
24192
24191
24191
24189
24188
24185
24185
24185
24184
24183
24182
24181
24181
24179
24178
24178
24176
24171
24171
24169
24168
24168
24168
24167
24167
24167
24167
24166
24163
24162
24161
24160
24154
24152
24152
24151
24151
24151
24150
24148
24148
24147
24146
24145
24144
24144
24144
24143
24143
24143
24140
24135
24135
24134
24133
24132
24132
24132
24130
24130
24129
24129
24126
24125
24124
24124
24123
24121
24114
24114
24114
24114
24111
24111
24110
24107
24107
24104
24101
24097
24097
24096
24096
24095
24093
24093
24091
24090
24090
24090
24090
24090
24089
24089
24088
24088
24087
24087
24086
24084
24084
24083
24082
24079
24078
24076
24075
24075
24075
24075
24074
24074
24074
24073
24072
24071
24071
24068
24067
24067
24066
24065
24065
24064
24064
24063
24063
24063
24062
24062
24062
24057
24056
24053
24052
24050
24050
24047
24047
24046
24046
24045
24043
24040
24038
24034
24033
24033
24032
24031
24030
24030
24029
24029
24029
24029
24027
24026
24025
24024
24024
24023
24022
24020
24017
24017
24014
24013
24012
24012
24011
24010
24010
24010
24010
24010
24009
24009
24008
24007
24006
24005
24004
24004
24001
24001
24001
24000
23999
23999
23999
23999
23998
23997
23996
23994
23994
23993
23993
23992
23991
23989
23989
23989
23988
23987
23987
23986
23986
23981
23981
23979
23979
23977
23976
23976
23975
23975
23974
23973
23971
23971
23970
23970
23968
23968
23965
23964
23964
23962
23958
23958
23958
23956
23955
23954
23952
23951
23949
23946
23946
23945
23945
23944
23943
23942
23940
23939
23937
23935
23935
23934
23932
23932
23932
23932
23931
23930
23929
23929
23927
23927
23926
23925
23923
23923
23922
23922
23921
23920
23920
23920
23918
23918
23918
23917
23917
23917
23915
23913
23912
23911
23909
23908
23908
23907
23907
23906
23905
23904
23904
23901
23901
23900
23900
23898
23898
23897
23895
23893
23893
23892
23892
23892
23891
23890
23889
23889
23889
23889
23889
23888
23888
23887
23886
23886
23885
23883
23883
23882
23881
23879
23878
23877
23875
23875
23874
23874
23874
23873
23872
23869
23869
23868
23866
23866
23864
23864
23863
23862
23861
23861
23860
23859
23859
23859
23857
23855
23855
23855
23855
23854
23854
23852
23852
23851
23849
23847
23846
23841
23840
23839
23839
23838
23834
23834
23833
23832
23832
23831
23830
23829
23829
23827
23826
23825
23824
23824
23821
23821
23820
23818
23818
23818
23817
23817
23816
23815
23815
23814
23813
23812
23812
23811
23811
23811
23811
23810
23810
23810
23809
23809
23809
23808
23807
23807
23806
23804
23800
23799
23798
23798
23798
23797
23794
23793
23792
23792
23792
23792
23790
23789
23787
23785
23784
23781
23780
23780
23780
23780
23780
23779
23779
23779
23776
23775
23775
23773
23773
23772
23772
23771
23768
23767
23766
23766
23766
23766
23765
23765
23763
23761
23759
23758
23758
23755
23753
23752
23752
23750
23749
23749
23749
23748
23747
23747
23747
23746
23745
23744
23742
23741
23740
23739
23739
23739
23737
23737
23736
23736
23734
23732
23732
23732
23730
23730
23729
23729
23726
23726
23725
23725
23725
23723
23723
23722
23722
23720
23719
23719
23719
23718
23717
23715
23715
23714
23713
23710
23708
23708
23706
23706
23705
23702
23702
23701
23700
23700
23698
23697
23696
23695
23695
23694
23694
23691
23690
23689
23688
23688
23685
23685
23685
23684
23684
23684
23683
23682
23681
23680
23680
23678
23676
23675
23675
23671
23671
23670
23670
23669
23668
23668
23666
23665
23664
23664
23663
23661
23661
23661
23661
23661
23658
23657
23656
23653
23652
23652
23651
23650
23650
23649
23649
23648
23648
23646
23645
23645
23643
23643
23641
23641
23640
23639
23638
23637
23637
23636
23635
23634
23634
23632
23631
23631
23630
23630
23629
23629
23628
23627
23625
23625
23624
23623
23622
23619
23619
23618
23616
23616
23614
23612
23612
23611
23611
23610
23610
23609
23608
23607
23603
23603
23602
23599
23597
23595
23594
23594
23594
23594
23593
23592
23592
23590
23590
23588
23588
23587
23586
23584
23584
23582
23581
23581
23578
23577
23577
23576
23574
23571
23570
23568
23568
23566
23565
23562
23562
23562
23560
23560
23559
23557
23557
23554
23553
23550
23550
23550
23549
23548
23548
23546
23543
23541
23540
23540
23539
23538
23536
23535
23535
23534
23533
23532
23532
23532
23532
23530
23530
23530
23529
23528
23527
23526
23526
23526
23525
23522
23522
23522
23520
23520
23515
23513
23512
23511
23510
23510
23510
23510
23510
23509
23509
23507
23507
23506
23505
23505
23504
23504
23504
23504
23504
23503
23503
23502
23501
23500
23499
23499
23498
23498
23497
23497
23496
23496
23494
23493
23491
23488
23488
23487
23486
23484
23479
23478
23477
23476
23474
23472
23471
23470
23470
23469
23468
23466
23466
23464
23460
23459
23459
23459
23458
23458
23457
23457
23457
23455
23454
23453
23453
23453
23451
23451
23451
23450
23448
23447
23445
23443
23442
23441
23441
23437
23436
23434
23432
23432
23429
23428
23426
23425
23425
23424
23424
23422
23422
23420
23419
23419
23419
23418
23418
23417
23417
23415
23413
23412
23411
23410
23409
23408
23407
23405
23405
23404
23402
23402
23401
23400
23398
23395
23392
23392
23391
23387
23386
23386
23382
23381
23381
23380
23380
23379
23378
23377
23376
23376
23375
23373
23371
23368
23368
23366
23366
23366
23366
23363
23362
23362
23360
23360
23360
23360
23360
23359
23358
23357
23356
23355
23355
23352
23351
23351
23350
23350
23348
23347
23345
23345
23344
23342
23341
23341
23340
23337
23336
23335
23335
23334
23332
23331
23331
23330
23330
23329
23329
23329
23328
23327
23327
23326
23325
23322
23320
23319
23318
23317
23317
23314
23314
23313
23311
23310
23310
23310
23310
23308
23307
23307
23307
23307
23306
23305
23302
23301
23301
23300
23300
23299
23299
23297
23295
23294
23294
23293
23292
23291
23290
23290
23288
23288
23287
23286
23285
23284
23280
23280
23278
23277
23275
23275
23274
23273
23272
23271
23270
23270
23269
23268
23268
23268
23267
23267
23266
23266
23265
23264
23262
23259
23259
23258
23258
23256
23255
23255
23254
23254
23253
23252
23252
23252
23252
23250
23250
23249
23249
23248
23247
23243
23242
23242
23242
23240
23238
23238
23238
23236
23235
23234
23231
23230
23228
23228
23225
23225
23224
23222
23221
23221
23220
23219
23217
23217
23216
23216
23214
23213
23210
23209
23208
23208
23207
23206
23205
23205
23204
23203
23203
23202
23200
23199
23199
23198
23196
23194
23194
23194
23194
23193
23192
23192
23191
23189
23189
23189
23188
23187
23186
23184
23183
23183
23181
23181
23179
23173
23172
23172
23172
23171
23171
23171
23169
23169
23167
23167
23166
23165
23165
23162
23161
23161
23161
23160
23159
23158
23157
23157
23157
23154
23154
23153
23152
23151
23150
23150
23149
23147
23147
23146
23146
23146
23145
23143
23142
23142
23141
23140
23140
23138
23138
23138
23138
23137
23137
23135
23135
23133
23132
23132
23131
23130
23129
23129
23129
23129
23129
23129
23128
23128
23126
23126
23125
23124
23124
23122
23122
23122
23121
23120
23115
23114
23113
23112
23110
23109
23109
23106
23103
23099
23099
23098
23097
23097
23096
23096
23095
23095
23094
23092
23091
23087
23086
23085
23084
23082
23081
23081
23081
23080
23080
23078
23078
23077
23070
23069
23068
23066
23066
23066
23066
23066
23065
23064
23062
23060
23057
23057
23053
23053
23052
23052
23051
23051
23049
23049
23049
23048
23046
23046
23042
23042
23041
23041
23039
23039
23039
23038
23037
23036
23036
23035
23034
23034
23032
23031
23031
23030
23029
23028
23028
23027
23027
23024
23021
23020
23017
23016
23012
23010
23010
23010
23008
23007
23007
23007
23006
23006
23003
23002
23002
23001
22998
22998
22996
22995
22994
22994
22992
22992
22990
22990
22987
22986
22981
22979
22978
22977
22975
22974
22974
22973
22973
22973
22971
22970
22969
22968
22967
22967
22966
22966
22964
22963
22962
22962
22961
22959
22959
22957
22956
22956
22955
22953
22953
22952
22952
22949
22947
22947
22946
22945
22939
22939
22934
22933
22931
22930
22928
22928
22927
22926
22926
22925
22923
22920
22920
22918
22917
22917
22916
22916
22915
22914
22914
22914
22913
22913
22912
22911
22910
22910
22909
22909
22909
22908
22908
22908
22906
22905
22905
22904
22904
22904
22903
22903
22903
22902
22901
22900
22900
22897
22896
22895
22894
22893
22888
22888
22887
22885
22883
22883
22882
22882
22881
22881
22880
22879
22879
22879
22878
22878
22876
22875
22874
22873
22873
22872
22871
22871
22871
22870
22869
22868
22868
22867
22866
22866
22865
22864
22863
22862
22859
22858
22857
22856
22855
22854
22853
22852
22851
22850
22849
22848
22847
22847
22846
22845
22844
22843
22843
22842
22842
22842
22840
22840
22837
22837
22834
22833
22833
22833
22832
22830
22830
22829
22828
22827
22827
22824
22823
22822
22822
22821
22821
22821
22820
22820
22819
22819
22818
22818
22816
22813
22812
22812
22812
22811
22811
22810
22810
22807
22805
22804
22804
22804
22803
22803
22802
22801
22801
22801
22799
22798
22798
22797
22796
22792
22792
22789
22789
22788
22788
22787
22787
22785
22783
22781
22781
22781
22779
22779
22779
22777
22776
22774
22773
22772
22772
22772
22769
22768
22768
22768
22767
22766
22764
22764
22760
22758
22758
22757
22755
22755
22753
22752
22751
22751
22751
22748
22748
22747
22745
22745
22744
22744
22743
22741
22741
22741
22740
22740
22739
22736
22735
22734
22733
22732
22729
22728
22726
22723
22722
22721
22719
22719
22718
22717
22716
22715
22715
22715
22714
22714
22711
22710
22710
22707
22707
22707
22706
22706
22706
22702
22702
22702
22702
22699
22698
22697
22696
22695
22694
22694
22694
22691
22690
22688
22687
22686
22685
22685
22684
22684
22681
22680
22680
22679
22679
22678
22678
22677
22672
22671
22670
22669
22668
22667
22666
22664
22663
22663
22663
22660
22660
22660
22657
22655
22655
22654
22653
22651
22651
22649
22647
22646
22646
22646
22643
22643
22642
22640
22639
22639
22639
22637
22636
22636
22636
22635
22635
22634
22632
22630
22629
22629
22628
22627
22626
22625
22622
22620
22618
22617
22616
22615
22615
22611
22611
22610
22609
22609
22606
22606
22606
22604
22604
22603
22603
22602
22602
22601
22599
22599
22597
22597
22596
22594
22594
22593
22591
22587
22586
22585
22584
22583
22583
22582
22581
22581
22580
22580
22578
22577
22575
22575
22570
22569
22568
22567
22565
22565
22563
22563
22563
22563
22561
22561
22558
22558
22557
22557
22557
22556
22553
22552
22548
22546
22546
22545
22545
22542
22542
22541
22536
22536
22536
22535
22533
22532
22531
22531
22530
22530
22529
22528
22527
22526
22526
22526
22524
22519
22518
22517
22515
22514
22511
22509
22507
22506
22506
22505
22504
22503
22502
22501
22501
22500
22500
22499
22497
22496
22494
22494
22494
22494
22493
22493
22492
22489
22488
22488
22487
22485
22484
22482
22482
22480
22480
22479
22479
22478
22476
22476
22474
22474
22473
22469
22467
22464
22464
22463
22460
22459
22459
22459
22459
22456
22456
22456
22455
22455
22454
22453
22452
22452
22451
22450
22449
22448
22448
22448
22447
22446
22446
22446
22442
22442
22441
22441
22441
22439
22438
22436
22436
22435
22434
22433
22432
22431
22431
22430
22430
22428
22427
22426
22425
22424
22424
22424
22423
22421
22421
22420
22419
22419
22417
22417
22417
22416
22416
22415
22414
22413
22413
22412
22411
22411
22410
22410
22404
22403
22403
22403
22403
22402
22402
22402
22402
22397
22396
22396
22395
22395
22395
22394
22394
22393
22391
22390
22389
22389
22388
22387
22385
22385
22384
22383
22382
22381
22380
22380
22379
22379
22378
22378
22377
22376
22376
22374
22374
22372
22372
22372
22371
22371
22369
22367
22367
22367
22366
22366
22365
22364
22364
22364
22364
22364
22360
22359
22359
22358
22358
22357
22356
22355
22355
22354
22352
22352
22352
22350
22350
22349
22348
22348
22348
22346
22343
22343
22342
22341
22338
22338
22338
22337
22337
22331
22330
22330
22330
22330
22329
22328
22327
22326
22326
22325
22322
22322
22322
22321
22321
22319
22318
22315
22314
22312
22310
22309
22309
22309
22308
22306
22306
22305
22304
22302
22301
22300
22297
22297
22297
22296
22296
22296
22295
22295
22294
22294
22293
22290
22290
22290
22289
22289
22288
22288
22288
22287
22287
22284
22282
22279
22278
22277
22276
22275
22274
22274
22274
22273
22273
22272
22271
22266
22266
22265
22265
22265
22263
22263
22262
22261
22260
22259
22258
22257
22257
22257
22256
22256
22256
22255
22255
22254
22253
22251
22251
22249
22247
22246
22245
22243
22243
22241
22241
22241
22241
22240
22236
22236
22235
22232
22232
22231
22231
22230
22229
22227
22226
22225
22224
22224
22223
22223
22223
22221
22221
22221
22221
22221
22220
22219
22218
22217
22213
22213
22211
22211
22210
22210
22206
22203
22202
22201
22200
22198
22197
22195
22195
22194
22194
22193
22193
22192
22190
22189
22189
22188
22188
22186
22185
22185
22185
22184
22183
22183
22183
22182
22181
22180
22177
22177
22177
22176
22176
22175
22173
22171
22169
22169
22168
22168
22164
22163
22162
22159
22159
22158
22158
22158
22158
22158
22155
22155
22152
22152
22151
22150
22149
22148
22147
22145
22143
22143
22139
22138
22137
22137
22137
22136
22136
22136
22135
22135
22135
22133
22132
22131
22131
22130
22130
22129
22129
22128
22126
22126
22124
22123
22120
22119
22119
22114
22114
22113
22113
22113
22112
22109
22109
22109
22108
22107
22106
22105
22105
22104
22102
22102
22101
22101
22100
22099
22098
22098
22096
22095
22095
22095
22093
22092
22091
22091
22090
22089
22088
22086
22084
22084
22084
22084
22083
22082
22081
22081
22079
22078
22077
22074
22074
22072
22072
22069
22069
22069
22068
22067
22065
22063
22063
22063
22062
22060
22060
22060
22059
22059
22059
22059
22058
22058
22058
22056
22056
22054
22054
22053
22053
22052
22051
22051
22050
22050
22050
22050
22049
22047
22047
22046
22043
22043
22043
22034
22034
22033
22033
22033
22033
22032
22031
22030
22030
22027
22025
22022
22021
22021
22019
22018
22018
22017
22016
22016
22016
22015
22015
22014
22013
22010
22007
22006
22005
22004
22003
22002
21999
21997
21994
21993
21993
21992
21991
21991
21990
21990
21987
21987
21987
21986
21986
21986
21984
21984
21983
21983
21983
21982
21981
21981
21981
21980
21979
21979
21978
21977
21977
21976
21976
21975
21975
21974
21974
21974
21973
21973
21973
21971
21970
21970
21970
21968
21958
21957
21957
21957
21957
21957
21954
21954
21954
21953
21953
21950
21942
21941
21940
21939
21939
21937
21937
21935
21935
21934
21933
21932
21931
21930
21930
21930
21927
21927
21925
21923
21921
21920
21919
21919
21918
21918
21915
21915
21914
21914
21912
21911
21911
21909
21909
21909
21908
21908
21908
21907
21907
21905
21904
21902
21902
21901
21900
21900
21898
21898
21896
21896
21895
21893
21891
21891
21891
21890
21889
21889
21888
21888
21888
21887
21885
21884
21883
21881
21881
21880
21879
21878
21878
21875
21875
21875
21873
21872
21870
21866
21865
21864
21863
21862
21861
21861
21860
21860
21859
21857
21857
21856
21856
21856
21855
21855
21854
21853
21851
21850
21850
21850
21849
21847
21846
21846
21844
21844
21842
21841
21840
21839
21839
21839
21839
21834
21833
21831
21830
21830
21830
21826
21826
21825
21824
21823
21822
21822
21821
21821
21821
21820
21818
21816
21815
21813
21811
21810
21809
21807
21806
21806
21805
21805
21804
21803
21802
21800
21797
21795
21795
21794
21793
21793
21793
21792
21792
21791
21791
21789
21788
21787
21787
21786
21783
21783
21783
21782
21781
21780
21779
21778
21778
21777
21776
21776
21775
21772
21771
21771
21769
21768
21767
21767
21766
21766
21765
21765
21764
21764
21763
21762
21761
21760
21755
21754
21754
21753
21751
21751
21751
21749
21747
21745
21745
21744
21743
21741
21740
21740
21739
21739
21737
21736
21735
21732
21730
21729
21729
21729
21728
21728
21727
21726
21725
21724
21723
21722
21721
21720
21720
21717
21714
21713
21712
21712
21710
21710
21710
21708
21706
21705
21704
21704
21703
21703
21702
21702
21701
21699
21698
21696
21695
21692
21690
21689
21689
21688
21687
21687
21687
21686
21686
21685
21683
21683
21681
21681
21681
21680
21677
21676
21674
21673
21673
21672
21669
21669
21668
21667
21667
21666
21666
21665
21664
21663
21662
21662
21662
21662
21661
21660
21660
21659
21659
21657
21657
21657
21657
21655
21654
21653
21652
21651
21651
21650
21650
21650
21649
21647
21647
21645
21645
21643
21642
21640
21639
21638
21637
21636
21636
21635
21634
21632
21631
21629
21627
21627
21626
21624
21624
21624
21623
21622
21622
21620
21620
21619
21618
21618
21617
21616
21616
21616
21615
21615
21613
21611
21611
21609
21607
21605
21605
21602
21601
21601
21598
21598
21597
21595
21594
21593
21590
21590
21589
21589
21588
21586
21586
21586
21585
21583
21580
21580
21579
21577
21577
21576
21574
21574
21573
21569
21569
21568
21567
21567
21566
21564
21563
21562
21561
21561
21560
21560
21556
21554
21552
21552
21551
21548
21547
21543
21543
21542
21542
21542
21541
21539
21538
21537
21535
21532
21532
21532
21531
21531
21531
21529
21528
21526
21526
21523
21521
21518
21517
21517
21516
21516
21515
21515
21514
21514
21513
21513
21511
21510
21510
21508
21508
21507
21503
21503
21501
21500
21500
21500
21498
21497
21497
21497
21495
21493
21493
21492
21492
21491
21490
21490
21490
21490
21488
21486
21486
21486
21486
21484
21482
21481
21481
21480
21479
21476
21476
21475
21475
21474
21474
21472
21471
21470
21469
21469
21468
21467
21467
21466
21466
21466
21465
21464
21462
21462
21460
21460
21459
21459
21458
21458
21457
21457
21455
21455
21455
21453
21450
21450
21450
21449
21449
21449
21448
21447
21447
21446
21446
21446
21440
21439
21438
21437
21437
21434
21431
21430
21430
21429
21429
21429
21426
21425
21422
21422
21418
21418
21417
21416
21415
21414
21414
21412
21411
21409
21408
21404
21404
21404
21401
21400
21399
21399
21397
21396
21395
21394
21392
21391
21390
21390
21389
21387
21386
21384
21383
21383
21383
21380
21379
21378
21377
21377
21376
21376
21374
21373
21372
21372
21371
21370
21370
21368
21368
21368
21368
21367
21367
21366
21363
21363
21363
21363
21362
21360
21359
21359
21359
21359
21355
21353
21352
21351
21350
21349
21349
21349
21348
21347
21346
21346
21346
21341
21340
21340
21338
21336
21334
21334
21333
21333
21333
21332
21331
21329
21329
21329
21328
21327
21325
21325
21325
21323
21323
21321
21319
21317
21317
21316
21315
21315
21313
21313
21313
21312
21312
21311
21311
21310
21309
21308
21308
21307
21307
21306
21305
21304
21303
21301
21299
21299
21299
21297
21295
21295
21293
21292
21290
21290
21290
21288
21287
21286
21286
21286
21284
21283
21283
21282
21280
21280
21280
21279
21279
21278
21277
21277
21276
21275
21275
21273
21271
21271
21270
21270
21270
21269
21267
21266
21266
21265
21265
21265
21261
21260
21259
21258
21258
21257
21256
21256
21255
21254
21254
21253
21251
21250
21250
21250
21250
21249
21249
21247
21246
21244
21241
21241
21240
21239
21236
21234
21234
21233
21233
21232
21231
21230
21229
21226
21226
21226
21225
21223
21222
21222
21219
21218
21218
21218
21217
21217
21215
21215
21215
21214
21214
21213
21212
21209
21207
21205
21205
21204
21203
21203
21203
21202
21202
21201
21201
21200
21200
21199
21199
21199
21197
21196
21194
21194
21193
21192
21191
21190
21189
21189
21187
21186
21186
21182
21180
21180
21179
21179
21178
21177
21176
21176
21176
21174
21174
21174
21173
21173
21170
21169
21168
21168
21168
21167
21165
21165
21163
21162
21162
21160
21159
21158
21158
21158
21157
21155
21155
21154
21151
21150
21149
21146
21146
21146
21146
21145
21145
21145
21144
21144
21143
21143
21142
21141
21141
21141
21139
21139
21138
21137
21137
21135
21134
21132
21129
21128
21127
21124
21122
21121
21117
21117
21115
21114
21114
21113
21113
21113
21112
21111
21109
21107
21104
21103
21103
21100
21099
21098
21098
21098
21098
21097
21096
21094
21094
21093
21092
21091
21091
21091
21090
21087
21082
21082
21082
21081
21081
21081
21079
21078
21077
21076
21074
21074
21073
21073
21071
21070
21069
21069
21069
21069
21068
21068
21068
21067
21066
21063
21063
21063
21062
21061
21061
21059
21059
21057
21057
21057
21056
21056
21055
21054
21054
21049
21048
21047
21047
21046
21044
21044
21041
21040
21040
21040
21040
21040
21040
21039
21039
21037
21037
21036
21034
21034
21034
21033
21033
21032
21032
21031
21029
21028
21027
21026
21024
21023
21022
21021
21021
21021
21019
21014
21013
21006
21004
21004
21004
21002
21001
21000
21000
20999
20998
20997
20997
20994
20994
20994
20993
20993
20991
20990
20990
20989
20987
20986
20985
20985
20985
20982
20981
20981
20981
20980
20979
20978
20974
20973
20972
20970
20970
20970
20969
20968
20966
20963
20962
20962
20957
20956
20956
20955
20955
20952
20952
20952
20952
20951
20951
20950
20949
20949
20947
20944
20943
20941
20941
20939
20938
20936
20934
20932
20932
20932
20930
20929
20929
20928
20928
20927
20927
20925
20925
20923
20921
20920
20917
20915
20912
20912
20911
20911
20910
20909
20908
20908
20905
20905
20905
20903
20903
20902
20899
20898
20897
20897
20897
20896
20896
20894
20894
20893
20889
20888
20883
20881
20880
20880
20878
20877
20875
20875
20875
20874
20874
20873
20873
20872
20871
20870
20869
20866
20862
20861
20860
20860
20858
20858
20858
20857
20857
20855
20854
20853
20853
20852
20852
20852
20851
20851
20850
20850
20850
20847
20846
20845
20845
20845
20843
20842
20841
20840
20840
20840
20834
20833
20833
20832
20832
20827
20826
20824
20824
20824
20822
20822
20820
20820
20819
20818
20818
20818
20817
20816
20815
20814
20814
20814
20814
20812
20810
20808
20807
20806
20806
20805
20805
20805
20804
20804
20801
20800
20800
20800
20799
20799
20796
20796
20795
20795
20793
20793
20792
20792
20792
20791
20791
20791
20790
20789
20787
20787
20783
20782
20780
20774
20773
20771
20771
20771
20771
20770
20770
20770
20765
20764
20762
20761
20760
20758
20756
20750
20750
20748
20745
20745
20744
20741
20740
20740
20740
20740
20736
20735
20735
20734
20733
20733
20732
20729
20727
20726
20725
20725
20723
20723
20722
20720
20720
20719
20719
20718
20717
20716
20716
20715
20715
20713
20713
20712
20710
20710
20709
20708
20707
20706
20706
20705
20702
20701
20700
20699
20697
20696
20696
20696
20696
20695
20695
20695
20693
20692
20691
20690
20687
20686
20685
20685
20685
20685
20683
20678
20675
20674
20672
20672
20671
20670
20669
20668
20668
20667
20667
20666
20665
20664
20663
20658
20657
20657
20656
20656
20655
20648
20647
20647
20646
20645
20643
20640
20639
20639
20637
20636
20635
20634
20634
20633
20633
20632
20631
20631
20628
20628
20627
20627
20626
20625
20624
20623
20621
20620
20620
20619
20619
20619
20619
20616
20615
20614
20613
20613
20613
20611
20608
20608
20607
20606
20604
20604
20601
20601
20600
20597
20596
20594
20593
20592
20591
20590
20590
20590
20589
20587
20586
20585
20585
20585
20583
20581
20581
20580
20577
20576
20576
20574
20573
20573
20573
20571
20570
20570
20568
20566
20565
20560
20560
20559
20558
20556
20556
20555
20555
20554
20554
20553
20553
20552
20552
20552
20551
20551
20551
20550
20549
20547
20544
20544
20543
20541
20540
20538
20538
20537
20536
20534
20534
20533
20533
20532
20532
20529
20529
20529
20527
20526
20524
20523
20520
20519
20518
20518
20517
20516
20516
20516
20513
20513
20513
20512
20510
20509
20508
20507
20506
20505
20505
20505
20504
20503
20502
20501
20501
20500
20499
20499
20499
20498
20497
20496
20496
20494
20492
20492
20491
20490
20488
20487
20487
20485
20483
20481
20477
20476
20473
20472
20472
20471
20471
20471
20470
20469
20467
20463
20459
20459
20458
20458
20457
20457
20457
20457
20456
20456
20455
20454
20454
20453
20453
20452
20451
20451
20451
20447
20445
20445
20443
20443
20442
20441
20437
20435
20433
20433
20433
20431
20431
20431
20429
20427
20426
20425
20425
20425
20425
20424
20423
20423
20423
20422
20421
20420
20419
20419
20417
20416
20415
20415
20412
20411
20411
20410
20409
20409
20408
20407
20407
20404
20404
20402
20401
20400
20399
20398
20398
20397
20396
20396
20395
20395
20394
20394
20394
20393
20393
20393
20391
20389
20388
20387
20386
20384
20384
20381
20379
20378
20377
20377
20377
20376
20376
20373
20372
20372
20372
20372
20371
20370
20370
20370
20369
20366
20366
20365
20365
20365
20363
20363
20358
20357
20357
20357
20355
20355
20355
20354
20354
20353
20353
20351
20349
20349
20348
20348
20347
20346
20346
20345
20345
20341
20341
20341
20338
20337
20336
20333
20331
20331
20329
20328
20324
20319
20318
20318
20318
20316
20315
20315
20315
20313
20312
20312
20311
20310
20309
20308
20308
20308
20307
20305
20303
20302
20302
20298
20298
20295
20295
20295
20293
20293
20292
20288
20288
20284
20283
20283
20283
20283
20282
20280
20280
20280
20279
20278
20278
20277
20275
20275
20271
20270
20268
20267
20267
20266
20266
20265
20264
20263
20261
20260
20258
20257
20257
20256
20255
20253
20253
20253
20252
20252
20248
20246
20245
20243
20243
20242
20242
20242
20242
20242
20240
20239
20235
20235
20234
20234
20234
20234
20233
20232
20231
20231
20229
20229
20229
20228
20227
20226
20226
20224
20218
20216
20213
20210
20209
20209
20205
20204
20203
20203
20202
20202
20201
20199
20199
20199
20198
20197
20197
20196
20196
20196
20196
20193
20192
20191
20191
20191
20191
20191
20190
20190
20190
20190
20189
20188
20185
20185
20185
20182
20182
20177
20176
20176
20175
20175
20173
20173
20173
20173
20171
20171
20169
20168
20167
20166
20166
20165
20165
20165
20165
20164
20164
20163
20162
20161
20161
20161
20161
20160
20159
20159
20158
20157
20157
20156
20154
20153
20153
20153
20152
20151
20150
20149
20148
20147
20146
20145
20141
20140
20140
20136
20135
20134
20133
20133
20130
20130
20127
20126
20126
20125
20123
20122
20120
20120
20120
20119
20118
20118
20117
20116
20116
20113
20112
20110
20110
20110
20109
20109
20109
20109
20108
20108
20106
20105
20105
20103
20102
20101
20101
20100
20100
20098
20097
20092
20091
20091
20090
20090
20090
20090
20088
20088
20088
20085
20083
20083
20082
20081
20079
20079
20076
20074
20074
20072
20070
20068
20067
20066
20066
20065
20064
20063
20061
20061
20059
20059
20058
20057
20055
20052
20051
20051
20047
20047
20046
20046
20046
20046
20042
20041
20041
20033
20030
20028
20024
20023
20022
20021
20021
20021
20019
20019
20017
20016
20015
20015
20015
20015
20013
20012
20012
20011
20010
20010
20009
20007
20006
20006
20005
20005
20005
20004
20003
20003
20003
20001
20001
19995
19995
19991
19991
19991
19990
19990
19985
19984
19975
19975
19974
19973
19973
19972
19971
19971
19970
19970
19970
19969
19968
19963
19962
19961
19961
19961
19960
19960
19959
19957
19956
19955
19954
19952
19952
19951
19948
19948
19941
19941
19940
19939
19938
19937
19935
19935
19935
19934
19933
19931
19930
19930
19930
19930
19927
19927
19926
19926
19925
19924
19923
19923
19923
19918
19918
19918
19917
19917
19915
19915
19914
19914
19914
19913
19913
19911
19911
19908
19904
19902
19901
19900
19894
19893
19893
19892
19890
19890
19889
19889
19888
19886
19886
19885
19885
19885
19881
19879
19879
19878
19878
19877
19873
19871
19871
19870
19868
19868
19866
19865
19864
19863
19862
19862
19861
19860
19860
19860
19859
19858
19858
19857
19857
19856
19852
19846
19844
19842
19841
19841
19839
19838
19837
19836
19834
19834
19832
19832
19832
19831
19830
19830
19828
19828
19827
19824
19824
19822
19821
19821
19820
19820
19818
19818
19818
19817
19816
19815
19814
19813
19811
19811
19810
19810
19809
19808
19808
19808
19804
19802
19802
19800
19799
19799
19799
19798
19796
19795
19794
19794
19791
19790
19788
19788
19787
19787
19786
19783
19783
19782
19782
19782
19781
19780
19779
19778
19776
19775
19774
19774
19774
19772
19770
19766
19766
19765
19764
19763
19762
19760
19760
19760
19758
19754
19753
19750
19749
19743
19742
19741
19737
19737
19736
19736
19733
19733
19733
19732
19731
19731
19726
19726
19725
19724
19723
19723
19721
19720
19718
19716
19716
19715
19715
19712
19712
19712
19711
19711
19709
19708
19708
19707
19706
19704
19703
19700
19699
19699
19698
19695
19695
19695
19695
19693
19691
19691
19690
19690
19689
19688
19687
19687
19686
19685
19683
19683
19681
19681
19680
19680
19679
19679
19678
19677
19676
19676
19675
19675
19675
19675
19674
19673
19671
19670
19670
19669
19667
19667
19666
19662
19661
19661
19659
19658
19656
19653
19652
19650
19649
19648
19646
19646
19646
19645
19644
19643
19642
19642
19641
19640
19640
19637
19637
19632
19631
19627
19627
19627
19625
19623
19621
19620
19619
19619
19617
19616
19616
19614
19614
19612
19611
19610
19610
19608
19606
19606
19604
19604
19601
19600
19599
19599
19598
19597
19595
19592
19591
19590
19589
19589
19589
19589
19585
19585
19583
19582
19581
19581
19580
19580
19576
19576
19576
19575
19574
19574
19573
19572
19571
19571
19570
19570
19570
19569
19569
19568
19567
19566
19564
19564
19563
19562
19562
19562
19560
19560
19560
19559
19558
19558
19558
19553
19553
19553
19553
19553
19551
19551
19549
19548
19547
19547
19547
19546
19546
19546
19546
19544
19543
19543
19542
19541
19539
19539
19535
19534
19534
19532
19532
19531
19531
19530
19529
19529
19529
19527
19526
19523
19522
19521
19521
19521
19520
19516
19516
19513
19512
19508
19508
19508
19508
19507
19506
19506
19506
19506
19505
19501
19500
19499
19496
19496
19494
19493
19493
19492
19491
19490
19489
19489
19488
19488
19486
19485
19484
19484
19482
19482
19481
19481
19481
19479
19479
19475
19473
19472
19469
19468
19465
19465
19462
19460
19460
19459
19454
19452
19451
19450
19448
19448
19448
19445
19442
19442
19441
19439
19436
19435
19435
19435
19434
19433
19433
19433
19432
19432
19432
19431
19430
19430
19429
19427
19425
19424
19419
19416
19416
19415
19414
19412
19410
19409
19407
19407
19406
19406
19406
19405
19403
19402
19400
19400
19400
19399
19399
19397
19396
19394
19393
19393
19393
19391
19390
19390
19388
19387
19386
19386
19383
19383
19381
19369
19368
19368
19368
19367
19364
19364
19364
19363
19361
19360
19360
19359
19357
19357
19357
19355
19355
19353
19351
19351
19351
19350
19350
19349
19348
19348
19347
19346
19345
19344
19344
19343
19343
19343
19341
19341
19340
19339
19339
19338
19338
19338
19338
19334
19333
19332
19331
19328
19328
19328
19327
19327
19327
19326
19324
19323
19322
19322
19320
19319
19319
19318
19317
19317
19316
19316
19314
19314
19314
19313
19312
19312
19311
19310
19310
19308
19308
19307
19305
19304
19304
19303
19302
19299
19299
19295
19293
19292
19292
19292
19292
19290
19290
19290
19289
19285
19284
19283
19282
19282
19282
19280
19280
19280
19280
19278
19276
19276
19275
19275
19275
19272
19272
19271
19270
19270
19270
19269
19268
19268
19268
19267
19266
19265
19265
19263
19262
19261
19260
19260
19259
19259
19257
19257
19255
19253
19251
19251
19250
19248
19247
19246
19246
19245
19245
19245
19244
19244
19244
19244
19243
19242
19242
19241
19239
19239
19238
19232
19232
19231
19229
19229
19228
19227
19227
19226
19226
19225
19224
19221
19221
19220
19220
19218
19218
19216
19213
19213
19212
19212
19212
19211
19211
19210
19209
19209
19208
19208
19207
19207
19206
19205
19205
19205
19205
19205
19204
19202
19200
19198
19197
19196
19194
19193
19192
19192
19188
19188
19188
19186
19186
19184
19180
19180
19179
19179
19176
19176
19176
19175
19175
19175
19174
19174
19174
19172
19172
19172
19170
19167
19167
19164
19163
19162
19161
19161
19160
19160
19160
19159
19158
19157
19156
19153
19152
19151
19150
19149
19144
19144
19143
19142
19141
19141
19141
19141
19141
19140
19139
19139
19138
19138
19137
19137
19135
19134
19133
19132
19132
19131
19129
19129
19129
19128
19126
19124
19124
19122
19120
19120
19119
19116
19112
19112
19112
19111
19111
19110
19110
19109
19109
19108
19106
19106
19105
19104
19104
19102
19100
19100
19099
19099
19098
19098
19098
19092
19089
19088
19088
19087
19087
19087
19086
19086
19085
19085
19083
19082
19082
19082
19081
19080
19080
19079
19078
19078
19076
19073
19072
19072
19072
19070
19069
19069
19063
19063
19061
19059
19059
19058
19057
19057
19057
19057
19056
19055
19055
19054
19052
19050
19050
19049
19048
19046
19046
19045
19044
19041
19040
19040
19039
19038
19037
19037
19036
19034
19034
19033
19032
19030
19030
19029
19027
19027
19026
19026
19025
19024
19023
19022
19022
19021
19021
19020
19020
19020
19018
19017
19017
19017
19016
19015
19013
19012
19011
19011
19011
19009
19006
19003
19003
19000
18999
18998
18998
18998
18997
18996
18995
18995
18995
18994
18993
18993
18989
18988
18987
18987
18986
18986
18984
18982
18980
18979
18979
18978
18975
18975
18973
18973
18971
18971
18970
18969
18965
18965
18965
18964
18964
18963
18963
18962
18962
18962
18960
18958
18957
18956
18956
18955
18955
18955
18954
18954
18952
18952
18951
18951
18950
18950
18950
18948
18948
18948
18947
18947
18946
18945
18945
18945
18944
18942
18942
18940
18940
18940
18940
18938
18938
18938
18936
18935
18935
18934
18934
18933
18932
18932
18931
18930
18930
18929
18927
18926
18923
18923
18922
18922
18922
18921
18918
18915
18914
18914
18914
18913
18911
18911
18910
18910
18910
18909
18909
18909
18908
18908
18907
18906
18906
18905
18904
18903
18900
18900
18899
18898
18897
18897
18895
18893
18892
18891
18891
18889
18888
18886
18886
18884
18883
18883
18882
18882
18881
18881
18879
18878
18877
18875
18875
18874
18873
18872
18872
18868
18868
18867
18867
18866
18864
18864
18864
18863
18862
18861
18860
18860
18860
18860
18859
18858
18856
18856
18855
18854
18851
18851
18850
18848
18847
18846
18844
18842
18842
18841
18839
18839
18838
18837
18837
18837
18835
18832
18828
18827
18827
18826
18826
18824
18823
18822
18822
18819
18817
18816
18815
18815
18814
18814
18814
18813
18813
18813
18813
18812
18812
18811
18809
18809
18809
18807
18807
18806
18805
18802
18801
18799
18798
18798
18797
18796
18795
18795
18794
18794
18794
18793
18791
18791
18791
18790
18790
18790
18789
18789
18788
18788
18788
18787
18786
18786
18786
18786
18784
18784
18783
18780
18780
18779
18778
18778
18774
18773
18770
18767
18766
18764
18760
18757
18756
18756
18756
18754
18753
18753
18753
18752
18751
18750
18749
18749
18748
18747
18747
18746
18746
18743
18742
18742
18742
18741
18739
18738
18737
18735
18735
18734
18733
18733
18733
18731
18730
18729
18727
18724
18724
18719
18719
18718
18718
18717
18714
18714
18714
18711
18711
18710
18709
18707
18701
18701
18701
18700
18699
18698
18697
18695
18690
18689
18689
18687
18685
18685
18684
18683
18682
18682
18681
18680
18679
18678
18676
18674
18673
18672
18672
18672
18672
18671
18669
18669
18668
18667
18664
18664
18663
18661
18660
18659
18657
18655
18655
18654
18652
18650
18648
18647
18647
18646
18645
18645
18644
18643
18643
18641
18641
18639
18634
18633
18632
18631
18630
18629
18627
18626
18624
18624
18623
18622
18621
18620
18620
18619
18619
18619
18618
18617
18617
18615
18615
18614
18614
18609
18606
18606
18606
18606
18605
18605
18605
18604
18603
18603
18603
18603
18599
18598
18594
18593
18593
18589
18588
18588
18588
18588
18587
18587
18587
18586
18586
18586
18586
18585
18585
18584
18583
18583
18582
18580
18577
18576
18575
18575
18573
18572
18571
18571
18570
18569
18569
18569
18567
18565
18563
18563
18561
18561
18559
18558
18558
18557
18557
18556
18556
18553
18552
18550
18550
18549
18549
18548
18548
18548
18547
18546
18546
18546
18545
18544
18543
18542
18540
18540
18539
18538
18537
18535
18534
18531
18531
18530
18526
18526
18525
18525
18525
18524
18523
18521
18518
18517
18516
18516
18516
18515
18514
18514
18514
18514
18512
18512
18512
18510
18509
18508
18507
18507
18505
18504
18503
18502
18502
18502
18501
18500
18499
18498
18498
18497
18497
18496
18496
18494
18492
18491
18491
18490
18489
18488
18487
18486
18485
18485
18483
18483
18483
18483
18483
18482
18481
18481
18480
18478
18477
18476
18472
18472
18471
18470
18470
18467
18466
18464
18462
18462
18460
18460
18460
18459
18459
18457
18456
18455
18454
18453
18453
18452
18452
18451
18447
18447
18446
18445
18445
18444
18443
18441
18439
18439
18439
18438
18436
18435
18435
18435
18432
18429
18429
18429
18428
18428
18428
18426
18425
18424
18424
18424
18423
18422
18421
18420
18420
18417
18416
18414
18413
18410
18410
18409
18407
18405
18404
18403
18403
18403
18402
18401
18401
18400
18400
18399
18397
18396
18395
18395
18395
18393
18391
18390
18389
18388
18387
18387
18386
18385
18385
18385
18384
18383
18382
18381
18381
18381
18380
18380
18380
18379
18377
18377
18376
18376
18375
18375
18373
18371
18371
18370
18369
18369
18369
18366
18366
18365
18364
18363
18362
18361
18361
18361
18360
18358
18357
18356
18356
18354
18354
18353
18353
18352
18349
18348
18347
18346
18345
18344
18343
18342
18342
18342
18341
18341
18340
18340
18340
18340
18339
18339
18336
18336
18335
18334
18332
18330
18330
18329
18328
18327
18326
18324
18323
18323
18322
18321
18320
18320
18318
18318
18316
18313
18313
18313
18311
18310
18310
18309
18308
18307
18306
18306
18304
18302
18301
18300
18300
18299
18299
18299
18298
18298
18298
18296
18295
18295
18293
18293
18292
18292
18291
18290
18289
18288
18286
18285
18284
18284
18280
18279
18275
18275
18274
18274
18273
18273
18273
18272
18270
18270
18269
18269
18268
18266
18259
18259
18257
18256
18255
18253
18253
18252
18251
18251
18250
18248
18248
18247
18245
18245
18244
18244
18242
18242
18241
18240
18240
18240
18239
18238
18237
18237
18236
18236
18236
18235
18234
18234
18233
18231
18230
18230
18229
18228
18227
18226
18225
18225
18225
18224
18223
18222
18221
18220
18220
18220
18217
18216
18216
18215
18214
18214
18213
18213
18211
18210
18210
18209
18208
18207
18207
18206
18206
18204
18202
18201
18198
18197
18196
18196
18195
18195
18194
18193
18192
18191
18190
18190
18190
18190
18190
18189
18188
18188
18188
18187
18187
18186
18181
18180
18179
18179
18177
18177
18176
18175
18174
18173
18172
18169
18169
18168
18166
18166
18163
18162
18162
18161
18161
18161
18159
18157
18157
18156
18156
18155
18155
18154
18154
18152
18152
18151
18149
18149
18147
18146
18146
18146
18146
18144
18140
18139
18138
18138
18138
18137
18137
18137
18136
18135
18133
18131
18131
18130
18130
18129
18129
18129
18128
18126
18125
18125
18122
18121
18121
18120
18120
18119
18119
18116
18115
18115
18113
18111
18110
18108
18108
18108
18105
18105
18105
18105
18105
18102
18102
18101
18100
18096
18095
18094
18092
18091
18087
18084
18083
18082
18082
18081
18081
18077
18077
18076
18076
18075
18075
18073
18072
18072
18071
18067
18067
18067
18066
18066
18066
18065
18063
18063
18059
18058
18057
18057
18056
18055
18055
18055
18054
18054
18054
18052
18052
18052
18049
18049
18049
18048
18048
18043
18042
18042
18042
18041
18041
18039
18038
18037
18035
18035
18034
18034
18034
18031
18031
18028
18028
18027
18024
18021
18020
18020
18016
18012
18012
18011
18010
18009
18009
18009
18007
18006
18005
18005
18005
18004
18002
18001
18001
18001
17998
17997
17993
17990
17989
17989
17989
17987
17986
17983
17982
17982
17981
17979
17978
17978
17977
17977
17975
17974
17974
17974
17973
17972
17972
17968
17968
17967
17965
17964
17964
17963
17962
17961
17960
17959
17959
17957
17953
17953
17951
17950
17950
17948
17945
17945
17943
17942
17941
17940
17940
17939
17939
17938
17938
17936
17936
17936
17936
17935
17935
17934
17933
17932
17930
17928
17926
17926
17926
17925
17925
17924
17923
17922
17920
17920
17918
17918
17917
17916
17914
17913
17912
17911
17910
17909
17908
17908
17907
17907
17907
17906
17906
17903
17903
17902
17902
17902
17900
17900
17900
17898
17897
17897
17896
17896
17896
17895
17895
17894
17890
17889
17886
17886
17885
17884
17883
17882
17882
17882
17881
17880
17878
17877
17877
17877
17875
17873
17872
17872
17871
17871
17870
17869
17868
17867
17867
17865
17865
17863
17862
17862
17861
17861
17860
17855
17855
17854
17853
17852
17850
17849
17849
17848
17842
17842
17842
17840
17839
17837
17835
17832
17831
17831
17830
17829
17828
17827
17827
17826
17824
17822
17822
17822
17819
17819
17815
17815
17814
17813
17810
17810
17809
17809
17807
17807
17806
17805
17804
17803
17802
17802
17801
17800
17799
17797
17797
17797
17796
17796
17794
17789
17789
17788
17787
17787
17787
17787
17785
17785
17783
17782
17781
17777
17777
17775
17774
17773
17768
17768
17767
17767
17766
17765
17763
17762
17762
17761
17761
17760
17759
17758
17757
17757
17757
17757
17757
17756
17756
17755
17752
17750
17748
17747
17746
17746
17746
17745
17740
17739
17738
17738
17736
17735
17735
17734
17734
17732
17729
17729
17726
17726
17725
17725
17724
17724
17723
17722
17721
17719
17718
17718
17718
17717
17717
17716
17716
17715
17714
17714
17713
17713
17713
17712
17711
17711
17710
17706
17706
17706
17705
17705
17704
17704
17703
17702
17700
17698
17698
17698
17697
17696
17695
17695
17694
17693
17690
17688
17688
17685
17683
17678
17677
17676
17676
17676
17675
17674
17674
17673
17671
17670
17669
17668
17667
17667
17667
17662
17660
17659
17656
17656
17656
17655
17655
17654
17654
17653
17650
17649
17649
17649
17649
17649
17646
17645
17644
17643
17643
17642
17642
17641
17641
17641
17640
17639
17639
17638
17638
17637
17637
17636
17635
17635
17633
17633
17633
17631
17631
17631
17630
17629
17629
17628
17628
17627
17627
17626
17626
17625
17625
17625
17625
17625
17624
17622
17621
17620
17619
17619
17618
17617
17617
17617
17616
17616
17616
17615
17613
17612
17611
17610
17610
17609
17609
17608
17607
17604
17603
17602
17602
17602
17601
17601
17601
17600
17599
17598
17598
17596
17596
17596
17595
17595
17594
17594
17593
17592
17590
17586
17586
17585
17584
17584
17584
17584
17583
17581
17581
17580
17580
17579
17577
17576
17572
17572
17571
17570
17569
17569
17568
17566
17566
17566
17566
17565
17565
17565
17564
17563
17560
17560
17560
17559
17558
17557
17557
17556
17554
17554
17554
17550
17549
17548
17545
17542
17540
17540
17536
17536
17534
17532
17528
17527
17526
17525
17525
17523
17522
17522
17522
17519
17519
17518
17516
17516
17516
17516
17515
17515
17514
17512
17512
17510
17508
17505
17505
17505
17504
17503
17502
17502
17501
17501
17501
17500
17498
17498
17498
17494
17494
17492
17492
17491
17491
17489
17489
17488
17488
17484
17484
17484
17484
17483
17483
17480
17480
17480
17479
17479
17478
17477
17477
17476
17476
17475
17473
17472
17469
17463
17461
17460
17460
17459
17457
17456
17455
17454
17453
17452
17452
17451
17451
17450
17447
17444
17442
17441
17440
17440
17439
17439
17437
17434
17433
17433
17430
17429
17429
17423
17422
17421
17420
17420
17420
17419
17418
17418
17416
17416
17411
17411
17411
17409
17408
17407
17405
17404
17404
17404
17403
17403
17401
17401
17400
17398
17397
17396
17395
17395
17395
17394
17394
17394
17394
17393
17392
17389
17388
17387
17386
17385
17385
17383
17383
17383
17382
17381
17378
17378
17377
17372
17372
17368
17367
17367
17366
17365
17364
17363
17361
17361
17360
17359
17358
17356
17356
17355
17355
17353
17353
17353
17353
17352
17352
17352
17352
17351
17351
17349
17348
17348
17347
17347
17347
17347
17345
17344
17344
17344
17343
17343
17342
17342
17342
17341
17337
17337
17335
17335
17334
17334
17333
17333
17332
17330
17329
17327
17325
17324
17323
17321
17321
17320
17317
17316
17315
17315
17315
17315
17314
17313
17311
17309
17306
17306
17305
17305
17304
17304
17304
17304
17303
17303
17302
17301
17301
17300
17299
17298
17294
17294
17293
17292
17292
17290
17290
17289
17288
17285
17284
17283
17282
17282
17281
17277
17276
17276
17274
17274
17273
17273
17273
17272
17272
17270
17269
17267
17267
17265
17262
17261
17261
17259
17258
17257
17257
17257
17257
17255
17251
17248
17248
17245
17245
17243
17243
17242
17242
17242
17241
17241
17240
17239
17234
17233
17232
17231
17229
17229
17228
17228
17228
17227
17227
17225
17223
17222
17222
17220
17218
17217
17217
17217
17216
17216
17216
17216
17216
17216
17216
17215
17213
17213
17213
17210
17210
17209
17208
17208
17206
17205
17204
17203
17203
17202
17202
17200
17199
17198
17196
17195
17195
17195
17194
17193
17192
17190
17190
17189
17188
17187
17185
17183
17183
17182
17181
17181
17181
17181
17179
17176
17176
17175
17175
17174
17173
17169
17168
17167
17167
17166
17166
17164
17163
17163
17162
17160
17160
17159
17159
17159
17158
17156
17155
17152
17148
17148
17147
17147
17146
17145
17145
17145
17144
17144
17139
17138
17135
17131
17131
17130
17129
17129
17128
17128
17125
17125
17123
17122
17121
17119
17118
17118
17117
17116
17116
17115
17115
17114
17113
17112
17112
17111
17110
17110
17109
17108
17108
17107
17105
17104
17103
17103
17102
17101
17096
17096
17095
17094
17093
17091
17090
17088
17087
17087
17087
17085
17083
17080
17079
17078
17077
17077
17077
17077
17075
17075
17074
17073
17072
17072
17071
17070
17070
17069
17068
17068
17066
17066
17065
17065
17064
17064
17063
17062
17059
17058
17058
17055
17052
17052
17052
17051
17051
17051
17050
17050
17050
17049
17049
17049
17048
17048
17048
17046
17043
17042
17039
17038
17036
17036
17034
17033
17032
17031
17031
17028
17028
17027
17027
17027
17026
17025
17023
17022
17021
17020
17020
17020
17020
17019
17019
17018
17018
17017
17014
17014
17014
17012
17010
17010
17009
17009
17008
17008
17007
17006
17003
17003
17003
17002
16999
16998
16997
16996
16996
16995
16993
16991
16990
16990
16989
16987
16987
16984
16982
16982
16982
16982
16980
16979
16979
16979
16976
16975
16974
16973
16973
16971
16971
16971
16971
16968
16967
16967
16966
16964
16963
16963
16962
16961
16961
16960
16959
16958
16957
16957
16956
16956
16955
16954
16953
16953
16953
16950
16949
16948
16947
16946
16946
16945
16944
16943
16942
16942
16941
16941
16941
16940
16940
16939
16938
16936
16934
16934
16932
16931
16929
16928
16927
16925
16924
16923
16922
16921
16920
16920
16918
16916
16916
16916
16916
16915
16914
16911
16910
16910
16910
16909
16908
16906
16904
16904
16904
16903
16902
16902
16902
16901
16899
16898
16898
16895
16895
16894
16893
16892
16888
16888
16887
16886
16886
16885
16885
16883
16882
16882
16881
16879
16879
16878
16876
16874
16871
16870
16869
16869
16868
16868
16868
16867
16866
16865
16864
16864
16862
16860
16859
16857
16856
16855
16855
16854
16850
16850
16850
16847
16846
16845
16844
16842
16840
16839
16837
16835
16834
16834
16833
16833
16831
16831
16830
16830
16830
16830
16830
16828
16826
16824
16824
16824
16823
16823
16823
16820
16820
16819
16818
16818
16818
16817
16815
16813
16811
16811
16811
16809
16808
16808
16807
16806
16805
16804
16804
16802
16802
16802
16802
16801
16798
16798
16797
16795
16794
16793
16792
16792
16792
16792
16790
16790
16790
16790
16789
16786
16785
16784
16784
16784
16783
16782
16781
16781
16780
16780
16780
16779
16778
16777
16777
16776
16776
16775
16775
16775
16775
16772
16772
16771
16769
16769
16766
16762
16762
16761
16760
16760
16759
16758
16757
16757
16754
16753
16752
16751
16751
16750
16750
16750
16750
16749
16747
16746
16746
16746
16742
16740
16740
16740
16740
16739
16739
16739
16735
16734
16731
16730
16728
16726
16726
16724
16723
16720
16720
16717
16716
16715
16715
16713
16713
16711
16708
16708
16705
16705
16705
16704
16704
16703
16702
16701
16700
16700
16698
16697
16697
16697
16694
16693
16692
16692
16691
16691
16688
16686
16685
16685
16685
16684
16684
16681
16680
16680
16680
16679
16679
16676
16675
16675
16673
16670
16670
16669
16667
16667
16667
16665
16663
16663
16663
16662
16662
16661
16659
16658
16656
16656
16655
16654
16653
16652
16652
16652
16652
16651
16650
16650
16648
16648
16648
16646
16645
16643
16643
16642
16641
16641
16639
16635
16634
16630
16627
16625
16623
16623
16622
16620
16615
16613
16612
16611
16610
16610
16608
16606
16605
16605
16605
16604
16604
16603
16601
16600
16598
16598
16594
16590
16590
16589
16588
16586
16585
16584
16583
16581
16580
16580
16579
16578
16577
16570
16569
16569
16569
16568
16567
16567
16567
16566
16565
16564
16562
16562
16559
16559
16558
16558
16558
16558
16557
16557
16557
16554
16554
16553
16552
16551
16550
16550
16549
16549
16548
16547
16546
16545
16545
16544
16542
16542
16541
16541
16539
16539
16538
16538
16537
16537
16537
16536
16534
16533
16531
16527
16525
16524
16524
16524
16524
16523
16522
16522
16522
16520
16519
16519
16518
16518
16517
16516
16515
16513
16513
16511
16511
16510
16510
16509
16508
16508
16507
16506
16503
16502
16501
16494
16492
16492
16491
16490
16487
16487
16486
16486
16484
16484
16482
16481
16480
16480
16480
16476
16476
16476
16471
16471
16470
16470
16470
16467
16467
16466
16466
16465
16463
16457
16456
16456
16454
16453
16453
16451
16448
16447
16446
16445
16444
16443
16440
16439
16437
16437
16436
16434
16434
16434
16433
16433
16433
16432
16432
16432
16431
16431
16431
16428
16428
16428
16426
16426
16425
16425
16425
16422
16422
16421
16420
16417
16415
16414
16413
16413
16412
16412
16409
16407
16406
16406
16406
16405
16402
16402
16401
16401
16399
16399
16399
16398
16398
16397
16397
16397
16395
16395
16394
16394
16390
16389
16389
16388
16387
16387
16386
16385
16385
16385
16384
16384
16384
16382
16381
16380
16380
16378
16376
16375
16372
16372
16368
16367
16362
16362
16361
16360
16359
16359
16358
16355
16354
16353
16353
16353
16353
16352
16351
16349
16349
16348
16347
16346
16346
16346
16346
16342
16342
16342
16341
16341
16340
16339
16339
16336
16335
16335
16334
16334
16333
16333
16332
16332
16332
16330
16330
16329
16328
16327
16327
16325
16325
16324
16324
16323
16323
16321
16321
16320
16319
16319
16319
16315
16314
16314
16314
16312
16312
16312
16312
16311
16311
16311
16309
16309
16308
16307
16307
16307
16307
16304
16303
16303
16302
16302
16302
16301
16300
16299
16298
16297
16295
16293
16293
16291
16289
16289
16287
16285
16285
16284
16284
16283
16283
16282
16282
16282
16280
16279
16276
16276
16275
16273
16273
16273
16270
16270
16264
16263
16263
16261
16261
16260
16260
16260
16259
16258
16255
16255
16255
16254
16253
16252
16252
16252
16252
16250
16247
16246
16244
16244
16243
16239
16238
16238
16238
16236
16236
16235
16234
16234
16232
16231
16231
16230
16227
16227
16224
16224
16221
16220
16216
16216
16213
16213
16212
16212
16210
16209
16209
16204
16203
16200
16198
16198
16197
16196
16196
16195
16194
16194
16193
16191
16191
16191
16190
16190
16189
16188
16187
16187
16183
16182
16182
16180
16179
16178
16178
16175
16174
16173
16172
16171
16171
16171
16171
16170
16169
16169
16168
16167
16166
16166
16165
16163
16159
16158
16157
16156
16154
16154
16153
16153
16152
16152
16151
16148
16148
16147
16146
16145
16145
16144
16144
16143
16142
16142
16141
16140
16139
16136
16136
16135
16134
16134
16134
16133
16133
16132
16132
16131
16130
16129
16129
16129
16129
16126
16125
16124
16124
16124
16122
16121
16121
16121
16120
16116
16115
16113
16112
16111
16109
16108
16107
16106
16106
16104
16104
16101
16101
16101
16100
16099
16098
16097
16097
16096
16095
16093
16092
16092
16092
16092
16092
16091
16090
16089
16089
16088
16087
16087
16086
16086
16086
16086
16085
16085
16085
16085
16084
16084
16083
16079
16079
16078
16078
16076
16075
16075
16074
16073
16073
16072
16072
16071
16070
16069
16069
16067
16066
16064
16064
16064
16063
16062
16061
16061
16059
16059
16058
16057
16057
16055
16055
16054
16054
16053
16052
16052
16049
16049
16048
16046
16045
16044
16043
16042
16041
16041
16039
16037
16037
16036
16035
16034
16032
16032
16031
16030
16029
16028
16028
16027
16026
16026
16026
16026
16025
16024
16024
16024
16023
16022
16021
16019
16019
16017
16016
16016
16015
16015
16015
16013
16011
16010
16008
16008
16006
16005
16003
16002
16000
15996
15995
15994
15993
15993
15992
15990
15987
15984
15984
15983
15983
15983
15983
15983
15983
15982
15981
15980
15979
15978
15977
15974
15974
15973
15972
15972
15972
15970
15969
15969
15969
15967
15967
15967
15966
15966
15963
15957
15956
15956
15956
15956
15955
15951
15951
15951
15949
15949
15948
15948
15946
15944
15944
15943
15943
15943
15942
15938
15937
15935
15933
15931
15930
15929
15929
15928
15927
15927
15926
15926
15925
15924
15924
15924
15923
15922
15920
15920
15920
15919
15918
15917
15915
15912
15911
15909
15909
15906
15906
15906
15905
15904
15903
15901
15901
15898
15898
15897
15897
15897
15897
15896
15895
15893
15893
15891
15890
15889
15889
15889
15889
15886
15885
15885
15883
15882
15879
15878
15877
15877
15875
15874
15874
15873
15872
15871
15869
15869
15869
15868
15867
15864
15864
15863
15862
15861
15861
15859
15859
15859
15857
15856
15854
15854
15852
15851
15851
15849
15849
15847
15846
15846
15845
15844
15844
15843
15843
15840
15839
15838
15838
15837
15837
15836
15836
15835
15834
15834
15833
15833
15831
15831
15831
15828
15828
15827
15827
15825
15824
15824
15822
15822
15821
15821
15821
15818
15818
15816
15815
15814
15813
15813
15809
15808
15807
15806
15805
15804
15804
15802
15800
15798
15798
15798
15797
15796
15796
15795
15794
15793
15793
15792
15792
15791
15790
15790
15789
15789
15789
15787
15783
15781
15778
15777
15777
15777
15776
15774
15773
15772
15771
15771
15771
15768
15768
15766
15766
15765
15765
15764
15763
15763
15763
15762
15762
15762
15761
15759
15758
15758
15756
15756
15756
15756
15755
15755
15754
15754
15754
15752
15752
15751
15747
15747
15746
15745
15744
15742
15741
15741
15740
15739
15738
15733
15732
15732
15732
15730
15730
15729
15726
15725
15725
15724
15724
15724
15724
15723
15723
15723
15723
15723
15721
15720
15720
15718
15718
15718
15717
15717
15717
15716
15714
15710
15710
15710
15708
15708
15707
15706
15705
15705
15704
15703
15702
15700
15698
15697
15696
15695
15695
15695
15691
15690
15689
15689
15688
15683
15682
15681
15680
15679
15678
15678
15677
15675
15673
15673
15672
15672
15671
15671
15670
15669
15669
15669
15667
15666
15666
15663
15662
15661
15661
15661
15661
15660
15659
15659
15659
15659
15655
15655
15654
15649
15649
15648
15648
15643
15640
15640
15640
15639
15639
15638
15637
15636
15632
15631
15631
15631
15630
15627
15627
15626
15626
15624
15623
15622
15619
15616
15616
15615
15614
15614
15613
15613
15611
15611
15609
15608
15607
15607
15603
15603
15601
15600
15599
15599
15598
15597
15596
15596
15595
15593
15592
15592
15589
15589
15589
15588
15588
15587
15586
15586
15586
15585
15583
15582
15581
15581
15581
15581
15580
15580
15578
15575
15573
15572
15572
15571
15570
15569
15567
15566
15565
15565
15564
15562
15562
15561
15560
15560
15559
15557
15555
15555
15555
15554
15553
15553
15552
15551
15550
15550
15550
15546
15544
15544
15543
15543
15543
15535
15534
15534
15533
15532
15530
15527
15527
15525
15522
15522
15522
15521
15520
15519
15517
15515
15515
15514
15514
15513
15513
15512
15512
15511
15511
15509
15508
15508
15508
15507
15507
15505
15503
15501
15500
15499
15498
15496
15495
15494
15493
15492
15491
15491
15490
15487
15484
15484
15484
15483
15483
15483
15482
15481
15481
15479
15477
15477
15476
15475
15474
15473
15473
15471
15471
15469
15468
15467
15467
15466
15464
15464
15463
15462
15462
15461
15460
15458
15458
15458
15457
15455
15454
15454
15454
15450
15449
15449
15447
15447
15447
15446
15446
15444
15444
15443
15442
15441
15440
15438
15438
15437
15435
15432
15431
15428
15427
15427
15426
15425
15424
15423
15422
15420
15419
15419
15418
15417
15415
15414
15412
15412
15409
15408
15408
15406
15405
15405
15404
15403
15402
15402
15401
15401
15398
15398
15397
15397
15396
15394
15394
15392
15390
15390
15390
15390
15388
15387
15387
15385
15380
15379
15377
15376
15374
15372
15372
15371
15369
15368
15367
15366
15365
15362
15360
15358
15358
15358
15355
15355
15354
15353
15353
15352
15351
15351
15350
15349
15349
15348
15346
15345
15343
15341
15340
15338
15338
15338
15337
15335
15335
15334
15333
15333
15332
15330
15328
15328
15328
15328
15327
15326
15326
15326
15325
15325
15324
15324
15323
15323
15321
15321
15321
15321
15318
15318
15317
15315
15314
15314
15312
15311
15309
15306
15306
15305
15304
15302
15302
15301
15301
15301
15300
15300
15299
15299
15299
15298
15297
15296
15295
15294
15294
15294
15294
15293
15293
15292
15292
15291
15287
15286
15286
15286
15285
15280
15279
15278
15278
15277
15276
15276
15275
15275
15273
15272
15272
15271
15270
15270
15268
15267
15267
15266
15265
15264
15261
15260
15259
15259
15259
15258
15257
15256
15256
15256
15255
15254
15253
15252
15249
15246
15246
15245
15245
15245
15244
15243
15241
15240
15240
15239
15239
15239
15238
15237
15235
15235
15234
15234
15232
15232
15231
15231
15231
15230
15230
15229
15228
15227
15227
15227
15226
15223
15223
15223
15220
15220
15219
15219
15218
15216
15216
15214
15213
15212
15210
15208
15208
15208
15207
15207
15206
15206
15206
15204
15203
15201
15201
15200
15200
15199
15199
15198
15197
15197
15196
15195
15194
15193
15193
15192
15189
15188
15188
15187
15186
15186
15186
15184
15182
15180
15179
15179
15177
15175
15175
15173
15171
15168
15168
15167
15167
15165
15165
15164
15157
15156
15154
15152
15152
15152
15152
15151
15150
15148
15147
15147
15147
15146
15144
15143
15143
15141
15141
15141
15140
15140
15140
15140
15139
15138
15138
15137
15136
15136
15135
15134
15134
15134
15133
15133
15133
15130
15126
15123
15122
15122
15121
15119
15119
15116
15114
15114
15112
15111
15110
15109
15108
15107
15105
15103
15102
15102
15101
15099
15099
15098
15098
15097
15097
15097
15096
15096
15096
15094
15092
15092
15091
15091
15091
15091
15087
15085
15085
15085
15083
15083
15082
15082
15081
15081
15081
15080
15079
15079
15078
15078
15077
15076
15075
15075
15075
15070
15069
15068
15068
15067
15065
15064
15064
15061
15060
15060
15058
15056
15056
15055
15052
15050
15047
15045
15045
15045
15045
15043
15041
15041
15040
15039
15038
15037
15037
15037
15035
15035
15035
15033
15030
15028
15028
15027
15027
15026
15026
15024
15023
15022
15021
15019
15016
15016
15016
15015
15014
15014
15013
15013
15012
15009
15008
15008
15005
15003
15003
15001
15001
14999
14998
14997
14997
14997
14996
14995
14995
14994
14994
14994
14993
14992
14991
14989
14988
14988
14987
14987
14986
14985
14985
14984
14984
14984
14982
14981
14980
14980
14977
14976
14976
14976
14976
14975
14974
14973
14972
14972
14971
14971
14970
14968
14968
14967
14966
14965
14964
14961
14959
14957
14956
14955
14953
14953
14953
14952
14952
14952
14949
14948
14947
14945
14943
14940
14939
14935
14934
14932
14928
14928
14928
14927
14926
14926
14926
14926
14925
14924
14923
14921
14920
14920
14920
14919
14917
14915
14912
14908
14908
14908
14907
14907
14905
14905
14904
14903
14903
14901
14900
14900
14899
14899
14898
14897
14894
14892
14892
14891
14890
14888
14888
14887
14887
14886
14885
14885
14885
14885
14884
14883
14883
14882
14882
14882
14881
14881
14881
14880
14879
14877
14877
14875
14875
14874
14874
14873
14873
14873
14871
14866
14864
14863
14863
14863
14862
14861
14860
14859
14858
14857
14857
14857
14849
14849
14848
14845
14843
14843
14842
14840
14840
14839
14838
14837
14836
14835
14834
14833
14832
14830
14830
14829
14829
14826
14825
14823
14822
14822
14822
14821
14821
14820
14819
14818
14818
14818
14818
14817
14816
14815
14815
14814
14811
14810
14810
14810
14808
14807
14806
14806
14805
14804
14803
14803
14801
14800
14800
14798
14798
14798
14795
14795
14794
14794
14793
14790
14789
14783
14783
14782
14781
14779
14776
14776
14775
14773
14772
14770
14770
14769
14768
14767
14767
14766
14766
14765
14765
14764
14759
14758
14756
14754
14754
14751
14751
14750
14748
14747
14743
14742
14742
14742
14738
14738
14735
14735
14734
14734
14733
14733
14730
14730
14725
14723
14720
14719
14719
14719
14718
14717
14717
14714
14714
14707
14706
14705
14704
14703
14701
14699
14699
14699
14697
14697
14696
14696
14696
14693
14692
14691
14690
14690
14688
14688
14685
14685
14684
14682
14682
14680
14679
14679
14678
14677
14677
14675
14674
14673
14673
14673
14672
14671
14670
14669
14667
14665
14664
14664
14664
14661
14661
14660
14659
14658
14658
14657
14657
14655
14654
14654
14652
14651
14651
14650
14650
14650
14648
14648
14648
14645
14645
14644
14643
14642
14642
14640
14640
14639
14639
14637
14637
14635
14635
14631
14630
14628
14627
14625
14623
14621
14621
14621
14621
14619
14619
14618
14617
14616
14616
14615
14614
14613
14613
14613
14613
14613
14610
14609
14609
14608
14608
14606
14606
14604
14603
14600
14600
14599
14599
14596
14593
14593
14591
14591
14590
14588
14587
14586
14586
14584
14584
14584
14581
14580
14580
14579
14576
14576
14575
14575
14574
14573
14570
14570
14568
14566
14565
14565
14563
14563
14562
14562
14562
14561
14561
14553
14552
14550
14550
14549
14547
14542
14542
14541
14539
14538
14538
14536
14533
14533
14531
14530
14530
14530
14527
14526
14526
14526
14525
14519
14519
14519
14519
14518
14518
14517
14516
14515
14515
14513
14512
14512
14511
14510
14508
14507
14503
14502
14500
14497
14497
14497
14496
14495
14495
14495
14494
14493
14492
14491
14489
14487
14486
14485
14484
14483
14482
14482
14478
14478
14477
14476
14476
14476
14474
14474
14473
14473
14472
14472
14471
14466
14466
14466
14466
14466
14466
14465
14465
14463
14462
14461
14459
14457
14456
14456
14453
14453
14453
14453
14452
14452
14451
14451
14451
14450
14448
14447
14444
14443
14443
14442
14441
14441
14440
14438
14435
14434
14434
14433
14431
14431
14431
14426
14425
14425
14424
14421
14420
14420
14418
14418
14417
14416
14416
14416
14416
14416
14414
14414
14413
14412
14410
14409
14409
14407
14406
14406
14404
14403
14403
14401
14401
14400
14398
14397
14395
14392
14389
14389
14388
14388
14388
14388
14385
14383
14381
14380
14379
14379
14379
14378
14377
14376
14372
14370
14370
14369
14369
14367
14366
14366
14365
14365
14364
14364
14363
14363
14361
14360
14359
14359
14356
14356
14354
14354
14353
14353
14352
14352
14348
14347
14347
14347
14346
14344
14341
14341
14340
14337
14336
14336
14335
14335
14334
14333
14333
14332
14329
14328
14327
14327
14326
14325
14324
14324
14322
14322
14321
14321
14319
14319
14316
14316
14315
14312
14312
14311
14311
14308
14307
14307
14306
14306
14305
14305
14304
14301
14301
14300
14299
14299
14297
14294
14293
14293
14293
14292
14292
14291
14290
14287
14286
14286
14285
14285
14283
14281
14279
14278
14277
14275
14274
14274
14270
14267
14266
14266
14266
14265
14265
14265
14261
14260
14257
14257
14257
14256
14256
14256
14255
14255
14254
14253
14252
14252
14250
14249
14248
14247
14244
14244
14243
14241
14241
14241
14241
14240
14239
14239
14238
14237
14235
14232
14231
14231
14230
14229
14229
14228
14228
14227
14226
14226
14225
14225
14225
14223
14223
14222
14221
14220
14220
14219
14219
14218
14218
14217
14216
14216
14214
14213
14213
14211
14210
14210
14209
14209
14209
14208
14208
14207
14207
14206
14204
14203
14203
14200
14198
14198
14196
14195
14195
14194
14194
14194
14191
14189
14189
14188
14186
14186
14184
14182
14181
14181
14181
14180
14179
14179
14178
14178
14176
14176
14175
14175
14174
14173
14172
14171
14170
14168
14168
14167
14167
14167
14163
14162
14159
14154
14152
14151
14150
14150
14149
14149
14147
14147
14145
14145
14143
14142
14141
14141
14141
14140
14140
14139
14139
14138
14135
14133
14133
14132
14132
14132
14131
14131
14129
14129
14128
14128
14125
14124
14123
14122
14121
14119
14117
14114
14114
14114
14114
14114
14113
14113
14113
14111
14111
14110
14110
14108
14107
14107
14106
14103
14102
14101
14100
14100
14099
14099
14098
14094
14093
14093
14091
14091
14090
14087
14087
14085
14085
14083
14083
14081
14081
14079
14078
14077
14077
14076
14076
14073
14072
14072
14071
14071
14068
14067
14067
14067
14066
14066
14064
14060
14058
14057
14056
14056
14052
14050
14049
14048
14048
14046
14046
14045
14043
14042
14042
14040
14039
14039
14038
14038
14038
14036
14036
14034
14034
14033
14032
14031
14031
14030
14030
14030
14030
14030
14029
14027
14026
14026
14024
14023
14018
14018
14017
14014
14014
14013
14013
14013
14013
14012
14011
14009
14009
14006
14003
14002
14001
14000
14000
13997
13997
13996
13996
13995
13995
13995
13994
13994
13994
13994
13992
13992
13990
13989
13988
13988
13987
13985
13984
13983
13982
13982
13981
13979
13978
13978
13977
13977
13976
13975
13975
13974
13973
13973
13972
13972
13970
13969
13969
13969
13968
13966
13965
13965
13965
13964
13964
13964
13964
13964
13963
13961
13961
13961
13960
13960
13960
13960
13959
13956
13956
13954
13954
13954
13953
13952
13951
13951
13951
13950
13944
13942
13938
13937
13937
13937
13936
13935
13935
13933
13932
13927
13927
13926
13926
13925
13925
13925
13921
13920
13920
13919
13918
13917
13916
13914
13913
13910
13908
13908
13905
13904
13903
13902
13901
13900
13900
13899
13896
13896
13895
13894
13892
13891
13890
13887
13883
13881
13881
13878
13877
13877
13876
13875
13868
13866
13865
13865
13862
13860
13860
13860
13855
13855
13854
13854
13853
13853
13851
13848
13847
13846
13845
13843
13842
13842
13842
13841
13841
13839
13839
13838
13834
13834
13834
13834
13833
13831
13831
13830
13830
13828
13827
13826
13825
13825
13824
13824
13821
13819
13819
13818
13818
13818
13816
13816
13816
13815
13815
13814
13813
13812
13812
13812
13811
13810
13808
13807
13801
13800
13800
13799
13799
13798
13795
13794
13794
13793
13792
13792
13791
13790
13788
13788
13788
13787
13785
13784
13782
13781
13778
13777
13777
13775
13774
13774
13770
13770
13769
13769
13767
13764
13763
13763
13762
13761
13759
13757
13756
13756
13755
13755
13751
13751
13750
13750
13750
13748
13747
13747
13747
13746
13746
13745
13745
13744
13743
13741
13740
13739
13736
13736
13735
13734
13733
13732
13732
13729
13728
13728
13727
13726
13726
13723
13722
13721
13721
13721
13721
13717
13714
13714
13713
13713
13710
13708
13707
13706
13705
13704
13702
13702
13701
13701
13700
13694
13694
13692
13692
13690
13690
13688
13687
13685
13685
13681
13680
13679
13676
13676
13673
13673
13672
13671
13671
13670
13669
13667
13667
13666
13664
13663
13663
13662
13661
13660
13660
13659
13655
13655
13655
13654
13653
13651
13651
13650
13648
13648
13648
13646
13646
13646
13643
13640
13640
13639
13639
13638
13637
13637
13635
13635
13634
13630
13629
13629
13628
13628
13626
13625
13624
13622
13621
13620
13620
13618
13617
13617
13615
13614
13614
13613
13613
13613
13613
13613
13612
13611
13610
13610
13607
13606
13606
13605
13605
13604
13603
13602
13601
13601
13599
13598
13598
13597
13595
13595
13593
13592
13592
13591
13590
13590
13589
13588
13586
13586
13584
13583
13583
13583
13583
13582
13581
13581
13580
13579
13577
13576
13576
13576
13575
13575
13570
13570
13570
13570
13566
13564
13563
13562
13561
13561
13561
13561
13561
13561
13559
13557
13556
13553
13549
13545
13545
13545
13543
13543
13542
13541
13541
13541
13540
13540
13539
13539
13538
13536
13536
13534
13533
13533
13532
13532
13531
13527
13527
13527
13526
13525
13525
13523
13523
13523
13522
13522
13521
13521
13520
13519
13519
13518
13516
13515
13514
13514
13511
13510
13510
13509
13508
13507
13506
13505
13504
13502
13500
13499
13498
13496
13495
13493
13493
13489
13487
13487
13484
13484
13482
13481
13481
13480
13476
13476
13474
13474
13472
13470
13470
13468
13467
13467
13467
13465
13464
13462
13462
13462
13460
13459
13458
13457
13456
13456
13454
13453
13452
13452
13452
13451
13451
13450
13449
13448
13447
13446
13446
13445
13444
13444
13444
13444
13443
13442
13441
13441
13441
13440
13437
13436
13435
13434
13434
13432
13432
13430
13430
13423
13423
13418
13418
13418
13416
13415
13414
13414
13412
13412
13408
13407
13407
13406
13405
13405
13405
13404
13403
13403
13401
13400
13399
13398
13397
13395
13394
13394
13393
13389
13388
13388
13387
13387
13387
13385
13384
13384
13383
13383
13382
13382
13381
13381
13380
13380
13378
13377
13377
13376
13376
13375
13374
13373
13371
13369
13368
13366
13366
13366
13365
13365
13364
13364
13359
13358
13357
13355
13353
13351
13351
13351
13350
13350
13349
13348
13345
13342
13341
13338
13338
13335
13334
13334
13333
13332
13330
13328
13327
13326
13326
13324
13322
13322
13321
13321
13315
13314
13314
13313
13312
13311
13310
13307
13304
13304
13300
13299
13298
13298
13297
13297
13295
13294
13293
13292
13287
13287
13286
13285
13284
13283
13283
13283
13283
13280
13280
13280
13278
13277
13275
13275
13275
13275
13274
13274
13273
13272
13271
13271
13269
13269
13269
13267
13267
13267
13265
13264
13264
13263
13263
13261
13260
13260
13259
13258
13257
13257
13254
13253
13253
13251
13249
13249
13242
13241
13241
13240
13239
13239
13236
13236
13232
13232
13231
13230
13228
13227
13227
13226
13224
13223
13221
13218
13217
13217
13217
13214
13212
13212
13210
13209
13208
13208
13208
13207
13206
13205
13204
13204
13203
13202
13201
13201
13197
13197
13196
13196
13195
13194
13193
13190
13189
13185
13184
13184
13184
13183
13181
13180
13179
13176
13176
13174
13172
13171
13168
13168
13167
13167
13166
13164
13164
13163
13163
13162
13162
13160
13158
13158
13158
13156
13156
13153
13153
13152
13152
13151
13148
13147
13146
13145
13144
13142
13142
13141
13138
13138
13136
13136
13136
13135
13133
13133
13133
13129
13129
13128
13128
13128
13127
13126
13124
13122
13121
13119
13119
13119
13118
13117
13117
13115
13115
13113
13113
13112
13111
13108
13108
13107
13106
13106
13103
13103
13102
13102
13101
13099
13099
13099
13098
13095
13093
13092
13091
13091
13090
13088
13086
13086
13083
13082
13081
13078
13076
13076
13075
13073
13071
13070
13069
13066
13064
13063
13062
13062
13061
13060
13060
13060
13060
13059
13059
13057
13056
13055
13055
13053
13050
13050
13049
13048
13046
13045
13043
13042
13042
13042
13042
13041
13039
13037
13036
13036
13035
13034
13034
13033
13033
13032
13032
13032
13032
13031
13031
13031
13030
13030
13029
13029
13028
13027
13027
13027
13026
13025
13024
13024
13023
13023
13022
13021
13021
13021
13020
13020
13019
13019
13019
13018
13015
13014
13011
13011
13007
13007
13007
13007
13006
13005
13004
13004
13002
13002
13002
13002
13000
12997
12997
12995
12995
12992
12990
12990
12989
12988
12983
12983
12982
12980
12979
12978
12978
12976
12974
12971
12971
12970
12969
12965
12964
12963
12961
12961
12959
12958
12957
12956
12955
12953
12951
12946
12944
12942
12942
12941
12940
12939
12938
12937
12936
12935
12934
12931
12928
12928
12927
12925
12925
12921
12920
12918
12918
12918
12918
12912
12911
12910
12909
12909
12908
12907
12904
12903
12903
12902
12902
12901
12901
12901
12901
12900
12899
12897
12896
12896
12893
12891
12890
12889
12887
12887
12886
12885
12884
12883
12882
12881
12879
12878
12877
12872
12871
12870
12868
12868
12868
12867
12866
12866
12866
12864
12862
12861
12860
12859
12859
12858
12858
12856
12855
12853
12853
12853
12853
12850
12848
12847
12846
12845
12844
12842
12842
12842
12842
12841
12838
12838
12838
12836
12836
12836
12834
12832
12829
12828
12828
12825
12824
12822
12822
12820
12819
12819
12817
12817
12817
12815
12815
12813
12813
12813
12813
12812
12812
12812
12811
12811
12809
12809
12808
12808
12807
12805
12803
12802
12801
12801
12801
12800
12800
12799
12799
12799
12799
12798
12796
12796
12795
12794
12793
12791
12791
12789
12789
12787
12786
12785
12783
12783
12783
12783
12782
12780
12778
12778
12776
12773
12773
12772
12770
12770
12765
12764
12762
12762
12762
12760
12760
12760
12758
12757
12756
12756
12755
12754
12753
12752
12750
12748
12748
12748
12748
12747
12747
12746
12744
12744
12742
12740
12739
12739
12737
12736
12735
12735
12734
12732
12732
12731
12730
12730
12730
12730
12729
12728
12727
12727
12725
12725
12720
12719
12718
12717
12715
12715
12712
12712
12712
12711
12711
12709
12709
12707
12707
12706
12706
12705
12704
12704
12701
12700
12700
12699
12698
12698
12696
12696
12695
12693
12691
12691
12690
12689
12687
12684
12684
12684
12681
12680
12680
12678
12678
12674
12674
12674
12674
12672
12672
12669
12669
12667
12667
12665
12664
12663
12662
12662
12662
12661
12660
12660
12660
12660
12658
12658
12655
12654
12653
12653
12651
12651
12649
12649
12648
12646
12646
12646
12645
12645
12644
12642
12642
12641
12641
12640
12640
12637
12637
12636
12634
12632
12630
12630
12629
12626
12624
12624
12624
12623
12622
12622
12621
12619
12619
12619
12618
12618
12618
12617
12614
12613
12610
12608
12606
12602
12601
12600
12600
12599
12593
12593
12593
12592
12592
12589
12588
12587
12586
12586
12585
12584
12584
12583
12583
12581
12580
12579
12579
12578
12576
12575
12574
12574
12573
12573
12570
12569
12567
12567
12567
12567
12566
12565
12564
12564
12563
12563
12562
12562
12560
12560
12560
12556
12555
12555
12554
12553
12552
12551
12550
12550
12550
12549
12549
12549
12547
12547
12546
12546
12543
12542
12542
12540
12538
12538
12537
12536
12536
12534
12533
12532
12532
12532
12531
12530
12529
12528
12528
12528
12528
12527
12521
12521
12521
12519
12518
12517
12516
12515
12514
12514
12513
12512
12512
12511
12511
12510
12510
12509
12508
12508
12507
12507
12505
12503
12502
12501
12500
12499
12498
12497
12495
12495
12493
12493
12493
12493
12493
12492
12492
12491
12491
12490
12490
12484
12484
12484
12482
12481
12480
12479
12476
12476
12475
12473
12472
12471
12470
12469
12469
12468
12467
12466
12464
12464
12463
12461
12461
12460
12459
12459
12455
12454
12454
12453
12452
12450
12449
12448
12447
12447
12446
12444
12444
12444
12443
12442
12442
12442
12441
12440
12438
12437
12436
12435
12434
12433
12432
12430
12429
12428
12426
12425
12425
12424
12424
12423
12422
12421
12421
12418
12418
12417
12417
12417
12417
12417
12412
12412
12411
12411
12410
12409
12409
12408
12407
12405
12404
12404
12404
12402
12397
12396
12395
12391
12391
12390
12390
12388
12387
12385
12385
12384
12384
12384
12383
12383
12382
12382
12380
12380
12380
12377
12376
12376
12373
12372
12372
12371
12371
12370
12368
12367
12367
12367
12365
12364
12363
12361
12360
12358
12358
12358
12356
12355
12354
12354
12354
12352
12351
12350
12350
12350
12350
12350
12349
12348
12347
12347
12346
12344
12344
12344
12342
12342
12342
12340
12340
12340
12337
12336
12335
12335
12335
12332
12331
12331
12328
12327
12326
12326
12325
12324
12323
12322
12320
12319
12319
12319
12318
12317
12317
12315
12315
12315
12315
12315
12313
12313
12312
12310
12309
12309
12309
12307
12305
12304
12300
12298
12298
12297
12296
12294
12292
12287
12286
12285
12285
12285
12283
12282
12280
12278
12278
12276
12275
12275
12274
12274
12272
12272
12270
12270
12269
12269
12267
12267
12265
12264
12263
12262
12262
12261
12260
12260
12259
12259
12258
12258
12255
12255
12254
12254
12254
12254
12251
12250
12250
12250
12248
12247
12247
12247
12246
12246
12245
12245
12245
12244
12243
12242
12240
12240
12239
12239
12239
12238
12237
12236
12236
12235
12232
12232
12230
12229
12228
12226
12226
12226
12225
12225
12225
12224
12224
12223
12222
12220
12220
12220
12216
12215
12214
12214
12213
12212
12212
12211
12209
12208
12207
12204
12204
12203
12203
12202
12200
12199
12199
12198
12197
12197
12195
12195
12192
12191
12191
12190
12189
12187
12186
12185
12184
12183
12182
12182
12177
12176
12174
12174
12170
12168
12168
12167
12166
12165
12165
12165
12164
12163
12161
12161
12160
12160
12160
12159
12159
12158
12157
12156
12155
12155
12154
12154
12153
12153
12152
12151
12151
12148
12146
12146
12146
12143
12143
12141
12138
12134
12133
12131
12131
12131
12130
12129
12128
12128
12127
12126
12126
12123
12123
12122
12122
12120
12119
12119
12117
12117
12116
12115
12113
12113
12112
12112
12110
12109
12108
12107
12107
12106
12104
12103
12101
12099
12099
12097
12096
12095
12093
12093
12092
12091
12091
12090
12090
12088
12088
12084
12083
12083
12081
12080
12080
12079
12079
12078
12078
12075
12075
12074
12071
12070
12070
12069
12069
12068
12068
12067
12067
12065
12064
12063
12063
12063
12063
12062
12061
12060
12059
12059
12059
12058
12058
12057
12057
12056
12056
12055
12055
12054
12054
12053
12052
12052
12051
12050
12048
12047
12045
12044
12044
12044
12043
12042
12042
12041
12041
12039
12039
12038
12038
12038
12037
12037
12036
12034
12031
12030
12030
12030
12029
12025
12024
12024
12023
12022
12021
12019
12016
12016
12016
12014
12012
12012
12010
12010
12008
12008
12008
12007
12005
12005
12003
12001
12000
11998
11997
11994
11993
11991
11991
11991
11990
11990
11989
11987
11986
11986
11986
11985
11985
11984
11984
11983
11982
11982
11981
11980
11980
11980
11980
11979
11978
11977
11976
11976
11975
11974
11974
11974
11973
11972
11971
11969
11969
11968
11968
11967
11967
11966
11966
11965
11965
11965
11964
11961
11961
11959
11958
11957
11957
11953
11953
11953
11952
11950
11948
11948
11948
11947
11947
11945
11945
11943
11943
11942
11942
11941
11940
11940
11939
11938
11938
11938
11935
11935
11934
11934
11933
11933
11932
11932
11931
11930
11929
11929
11928
11928
11927
11927
11926
11926
11925
11925
11925
11924
11920
11919
11917
11916
11916
11915
11915
11912
11910
11909
11908
11908
11908
11908
11907
11906
11905
11905
11904
11903
11903
11902
11902
11902
11901
11898
11897
11896
11895
11894
11894
11893
11893
11892
11891
11891
11886
11884
11880
11879
11878
11876
11876
11876
11876
11873
11871
11871
11869
11868
11868
11867
11866
11866
11865
11865
11864
11863
11863
11861
11861
11858
11855
11855
11853
11853
11853
11852
11852
11852
11852
11851
11850
11849
11846
11844
11843
11842
11841
11839
11838
11838
11836
11835
11835
11833
11831
11830
11829
11829
11828
11827
11827
11827
11826
11825
11825
11825
11823
11822
11822
11821
11821
11821
11821
11819
11818
11817
11817
11816
11809
11809
11807
11805
11805
11804
11803
11802
11801
11799
11798
11798
11798
11797
11797
11796
11795
11795
11793
11791
11791
11791
11787
11787
11784
11782
11782
11779
11778
11778
11777
11776
11776
11774
11774
11773
11772
11771
11767
11766
11765
11765
11760
11758
11757
11757
11756
11753
11751
11751
11750
11750
11750
11748
11748
11746
11745
11745
11744
11741
11737
11737
11736
11736
11736
11736
11735
11735
11735
11734
11733
11732
11731
11729
11727
11726
11725
11725
11723
11723
11719
11719
11716
11716
11714
11712
11712
11712
11711
11710
11710
11705
11705
11705
11700
11700
11697
11696
11695
11695
11693
11691
11691
11690
11690
11687
11687
11687
11686
11686
11684
11683
11677
11677
11676
11675
11674
11674
11673
11671
11670
11670
11669
11667
11665
11663
11660
11659
11659
11657
11656
11653
11653
11653
11651
11649
11647
11646
11644
11643
11643
11640
11640
11639
11639
11638
11637
11636
11634
11632
11632
11632
11630
11626
11624
11623
11623
11622
11621
11620
11619
11618
11617
11616
11615
11614
11612
11612
11612
11611
11611
11611
11611
11610
11609
11609
11608
11607
11606
11606
11606
11605
11605
11605
11604
11604
11604
11604
11601
11600
11600
11600
11599
11599
11598
11597
11596
11595
11592
11592
11591
11590
11588
11588
11587
11586
11586
11585
11584
11583
11582
11581
11581
11580
11579
11579
11578
11577
11576
11576
11575
11575
11573
11571
11571
11569
11569
11568
11568
11567
11567
11566
11565
11565
11564
11564
11563
11562
11561
11560
11560
11559
11557
11557
11556
11555
11552
11551
11551
11551
11550
11548
11548
11548
11548
11547
11546
11545
11544
11543
11542
11541
11541
11538
11537
11536
11533
11532
11531
11529
11528
11526
11526
11522
11521
11521
11517
11516
11516
11515
11514
11514
11512
11511
11510
11508
11505
11503
11501
11499
11497
11494
11493
11490
11489
11488
11488
11488
11487
11487
11487
11487
11487
11487
11485
11485
11485
11484
11483
11482
11482
11481
11481
11481
11480
11480
11479
11479
11478
11477
11477
11475
11474
11474
11473
11473
11471
11470
11469
11469
11469
11464
11463
11461
11460
11458
11456
11455
11454
11453
11451
11450
11448
11445
11443
11442
11441
11441
11440
11439
11438
11436
11436
11435
11435
11434
11434
11432
11431
11429
11429
11429
11429
11428
11427
11426
11424
11424
11424
11424
11423
11422
11419
11418
11418
11417
11415
11415
11414
11414
11413
11413
11413
11412
11412
11411
11409
11409
11409
11407
11407
11407
11406
11405
11403
11402
11402
11401
11400
11400
11400
11400
11399
11399
11398
11398
11398
11397
11397
11397
11396
11395
11393
11393
11393
11392
11392
11392
11392
11391
11388
11388
11388
11388
11387
11386
11385
11385
11384
11384
11383
11381
11380
11379
11379
11378
11378
11377
11376
11376
11373
11373
11373
11372
11370
11370
11370
11370
11369
11369
11366
11366
11366
11366
11364
11364
11363
11363
11362
11359
11359
11358
11358
11358
11357
11357
11354
11354
11354
11354
11353
11352
11351
11349
11348
11347
11347
11346
11345
11343
11342
11341
11341
11340
11338
11337
11337
11336
11334
11328
11326
11326
11324
11322
11322
11321
11320
11316
11316
11315
11315
11314
11314
11312
11311
11310
11310
11309
11307
11306
11306
11304
11304
11303
11303
11302
11300
11300
11299
11297
11297
11295
11292
11291
11291
11288
11287
11286
11285
11285
11285
11284
11284
11284
11283
11282
11282
11282
11279
11277
11275
11274
11274
11273
11272
11272
11272
11271
11271
11271
11270
11270
11269
11269
11268
11267
11266
11266
11262
11260
11260
11260
11258
11258
11257
11256
11255
11254
11254
11254
11254
11249
11247
11246
11245
11245
11245
11243
11242
11240
11239
11239
11239
11238
11237
11237
11236
11236
11235
11232
11232
11230
11229
11228
11228
11227
11226
11225
11225
11225
11225
11222
11221
11220
11220
11219
11218
11216
11216
11215
11212
11208
11208
11207
11206
11206
11201
11200
11198
11198
11198
11197
11197
11196
11193
11193
11193
11192
11189
11187
11187
11187
11186
11186
11186
11181
11181
11179
11179
11179
11179
11177
11176
11176
11175
11174
11174
11173
11172
11171
11171
11170
11167
11164
11164
11162
11162
11162
11162
11160
11160
11159
11159
11157
11157
11157
11155
11155
11153
11153
11152
11152
11152
11152
11149
11147
11145
11144
11143
11141
11140
11139
11139
11137
11135
11134
11134
11133
11131
11130
11130
11129
11128
11128
11128
11127
11127
11125
11124
11124
11124
11123
11122
11121
11120
11118
11118
11118
11117
11116
11116
11116
11114
11111
11110
11109
11109
11109
11108
11102
11102
11101
11101
11099
11098
11097
11097
11096
11096
11096
11096
11092
11092
11085
11084
11084
11083
11081
11081
11079
11078
11076
11075
11074
11073
11072
11072
11071
11071
11071
11069
11068
11068
11068
11066
11066
11065
11065
11065
11060
11059
11057
11055
11055
11055
11052
11051
11050
11049
11048
11047
11047
11047
11045
11044
11043
11043
11039
11035
11035
11033
11032
11031
11030
11030
11030
11030
11030
11029
11029
11027
11026
11026
11026
11023
11022
11022
11021
11021
11018
11018
11017
11016
11016
11016
11015
11014
11010
11007
11004
11003
11003
11003
11003
11003
11002
11002
10999
10998
10997
10994
10993
10991
10990
10988
10987
10985
10984
10983
10982
10982
10981
10980
10980
10978
10978
10977
10977
10977
10976
10974
10974
10971
10970
10967
10966
10964
10963
10959
10959
10957
10956
10955
10955
10955
10954
10954
10953
10951
10951
10951
10950
10948
10947
10945
10944
10943
10942
10942
10941
10940
10938
10937
10936
10934
10934
10933
10931
10930
10929
10928
10927
10925
10922
10921
10919
10918
10918
10918
10918
10914
10911
10910
10910
10909
10909
10908
10906
10905
10904
10902
10902
10901
10901
10900
10899
10899
10898
10898
10897
10896
10895
10894
10893
10890
10890
10889
10888
10888
10887
10886
10886
10885
10877
10877
10876
10876
10875
10874
10874
10873
10872
10872
10868
10867
10865
10864
10864
10861
10861
10859
10858
10856
10856
10855
10852
10849
10848
10847
10847
10846
10844
10842
10841
10840
10840
10840
10839
10839
10838
10837
10837
10835
10834
10834
10833
10831
10830
10828
10827
10825
10824
10823
10823
10822
10821
10819
10819
10819
10818
10817
10817
10816
10815
10814
10813
10812
10807
10807
10806
10806
10804
10802
10802
10802
10801
10801
10800
10799
10799
10797
10797
10795
10795
10790
10788
10788
10787
10786
10784
10784
10783
10782
10782
10781
10777
10776
10775
10775
10775
10773
10771
10769
10766
10765
10765
10765
10764
10761
10757
10755
10755
10752
10752
10751
10750
10750
10750
10749
10749
10749
10748
10747
10745
10743
10742
10741
10740
10740
10739
10739
10736
10735
10734
10732
10731
10730
10728
10728
10726
10726
10725
10725
10724
10723
10723
10721
10720
10719
10718
10716
10715
10714
10714
10713
10712
10711
10711
10710
10710
10709
10709
10708
10707
10703
10703
10703
10703
10700
10698
10698
10697
10696
10696
10695
10691
10690
10688
10688
10687
10686
10686
10685
10685
10684
10682
10680
10680
10680
10678
10673
10673
10673
10672
10672
10671
10671
10671
10670
10670
10670
10670
10669
10667
10666
10665
10665
10664
10664
10661
10661
10661
10660
10659
10659
10659
10656
10653
10653
10651
10650
10646
10646
10644
10644
10643
10642
10641
10640
10637
10637
10635
10635
10634
10632
10632
10632
10631
10631
10630
10630
10627
10625
10624
10622
10622
10622
10621
10620
10618
10618
10617
10617
10617
10615
10613
10613
10612
10612
10611
10611
10610
10608
10608
10605
10604
10603
10602
10601
10601
10599
10599
10599
10598
10597
10597
10596
10595
10595
10594
10592
10592
10591
10591
10590
10589
10588
10586
10586
10584
10584
10582
10581
10579
10578
10578
10576
10575
10573
10573
10571
10569
10569
10568
10567
10566
10564
10564
10564
10562
10561
10560
10560
10559
10557
10555
10552
10552
10550
10550
10550
10549
10548
10547
10547
10547
10544
10544
10544
10543
10543
10542
10541
10540
10539
10539
10538
10538
10538
10537
10537
10536
10533
10533
10533
10531
10531
10530
10530
10528
10527
10526
10524
10524
10523
10521
10520
10520
10520
10519
10519
10517
10516
10515
10514
10514
10513
10512
10512
10512
10512
10512
10511
10510
10510
10509
10507
10507
10506
10504
10503
10502
10501
10499
10497
10496
10495
10493
10491
10488
10485
10485
10485
10484
10484
10483
10482
10482
10479
10478
10477
10477
10476
10474
10472
10472
10469
10469
10466
10466
10466
10466
10465
10464
10464
10464
10461
10461
10460
10458
10458
10457
10455
10455
10454
10452
10452
10451
10450
10450
10448
10448
10447
10445
10443
10441
10439
10437
10436
10436
10432
10430
10429
10428
10425
10424
10424
10424
10422
10421
10419
10419
10418
10414
10413
10413
10413
10412
10410
10409
10408
10407
10405
10405
10404
10404
10401
10401
10400
10400
10399
10398
10396
10396
10395
10394
10390
10386
10384
10383
10383
10382
10380
10380
10378
10376
10376
10376
10375
10374
10373
10373
10373
10370
10369
10368
10365
10364
10361
10360
10359
10356
10356
10356
10353
10351
10351
10350
10350
10349
10349
10348
10347
10346
10346
10346
10344
10344
10344
10343
10343
10342
10342
10341
10340
10338
10338
10337
10336
10336
10336
10335
10334
10334
10332
10331
10330
10328
10327
10326
10323
10322
10322
10320
10319
10318
10316
10316
10315
10314
10314
10314
10313
10310
10309
10309
10308
10308
10308
10307
10307
10306
10305
10304
10303
10303
10302
10302
10300
10299
10299
10295
10295
10295
10293
10292
10292
10288
10288
10288
10287
10286
10286
10283
10281
10281
10279
10277
10274
10273
10270
10269
10269
10268
10268
10267
10263
10261
10260
10258
10255
10254
10253
10252
10252
10251
10249
10249
10249
10249
10248
10246
10240
10240
10239
10239
10237
10237
10235
10234
10234
10232
10232
10231
10229
10229
10229
10225
10224
10224
10223
10223
10223
10222
10222
10222
10220
10220
10219
10217
10216
10215
10214
10214
10213
10212
10212
10212
10211
10210
10209
10209
10209
10208
10206
10206
10205
10205
10205
10204
10204
10204
10203
10203
10202
10202
10201
10200
10198
10196
10190
10189
10188
10187
10187
10185
10184
10182
10182
10182
10182
10181
10180
10180
10179
10179
10178
10178
10177
10177
10176
10175
10172
10172
10171
10169
10167
10167
10167
10167
10166
10165
10164
10164
10163
10162
10162
10159
10158
10158
10157
10157
10156
10151
10151
10150
10150
10148
10148
10146
10145
10144
10144
10143
10142
10141
10139
10138
10137
10137
10134
10134
10134
10133
10132
10132
10130
10130
10129
10128
10128
10127
10126
10126
10125
10124
10123
10121
10119
10117
10115
10115
10114
10113
10111
10111
10110
10110
10108
10107
10106
10104
10103
10102
10101
10100
10100
10100
10099
10096
10095
10095
10094
10094
10093
10092
10091
10090
10089
10089
10088
10088
10085
10083
10082
10080
10079
10079
10077
10077
10073
10072
10072
10071
10071
10070
10070
10069
10069
10067
10067
10066
10066
10066
10066
10066
10064
10063
10062
10062
10061
10059
10059
10058
10058
10058
10057
10057
10057
10056
10052
10052
10051
10050
10048
10047
10045
10045
10045
10043
10043
10043
10043
10042
10042
10041
10041
10040
10040
10037
10033
10033
10031
10031
10031
10031
10030
10030
10028
10028
10024
10023
10023
10023
10023
10022
10020
10018
10017
10017
10016
10015
10014
10014
10013
10011
10011
10010
10009
10009
10009
10007
10006
10003
10001
9999
9999
9999
9999
9998
9994
9992
9991
9990
9989
9985
9983
9983
9982
9977
9977
9975
9973
9973
9971
9971
9970
9968
9968
9966
9965
9965
9965
9964
9963
9962
9961
9961
9960
9959
9959
9957
9957
9956
9956
9956
9956
9953
9952
9951
9950
9950
9949
9946
9946
9944
9941
9939
9938
9936
9936
9935
9935
9933
9932
9932
9931
9931
9928
9928
9926
9926
9925
9924
9922
9922
9921
9920
9914
9913
9913
9912
9912
9911
9909
9909
9909
9909
9907
9907
9906
9906
9902
9901
9900
9900
9899
9899
9899
9899
9898
9896
9896
9895
9895
9894
9894
9891
9891
9890
9889
9888
9885
9884
9884
9882
9882
9881
9879
9876
9876
9874
9873
9873
9871
9871
9869
9868
9867
9865
9865
9863
9862
9861
9860
9860
9859
9859
9855
9854
9854
9854
9853
9853
9852
9851
9851
9850
9845
9845
9845
9843
9841
9840
9840
9838
9837
9836
9834
9833
9831
9831
9831
9831
9831
9830
9828
9826
9825
9825
9825
9824
9823
9821
9820
9818
9815
9815
9815
9813
9812
9812
9811
9811
9811
9809
9809
9809
9808
9807
9804
9803
9803
9801
9801
9800
9795
9795
9795
9794
9792
9792
9790
9790
9785
9784
9784
9782
9782
9781
9780
9778
9778
9778
9775
9772
9771
9769
9769
9767
9765
9765
9764
9763
9763
9763
9762
9760
9758
9757
9750
9750
9750
9749
9749
9748
9748
9747
9747
9746
9746
9746
9743
9742
9742
9742
9741
9739
9739
9739
9738
9738
9737
9735
9733
9729
9727
9727
9725
9724
9721
9721
9721
9721
9721
9721
9716
9714
9713
9713
9712
9712
9712
9712
9712
9710
9710
9709
9709
9709
9708
9707
9706
9706
9704
9703
9703
9701
9701
9700
9700
9696
9694
9693
9691
9691
9691
9690
9690
9689
9689
9689
9689
9688
9688
9687
9685
9684
9684
9684
9683
9682
9682
9681
9681
9675
9674
9674
9673
9671
9670
9669
9669
9668
9668
9667
9667
9666
9666
9664
9662
9662
9662
9662
9660
9660
9660
9659
9659
9658
9655
9655
9654
9654
9654
9652
9651
9650
9650
9649
9645
9644
9644
9644
9643
9643
9640
9639
9639
9638
9638
9638
9636
9636
9635
9634
9632
9631
9631
9630
9628
9628
9627
9624
9621
9620
9619
9619
9618
9618
9617
9617
9614
9614
9614
9613
9612
9609
9608
9606
9606
9606
9605
9604
9603
9602
9602
9601
9600
9598
9596
9595
9595
9595
9592
9591
9590
9587
9587
9585
9584
9583
9583
9578
9577
9574
9573
9573
9573
9573
9570
9570
9568
9567
9567
9566
9565
9565
9564
9563
9563
9563
9560
9558
9557
9555
9554
9554
9552
9552
9549
9548
9547
9546
9544
9541
9541
9541
9540
9540
9540
9538
9537
9537
9533
9532
9532
9532
9530
9529
9529
9528
9528
9527
9527
9527
9526
9525
9525
9525
9519
9518
9516
9516
9516
9515
9512
9512
9510
9508
9507
9507
9507
9506
9506
9504
9503
9503
9502
9501
9500
9500
9499
9498
9497
9496
9495
9493
9492
9491
9489
9488
9487
9484
9484
9480
9479
9479
9478
9476
9475
9475
9474
9474
9472
9471
9470
9469
9469
9468
9467
9466
9465
9465
9462
9460
9455
9454
9454
9454
9453
9449
9449
9447
9446
9443
9443
9443
9442
9442
9441
9441
9440
9438
9437
9435
9432
9431
9431
9430
9426
9425
9424
9421
9419
9419
9417
9416
9416
9415
9414
9412
9412
9412
9410
9408
9404
9404
9404
9403
9401
9401
9400
9399
9398
9397
9395
9394
9393
9391
9391
9390
9387
9385
9384
9384
9384
9383
9382
9381
9381
9380
9378
9377
9376
9375
9375
9374
9374
9373
9373
9372
9371
9371
9371
9370
9370
9370
9369
9369
9369
9369
9366
9365
9364
9363
9363
9362
9360
9359
9358
9358
9357
9356
9353
9352
9352
9350
9349
9348
9347
9346
9346
9344
9343
9342
9342
9341
9340
9338
9337
9336
9334
9334
9333
9332
9332
9332
9332
9331
9330
9330
9329
9327
9326
9326
9324
9323
9320
9320
9317
9317
9314
9313
9312
9311
9309
9305
9303
9302
9300
9300
9299
9299
9299
9298
9298
9298
9296
9296
9296
9294
9293
9292
9292
9292
9288
9288
9288
9287
9286
9284
9284
9284
9283
9279
9278
9277
9277
9276
9276
9275
9274
9273
9270
9269
9269
9268
9265
9265
9264
9263
9262
9261
9261
9260
9260
9260
9258
9256
9256
9255
9254
9253
9251
9250
9248
9246
9246
9245
9242
9242
9242
9241
9241
9239
9238
9236
9234
9233
9233
9232
9231
9228
9226
9224
9222
9219
9218
9217
9216
9216
9216
9215
9214
9213
9213
9212
9212
9208
9207
9207
9206
9203
9202
9202
9202
9201
9199
9198
9198
9197
9196
9196
9196
9192
9191
9187
9184
9182
9179
9178
9177
9176
9175
9174
9174
9173
9171
9170
9169
9169
9167
9166
9166
9165
9164
9162
9161
9159
9158
9158
9157
9156
9155
9155
9152
9152
9151
9151
9151
9150
9148
9147
9145
9144
9143
9140
9139
9139
9138
9137
9136
9136
9135
9133
9133
9133
9132
9132
9131
9131
9131
9130
9130
9130
9129
9129
9129
9128
9126
9125
9125
9125
9124
9122
9122
9121
9120
9120
9119
9118
9118
9117
9117
9115
9113
9113
9112
9112
9109
9107
9106
9105
9105
9103
9103
9103
9101
9101
9101
9100
9100
9099
9099
9099
9099
9098
9097
9096
9094
9093
9093
9093
9093
9092
9091
9091
9091
9090
9090
9089
9088
9088
9088
9086
9085
9084
9083
9083
9082
9079
9077
9077
9077
9077
9076
9075
9075
9074
9073
9073
9072
9071
9069
9069
9065
9062
9062
9061
9059
9059
9058
9058
9058
9056
9055
9052
9051
9051
9051
9050
9050
9047
9047
9047
9046
9045
9045
9045
9043
9041
9040
9040
9038
9035
9035
9033
9032
9032
9032
9030
9029
9028
9025
9023
9022
9021
9021
9021
9021
9020
9020
9017
9017
9016
9016
9015
9015
9014
9014
9014
9013
9011
9011
9009
9006
9006
9004
9004
9003
9003
9003
9002
9002
9000
8996
8995
8994
8993
8993
8993
8993
8992
8991
8989
8988
8987
8987
8987
8986
8986
8986
8984
8981
8980
8980
8976
8975
8975
8974
8972
8972
8971
8969
8969
8968
8968
8968
8964
8964
8962
8962
8962
8961
8959
8959
8958
8957
8955
8952
8952
8951
8951
8950
8950
8950
8948
8947
8947
8946
8941
8940
8940
8939
8938
8938
8937
8936
8936
8936
8935
8935
8934
8933
8933
8933
8932
8930
8929
8928
8927
8926
8925
8925
8925
8923
8921
8920
8919
8918
8918
8917
8915
8915
8914
8913
8910
8909
8909
8907
8906
8905
8905
8904
8904
8902
8901
8900
8900
8900
8899
8899
8898
8898
8898
8895
8895
8893
8893
8893
8893
8893
8892
8892
8889
8889
8888
8887
8885
8884
8882
8881
8881
8878
8877
8877
8874
8874
8874
8873
8873
8871
8869
8868
8868
8867
8866
8866
8866
8864
8864
8863
8863
8862
8861
8860
8858
8857
8856
8855
8855
8854
8851
8849
8848
8848
8848
8845
8844
8843
8842
8842
8841
8841
8840
8840
8837
8837
8836
8836
8835
8835
8833
8833
8832
8831
8829
8829
8828
8827
8826
8826
8824
8824
8823
8823
8822
8818
8815
8815
8815
8815
8815
8814
8814
8814
8812
8812
8812
8811
8806
8804
8804
8803
8803
8802
8802
8801
8801
8800
8800
8799
8799
8798
8797
8796
8796
8796
8796
8794
8794
8794
8792
8792
8791
8790
8790
8789
8789
8789
8788
8788
8787
8787
8784
8784
8783
8783
8781
8780
8779
8776
8776
8776
8775
8774
8774
8774
8773
8770
8769
8768
8767
8767
8766
8765
8764
8763
8762
8760
8759
8755
8755
8755
8752
8751
8751
8750
8749
8747
8745
8745
8745
8743
8742
8741
8740
8738
8738
8737
8736
8735
8735
8734
8733
8732
8731
8731
8729
8729
8728
8727
8724
8722
8721
8720
8719
8719
8718
8718
8717
8716
8716
8716
8716
8716
8714
8712
8711
8711
8711
8709
8709
8708
8708
8704
8703
8703
8703
8700
8700
8700
8699
8699
8697
8696
8695
8694
8692
8692
8691
8691
8689
8687
8686
8685
8685
8684
8684
8683
8683
8682
8681
8680
8680
8680
8678
8677
8676
8674
8673
8672
8669
8666
8666
8665
8663
8662
8662
8662
8661
8661
8660
8659
8659
8655
8654
8653
8652
8650
8650
8649
8649
8648
8648
8647
8647
8645
8643
8642
8641
8641
8638
8638
8637
8636
8636
8636
8636
8635
8632
8632
8630
8630
8628
8627
8625
8625
8625
8624
8622
8619
8619
8619
8618
8618
8617
8617
8616
8616
8616
8615
8613
8613
8612
8611
8610
8609
8609
8609
8609
8607
8606
8606
8605
8603
8602
8602
8601
8599
8599
8596
8596
8595
8594
8592
8591
8590
8589
8589
8587
8585
8584
8583
8580
8580
8580
8578
8576
8575
8573
8573
8573
8572
8571
8570
8570
8570
8569
8568
8565
8564
8564
8564
8563
8563
8561
8561
8561
8559
8559
8559
8559
8558
8553
8552
8551
8550
8549
8549
8549
8548
8547
8545
8545
8541
8539
8539
8537
8537
8534
8534
8532
8530
8529
8529
8528
8525
8524
8522
8520
8519
8518
8518
8518
8516
8514
8514
8514
8513
8512
8512
8511
8511
8511
8507
8507
8506
8505
8504
8501
8500
8500
8498
8496
8496
8496
8495
8493
8493
8492
8492
8491
8490
8490
8489
8488
8488
8488
8487
8487
8486
8485
8484
8483
8482
8482
8481
8480
8479
8479
8477
8476
8476
8476
8474
8473
8473
8473
8472
8469
8468
8468
8467
8467
8467
8466
8465
8465
8464
8463
8463
8462
8459
8458
8457
8456
8456
8455
8455
8454
8453
8452
8452
8452
8450
8449
8449
8448
8447
8446
8446
8445
8444
8443
8441
8440
8439
8438
8437
8437
8435
8435
8434
8434
8432
8432
8431
8429
8429
8428
8427
8426
8426
8424
8423
8422
8422
8422
8420
8420
8419
8415
8414
8414
8413
8410
8408
8406
8402
8401
8399
8399
8397
8397
8397
8396
8396
8396
8395
8394
8394
8390
8390
8388
8388
8388
8386
8385
8383
8380
8379
8378
8376
8376
8375
8374
8373
8373
8373
8372
8371
8370
8369
8368
8366
8366
8365
8365
8365
8359
8358
8354
8354
8353
8352
8351
8349
8348
8348
8347
8347
8346
8346
8345
8345
8344
8342
8341
8341
8341
8340
8339
8338
8337
8337
8337
8337
8336
8335
8334
8334
8333
8330
8330
8327
8326
8326
8325
8325
8325
8321
8320
8320
8320
8318
8316
8313
8312
8312
8311
8310
8309
8308
8307
8307
8307
8306
8306
8305
8304
8304
8304
8303
8301
8301
8301
8299
8298
8295
8295
8294
8293
8293
8291
8290
8289
8288
8287
8286
8285
8284
8283
8283
8282
8282
8281
8281
8281
8279
8279
8276
8273
8272
8271
8270
8268
8266
8266
8265
8260
8258
8258
8257
8256
8256
8254
8253
8252
8250
8248
8248
8248
8247
8247
8246
8244
8243
8243
8243
8243
8243
8243
8241
8239
8238
8238
8237
8236
8236
8235
8235
8234
8234
8234
8232
8232
8232
8231
8230
8228
8226
8223
8223
8222
8220
8219
8219
8218
8217
8217
8215
8215
8214
8214
8214
8212
8211
8211
8211
8208
8207
8207
8207
8207
8207
8206
8205
8205
8204
8204
8203
8201
8201
8201
8201
8201
8200
8199
8197
8196
8196
8196
8196
8196
8194
8194
8192
8190
8190
8189
8189
8188
8184
8184
8183
8183
8183
8181
8181
8180
8180
8178
8177
8177
8176
8176
8176
8176
8175
8175
8175
8173
8169
8169
8169
8168
8167
8166
8165
8164
8164
8163
8163
8162
8162
8161
8161
8160
8159
8159
8157
8157
8155
8154
8152
8151
8151
8151
8149
8149
8148
8146
8146
8144
8144
8143
8142
8141
8141
8140
8139
8138
8137
8137
8135
8134
8131
8131
8129
8129
8128
8127
8127
8127
8127
8126
8126
8125
8125
8120
8120
8119
8119
8117
8115
8115
8114
8113
8113
8112
8112
8108
8108
8107
8107
8106
8104
8104
8103
8103
8103
8101
8101
8099
8097
8095
8093
8093
8090
8087
8085
8085
8082
8081
8081
8081
8080
8079
8078
8078
8076
8076
8075
8074
8073
8072
8072
8071
8070
8068
8066
8064
8063
8060
8059
8056
8055
8055
8053
8053
8050
8050
8049
8049
8046
8043
8042
8040
8038
8038
8035
8034
8034
8034
8033
8032
8030
8030
8029
8029
8028
8028
8028
8027
8026
8025
8022
8022
8019
8018
8014
8012
8012
8010
8010
8009
8008
8008
8007
8007
8005
8001
8001
8001
8000
7999
7999
7998
7998
7998
7998
7997
7995
7992
7991
7987
7987
7986
7983
7981
7980
7980
7977
7975
7975
7974
7973
7972
7971
7967
7967
7967
7965
7964
7964
7964
7964
7963
7962
7962
7960
7957
7955
7954
7954
7954
7953
7952
7952
7950
7949
7948
7947
7947
7946
7946
7946
7946
7944
7943
7941
7939
7937
7937
7936
7936
7936
7935
7935
7935
7933
7932
7931
7930
7924
7923
7923
7923
7921
7921
7921
7918
7918
7917
7917
7916
7916
7916
7915
7912
7912
7912
7911
7911
7911
7910
7909
7907
7905
7903
7903
7901
7901
7898
7898
7897
7897
7897
7896
7894
7893
7890
7889
7889
7889
7886
7884
7884
7883
7882
7882
7881
7881
7877
7877
7876
7874
7873
7873
7872
7871
7870
7869
7868
7867
7865
7865
7864
7863
7863
7862
7861
7861
7860
7860
7859
7854
7851
7851
7850
7849
7849
7848
7848
7842
7841
7841
7836
7836
7833
7832
7832
7832
7832
7832
7831
7831
7830
7829
7829
7828
7828
7828
7826
7822
7821
7818
7818
7817
7817
7815
7814
7814
7812
7811
7811
7811
7811
7809
7809
7808
7806
7806
7804
7801
7798
7797
7796
7796
7795
7794
7794
7794
7793
7793
7793
7793
7793
7792
7791
7789
7789
7787
7787
7787
7786
7784
7784
7781
7778
7777
7776
7776
7775
7773
7770
7770
7769
7768
7768
7767
7766
7763
7762
7761
7761
7759
7758
7757
7756
7755
7754
7753
7753
7752
7748
7746
7746
7743
7743
7743
7739
7738
7738
7737
7736
7734
7733
7733
7733
7732
7732
7732
7732
7728
7728
7724
7724
7722
7722
7722
7721
7721
7719
7719
7717
7717
7717
7715
7715
7714
7712
7712
7711
7710
7708
7708
7707
7707
7707
7699
7699
7698
7698
7698
7695
7695
7690
7689
7688
7687
7683
7683
7683
7683
7682
7682
7681
7678
7677
7676
7675
7675
7674
7673
7672
7672
7672
7669
7668
7668
7668
7668
7668
7667
7665
7664
7664
7664
7663
7660
7660
7660
7658
7658
7657
7656
7656
7655
7655
7654
7654
7654
7653
7653
7653
7653
7652
7651
7648
7646
7646
7645
7643
7641
7639
7639
7639
7637
7636
7636
7636
7631
7630
7628
7627
7627
7626
7626
7626
7623
7622
7622
7621
7621
7620
7618
7618
7617
7616
7613
7612
7610
7610
7608
7608
7607
7606
7605
7605
7603
7602
7601
7601
7601
7600
7599
7598
7597
7596
7595
7595
7594
7593
7592
7590
7589
7588
7586
7585
7584
7582
7582
7581
7580
7579
7578
7578
7577
7575
7575
7574
7574
7574
7573
7573
7572
7570
7569
7569
7568
7568
7567
7566
7565
7565
7565
7564
7564
7563
7562
7561
7561
7560
7559
7557
7555
7555
7552
7551
7551
7551
7549
7548
7548
7544
7544
7543
7542
7541
7539
7539
7538
7538
7537
7535
7532
7530
7528
7524
7524
7521
7519
7519
7519
7517
7517
7516
7516
7515
7515
7515
7511
7510
7506
7504
7503
7503
7503
7502
7499
7498
7495
7493
7493
7493
7493
7490
7488
7488
7488
7487
7486
7484
7480
7480
7479
7477
7476
7474
7472
7472
7469
7467
7466
7466
7465
7463
7462
7460
7457
7455
7454
7454
7454
7448
7447
7446
7445
7445
7444
7443
7443
7440
7439
7437
7433
7431
7431
7429
7428
7427
7426
7424
7423
7423
7422
7420
7417
7416
7414
7413
7411
7410
7410
7410
7409
7408
7407
7405
7404
7404
7404
7403
7400
7400
7399
7399
7399
7395
7394
7394
7394
7394
7394
7392
7391
7390
7390
7389
7387
7386
7385
7384
7384
7384
7383
7383
7383
7382
7382
7378
7378
7377
7377
7375
7375
7375
7374
7373
7371
7370
7370
7369
7366
7364
7363
7363
7361
7359
7359
7358
7357
7356
7356
7354
7353
7353
7353
7351
7351
7346
7345
7345
7344
7343
7342
7341
7339
7337
7337
7337
7336
7334
7334
7333
7333
7333
7332
7332
7332
7331
7330
7329
7329
7328
7327
7327
7326
7324
7321
7320
7320
7320
7320
7319
7319
7317
7317
7317
7316
7316
7314
7314
7314
7313
7312
7309
7309
7309
7309
7308
7308
7305
7305
7304
7303
7301
7299
7299
7296
7295
7294
7292
7292
7291
7291
7291
7288
7288
7287
7287
7287
7285
7284
7284
7283
7282
7282
7281
7281
7279
7279
7278
7278
7276
7275
7275
7275
7274
7271
7269
7269
7269
7269
7268
7265
7265
7263
7263
7262
7259
7259
7259
7257
7257
7255
7255
7254
7252
7250
7248
7248
7244
7244
7243
7243
7243
7241
7241
7241
7238
7236
7230
7230
7230
7228
7227
7226
7225
7223
7223
7220
7219
7219
7216
7216
7215
7213
7213
7212
7210
7208
7207
7206
7206
7205
7196
7196
7195
7192
7192
7192
7190
7190
7190
7190
7189
7187
7187
7187
7187
7181
7181
7180
7175
7174
7174
7173
7172
7172
7172
7170
7170
7169
7169
7169
7168
7167
7165
7165
7164
7162
7159
7158
7157
7156
7156
7156
7155
7155
7154
7152
7150
7147
7144
7144
7144
7143
7141
7138
7137
7136
7134
7133
7133
7132
7132
7132
7131
7130
7130
7129
7127
7127
7127
7126
7126
7121
7121
7119
7114
7113
7106
7105
7103
7100
7100
7097
7096
7096
7096
7095
7094
7093
7093
7092
7092
7091
7088
7087
7087
7087
7084
7084
7083
7083
7083
7080
7078
7078
7077
7077
7077
7077
7075
7075
7072
7072
7071
7071
7071
7068
7068
7064
7064
7064
7063
7062
7062
7061
7060
7060
7059
7059
7056
7056
7055
7055
7055
7055
7054
7054
7054
7054
7053
7053
7053
7053
7052
7051
7050
7049
7049
7048
7045
7045
7042
7042
7042
7040
7040
7039
7039
7039
7038
7035
7035
7030
7030
7030
7029
7028
7027
7026
7024
7021
7021
7020
7018
7016
7016
7016
7016
7015
7012
7012
7012
7011
7011
7010
7010
7008
7008
7007
7007
7006
7005
7005
7004
7004
7004
7003
7002
6999
6999
6999
6997
6997
6996
6996
6995
6994
6993
6991
6985
6984
6983
6983
6979
6979
6978
6977
6974
6974
6973
6973
6971
6971
6971
6970
6970
6969
6969
6968
6968
6968
6968
6968
6967
6966
6966
6965
6963
6962
6961
6960
6959
6954
6953
6953
6952
6952
6951
6950
6950
6949
6949
6949
6942
6941
6940
6939
6939
6939
6939
6938
6938
6937
6937
6937
6937
6937
6936
6936
6935
6934
6934
6933
6932
6932
6931
6930
6929
6929
6928
6928
6928
6928
6927
6925
6925
6924
6922
6921
6921
6920
6920
6919
6918
6918
6917
6917
6917
6916
6916
6916
6913
6912
6912
6912
6911
6911
6911
6910
6909
6907
6906
6905
6903
6902
6901
6900
6899
6899
6898
6896
6892
6891
6890
6890
6889
6888
6887
6886
6884
6883
6882
6881
6881
6880
6879
6878
6878
6877
6876
6875
6875
6875
6874
6872
6869
6869
6868
6867
6864
6863
6863
6862
6861
6860
6859
6857
6856
6855
6852
6852
6851
6850
6849
6848
6846
6843
6841
6839
6836
6836
6835
6835
6834
6833
6832
6831
6831
6830
6828
6827
6826
6824
6823
6821
6821
6819
6819
6817
6815
6814
6812
6811
6811
6810
6805
6805
6802
6801
6799
6798
6795
6793
6792
6791
6791
6788
6788
6786
6786
6785
6785
6784
6783
6781
6781
6780
6780
6777
6775
6773
6772
6772
6771
6770
6767
6766
6765
6763
6763
6763
6762
6761
6760
6757
6756
6754
6753
6753
6750
6749
6748
6746
6746
6746
6745
6742
6742
6741
6740
6739
6738
6738
6738
6736
6735
6734
6734
6733
6733
6732
6730
6729
6728
6727
6726
6725
6725
6725
6725
6723
6723
6722
6721
6720
6719
6717
6717
6715
6715
6714
6714
6714
6713
6712
6712
6711
6709
6709
6709
6706
6706
6705
6705
6703
6703
6701
6701
6700
6698
6698
6696
6694
6693
6693
6693
6693
6686
6686
6686
6685
6684
6684
6683
6683
6682
6681
6678
6678
6678
6678
6677
6676
6674
6674
6674
6673
6672
6670
6669
6666
6666
6664
6661
6660
6660
6660
6659
6659
6658
6657
6657
6657
6657
6654
6654
6654
6653
6652
6652
6652
6651
6650
6650
6649
6646
6644
6644
6642
6641
6640
6640
6640
6640
6640
6638
6637
6636
6635
6634
6631
6631
6630
6630
6629
6629
6626
6625
6625
6624
6624
6623
6622
6622
6621
6618
6616
6616
6616
6614
6614
6612
6612
6611
6609
6607
6606
6606
6605
6605
6604
6604
6603
6602
6600
6599
6599
6598
6598
6594
6593
6593
6591
6590
6589
6588
6587
6587
6584
6584
6584
6584
6583
6582
6581
6581
6581
6580
6579
6579
6578
6577
6574
6574
6574
6574
6574
6573
6573
6573
6572
6572
6572
6571
6570
6569
6569
6568
6568
6568
6567
6566
6566
6565
6565
6563
6563
6563
6562
6562
6561
6560
6557
6557
6555
6554
6553
6552
6551
6551
6550
6550
6550
6549
6549
6549
6548
6547
6547
6547
6547
6544
6543
6543
6542
6540
6539
6538
6535
6535
6535
6535
6533
6533
6532
6532
6532
6531
6529
6529
6528
6528
6525
6525
6524
6524
6524
6524
6520
6520
6519
6519
6517
6516
6515
6515
6515
6514
6514
6513
6512
6511
6507
6507
6505
6504
6504
6504
6502
6502
6500
6499
6497
6497
6495
6494
6493
6493
6492
6491
6491
6491
6488
6488
6486
6484
6483
6483
6483
6483
6481
6481
6480
6479
6478
6478
6477
6476
6476
6474
6474
6474
6472
6472
6470
6468
6467
6466
6464
6462
6461
6461
6460
6457
6456
6455
6455
6452
6452
6452
6449
6448
6446
6444
6444
6444
6443
6443
6443
6442
6442
6441
6440
6440
6439
6439
6438
6438
6437
6435
6432
6431
6431
6430
6427
6425
6424
6422
6421
6421
6421
6419
6419
6418
6417
6416
6415
6413
6413
6413
6412
6412
6412
6410
6409
6409
6409
6406
6405
6405
6402
6400
6400
6399
6399
6398
6398
6397
6397
6396
6394
6393
6393
6393
6393
6390
6389
6388
6388
6387
6387
6387
6387
6387
6386
6386
6386
6385
6385
6385
6384
6383
6382
6382
6381
6381
6381
6379
6379
6378
6376
6372
6372
6372
6370
6370
6368
6365
6362
6361
6360
6358
6358
6357
6357
6356
6353
6350
6350
6348
6347
6347
6346
6346
6342
6341
6341
6340
6336
6334
6332
6331
6330
6328
6328
6328
6327
6327
6327
6325
6324
6324
6323
6323
6323
6321
6320
6320
6320
6319
6317
6317
6317
6317
6315
6315
6313
6312
6309
6308
6305
6304
6303
6303
6302
6301
6298
6297
6297
6297
6294
6294
6294
6292
6290
6290
6287
6287
6287
6286
6286
6280
6280
6278
6277
6274
6274
6274
6272
6271
6271
6271
6271
6269
6268
6265
6264
6261
6258
6256
6255
6253
6252
6251
6248
6247
6247
6246
6246
6244
6243
6242
6242
6242
6240
6240
6238
6237
6237
6236
6236
6234
6232
6231
6227
6226
6226
6225
6224
6223
6222
6221
6218
6218
6217
6217
6215
6212
6211
6210
6210
6210
6208
6202
6199
6198
6198
6198
6196
6195
6193
6192
6192
6191
6191
6190
6189
6188
6188
6187
6186
6186
6185
6185
6182
6179
6177
6176
6175
6174
6174
6172
6172
6168
6167
6167
6166
6166
6165
6165
6164
6163
6162
6162
6160
6158
6156
6156
6155
6154
6154
6154
6153
6153
6153
6152
6152
6151
6150
6150
6149
6147
6147
6145
6144
6143
6142
6139
6139
6139
6139
6138
6137
6135
6134
6134
6132
6132
6130
6128
6128
6127
6127
6125
6120
6119
6119
6117
6116
6115
6115
6114
6113
6113
6111
6111
6107
6107
6106
6104
6104
6104
6104
6102
6095
6095
6095
6091
6090
6090
6089
6088
6087
6084
6083
6082
6081
6078
6078
6074
6073
6073
6073
6073
6072
6071
6071
6071
6070
6070
6070
6069
6069
6068
6065
6064
6062
6062
6056
6055
6054
6054
6053
6052
6049
6049
6048
6044
6044
6043
6043
6038
6037
6036
6035
6033
6033
6031
6029
6029
6027
6027
6025
6025
6022
6022
6021
6021
6020
6018
6014
6013
6012
6011
6010
6008
6007
6006
6004
6004
6003
6002
6001
6000
6000
6000
5999
5999
5998
5998
5997
5997
5993
5992
5991
5989
5988
5988
5987
5987
5987
5985
5983
5981
5979
5979
5978
5976
5974
5972
5970
5968
5967
5967
5966
5964
5964
5964
5963
5963
5961
5960
5959
5957
5957
5956
5955
5953
5953
5951
5950
5950
5948
5947
5947
5947
5946
5944
5942
5942
5941
5936
5936
5936
5935
5935
5935
5934
5930
5929
5928
5928
5928
5926
5924
5924
5922
5920
5920
5919
5918
5918
5916
5915
5914
5914
5913
5913
5912
5911
5907
5907
5906
5905
5905
5901
5901
5899
5896
5895
5895
5891
5890
5890
5889
5888
5886
5885
5884
5884
5883
5883
5881
5881
5880
5879
5877
5877
5876
5873
5872
5870
5868
5864
5864
5863
5863
5863
5863
5862
5860
5859
5858
5857
5857
5855
5855
5851
5850
5849
5848
5847
5847
5844
5842
5841
5840
5840
5838
5836
5835
5832
5830
5829
5829
5828
5827
5825
5821
5821
5821
5820
5819
5819
5817
5817
5817
5817
5816
5815
5814
5814
5813
5813
5811
5810
5809
5807
5807
5806
5805
5805
5804
5803
5803
5801
5800
5800
5799
5798
5797
5797
5797
5797
5796
5795
5795
5794
5794
5793
5792
5790
5790
5788
5786
5785
5784
5783
5780
5780
5780
5779
5779
5778
5776
5775
5773
5773
5772
5772
5772
5771
5769
5769
5769
5768
5767
5766
5766
5765
5764
5763
5759
5758
5758
5758
5757
5754
5750
5750
5750
5749
5748
5747
5745
5744
5743
5743
5742
5741
5741
5741
5740
5739
5739
5739
5739
5737
5736
5736
5732
5732
5731
5728
5727
5727
5726
5726
5725
5721
5721
5720
5719
5717
5716
5716
5715
5714
5714
5713
5712
5712
5711
5710
5706
5706
5705
5704
5702
5702
5702
5701
5700
5699
5699
5699
5698
5698
5695
5695
5692
5692
5691
5690
5687
5687
5685
5682
5682
5681
5680
5680
5679
5678
5678
5677
5677
5675
5673
5673
5672
5665
5665
5665
5663
5663
5663
5663
5662
5661
5657
5656
5655
5655
5653
5652
5651
5650
5649
5648
5646
5646
5645
5642
5642
5641
5640
5640
5638
5637
5636
5636
5635
5635
5633
5633
5633
5633
5633
5632
5632
5630
5630
5630
5630
5623
5619
5619
5618
5618
5617
5616
5614
5613
5611
5611
5609
5607
5605
5602
5598
5597
5597
5597
5594
5594
5594
5591
5589
5588
5588
5587
5586
5585
5582
5582
5581
5580
5577
5574
5572
5572
5569
5569
5569
5569
5568
5567
5567
5566
5566
5566
5565
5561
5560
5560
5559
5559
5554
5553
5551
5551
5550
5550
5550
5550
5550
5548
5547
5546
5545
5545
5543
5543
5541
5538
5537
5537
5536
5535
5533
5533
5531
5529
5529
5528
5527
5526
5525
5525
5523
5523
5522
5522
5521
5521
5521
5520
5519
5519
5519
5518
5516
5512
5511
5511
5510
5509
5509
5506
5505
5505
5504
5504
5502
5500
5499
5498
5497
5497
5493
5490
5489
5489
5487
5487
5486
5484
5484
5483
5482
5482
5481
5481
5480
5479
5479
5478
5477
5476
5476
5475
5475
5474
5474
5474
5473
5473
5472
5471
5469
5468
5468
5468
5466
5466
5464
5462
5460
5459
5457
5456
5456
5456
5456
5454
5453
5452
5452
5451
5451
5451
5450
5449
5447
5446
5445
5444
5443
5442
5440
5438
5437
5434
5433
5432
5431
5431
5430
5427
5427
5427
5424
5421
5421
5420
5419
5419
5417
5416
5416
5415
5413
5412
5408
5408
5406
5403
5401
5400
5400
5400
5397
5397
5394
5394
5393
5391
5387
5386
5386
5385
5385
5383
5383
5383
5383
5383
5382
5382
5379
5379
5376
5375
5374
5374
5374
5373
5373
5372
5368
5367
5367
5366
5365
5365
5363
5363
5362
5362
5362
5361
5361
5361
5360
5360
5359
5358
5357
5356
5355
5354
5353
5352
5350
5350
5349
5348
5348
5346
5345
5344
5344
5342
5342
5341
5340
5340
5339
5337
5337
5337
5337
5336
5335
5335
5332
5331
5331
5330
5329
5329
5327
5327
5326
5324
5321
5320
5318
5318
5317
5317
5315
5315
5315
5315
5315
5315
5314
5313
5313
5310
5309
5309
5309
5309
5307
5306
5306
5306
5305
5303
5303
5302
5302
5302
5301
5300
5295
5295
5295
5295
5294
5293
5293
5292
5292
5292
5292
5290
5289
5287
5287
5285
5285
5285
5284
5281
5280
5280
5279
5277
5277
5276
5276
5275
5275
5275
5274
5272
5272
5272
5268
5268
5267
5267
5266
5265
5261
5261
5261
5260
5259
5258
5258
5257
5257
5255
5252
5250
5250
5249
5247
5247
5246
5242
5242
5241
5241
5239
5239
5239
5239
5236
5235
5233
5233
5232
5232
5231
5228
5227
5225
5224
5224
5224
5224
5223
5222
5222
5218
5217
5214
5212
5212
5212
5209
5208
5208
5207
5206
5205
5204
5204
5202
5202
5201
5201
5200
5198
5197
5196
5195
5195
5195
5191
5190
5189
5188
5186
5185
5184
5183
5182
5182
5181
5181
5179
5178
5177
5176
5175
5175
5173
5172
5172
5171
5167
5163
5162
5162
5161
5161
5160
5158
5158
5158
5157
5156
5156
5154
5153
5152
5151
5151
5150
5148
5147
5147
5145
5144
5143
5142
5141
5141
5141
5139
5139
5138
5138
5137
5136
5134
5129
5129
5127
5126
5126
5122
5122
5121
5121
5121
5121
5121
5119
5116
5116
5113
5109
5106
5105
5105
5105
5105
5104
5103
5103
5102
5099
5098
5097
5096
5096
5095
5093
5092
5091
5091
5090
5089
5088
5087
5086
5085
5081
5080
5078
5078
5078
5077
5077
5075
5075
5074
5071
5071
5069
5068
5068
5068
5068
5067
5066
5066
5066
5064
5063
5059
5058
5057
5057
5057
5057
5057
5055
5053
5052
5052
5051
5049
5049
5048
5047
5043
5041
5041
5040
5040
5039
5039
5039
5038
5038
5037
5034
5033
5032
5030
5030
5030
5029
5029
5027
5025
5025
5024
5023
5022
5022
5021
5021
5021
5021
5020
5020
5020
5019
5017
5017
5016
5015
5015
5015
5014
5013
5012
5009
5009
5008
5008
5008
5007
5007
5007
5006
5004
5003
5003
5002
5002
5002
4998
4997
4996
4995
4995
4994
4992
4992
4990
4990
4988
4987
4987
4984
4982
4982
4981
4981
4980
4977
4976
4976
4975
4974
4973
4971
4971
4970
4970
4968
4967
4966
4965
4965
4965
4963
4963
4962
4961
4961
4960
4958
4957
4956
4956
4954
4954
4953
4953
4951
4950
4949
4949
4948
4947
4947
4946
4945
4945
4943
4943
4943
4941
4941
4938
4936
4936
4935
4935
4934
4933
4933
4932
4932
4931
4930
4929
4927
4927
4925
4924
4923
4923
4921
4916
4916
4915
4915
4912
4912
4911
4910
4910
4908
4908
4907
4907
4905
4905
4904
4903
4901
4900
4897
4897
4895
4894
4892
4891
4888
4888
4886
4884
4884
4882
4881
4880
4880
4879
4878
4876
4876
4875
4875
4874
4874
4873
4873
4872
4870
4870
4868
4868
4868
4865
4865
4865
4864
4864
4864
4864
4864
4863
4863
4859
4857
4856
4855
4853
4852
4852
4850
4845
4845
4844
4844
4844
4841
4839
4838
4837
4835
4831
4830
4828
4828
4828
4824
4824
4824
4823
4821
4820
4820
4819
4819
4818
4817
4817
4817
4815
4814
4813
4813
4813
4812
4812
4810
4809
4808
4808
4806
4806
4805
4805
4804
4803
4800
4799
4799
4798
4797
4796
4796
4795
4795
4795
4793
4792
4792
4790
4789
4788
4787
4786
4786
4785
4785
4784
4784
4779
4778
4778
4776
4776
4775
4774
4774
4774
4774
4771
4771
4770
4770
4769
4769
4768
4767
4767
4766
4765
4764
4762
4762
4761
4761
4760
4760
4758
4757
4757
4756
4756
4755
4754
4754
4753
4753
4753
4753
4753
4751
4751
4749
4748
4747
4747
4747
4746
4745
4745
4745
4745
4743
4743
4742
4736
4735
4735
4734
4734
4733
4733
4731
4731
4730
4728
4727
4724
4724
4722
4720
4719
4718
4718
4716
4715
4714
4713
4712
4711
4711
4710
4710
4709
4708
4708
4707
4707
4706
4705
4705
4704
4702
4700
4700
4697
4695
4693
4692
4692
4691
4691
4689
4688
4688
4688
4684
4684
4682
4682
4682
4681
4681
4680
4680
4680
4677
4676
4675
4673
4673
4673
4671
4671
4670
4669
4669
4668
4668
4668
4668
4667
4666
4665
4664
4664
4663
4663
4662
4661
4659
4656
4655
4653
4652
4651
4651
4650
4649
4649
4649
4648
4647
4647
4647
4646
4643
4642
4640
4640
4640
4639
4639
4638
4637
4637
4637
4633
4633
4632
4631
4630
4627
4626
4624
4624
4623
4623
4622
4620
4618
4617
4616
4616
4615
4614
4614
4613
4612
4611
4609
4608
4608
4607
4607
4607
4606
4604
4603
4603
4602
4600
4600
4600
4599
4599
4598
4598
4598
4597
4597
4596
4595
4594
4594
4593
4593
4592
4591
4590
4590
4590
4588
4587
4587
4587
4585
4585
4583
4583
4583
4579
4578
4577
4577
4576
4576
4576
4575
4574
4574
4570
4570
4570
4569
4568
4562
4561
4560
4558
4558
4553
4552
4551
4548
4545
4545
4544
4543
4542
4541
4541
4538
4538
4538
4537
4537
4533
4533
4528
4528
4527
4524
4524
4523
4519
4518
4518
4518
4516
4515
4513
4511
4511
4510
4510
4509
4509
4506
4504
4503
4503
4502
4501
4499
4495
4495
4494
4491
4490
4489
4489
4488
4487
4484
4484
4484
4484
4482
4482
4481
4481
4481
4481
4479
4478
4478
4477
4476
4476
4476
4475
4475
4473
4473
4473
4473
4473
4472
4472
4471
4470
4469
4469
4469
4468
4468
4468
4466
4465
4465
4465
4463
4463
4461
4459
4456
4456
4455
4455
4454
4454
4453
4450
4450
4450
4449
4444
4444
4444
4442
4441
4439
4439
4436
4435
4434
4429
4425
4424
4423
4421
4420
4420
4420
4416
4416
4414
4414
4413
4411
4411
4410
4409
4408
4407
4405
4403
4402
4400
4400
4399
4399
4396
4395
4395
4394
4391
4391
4389
4389
4388
4386
4386
4382
4381
4381
4380
4380
4376
4375
4374
4374
4373
4371
4371
4370
4368
4368
4367
4366
4365
4365
4364
4364
4363
4362
4362
4360
4359
4359
4358
4358
4358
4358
4357
4356
4355
4354
4354
4354
4353
4353
4351
4351
4350
4350
4349
4349
4348
4348
4347
4346
4345
4345
4345
4345
4342
4338
4338
4336
4336
4334
4333
4333
4333
4332
4332
4331
4331
4330
4329
4328
4327
4326
4326
4326
4325
4324
4323
4323
4323
4323
4323
4321
4320
4320
4319
4319
4318
4317
4317
4316
4316
4313
4312
4311
4310
4309
4308
4307
4307
4305
4304
4303
4303
4302
4301
4300
4300
4299
4298
4296
4295
4295
4294
4294
4293
4293
4291
4290
4290
4288
4286
4284
4280
4279
4279
4278
4278
4278
4277
4277
4277
4277
4276
4274
4274
4274
4273
4273
4272
4272
4271
4271
4271
4270
4269
4268
4267
4267
4266
4265
4264
4262
4259
4259
4258
4258
4257
4256
4255
4254
4253
4253
4253
4253
4251
4250
4250
4249
4249
4246
4245
4245
4243
4240
4240
4239
4234
4234
4234
4234
4233
4232
4232
4232
4230
4230
4229
4228
4227
4227
4226
4225
4224
4223
4222
4221
4221
4220
4219
4219
4215
4215
4215
4214
4214
4213
4211
4210
4210
4209
4209
4208
4208
4207
4207
4206
4205
4204
4203
4203
4203
4202
4202
4201
4200
4199
4198
4195
4194
4192
4189
4188
4187
4186
4185
4183
4182
4182
4181
4178
4178
4177
4177
4177
4175
4174
4173
4173
4172
4171
4169
4168
4167
4166
4165
4165
4164
4163
4159
4159
4159
4158
4154
4153
4151
4151
4151
4151
4148
4148
4145
4144
4143
4142
4142
4141
4138
4138
4136
4135
4135
4135
4134
4134
4134
4133
4132
4125
4124
4124
4124
4123
4122
4120
4119
4116
4116
4116
4116
4114
4112
4112
4112
4111
4110
4108
4108
4107
4106
4106
4106
4104
4101
4101
4100
4099
4099
4097
4092
4091
4091
4090
4089
4088
4087
4087
4087
4086
4085
4083
4082
4080
4079
4078
4076
4076
4075
4073
4073
4072
4069
4069
4068
4067
4067
4066
4066
4064
4064
4063
4063
4063
4062
4062
4061
4060
4060
4059
4059
4057
4057
4055
4055
4054
4054
4054
4053
4052
4052
4052
4051
4051
4051
4050
4049
4047
4047
4047
4047
4047
4046
4046
4044
4043
4042
4040
4039
4038
4035
4030
4029
4028
4025
4024
4022
4022
4021
4021
4020
4017
4017
4014
4012
4011
4011
4010
4007
4007
4005
4005
4004
4002
4001
3999
3997
3994
3991
3990
3989
3989
3986
3984
3983
3978
3977
3975
3973
3973
3972
3971
3971
3970
3969
3969
3966
3966
3966
3966
3966
3966
3965
3965
3964
3963
3962
3962
3961
3960
3960
3959
3958
3958
3958
3957
3957
3956
3954
3954
3954
3953
3952
3952
3951
3950
3950
3948
3948
3947
3947
3944
3944
3944
3944
3942
3942
3940
3938
3938
3937
3937
3934
3929
3929
3928
3927
3926
3926
3925
3924
3924
3921
3921
3918
3917
3917
3917
3915
3914
3913
3913
3912
3912
3910
3908
3907
3906
3906
3904
3903
3902
3901
3901
3901
3901
3900
3898
3898
3896
3894
3893
3890
3889
3886
3886
3884
3884
3882
3881
3880
3878
3878
3878
3878
3877
3877
3876
3873
3870
3869
3869
3868
3866
3864
3862
3862
3862
3861
3859
3857
3857
3856
3856
3855
3853
3853
3851
3850
3850
3845
3844
3843
3842
3839
3839
3838
3836
3835
3834
3834
3833
3832
3831
3830
3829
3829
3829
3828
3828
3827
3824
3823
3822
3821
3821
3817
3817
3816
3813
3811
3806
3805
3805
3804
3803
3803
3803
3803
3800
3799
3798
3798
3797
3797
3795
3794
3793
3792
3791
3790
3790
3790
3790
3790
3789
3788
3787
3786
3785
3785
3784
3783
3783
3782
3781
3781
3781
3779
3779
3778
3778
3778
3778
3777
3777
3775
3773
3769
3768
3767
3767
3766
3765
3765
3765
3764
3763
3763
3761
3760
3759
3759
3759
3759
3758
3755
3753
3753
3750
3749
3747
3745
3744
3744
3742
3739
3738
3737
3736
3736
3735
3734
3733
3732
3732
3732
3732
3730
3729
3729
3728
3728
3727
3726
3723
3722
3722
3721
3721
3720
3719
3718
3717
3717
3716
3716
3714
3709
3709
3708
3707
3705
3704
3703
3702
3702
3701
3701
3700
3699
3699
3699
3699
3697
3697
3696
3696
3693
3692
3690
3689
3688
3688
3688
3687
3687
3686
3685
3684
3684
3683
3682
3681
3681
3681
3677
3677
3674
3673
3673
3673
3672
3671
3668
3665
3665
3663
3662
3662
3661
3660
3660
3659
3657
3657
3656
3656
3654
3654
3654
3650
3649
3649
3649
3648
3647
3646
3645
3645
3645
3644
3644
3643
3642
3641
3641
3638
3638
3638
3638
3637
3636
3634
3633
3633
3632
3632
3631
3630
3629
3625
3624
3623
3623
3622
3621
3621
3620
3620
3619
3617
3610
3610
3609
3609
3608
3607
3606
3605
3604
3604
3603
3600
3599
3599
3599
3599
3598
3598
3594
3593
3593
3592
3592
3591
3589
3589
3588
3586
3586
3584
3584
3583
3580
3580
3577
3576
3575
3572
3567
3564
3562
3562
3562
3561
3561
3560
3560
3559
3559
3559
3558
3557
3555
3554
3554
3554
3554
3553
3551
3551
3549
3548
3548
3547
3546
3546
3545
3541
3541
3537
3537
3536
3536
3532
3532
3532
3531
3530
3526
3526
3522
3520
3520
3519
3518
3518
3518
3516
3515
3514
3512
3510
3509
3507
3504
3504
3503
3503
3502
3501
3498
3498
3498
3496
3495
3492
3490
3489
3488
3488
3487
3487
3486
3486
3485
3485
3484
3483
3482
3482
3481
3481
3479
3479
3477
3477
3477
3477
3476
3471
3471
3467
3467
3466
3466
3465
3465
3464
3463
3460
3459
3458
3458
3457
3456
3456
3455
3453
3452
3449
3449
3449
3448
3448
3447
3447
3446
3445
3444
3443
3441
3441
3439
3439
3438
3438
3437
3434
3433
3432
3431
3431
3431
3431
3429
3428
3426
3425
3425
3425
3423
3422
3421
3420
3419
3419
3417
3415
3415
3415
3414
3413
3412
3412
3412
3410
3409
3409
3408
3408
3403
3403
3402
3402
3401
3400
3399
3399
3399
3397
3397
3397
3396
3395
3394
3394
3393
3393
3393
3392
3392
3391
3391
3390
3390
3389
3389
3387
3386
3386
3386
3386
3384
3382
3381
3380
3378
3377
3376
3376
3375
3373
3372
3372
3371
3370
3369
3368
3367
3363
3362
3362
3357
3357
3356
3356
3355
3353
3353
3350
3350
3347
3347
3346
3346
3344
3344
3341
3340
3340
3340
3339
3338
3335
3333
3332
3331
3330
3329
3329
3329
3328
3327
3326
3326
3322
3322
3317
3317
3317
3317
3316
3315
3311
3306
3306
3304
3304
3303
3303
3302
3301
3299
3299
3298
3296
3296
3295
3295
3293
3291
3291
3289
3289
3287
3286
3286
3286
3283
3282
3282
3282
3277
3276
3274
3274
3274
3273
3273
3272
3272
3272
3269
3266
3264
3263
3262
3262
3262
3261
3260
3260
3259
3258
3258
3256
3256
3256
3254
3252
3252
3251
3249
3249
3247
3247
3245
3244
3244
3244
3244
3242
3241
3241
3240
3239
3239
3237
3237
3237
3236
3236
3235
3235
3235
3234
3233
3233
3233
3233
3233
3231
3231
3230
3229
3228
3227
3224
3221
3221
3220
3219
3218
3218
3216
3216
3216
3215
3215
3213
3210
3210
3209
3209
3207
3207
3207
3204
3204
3202
3201
3201
3200
3200
3199
3199
3198
3198
3198
3198
3197
3196
3195
3194
3194
3192
3192
3190
3190
3190
3188
3187
3187
3182
3182
3180
3180
3179
3178
3175
3175
3174
3172
3171
3170
3169
3167
3166
3165
3164
3164
3163
3162
3162
3161
3160
3156
3156
3156
3153
3151
3149
3149
3148
3147
3146
3146
3144
3143
3143
3142
3142
3141
3140
3140
3139
3137
3136
3136
3134
3132
3131
3130
3128
3127
3127
3123
3120
3120
3119
3118
3118
3117
3117
3116
3116
3113
3112
3111
3109
3106
3106
3105
3105
3103
3101
3100
3100
3098
3097
3096
3095
3095
3094
3094
3093
3093
3091
3090
3090
3090
3089
3086
3085
3084
3083
3082
3082
3081
3081
3079
3077
3077
3076
3075
3075
3075
3074
3073
3072
3072
3072
3071
3068
3068
3068
3068
3067
3067
3066
3062
3061
3061
3060
3058
3057
3056
3055
3050
3050
3048
3048
3046
3043
3043
3042
3040
3039
3037
3037
3037
3036
3036
3033
3033
3032
3032
3031
3030
3028
3028
3026
3023
3022
3021
3021
3019
3018
3018
3016
3015
3015
3014
3014
3013
3011
3009
3009
3008
3008
3007
3007
3007
3006
3003
3002
3002
3001
3001
3000
2998
2998
2997
2995
2995
2994
2994
2994
2993
2992
2991
2991
2991
2990
2990
2990
2987
2986
2985
2985
2985
2984
2983
2978
2976
2976
2975
2974
2974
2973
2973
2971
2970
2970
2968
2967
2967
2967
2966
2962
2960
2959
2958
2955
2955
2954
2954
2954
2953
2951
2951
2950
2948
2947
2944
2943
2942
2941
2940
2940
2940
2939
2938
2938
2936
2936
2935
2934
2932
2930
2928
2927
2927
2925
2924
2924
2923
2920
2920
2919
2918
2916
2914
2913
2912
2912
2911
2910
2910
2909
2908
2908
2907
2907
2905
2905
2903
2903
2903
2903
2902
2901
2901
2899
2897
2896
2896
2895
2894
2894
2893
2892
2890
2890
2890
2890
2888
2886
2886
2885
2883
2882
2881
2880
2880
2878
2878
2878
2878
2876
2876
2876
2876
2875
2874
2874
2873
2873
2872
2871
2870
2870
2869
2869
2868
2866
2863
2862
2862
2860
2860
2858
2858
2857
2857
2857
2856
2856
2855
2855
2855
2854
2854
2853
2853
2853
2852
2850
2847
2846
2846
2846
2846
2845
2845
2845
2844
2844
2844
2843
2843
2841
2841
2840
2838
2838
2837
2835
2833
2833
2832
2832
2831
2831
2829
2827
2826
2826
2826
2826
2826
2826
2824
2824
2823
2822
2821
2820
2820
2818
2818
2817
2817
2817
2817
2816
2815
2814
2813
2813
2812
2812
2811
2811
2810
2810
2809
2807
2806
2806
2804
2804
2801
2800
2800
2800
2800
2800
2799
2798
2796
2794
2794
2794
2794
2792
2791
2791
2790
2790
2789
2789
2786
2786
2785
2785
2784
2784
2784
2783
2782
2781
2781
2781
2781
2780
2780
2779
2778
2776
2776
2775
2775
2775
2772
2772
2772
2771
2767
2766
2766
2765
2765
2764
2764
2763
2762
2762
2761
2759
2755
2755
2755
2754
2753
2753
2753
2752
2752
2751
2750
2750
2748
2746
2745
2743
2743
2742
2742
2740
2739
2739
2737
2736
2735
2734
2734
2733
2733
2732
2732
2729
2727
2726
2723
2723
2722
2722
2719
2717
2714
2714
2713
2713
2710
2709
2709
2708
2706
2705
2705
2705
2705
2702
2702
2700
2698
2698
2694
2694
2693
2692
2691
2691
2687
2684
2679
2678
2676
2676
2675
2672
2672
2671
2669
2668
2668
2667
2667
2666
2666
2664
2663
2661
2660
2660
2659
2659
2659
2658
2658
2656
2655
2655
2655
2654
2653
2652
2652
2652
2652
2652
2651
2648
2647
2647
2647
2647
2645
2642
2642
2642
2642
2640
2640
2636
2636
2632
2632
2632
2631
2631
2630
2627
2626
2625
2624
2624
2624
2624
2622
2619
2619
2619
2616
2615
2613
2612
2612
2611
2609
2607
2603
2603
2603
2602
2601
2601
2600
2598
2598
2597
2597
2594
2594
2593
2593
2592
2591
2590
2587
2585
2585
2581
2580
2580
2580
2578
2576
2576
2573
2572
2572
2571
2571
2569
2568
2568
2567
2565
2563
2563
2562
2562
2562
2561
2559
2557
2554
2553
2552
2552
2552
2550
2550
2548
2548
2548
2547
2547
2546
2545
2545
2543
2542
2542
2541
2541
2538
2537
2537
2536
2533
2532
2532
2531
2530
2529
2527
2527
2526
2524
2524
2522
2522
2521
2520
2518
2518
2517
2517
2517
2517
2516
2516
2513
2512
2512
2508
2507
2505
2502
2502
2501
2500
2500
2499
2499
2498
2498
2497
2495
2495
2493
2491
2490
2489
2486
2486
2486
2485
2485
2483
2483
2482
2479
2479
2478
2476
2475
2475
2474
2473
2472
2468
2467
2466
2466
2465
2465
2465
2464
2464
2464
2463
2463
2462
2461
2461
2460
2459
2458
2458
2458
2458
2457
2455
2453
2453
2451
2449
2449
2447
2446
2445
2445
2444
2443
2442
2442
2442
2440
2440
2439
2439
2439
2439
2437
2437
2435
2434
2434
2433
2432
2431
2430
2430
2429
2429
2429
2429
2428
2428
2425
2425
2424
2424
2423
2423
2422
2422
2421
2420
2420
2419
2417
2417
2416
2416
2415
2412
2412
2411
2411
2410
2409
2406
2401
2400
2399
2398
2398
2396
2394
2393
2393
2392
2392
2392
2392
2390
2389
2386
2386
2385
2385
2384
2384
2382
2380
2377
2374
2374
2373
2370
2370
2369
2368
2367
2367
2366
2365
2363
2362
2361
2360
2360
2357
2356
2355
2354
2352
2352
2351
2351
2350
2349
2349
2347
2346
2345
2344
2344
2343
2343
2343
2338
2337
2337
2337
2336
2336
2334
2334
2333
2333
2332
2331
2330
2330
2329
2329
2328
2325
2324
2324
2321
2320
2319
2319
2319
2318
2316
2316
2316
2314
2313
2310
2310
2309
2309
2308
2306
2305
2305
2305
2305
2304
2303
2301
2300
2299
2299
2297
2297
2297
2296
2295
2293
2292
2290
2289
2287
2285
2283
2283
2282
2282
2282
2281
2281
2281
2278
2278
2276
2276
2276
2275
2274
2274
2274
2274
2272
2270
2269
2267
2265
2264
2264
2263
2262
2262
2262
2261
2260
2259
2259
2259
2259
2258
2255
2254
2254
2253
2252
2251
2249
2247
2247
2245
2244
2244
2243
2242
2240
2240
2240
2239
2237
2237
2236
2236
2235
2235
2235
2234
2233
2233
2233
2233
2231
2230
2230
2230
2228
2227
2227
2226
2224
2223
2223
2220
2219
2219
2219
2218
2217
2214
2213
2212
2212
2211
2211
2210
2209
2209
2208
2207
2205
2203
2201
2200
2199
2199
2199
2198
2198
2197
2196
2196
2195
2194
2194
2193
2192
2189
2189
2186
2185
2184
2183
2183
2179
2179
2179
2178
2174
2174
2172
2172
2172
2172
2168
2167
2166
2165
2162
2162
2161
2161
2160
2158
2158
2158
2158
2157
2157
2157
2157
2156
2156
2156
2153
2152
2152
2152
2151
2148
2145
2143
2141
2140
2139
2139
2137
2136
2134
2133
2130
2128
2127
2126
2126
2126
2123
2123
2123
2120
2118
2116
2114
2113
2111
2111
2109
2108
2108
2106
2106
2105
2105
2101
2099
2099
2096
2091
2091
2088
2087
2086
2086
2086
2083
2082
2082
2082
2081
2081
2080
2080
2079
2079
2079
2078
2077
2077
2077
2076
2075
2074
2073
2073
2073
2072
2072
2070
2067
2065
2063
2062
2061
2061
2060
2059
2058
2056
2056
2056
2055
2055
2054
2053
2053
2052
2052
2052
2050
2050
2048
2048
2047
2046
2045
2045
2045
2045
2045
2044
2044
2041
2040
2034
2033
2032
2031
2028
2028
2028
2028
2026
2026
2025
2025
2024
2023
2023
2023
2022
2022
2022
2021
2020
2018
2017
2017
2017
2017
2016
2016
2014
2013
2012
2011
2008
2007
2006
2006
2005
2003
2002
2002
2002
2001
2000
1999
1997
1995
1993
1993
1993
1992
1992
1990
1990
1989
1985
1985
1983
1982
1981
1980
1979
1978
1976
1976
1975
1974
1974
1974
1973
1972
1971
1969
1969
1968
1968
1965
1965
1964
1960
1957
1957
1955
1954
1954
1953
1952
1951
1951
1951
1950
1950
1947
1946
1943
1942
1942
1941
1941
1940
1940
1939
1939
1935
1935
1935
1932
1932
1930
1930
1927
1927
1926
1926
1925
1925
1924
1924
1922
1922
1919
1917
1916
1916
1916
1916
1913
1912
1912
1911
1910
1909
1908
1907
1906
1903
1903
1901
1901
1901
1901
1900
1900
1899
1898
1898
1896
1892
1892
1892
1891
1886
1886
1885
1883
1880
1879
1878
1877
1876
1876
1875
1874
1872
1871
1871
1870
1870
1868
1868
1867
1865
1865
1862
1861
1859
1857
1856
1856
1856
1854
1853
1852
1850
1850
1850
1846
1843
1843
1840
1839
1837
1837
1835
1833
1833
1833
1831
1830
1830
1829
1829
1827
1827
1826
1826
1826
1825
1825
1824
1823
1823
1823
1823
1822
1819
1816
1816
1814
1812
1812
1809
1808
1807
1804
1803
1801
1801
1800
1799
1798
1798
1798
1793
1793
1792
1792
1792
1791
1790
1789
1787
1786
1785
1783
1783
1781
1781
1779
1778
1778
1777
1775
1774
1773
1772
1770
1767
1767
1767
1766
1765
1764
1764
1761
1760
1758
1757
1755
1751
1751
1750
1749
1749
1748
1747
1746
1745
1745
1744
1743
1742
1739
1735
1733
1733
1732
1732
1732
1731
1730
1729
1728
1728
1726
1726
1726
1726
1725
1725
1725
1724
1721
1720
1718
1718
1717
1714
1714
1711
1711
1710
1709
1708
1707
1707
1706
1702
1702
1702
1701
1701
1701
1701
1700
1698
1698
1693
1690
1690
1689
1689
1687
1687
1687
1687
1686
1686
1685
1685
1684
1683
1682
1682
1680
1680
1679
1679
1679
1677
1676
1672
1672
1671
1670
1670
1670
1669
1668
1667
1667
1666
1666
1665
1664
1662
1661
1657
1657
1656
1656
1656
1656
1654
1654
1652
1650
1650
1648
1648
1647
1647
1645
1645
1644
1643
1640
1640
1640
1640
1640
1640
1637
1635
1635
1634
1634
1633
1631
1631
1631
1630
1629
1627
1622
1621
1620
1619
1619
1617
1616
1616
1615
1615
1614
1612
1611
1611
1610
1609
1609
1609
1607
1605
1605
1603
1603
1603
1602
1598
1595
1594
1593
1590
1587
1586
1586
1586
1585
1584
1582
1582
1581
1581
1579
1578
1577
1576
1576
1574
1573
1573
1572
1571
1569
1568
1568
1567
1564
1564
1563
1563
1562
1562
1560
1560
1559
1557
1556
1555
1551
1550
1549
1549
1548
1547
1546
1545
1543
1540
1534
1529
1527
1526
1526
1525
1525
1524
1524
1522
1521
1521
1521
1520
1518
1516
1516
1515
1514
1514
1513
1512
1511
1510
1509
1509
1508
1506
1506
1503
1503
1502
1501
1500
1499
1499
1495
1495
1494
1491
1491
1490
1489
1489
1488
1487
1486
1486
1482
1482
1482
1480
1478
1478
1477
1476
1474
1473
1471
1471
1468
1467
1465
1464
1463
1460
1460
1460
1457
1456
1454
1454
1453
1453
1449
1448
1446
1443
1441
1440
1438
1438
1436
1435
1432
1431
1431
1431
1431
1430
1430
1430
1429
1428
1427
1427
1425
1423
1422
1422
1421
1420
1419
1417
1417
1413
1413
1413
1410
1409
1409
1409
1408
1408
1406
1405
1402
1400
1400
1395
1392
1391
1389
1386
1386
1385
1384
1383
1383
1382
1381
1381
1381
1380
1380
1378
1376
1374
1374
1372
1372
1372
1371
1371
1370
1370
1369
1367
1366
1366
1356
1355
1353
1349
1348
1346
1345
1344
1343
1342
1342
1340
1339
1339
1337
1335
1334
1333
1333
1333
1332
1329
1329
1328
1324
1320
1318
1318
1317
1316
1315
1315
1313
1313
1312
1311
1311
1310
1308
1308
1307
1307
1307
1306
1306
1305
1304
1303
1302
1301
1301
1300
1299
1298
1294
1293
1291
1291
1287
1286
1285
1285
1285
1284
1283
1282
1282
1280
1280
1278
1277
1274
1274
1274
1273
1272
1271
1271
1270
1269
1268
1266
1265
1263
1263
1262
1260
1260
1258
1258
1256
1256
1256
1254
1254
1253
1251
1251
1250
1248
1245
1245
1243
1241
1241
1240
1238
1237
1236
1236
1234
1233
1233
1231
1231
1229
1228
1227
1226
1226
1222
1220
1219
1215
1214
1211
1211
1210
1210
1209
1208
1208
1207
1207
1204
1204
1203
1202
1201
1200
1199
1196
1195
1194
1194
1193
1193
1193
1192
1191
1191
1189
1189
1188
1187
1187
1186
1183
1183
1182
1181
1181
1179
1178
1178
1178
1176
1175
1174
1174
1173
1171
1170
1170
1170
1170
1169
1168
1164
1164
1163
1163
1161
1159
1158
1157
1157
1156
1156
1155
1155
1154
1151
1149
1149
1143
1142
1141
1141
1140
1137
1137
1136
1136
1133
1131
1131
1131
1131
1129
1129
1129
1128
1128
1123
1122
1122
1122
1121
1120
1119
1118
1116
1114
1113
1112
1112
1112
1110
1110
1108
1108
1108
1106
1103
1103
1101
1101
1099
1099
1099
1097
1097
1096
1094
1092
1091
1088
1086
1085
1085
1085
1084
1083
1083
1083
1082
1080
1080
1077
1077
1077
1077
1076
1075
1074
1074
1073
1073
1070
1068
1067
1067
1066
1066
1065
1064
1063
1061
1059
1059
1058
1058
1057
1055
1053
1053
1052
1052
1051
1050
1048
1048
1047
1047
1044
1043
1042
1041
1039
1038
1036
1036
1034
1034
1032
1031
1030
1029
1027
1027
1026
1024
1023
1020
1020
1017
1017
1016
1015
1014
1013
1013
1012
1011
1011
1010
1008
1007
1004
1000
1000
1000
999
996
996
992
991
991
991
991
991
990
990
988
988
987
986
985
985
984
982
982
981
981
981
980
980
978
976
976
976
975
973
971
969
968
966
965
964
964
962
961
961
960
959
958
958
957
956
955
955
953
953
952
952
951
951
950
950
948
946
945
943
941
940
940
940
940
939
939
938
938
935
934
933
933
929
929
928
927
923
922
920
920
919
919
918
917
917
917
915
914
913
913
911
911
911
911
910
910
910
910
909
906
905
905
904
904
904
902
902
902
901
900
896
894
894
891
889
888
887
886
885
885
885
884
884
879
879
878
878
875
873
872
871
870
868
865
864
860
860
860
859
859
858
858
856
855
854
854
853
853
851
849
849
848
847
846
845
842
841
837
834
834
832
832
828
827
826
825
824
824
823
823
821
821
821
820
820
820
820
820
819
819
818
816
816
816
813
813
812
812
811
808
807
807
805
804
803
803
798
797
797
796
795
794
794
793
790
790
789
789
788
788
787
786
785
783
783
782
782
782
779
778
775
775
775
773
771
770
769
768
767
767
764
763
760
760
758
758
756
756
753
753
750
749
746
744
743
742
742
741
741
740
739
736
736
735
733
732
732
730
729
729
728
727
726
726
724
723
721
718
717
717
717
715
714
713
713
711
711
710
710
709
708
707
706
705
703
703
703
703
703
701
700
698
697
697
697
696
693
688
688
688
687
685
685
684
684
683
683
682
681
680
679
678
677
676
674
674
672
672
670
669
669
668
668
666
666
665
664
662
662
661
660
658
658
655
654
654
653
651
650
649
649
648
647
647
647
645
643
643
640
640
639
637
636
634
634
633
633
631
630
630
629
629
629
628
627
626
624
624
623
622
621
620
619
618
618
617
615
615
613
612
611
610
610
610
608
604
603
603
602
599
595
594
593
593
592
592
592
591
589
589
588
588
588
587
587
587
585
582
582
579
579
578
576
575
575
574
574
572
571
570
569
568
568
567
564
564
562
561
561
561
561
560
560
560
555
554
554
552
552
552
550
547
546
545
545
544
544
542
542
538
537
537
535
535
534
534
533
530
529
528
528
525
524
523
523
523
521
521
520
519
518
517
515
514
513
513
512
511
510
508
507
506
506
506
505
504
504
502
500
499
498
497
496
493
493
493
492
492
492
489
489
489
489
488
487
486
483
482
481
480
479
478
476
476
476
475
474
472
470
468
467
466
465
465
465
464
463
462
460
459
458
457
455
455
454
454
454
454
453
452
452
452
451
451
450
450
450
449
448
447
446
446
445
445
445
442
441
441
438
436
435
435
435
432
432
429
429
426
425
424
423
422
422
421
421
420
418
417
416
416
413
413
413
411
411
410
410
409
409
407
407
406
405
404
403
401
400
398
397
396
396
394
394
393
391
389
388
388
386
386
385
384
384
383
383
381
379
379
375
372
371
370
370
366
366
365
364
364
360
360
357
357
357
356
356
355
353
352
351
351
350
349
349
348
348
348
346
346
342
342
341
341
341
340
339
338
336
335
334
334
334
333
332
331
330
330
330
329
328
327
327
326
326
326
325
324
324
324
324
322
321
321
320
319
318
318
318
317
316
316
314
314
312
311
309
309
308
308
308
306
304
303
303
302
301
300
299
298
297
295
294
294
293
292
290
290
289
288
284
284
282
280
279
277
276
276
276
275
273
273
271
268
267
267
266
266
266
265
264
261
261
261
260
259
259
258
257
257
252
252
252
251
250
249
248
247
245
245
244
244
243
243
241
240
239
237
235
232
230
229
229
228
225
223
223
222
219
218
215
212
210
210
210
210
209
208
207
206
206
204
204
202
202
202
201
201
200
197
197
196
194
194
193
193
193
188
187
186
186
185
185
184
182
181
181
181
180
180
180
179
179
175
174
173
173
172
172
170
169
168
166
165
164
163
163
160
158
156
156
152
151
151
151
150
150
147
143
142
141
140
139
139
138
138
137
137
136
134
133
132
132
132
131
131
130
129
126
125
121
120
118
117
117
117
116
116
115
114
114
113
112
112
111
111
109
108
108
105
105
101
100
100
99
99
98
98
97
97
96
95
95
94
93
93
92
92
92
92
91
89
88
87
86
85
85
84
82
82
81
81
80
78
78
77
77
77
75
75
74
74
74
73
73
71
69
69
69
68
68
67
65
63
62
61
60
60
59
59
59
58
57
56
56
56
56
55
54
51
49
49
48
46
42
42
42
41
41
40
40
38
37
35
34
34
31
31
30
29
29
28
27
27
27
25
25
24
22
22
21
20
17
16
15
13
13
11
10
10
10
10
8
6
5
5
2
1
0
0