49999
49999
49998
49997
49996
49995
49994
49994
49993
49992
49991
49991
49987
49987
49986
49984
49983
49983
49982
49982
49981
49981
49979
49979
49979
49978
49978
49976
49974
49974
49974
49972
49972
49971
49970
49970
49969
49969
49967
49967
49966
49964
49963
49959
49958
49958
49954
49954
49952
49952
49950
49949
49948
49948
49946
49945
49944
49944
49943
49939
49939
49938
49937
49933
49933
49932
49930
49929
49929
49926
49924
49923
49922
49919
49918
49917
49917
49916
49916
49916
49916
49914
49914
49912
49912
49911
49911
49910
49908
49908
49907
49907
49905
49905
49905
49905
49903
49903
49902
49901
49901
49901
49897
49895
49894
49894
49893
49893
49892
49892
49892
49890
49889
49889
49889
49885
49880
49878
49877
49876
49875
49874
49874
49874
49873
49873
49872
49871
49867
49864
49862
49861
49861
49859
49858
49858
49858
49857
49855
49854
49854
49852
49851
49850
49849
49849
49849
49849
49849
49847
49846
49846
49846
49846
49846
49844
49844
49842
49840
49839
49839
49838
49835
49835
49833
49832
49831
49830
49830
49829
49828
49828
49827
49827
49827
49827
49826
49820
49818
49816
49814
49814
49813
49813
49811
49810
49809
49809
49807
49805
49804
49801
49801
49799
49799
49798
49798
49797
49794
49794
49794
49793
49793
49793
49790
49789
49788
49786
49785
49784
49783
49781
49780
49778
49777
49776
49775
49772
49770
49770
49770
49769
49769
49769
49769
49767
49766
49764
49764
49763
49763
49763
49762
49761
49760
49759
49758
49758
49757
49756
49752
49751
49748
49748
49748
49746
49746
49746
49745
49745
49744
49743
49742
49740
49739
49735
49735
49734
49734
49732
49731
49727
49726
49723
49717
49717
49716
49716
49714
49713
49713
49712
49711
49711
49711
49707
49706
49705
49704
49704
49703
49702
49701
49701
49701
49700
49699
49698
49698
49695
49694
49694
49692
49692
49691
49690
49690
49688
49687
49684
49683
49683
49681
49681
49680
49679
49677
49677
49677
49677
49676
49676
49674
49673
49670
49669
49666
49664
49662
49661
49659
49659
49658
49658
49657
49656
49653
49651
49651
49651
49650
49650
49650
49649
49649
49648
49647
49647
49646
49645
49643
49642
49640
49640
49639
49635
49632
49630
49629
49627
49626
49626
49625
49625
49623
49619
49619
49617
49616
49616
49616
49614
49613
49611
49611
49610
49608
49607
49604
49603
49602
49601
49600
49598
49598
49597
49596
49594
49594
49594
49593
49593
49593
49592
49591
49591
49591
49585
49585
49585
49585
49584
49583
49583
49582
49577
49576
49576
49575
49574
49573
49573
49573
49573
49571
49571
49570
49567
49566
49566
49565
49562
49561
49560
49559
49558
49557
49556
49556
49556
49555
49552
49552
49551
49548
49548
49548
49546
49544
49543
49543
49542
49541
49539
49535
49534
49533
49533
49533
49532
49532
49532
49531
49531
49528
49527
49526
49525
49522
49522
49522
49520
49518
49518
49517
49517
49516
49516
49515
49513
49513
49510
49509
49507
49507
49507
49507
49507
49506
49505
49504
49503
49502
49500
49499
49498
49498
49498
49496
49492
49492
49489
49489
49487
49487
49487
49486
49485
49484
49482
49480
49480
49479
49478
49477
49476
49476
49476
49474
49471
49471
49471
49470
49469
49468
49466
49466
49465
49459
49458
49458
49458
49457
49455
49454
49454
49454
49450
49450
49449
49447
49447
49446
49446
49445
49443
49443
49442
49441
49440
49439
49436
49434
49433
49432
49432
49431
49428
49428
49428
49428
49426
49426
49425
49425
49424
49424
49423
49422
49421
49421
49421
49420
49420
49418
49415
49414
49410
49409
49409
49409
49408
49408
49408
49408
49407
49407
49405
49404
49404
49404
49399
49399
49399
49398
49398
49398
49396
49396
49392
49391
49391
49388
49388
49387
49387
49385
49384
49380
49379
49377
49376
49374
49374
49374
49373
49372
49372
49371
49368
49366
49366
49364
49363
49362
49359
49359
49359
49357
49356
49356
49356
49355
49355
49354
49354
49353
49351
49350
49350
49349
49348
49348
49348
49347
49345
49345
49345
49344
49343
49342
49342
49340
49340
49337
49336
49335
49335
49335
49334
49333
49331
49331
49328
49328
49328
49326
49326
49325
49324
49324
49324
49323
49318
49318
49316
49313
49313
49310
49309
49307
49307
49306
49305
49305
49304
49298
49298
49297
49297
49296
49295
49295
49295
49295
49294
49292
49292
49292
49292
49292
49290
49290
49288
49288
49287
49287
49286
49285
49285
49284
49283
49282
49281
49280
49280
49280
49279
49278
49278
49277
49277
49276
49274
49274
49274
49273
49272
49272
49271
49271
49270
49270
49270
49269
49268
49268
49267
49267
49266
49266
49265
49265
49264
49263
49262
49262
49261
49261
49261
49260
49257
49257
49255
49254
49254
49251
49250
49248
49248
49247
49246
49246
49246
49246
49245
49244
49242
49241
49241
49240
49239
49235
49235
49234
49234
49234
49234
49233
49233
49232
49231
49229
49229
49229
49227
49227
49226
49223
49223
49222
49221
49221
49219
49219
49218
49218
49216
49216
49212
49209
49209
49208
49206
49206
49206
49206
49205
49204
49203
49203
49202
49202
49202
49201
49201
49201
49200
49197
49197
49197
49197
49196
49196
49192
49191
49189
49186
49186
49185
49184
49184
49182
49182
49181
49181
49181
49180
49180
49179
49178
49175
49174
49172
49172
49171
49169
49169
49169
49167
49166
49166
49166
49164
49160
49158
49155
49154
49154
49151
49149
49148
49147
49147
49147
49147
49145
49144
49144
49144
49143
49143
49143
49143
49142
49141
49139
49139
49139
49139
49138
49135
49135
49133
49133
49133
49132
49132
49131
49130
49128
49126
49124
49124
49123
49123
49123
49123
49122
49121
49119
49115
49114
49113
49112
49112
49111
49108
49108
49107
49107
49106
49105
49103
49101
49100
49100
49100
49100
49098
49097
49096
49095
49095
49094
49093
49092
49091
49090
49089
49088
49088
49087
49087
49086
49085
49083
49082
49082
49081
49080
49079
49076
49074
49073
49072
49072
49071
49070
49068
49066
49064
49064
49062
49061
49059
49058
49056
49056
49055
49055
49055
49054
49054
49053
49053
49052
49052
49052
49052
49050
49049
49048
49047
49046
49046
49046
49045
49043
49042
49042
49040
49040
49038
49037
49036
49036
49032
49031
49030
49029
49024
49023
49019
49019
49016
49015
49015
49014
49013
49012
49011
49011
49009
49009
49008
49008
49007
49007
49007
49006
49006
49004
49003
49002
49002
48999
48996
48993
48993
48991
48990
48987
48986
48984
48984
48981
48981
48980
48979
48978
48978
48977
48977
48975
48974
48974
48973
48973
48973
48972
48971
48970
48969
48969
48969
48967
48967
48965
48965
48965
48964
48962
48961
48960
48960
48958
48958
48956
48955
48954
48951
48950
48947
48947
48946
48944
48944
48943
48943
48943
48942
48941
48940
48940
48939
48938
48936
48934
48934
48933
48932
48931
48931
48931
48930
48927
48926
48926
48925
48924
48923
48921
48921
48920
48920
48920
48920
48916
48914
48910
48910
48910
48909
48908
48905
48904
48904
48904
48901
48901
48900
48899
48898
48897
48896
48896
48894
48893
48892
48892
48892
48890
48888
48888
48886
48885
48885
48885
48884
48883
48882
48881
48881
48878
48878
48877
48875
48874
48874
48872
48870
48867
48864
48864
48863
48859
48859
48858
48857
48857
48856
48855
48854
48853
48852
48852
48851
48849
48849
48847
48844
48843
48841
48841
48839
48838
48836
48835
48835
48835
48833
48833
48832
48832
48831
48829
48829
48828
48826
48825
48825
48823
48823
48823
48822
48821
48821
48820
48819
48816
48815
48812
48811
48810
48810
48809
48808
48808
48807
48806
48805
48805
48803
48802
48802
48799
48798
48796
48796
48795
48795
48793
48792
48792
48791
48791
48790
48789
48789
48789
48787
48786
48784
48784
48783
48783
48783
48780
48780
48776
48776
48773
48772
48771
48770
48769
48769
48769
48768
48766
48765
48765
48765
48765
48764
48763
48761
48760
48760
48757
48757
48756
48754
48753
48753
48751
48750
48749
48746
48746
48745
48744
48743
48741
48738
48737
48736
48735
48733
48730
48730
48730
48730
48730
48730
48729
48729
48728
48727
48726
48726
48726
48725
48725
48724
48723
48723
48719
48718
48717
48716
48715
48713
48711
48710
48709
48708
48707
48706
48705
48705
48702
48702
48700
48700
48698
48698
48696
48693
48692
48689
48689
48687
48687
48686
48686
48685
48683
48682
48682
48681
48680
48678
48676
48676
48675
48674
48672
48671
48671
48670
48670
48666
48666
48666
48666
48663
48661
48659
48657
48657
48656
48655
48655
48653
48653
48651
48651
48650
48646
48646
48646
48644
48643
48641
48640
48639
48639
48638
48637
48637
48636
48636
48634
48634
48634
48634
48633
48631
48630
48629
48629
48628
48628
48627
48625
48625
48624
48624
48623
48622
48620
48619
48618
48616
48616
48615
48615
48614
48613
48612
48611
48610
48609
48609
48609
48608
48607
48607
48607
48606
48606
48604
48603
48601
48601
48597
48597
48595
48595
48595
48595
48595
48594
48591
48589
48588
48587
48585
48585
48584
48583
48581
48581
48580
48580
48577
48576
48575
48571
48571
48571
48570
48569
48569
48568
48568
48568
48568
48566
48565
48563
48562
48562
48562
48560
48559
48559
48558
48558
48557
48557
48554
48550
48549
48547
48546
48545
48545
48544
48542
48542
48542
48541
48541
48540
48540
48540
48540
48539
48539
48538
48536
48536
48536
48535
48534
48534
48533
48533
48532
48530
48529
48529
48529
48528
48528
48525
48523
48523
48523
48522
48520
48519
48518
48518
48516
48516
48516
48515
48514
48514
48514
48513
48513
48512
48511
48510
48510
48510
48510
48508
48508
48507
48507
48506
48505
48504
48504
48503
48502
48502
48501
48501
48500
48498
48498
48497
48496
48496
48493
48493
48492
48492
48491
48490
48489
48486
48485
48484
48484
48482
48482
48481
48480
48480
48478
48478
48475
48474
48473
48472
48472
48471
48471
48470
48469
48468
48468
48467
48467
48465
48465
48463
48462
48462
48461
48459
48459
48459
48458
48456
48455
48454
48453
48451
48451
48450
48450
48449
48449
48448
48448
48447
48446
48444
48443
48442
48440
48439
48438
48436
48435
48434
48434
48434
48431
48427
48427
48427
48427
48427
48426
48425
48425
48424
48424
48422
48421
48421
48421
48420
48420
48420
48419
48418
48416
48416
48415
48414
48413
48413
48413
48412
48412
48411
48411
48409
48409
48408
48405
48405
48404
48401
48400
48399
48396
48395
48392
48390
48390
48388
48388
48387
48387
48387
48384
48384
48384
48383
48381
48381
48381
48381
48378
48375
48375
48375
48372
48372
48371
48369
48369
48366
48366
48363
48362
48360
48359
48359
48358
48358
48358
48357
48355
48351
48351
48351
48350
48348
48348
48347
48346
48345
48344
48344
48344
48344
48342
48341
48340
48339
48337
48336
48330
48327
48327
48324
48324
48323
48322
48322
48321
48321
48321
48320
48320
48319
48318
48318
48317
48316
48315
48314
48314
48314
48309
48309
48308
48308
48306
48305
48304
48304
48303
48303
48302
48301
48300
48299
48299
48298
48295
48294
48294
48293
48292
48291
48288
48285
48284
48284
48282
48282
48282
48278
48276
48276
48275
48274
48273
48272
48272
48272
48272
48269
48268
48263
48263
48262
48262
48262
48261
48260
48259
48259
48256
48256
48256
48256
48255
48255
48255
48254
48251
48248
48248
48246
48246
48245
48244
48243
48240
48239
48237
48236
48234
48234
48234
48228
48221
48220
48220
48217
48216
48213
48211
48209
48209
48207
48207
48207
48206
48206
48206
48204
48204
48203
48202
48200
48198
48196
48195
48193
48190
48189
48188
48188
48188
48188
48187
48187
48185
48184
48182
48182
48181
48180
48179
48178
48178
48178
48176
48174
48174
48172
48171
48171
48171
48170
48169
48168
48167
48167
48167
48167
48165
48162
48161
48161
48160
48158
48156
48156
48154
48153
48153
48152
48151
48150
48149
48149
48149
48148
48146
48144
48142
48142
48140
48139
48139
48138
48136
48136
48133
48132
48132
48130
48130
48130
48129
48128
48125
48124
48123
48123
48123
48122
48120
48120
48119
48118
48116
48115
48114
48114
48112
48111
48111
48111
48111
48110
48108
48107
48103
48102
48101
48101
48101
48100
48099
48099
48097
48096
48095
48094
48094
48092
48088
48087
48087
48087
48086
48085
48085
48084
48084
48082
48082
48081
48080
48079
48077
48074
48073
48072
48072
48070
48070
48069
48067
48066
48064
48063
48063
48062
48058
48055
48055
48054
48054
48054
48053
48051
48050
48047
48046
48045
48044
48043
48042
48040
48039
48036
48036
48035
48034
48034
48033
48033
48032
48030
48029
48029
48029
48029
48028
48028
48026
48026
48026
48025
48024
48022
48021
48021
48020
48019
48017
48017
48016
48015
48013
48012
48012
48009
48008
48006
48006
48005
48005
48004
48004
48003
48001
48000
47998
47998
47997
47997
47996
47996
47995
47990
47988
47987
47987
47986
47985
47983
47982
47982
47981
47981
47981
47981
47979
47979
47978
47978
47976
47976
47973
47973
47972
47971
47971
47970
47969
47969
47969
47967
47966
47965
47963
47963
47960
47959
47958
47958
47957
47957
47956
47956
47954
47953
47953
47952
47948
47948
47945
47943
47941
47940
47938
47937
47936
47935
47935
47935
47933
47933
47933
47931
47930
47929
47929
47927
47926
47926
47925
47924
47923
47923
47921
47921
47920
47917
47917
47916
47915
47914
47913
47911
47911
47909
47909
47907
47907
47906
47905
47904
47903
47902
47901
47900
47899
47899
47898
47898
47898
47897
47894
47893
47892
47891
47891
47889
47888
47888
47887
47887
47885
47885
47885
47882
47882
47881
47881
47880
47879
47879
47877
47876
47875
47874
47874
47873
47872
47871
47871
47870
47870
47867
47867
47865
47864
47864
47863
47862
47861
47860
47859
47857
47857
47855
47855
47854
47854
47854
47853
47851
47850
47849
47849
47848
47848
47847
47847
47847
47846
47846
47845
47844
47843
47843
47841
47840
47840
47840
47835
47833
47831
47830
47830
47829
47829
47829
47828
47825
47825
47823
47822
47820
47819
47819
47819
47817
47817
47817
47815
47813
47812
47811
47808
47805
47804
47803
47803
47803
47802
47800
47794
47793
47791
47791
47790
47789
47789
47789
47788
47788
47788
47788
47788
47786
47785
47783
47782
47781
47781
47780
47777
47776
47776
47775
47773
47771
47770
47769
47769
47768
47767
47765
47762
47762
47761
47761
47759
47759
47759
47757
47755
47753
47753
47752
47752
47752
47751
47750
47750
47749
47748
47747
47745
47745
47742
47741
47741
47740
47740
47738
47734
47733
47729
47728
47727
47727
47723
47722
47722
47722
47721
47721
47721
47721
47720
47720
47719
47719
47719
47716
47715
47714
47712
47710
47710
47708
47706
47704
47704
47703
47701
47701
47700
47699
47699
47696
47694
47693
47693
47690
47688
47688
47688
47687
47685
47685
47684
47684
47682
47681
47680
47680
47680
47679
47679
47678
47678
47676
47676
47675
47674
47672
47671
47669
47668
47666
47664
47662
47662
47660
47660
47659
47657
47657
47654
47652
47652
47647
47646
47644
47642
47642
47641
47641
47640
47639
47636
47636
47636
47636
47635
47635
47630
47630
47627
47626
47626
47622
47622
47621
47620
47620
47619
47618
47618
47618
47617
47617
47616
47615
47615
47615
47615
47614
47614
47613
47613
47613
47612
47612
47612
47610
47608
47608
47607
47607
47606
47605
47605
47604
47603
47602
47602
47600
47599
47599
47599
47599
47598
47597
47597
47597
47596
47595
47594
47594
47593
47593
47593
47593
47590
47588
47587
47585
47585
47584
47584
47581
47579
47576
47576
47573
47573
47573
47573
47568
47568
47567
47565
47564
47563
47562
47561
47561
47559
47559
47556
47554
47553
47552
47552
47552
47551
47551
47551
47550
47549
47547
47546
47543
47543
47541
47541
47540
47538
47536
47536
47536
47536
47535
47534
47534
47534
47533
47533
47533
47531
47531
47530
47529
47527
47527
47525
47524
47523
47523
47522
47522
47521
47520
47520
47518
47517
47517
47517
47517
47515
47515
47514
47514
47513
47513
47513
47513
47512
47511
47510
47510
47510
47508
47506
47504
47504
47504
47503
47501
47499
47498
47497
47497
47495
47495
47495
47494
47494
47493
47487
47487
47486
47485
47483
47482
47480
47480
47479
47479
47475
47475
47475
47475
47474
47470
47469
47469
47468
47467
47467
47467
47466
47465
47465
47464
47463
47463
47462
47461
47461
47460
47460
47459
47458
47458
47457
47454
47453
47453
47452
47451
47451
47449
47448
47447
47446
47445
47443
47443
47439
47439
47439
47438
47437
47437
47437
47437
47433
47432
47431
47427
47427
47425
47425
47425
47424
47421
47419
47416
47415
47415
47414
47414
47414
47413
47413
47412
47412
47410
47409
47409
47408
47408
47407
47406
47403
47403
47402
47402
47399
47399
47399
47399
47399
47399
47398
47396
47395
47395
47394
47392
47391
47388
47387
47386
47385
47385
47385
47385
47384
47383
47382
47381
47381
47379
47376
47376
47374
47373
47372
47371
47371
47370
47370
47370
47369
47368
47367
47364
47364
47363
47363
47362
47361
47360
47358
47356
47356
47352
47352
47351
47351
47350
47349
47348
47348
47346
47345
47342
47341
47340
47339
47335
47335
47334
47333
47329
47328
47325
47324
47324
47324
47323
47323
47322
47322
47322
47319
47319
47319
47318
47317
47316
47315
47315
47315
47312
47311
47311
47311
47310
47308
47306
47305
47304
47303
47303
47302
47302
47302
47296
47296
47293
47292
47289
47288
47285
47284
47284
47283
47282
47281
47281
47279
47278
47276
47276
47274
47273
47272
47270
47269
47267
47265
47265
47264
47264
47263
47262
47259
47257
47257
47256
47253
47253
47252
47250
47249
47248
47247
47247
47247
47247
47247
47246
47246
47245
47244
47244
47244
47243
47242
47240
47240
47234
47233
47233
47232
47232
47231
47230
47230
47229
47225
47223
47220
47220
47218
47218
47214
47213
47213
47213
47211
47211
47210
47209
47209
47209
47206
47206
47204
47204
47203
47203
47201
47201
47199
47199
47197
47196
47196
47195
47193
47193
47193
47192
47191
47190
47187
47183
47182
47176
47176
47175
47174
47173
47171
47165
47164
47164
47163
47162
47161
47161
47161
47160
47158
47157
47156
47156
47155
47155
47153
47153
47150
47150
47150
47148
47147
47146
47145
47143
47142
47142
47141
47140
47137
47135
47135
47133
47132
47130
47130
47130
47128
47127
47126
47125
47123
47123
47122
47122
47121
47121
47121
47120
47118
47115
47115
47114
47114
47114
47114
47112
47110
47100
47100
47099
47097
47097
47096
47096
47095
47095
47095
47094
47091
47090
47090
47085
47083
47082
47081
47079
47079
47079
47078
47078
47078
47077
47075
47075
47074
47072
47072
47070
47069
47069
47069
47068
47068
47067
47065
47065
47063
47062
47062
47062
47061
47061
47060
47060
47060
47058
47058
47057
47056
47056
47054
47054
47053
47053
47053
47052
47051
47051
47051
47050
47048
47048
47047
47047
47046
47045
47044
47044
47043
47042
47042
47042
47041
47036
47036
47035
47034
47033
47033
47033
47032
47031
47030
47030
47030
47030
47029
47029
47029
47028
47028
47028
47026
47025
47022
47022
47022
47020
47018
47018
47017
47017
47015
47014
47013
47012
47012
47011
47009
47009
47008
47008
47007
47007
47007
47007
47006
47005
47002
47002
47001
46999
46999
46997
46997
46996
46996
46996
46994
46994
46992
46992
46991
46991
46990
46987
46985
46983
46982
46980
46980
46979
46979
46979
46978
46978
46977
46974
46974
46974
46972
46968
46968
46965
46965
46963
46963
46961
46960
46960
46958
46956
46954
46954
46954
46953
46952
46952
46952
46952
46951
46951
46950
46950
46947
46947
46946
46944
46941
46940
46938
46937
46937
46937
46937
46936
46934
46932
46932
46930
46929
46927
46927
46925
46925
46924
46923
46919
46917
46915
46915
46915
46912
46911
46910
46909
46909
46908
46908
46908
46906
46904
46904
46903
46903
46903
46902
46899
46899
46897
46897
46897
46897
46896
46894
46893
46891
46890
46889
46886
46886
46886
46885
46884
46883
46883
46883
46880
46876
46875
46874
46873
46872
46871
46869
46866
46864
46863
46863
46860
46859
46857
46857
46857
46856
46855
46854
46854
46854
46849
46848
46848
46846
46846
46845
46844
46843
46842
46840
46840
46839
46839
46838
46837
46836
46835
46833
46832
46831
46829
46826
46826
46824
46824
46823
46823
46820
46819
46817
46814
46812
46812
46811
46811
46809
46808
46807
46806
46804
46804
46803
46803
46803
46801
46797
46794
46793
46792
46791
46790
46789
46789
46788
46788
46788
46788
46787
46787
46787
46787
46784
46783
46783
46780
46777
46776
46775
46775
46774
46773
46772
46771
46770
46769
46768
46765
46764
46763
46760
46760
46760
46760
46758
46757
46757
46757
46757
46755
46755
46754
46754
46749
46749
46745
46743
46743
46741
46740
46740
46739
46738
46736
46732
46731
46731
46731
46729
46728
46725
46724
46722
46721
46719
46719
46718
46717
46716
46716
46716
46715
46714
46711
46709
46708
46706
46705
46704
46701
46699
46699
46699
46697
46695
46694
46693
46693
46692
46692
46691
46691
46691
46690
46690
46688
46688
46687
46687
46687
46685
46685
46684
46684
46684
46682
46682
46681
46680
46680
46680
46680
46678
46677
46676
46676
46675
46675
46675
46675
46673
46671
46668
46668
46667
46667
46662
46661
46660
46656
46656
46656
46655
46655
46654
46653
46652
46649
46646
46645
46643
46643
46643
46640
46639
46639
46639
46636
46636
46634
46634
46633
46632
46631
46631
46630
46629
46629
46626
46626
46625
46625
46622
46622
46622
46621
46620
46618
46617
46616
46616
46615
46615
46615
46613
46613
46610
46609
46609
46609
46608
46607
46606
46605
46605
46601
46601
46601
46600
46599
46597
46594
46594
46593
46593
46593
46591
46591
46590
46589
46588
46588
46587
46586
46585
46585
46585
46584
46583
46583
46583
46582
46582
46582
46581
46579
46579
46578
46578
46578
46578
46577
46575
46575
46574
46574
46574
46573
46571
46570
46568
46567
46567
46566
46566
46565
46565
46565
46563
46562
46561
46561
46561
46560
46559
46554
46551
46550
46549
46547
46546
46545
46543
46542
46542
46540
46540
46540
46539
46537
46536
46536
46536
46532
46531
46531
46529
46524
46523
46523
46521
46521
46521
46521
46518
46517
46515
46514
46511
46510
46510
46510
46510
46510
46509
46507
46507
46506
46506
46505
46501
46501
46501
46499
46497
46497
46497
46496
46495
46494
46493
46492
46492
46492
46489
46489
46488
46487
46487
46485
46484
46483
46483
46483
46482
46482
46481
46481
46481
46481
46480
46479
46479
46477
46476
46476
46474
46474
46472
46470
46469
46469
46469
46468
46468
46467
46466
46466
46466
46465
46465
46465
46460
46456
46456
46456
46454
46454
46453
46452
46452
46450
46450
46449
46449
46449
46448
46448
46448
46448
46447
46446
46445
46445
46442
46441
46439
46438
46437
46437
46436
46435
46434
46434
46433
46432
46431
46428
46427
46426
46425
46425
46425
46424
46423
46422
46417
46417
46416
46416
46416
46413
46412
46411
46411
46411
46411
46409
46408
46408
46408
46406
46405
46404
46403
46401
46400
46399
46395
46394
46393
46390
46388
46388
46387
46385
46382
46382
46381
46380
46380
46379
46378
46378
46378
46376
46376
46376
46375
46375
46375
46374
46373
46372
46367
46367
46366
46366
46364
46363
46362
46360
46360
46359
46359
46359
46359
46353
46352
46352
46351
46351
46351
46350
46349
46347
46347
46346
46345
46342
46342
46341
46340
46339
46337
46336
46336
46334
46333
46332
46329
46329
46328
46326
46323
46321
46320
46319
46319
46317
46314
46314
46313
46312
46311
46311
46311
46311
46308
46307
46306
46305
46305
46304
46303
46303
46301
46300
46299
46298
46298
46296
46294
46294
46293
46291
46290
46289
46288
46287
46286
46285
46285
46283
46283
46281
46278
46277
46276
46275
46274
46274
46273
46273
46270
46269
46269
46267
46267
46266
46266
46265
46265
46265
46264
46263
46261
46260
46259
46258
46258
46257
46257
46256
46256
46253
46250
46250
46250
46249
46249
46248
46246
46246
46245
46244
46242
46241
46241
46239
46239
46238
46238
46237
46233
46233
46232
46230
46230
46229
46229
46229
46227
46226
46225
46225
46223
46222
46220
46220
46215
46214
46213
46213
46211
46210
46210
46210
46207
46206
46206
46205
46204
46204
46203
46203
46202
46200
46200
46199
46197
46196
46195
46195
46194
46194
46192
46189
46186
46186
46181
46181
46181
46180
46177
46176
46176
46175
46174
46173
46172
46171
46169
46168
46167
46167
46167
46165
46165
46160
46158
46158
46157
46155
46155
46155
46155
46153
46150
46149
46148
46147
46147
46146
46144
46143
46139
46138
46138
46138
46137
46136
46136
46135
46134
46133
46132
46132
46131
46130
46129
46127
46126
46126
46125
46124
46124
46123
46123
46123
46123
46121
46120
46118
46118
46117
46117
46115
46115
46114
46114
46113
46113
46112
46111
46109
46107
46106
46106
46105
46104
46104
46104
46104
46101
46098
46098
46097
46096
46095
46093
46093
46092
46091
46088
46088
46087
46087
46086
46085
46078
46078
46076
46074
46073
46072
46071
46070
46070
46069
46069
46068
46067
46066
46065
46064
46063
46062
46060
46060
46060
46053
46053
46052
46050
46050
46048
46048
46048
46048
46048
46046
46042
46042
46042
46042
46040
46040
46037
46036
46036
46035
46035
46035
46033
46032
46030
46028
46028
46025
46024
46024
46022
46022
46021
46019
46018
46017
46016
46015
46014
46012
46012
46006
46006
46006
46006
46006
46006
46005
46005
46005
46003
46003
46003
46003
46003
46002
46002
46000
45999
45997
45997
45997
45997
45995
45994
45994
45992
45992
45992
45991
45988
45988
45987
45986
45983
45981
45981
45979
45975
45975
45975
45975
45973
45972
45971
45970
45968
45968
45966
45962
45962
45960
45960
45959
45958
45956
45956
45954
45952
45951
45951
45950
45948
45948
45948
45947
45947
45946
45946
45946
45945
45943
45940
45938
45937
45937
45936
45936
45935
45934
45933
45933
45932
45930
45929
45926
45925
45924
45924
45923
45922
45919
45918
45918
45917
45916
45915
45911
45911
45909
45908
45906
45906
45902
45902
45902
45901
45899
45898
45897
45896
45894
45894
45893
45893
45892
45891
45891
45890
45889
45889
45889
45888
45887
45887
45886
45886
45883
45883
45880
45879
45879
45878
45877
45877
45875
45875
45873
45873
45872
45868
45867
45867
45866
45865
45865
45863
45859
45859
45857
45856
45855
45854
45853
45852
45849
45849
45849
45847
45847
45847
45847
45846
45846
45846
45843
45843
45843
45839
45838
45838
45838
45837
45837
45833
45831
45830
45829
45826
45824
45824
45823
45823
45823
45820
45820
45820
45819
45818
45817
45815
45813
45813
45810
45809
45807
45807
45806
45805
45803
45803
45803
45803
45801
45801
45800
45799
45799
45797
45797
45797
45796
45794
45791
45789
45789
45789
45788
45788
45788
45787
45787
45786
45784
45784
45784
45783
45782
45782
45782
45781
45778
45777
45775
45775
45775
45773
45773
45771
45771
45770
45769
45768
45768
45767
45766
45766
45765
45765
45764
45764
45762
45762
45762
45761
45761
45760
45759
45755
45755
45755
45753
45753
45752
45751
45751
45750
45750
45750
45750
45747
45747
45745
45745
45745
45743
45742
45741
45741
45739
45737
45733
45732
45730
45730
45728
45725
45724
45722
45721
45720
45716
45716
45712
45712
45710
45709
45707
45705
45703
45702
45698
45695
45693
45692
45692
45691
45689
45689
45688
45687
45687
45686
45686
45685
45684
45684
45684
45683
45683
45682
45681
45681
45680
45677
45676
45676
45675
45674
45674
45673
45673
45671
45671
45670
45669
45667
45665
45664
45664
45662
45662
45662
45658
45657
45656
45655
45653
45652
45651
45649
45648
45647
45646
45646
45644
45643
45640
45639
45637
45636
45635
45634
45634
45633
45633
45632
45632
45631
45631
45629
45629
45629
45628
45626
45625
45623
45620
45619
45618
45618
45617
45616
45616
45616
45614
45613
45613
45611
45611
45611
45610
45610
45609
45608
45608
45608
45607
45606
45604
45604
45604
45603
45602
45602
45600
45599
45597
45595
45594
45592
45592
45591
45589
45588
45585
45585
45585
45584
45582
45581
45580
45579
45579
45576
45576
45574
45574
45573
45573
45571
45571
45567
45566
45565
45564
45562
45560
45560
45559
45559
45559
45559
45559
45556
45555
45555
45553
45553
45552
45552
45549
45548
45548
45548
45546
45545
45545
45544
45543
45541
45540
45540
45539
45539
45538
45537
45536
45536
45535
45533
45532
45530
45530
45529
45528
45527
45526
45524
45521
45521
45520
45520
45519
45516
45515
45513
45512
45512
45512
45509
45509
45506
45505
45505
45502
45501
45501
45500
45498
45497
45495
45495
45493
45491
45490
45489
45489
45488
45487
45487
45487
45486
45484
45482
45480
45478
45475
45474
45474
45473
45470
45469
45468
45465
45465
45464
45461
45460
45460
45459
45459
45458
45457
45457
45457
45456
45455
45455
45455
45453
45453
45452
45450
45448
45448
45446
45445
45444
45442
45440
45440
45438
45438
45438
45438
45438
45437
45437
45435
45435
45432
45429
45429
45429
45429
45428
45428
45427
45424
45423
45422
45421
45420
45419
45419
45418
45417
45417
45416
45416
45414
45414
45413
45412
45411
45411
45410
45410
45408
45407
45406
45399
45397
45396
45396
45396
45394
45393
45389
45388
45388
45387
45386
45384
45383
45382
45381
45380
45379
45378
45376
45376
45374
45372
45372
45371
45371
45370
45369
45368
45367
45366
45364
45364
45363
45361
45361
45360
45359
45358
45356
45356
45351
45351
45349
45349
45349
45344
45344
45344
45344
45342
45342
45341
45341
45340
45339
45339
45339
45338
45336
45336
45335
45335
45334
45334
45332
45331
45330
45330
45330
45327
45326
45326
45325
45324
45324
45323
45323
45322
45320
45320
45317
45317
45316
45316
45315
45315
45313
45312
45312
45310
45309
45309
45309
45308
45308
45308
45308
45307
45306
45306
45306
45305
45305
45305
45304
45302
45300
45299
45298
45298
45296
45295
45294
45294
45291
45291
45290
45289
45286
45285
45284
45283
45283
45281
45281
45281
45280
45279
45279
45277
45277
45277
45276
45276
45274
45273
45270
45270
45269
45268
45267
45267
45265
45264
45262
45262
45261
45260
45259
45259
45257
45257
45255
45255
45255
45254
45253
45252
45252
45250
45248
45244
45243
45239
45236
45236
45235
45234
45234
45233
45233
45233
45231
45231
45231
45231
45231
45230
45230
45228
45228
45223
45223
45222
45222
45221
45220
45219
45218
45218
45216
45212
45209
45208
45207
45206
45205
45205
45202
45202
45202
45202
45201
45198
45198
45197
45196
45196
45195
45195
45195
45194
45194
45193
45193
45192
45192
45189
45187
45187
45186
45185
45184
45182
45181
45181
45178
45177
45177
45176
45175
45173
45171
45171
45171
45170
45169
45169
45169
45169
45169
45167
45164
45164
45163
45162
45160
45160
45158
45158
45157
45156
45155
45152
45151
45148
45147
45146
45146
45142
45142
45140
45139
45137
45137
45136
45132
45130
45130
45128
45127
45126
45125
45125
45125
45123
45118
45116
45115
45114
45113
45112
45112
45107
45107
45105
45105
45104
45104
45103
45101
45100
45099
45098
45096
45094
45094
45093
45093
45092
45091
45090
45090
45090
45089
45088
45088
45088
45086
45085
45082
45081
45081
45079
45079
45079
45078
45077
45076
45075
45074
45074
45074
45074
45072
45071
45070
45069
45069
45066
45058
45057
45056
45055
45055
45054
45053
45050
45050
45049
45049
45048
45048
45048
45048
45048
45047
45047
45046
45045
45044
45043
45041
45040
45040
45038
45037
45035
45033
45033
45032
45032
45029
45029
45029
45027
45025
45025
45024
45021
45021
45019
45018
45017
45016
45015
45013
45013
45013
45013
45011
45010
45007
45007
45006
45004
45004
45004
45003
45002
45002
45000
45000
44999
44999
44998
44998
44995
44994
44992
44991
44991
44991
44989
44988
44987
44987
44986
44985
44984
44982
44979
44979
44978
44978
44977
44977
44976
44975
44975
44975
44973
44971
44971
44971
44968
44968
44968
44967
44966
44965
44965
44963
44962
44962
44961
44958
44957
44957
44954
44954
44953
44953
44953
44948
44946
44944
44942
44940
44940
44939
44939
44938
44937
44937
44935
44935
44935
44933
44933
44932
44930
44930
44929
44928
44928
44927
44927
44926
44922
44921
44920
44919
44919
44917
44916
44916
44915
44914
44914
44913
44913
44912
44912
44911
44910
44909
44907
44907
44907
44907
44906
44904
44903
44903
44900
44899
44899
44898
44898
44897
44894
44894
44891
44890
44890
44889
44889
44889
44888
44883
44883
44883
44883
44881
44881
44879
44879
44879
44879
44879
44877
44877
44877
44875
44875
44874
44874
44874
44872
44871
44869
44868
44867
44866
44865
44865
44864
44863
44862
44862
44860
44857
44857
44855
44855
44855
44854
44853
44853
44851
44850
44850
44850
44849
44848
44848
44847
44846
44846
44845
44842
44842
44841
44840
44840
44839
44838
44838
44836
44836
44835
44832
44830
44830
44830
44830
44828
44827
44826
44825
44824
44822
44819
44818
44816
44815
44814
44814
44813
44813
44813
44812
44811
44811
44811
44810
44810
44809
44809
44808
44808
44806
44805
44803
44803
44801
44800
44799
44799
44798
44798
44797
44796
44795
44794
44793
44792
44791
44790
44789
44788
44787
44786
44784
44783
44782
44781
44781
44779
44778
44776
44776
44775
44775
44774
44774
44773
44772
44767
44766
44765
44764
44764
44762
44760
44759
44759
44758
44758
44756
44756
44754
44754
44753
44752
44752
44751
44751
44749
44749
44747
44747
44746
44745
44744
44744
44743
44741
44741
44740
44740
44738
44738
44737
44737
44736
44736
44735
44731
44730
44730
44729
44729
44729
44728
44728
44728
44727
44727
44724
44723
44723
44723
44719
44718
44718
44718
44717
44715
44715
44714
44712
44710
44708
44708
44706
44704
44704
44703
44702
44701
44701
44700
44699
44699
44698
44698
44696
44694
44693
44692
44691
44689
44688
44687
44686
44686
44685
44685
44685
44684
44683
44683
44682
44681
44681
44680
44679
44679
44676
44676
44676
44676
44675
44674
44674
44673
44673
44670
44670
44669
44669
44667
44667
44666
44666
44665
44664
44664
44663
44660
44660
44659
44658
44656
44655
44654
44653
44652
44651
44649
44649
44647
44646
44646
44642
44641
44641
44640
44640
44638
44638
44638
44636
44634
44633
44633
44632
44632
44626
44624
44624
44623
44623
44622
44622
44621
44620
44614
44612
44610
44609
44609
44606
44605
44603
44599
44596
44596
44595
44595
44594
44594
44593
44592
44588
44588
44587
44585
44584
44583
44583
44582
44579
44576
44576
44575
44575
44574
44572
44571
44570
44570
44567
44565
44563
44562
44561
44561
44561
44559
44559
44557
44557
44556
44556
44555
44553
44552
44552
44552
44549
44548
44547
44546
44545
44543
44542
44540
44540
44540
44538
44537
44534
44532
44530
44529
44529
44528
44528
44527
44526
44526
44524
44524
44521
44520
44520
44518
44517
44517
44516
44513
44513
44512
44512
44511
44511
44509
44508
44505
44503
44501
44500
44498
44498
44498
44497
44495
44494
44494
44493
44492
44491
44490
44490
44489
44485
44485
44485
44482
44480
44479
44478
44477
44477
44476
44475
44473
44470
44467
44467
44466
44466
44466
44465
44465
44465
44464
44463
44463
44462
44462
44462
44461
44461
44460
44460
44460
44460
44460
44459
44459
44459
44458
44457
44456
44454
44454
44453
44452
44452
44451
44451
44450
44449
44448
44447
44446
44445
44444
44443
44442
44442
44441
44441
44432
44432
44429
44429
44429
44429
44428
44428
44427
44427
44426
44425
44424
44422
44419
44416
44415
44414
44413
44413
44412
44412
44410
44407
44405
44404
44402
44401
44400
44399
44399
44398
44398
44398
44397
44397
44392
44391
44389
44389
44387
44385
44385
44385
44384
44384
44384
44382
44379
44378
44377
44370
44368
44367
44366
44365
44365
44364
44363
44362
44361
44360
44360
44358
44357
44356
44356
44356
44354
44352
44352
44349
44349
44346
44346
44344
44344
44343
44342
44342
44338
44334
44334
44334
44332
44328
44327
44327
44326
44326
44325
44325
44325
44324
44322
44322
44321
44321
44320
44319
44319
44318
44316
44316
44315
44315
44312
44312
44312
44312
44310
44309
44309
44307
44306
44306
44306
44305
44304
44303
44302
44301
44300
44298
44298
44297
44297
44297
44295
44295
44295
44293
44293
44293
44291
44289
44288
44287
44286
44283
44282
44281
44281
44279
44279
44278
44278
44278
44277
44275
44275
44271
44271
44271
44271
44270
44270
44269
44268
44267
44267
44265
44264
44264
44262
44262
44261
44261
44260
44259
44259
44258
44257
44252
44252
44251
44250
44250
44249
44248
44247
44246
44246
44246
44245
44245
44243
44243
44242
44242
44240
44239
44239
44238
44238
44238
44237
44236
44235
44235
44234
44227
44226
44222
44217
44216
44216
44216
44216
44215
44213
44208
44207
44207
44206
44204
44204
44204
44203
44203
44203
44201
44200
44200
44199
44198
44197
44196
44196
44196
44194
44194
44194
44192
44192
44192
44191
44190
44190
44188
44187
44186
44185
44182
44182
44182
44182
44181
44180
44179
44179
44179
44176
44176
44174
44173
44172
44172
44168
44167
44165
44163
44162
44161
44159
44158
44158
44155
44154
44154
44152
44152
44150
44150
44149
44149
44146
44145
44143
44142
44142
44142
44141
44140
44140
44140
44139
44139
44139
44138
44137
44137
44133
44130
44129
44124
44123
44123
44123
44121
44121
44121
44121
44120
44120
44113
44112
44111
44111
44110
44110
44110
44109
44109
44107
44107
44105
44104
44103
44101
44101
44101
44099
44097
44096
44095
44095
44095
44094
44094
44090
44090
44088
44086
44085
44083
44083
44081
44080
44078
44078
44078
44077
44076
44075
44074
44073
44072
44071
44070
44069
44067
44067
44067
44066
44066
44065
44065
44063
44061
44059
44057
44054
44053
44053
44052
44052
44051
44051
44049
44049
44048
44047
44046
44046
44046
44045
44044
44042
44040
44039
44038
44038
44037
44035
44033
44033
44029
44029
44029
44027
44025
44024
44024
44023
44023
44023
44021
44021
44020
44017
44016
44015
44014
44012
44007
44007
44007
44005
44005
44004
44004
44004
44001
44000
44000
43998
43998
43997
43997
43996
43996
43996
43995
43993
43993
43993
43992
43991
43989
43987
43986
43982
43982
43982
43981
43979
43978
43978
43977
43976
43975
43973
43973
43973
43972
43971
43970
43970
43968
43966
43959
43959
43958
43957
43956
43956
43952
43950
43949
43948
43948
43946
43945
43943
43942
43942
43942
43941
43938
43937
43937
43934
43931
43931
43929
43928
43927
43926
43926
43926
43923
43922
43921
43920
43919
43919
43918
43917
43916
43915
43913
43911
43911
43910
43907
43905
43902
43902
43901
43898
43897
43895
43895
43895
43893
43892
43892
43889
43889
43889
43888
43886
43886
43886
43885
43884
43884
43884
43883
43883
43882
43881
43880
43879
43879
43877
43874
43874
43873
43873
43873
43871
43871
43871
43871
43869
43868
43867
43867
43867
43866
43865
43864
43864
43862
43862
43860
43860
43859
43858
43858
43856
43855
43854
43853
43853
43853
43850
43850
43849
43849
43848
43846
43846
43845
43845
43845
43843
43842
43842
43841
43840
43840
43839
43839
43838
43838
43837
43835
43834
43832
43832
43832
43832
43832
43829
43829
43826
43825
43825
43823
43821
43819
43819
43817
43816
43816
43815
43815
43815
43813
43813
43813
43811
43810
43810
43810
43809
43808
43807
43807
43807
43804
43804
43804
43803
43802
43800
43799
43798
43797
43797
43796
43796
43794
43794
43793
43793
43792
43791
43790
43788
43788
43787
43785
43784
43784
43782
43782
43780
43779
43778
43778
43775
43775
43773
43772
43772
43772
43771
43770
43770
43770
43769
43769
43767
43767
43767
43766
43765
43764
43761
43759
43759
43757
43757
43757
43756
43756
43756
43756
43755
43754
43753
43753
43751
43751
43751
43751
43750
43748
43747
43746
43745
43745
43742
43742
43737
43734
43734
43733
43729
43729
43727
43722
43722
43722
43722
43719
43719
43718
43718
43717
43717
43715
43715
43714
43714
43713
43713
43712
43710
43709
43709
43708
43706
43706
43706
43705
43705
43704
43702
43702
43701
43701
43700
43698
43697
43697
43696
43696
43696
43695
43693
43692
43691
43689
43689
43688
43688
43686
43685
43683
43681
43680
43679
43679
43677
43676
43676
43676
43675
43671
43671
43670
43668
43668
43666
43666
43666
43665
43665
43664
43664
43663
43663
43662
43662
43662
43661
43661
43660
43659
43658
43657
43656
43655
43655
43655
43651
43649
43649
43647
43646
43643
43643
43642
43640
43639
43639
43638
43637
43637
43636
43636
43635
43635
43634
43633
43632
43632
43631
43630
43628
43626
43625
43623
43621
43621
43617
43613
43612
43609
43608
43608
43606
43604
43604
43604
43603
43603
43601
43600
43600
43599
43596
43595
43592
43592
43591
43588
43588
43587
43586
43582
43582
43579
43579
43578
43575
43574
43573
43572
43570
43570
43567
43566
43563
43563
43563
43561
43561
43561
43559
43557
43557
43557
43557
43556
43556
43556
43554
43553
43553
43552
43552
43551
43550
43550
43549
43549
43549
43549
43548
43548
43548
43548
43547
43547
43546
43546
43545
43545
43544
43543
43543
43542
43542
43541
43541
43541
43540
43539
43538
43537
43535
43535
43533
43530
43529
43528
43527
43527
43525
43523
43523
43523
43522
43519
43518
43518
43518
43518
43515
43514
43514
43514
43513
43513
43513
43513
43512
43511
43511
43511
43508
43507
43507
43507
43505
43504
43503
43503
43502
43501
43500
43500
43498
43496
43496
43496
43492
43490
43486
43486
43486
43486
43485
43484
43484
43484
43482
43480
43478
43478
43477
43476
43473
43473
43473
43473
43473
43473
43471
43467
43466
43465
43465
43465
43464
43463
43462
43461
43460
43460
43458
43457
43457
43457
43456
43455
43455
43454
43454
43452
43452
43451
43447
43447
43446
43446
43443
43441
43441
43440
43440
43439
43438
43437
43436
43436
43435
43432
43429
43427
43427
43427
43426
43424
43423
43423
43423
43421
43421
43420
43419
43419
43419
43417
43415
43415
43415
43415
43415
43413
43413
43412
43412
43412
43411
43409
43408
43408
43406
43405
43402
43402
43402
43402
43401
43399
43398
43398
43397
43397
43396
43396
43395
43395
43392
43391
43388
43388
43388
43387
43387
43386
43383
43383
43382
43380
43379
43379
43379
43377
43377
43375
43375
43375
43373
43371
43369
43369
43368
43366
43366
43366
43364
43363
43363
43363
43362
43362
43361
43361
43361
43361
43360
43357
43355
43355
43355
43354
43354
43353
43353
43353
43353
43352
43352
43351
43350
43350
43349
43349
43348
43348
43347
43346
43346
43346
43345
43345
43343
43342
43341
43340
43339
43339
43338
43338
43336
43336
43332
43331
43330
43329
43328
43328
43324
43323
43322
43322
43322
43322
43322
43320
43318
43317
43317
43316
43315
43314
43313
43313
43313
43312
43311
43311
43310
43310
43309
43309
43308
43305
43304
43304
43304
43303
43303
43303
43303
43302
43301
43299
43299
43299
43299
43296
43296
43295
43295
43291
43291
43290
43288
43286
43286
43285
43285
43283
43283
43281
43280
43275
43274
43274
43273
43272
43271
43271
43270
43269
43267
43267
43266
43266
43264
43263
43262
43261
43260
43259
43259
43256
43256
43254
43254
43252
43252
43250
43249
43249
43247
43246
43245
43245
43243
43243
43242
43238
43238
43236
43236
43235
43232
43231
43230
43230
43230
43229
43229
43228
43227
43226
43226
43225
43223
43222
43221
43219
43217
43217
43215
43215
43214
43210
43210
43210
43207
43206
43206
43206
43205
43204
43203
43203
43200
43198
43198
43198
43196
43194
43193
43192
43192
43192
43191
43191
43191
43190
43189
43188
43187
43186
43185
43185
43183
43183
43182
43181
43181
43181
43179
43179
43177
43175
43174
43174
43173
43173
43172
43171
43170
43168
43168
43167
43165
43165
43164
43163
43161
43161
43161
43159
43158
43158
43157
43156
43156
43154
43154
43152
43152
43151
43151
43150
43149
43149
43146
43146
43145
43145
43143
43142
43141
43141
43140
43140
43139
43137
43136
43135
43133
43132
43131
43131
43130
43129
43129
43128
43126
43125
43125
43124
43122
43121
43120
43119
43119
43119
43119
43117
43116
43116
43115
43114
43114
43113
43112
43112
43111
43110
43109
43108
43108
43108
43107
43106
43106
43106
43105
43102
43101
43101
43098
43098
43097
43097
43096
43096
43094
43094
43093
43092
43091
43091
43089
43088
43088
43087
43086
43085
43084
43084
43082
43081
43081
43080
43080
43079
43075
43074
43072
43072
43071
43071
43070
43069
43068
43067
43065
43065
43064
43064
43062
43062
43060
43060
43059
43059
43058
43056
43055
43055
43053
43052
43052
43050
43048
43048
43048
43047
43047
43047
43046
43044
43044
43043
43042
43042
43041
43038
43037
43037
43037
43036
43036
43035
43033
43033
43032
43031
43028
43027
43026
43026
43022
43022
43022
43022
43021
43021
43020
43020
43019
43018
43017
43014
43013
43010
43010
43010
43009
43008
43008
43007
43007
43006
43005
43004
43002
43001
43001
43000
42996
42993
42993
42992
42990
42989
42989
42988
42986
42985
42985
42983
42983
42982
42980
42979
42979
42979
42978
42978
42978
42978
42976
42976
42973
42971
42970
42970
42970
42968
42968
42967
42964
42964
42963
42963
42963
42962
42961
42955
42955
42954
42954
42954
42953
42951
42951
42951
42951
42949
42948
42947
42946
42939
42937
42934
42934
42933
42932
42930
42927
42925
42917
42917
42915
42913
42913
42912
42912
42911
42910
42909
42908
42908
42907
42906
42906
42904
42902
42902
42900
42899
42899
42899
42898
42897
42897
42896
42894
42894
42893
42893
42892
42892
42890
42890
42888
42888
42886
42886
42884
42882
42882
42881
42879
42879
42878
42878
42877
42876
42875
42874
42873
42871
42871
42869
42869
42868
42867
42866
42866
42866
42865
42865
42862
42862
42862
42862
42860
42859
42859
42858
42858
42857
42857
42856
42854
42851
42850
42846
42846
42846
42845
42845
42844
42844
42843
42841
42841
42840
42837
42836
42834
42834
42833
42832
42828
42826
42826
42825
42824
42823
42819
42816
42813
42811
42811
42810
42809
42808
42808
42806
42805
42799
42799
42798
42797
42797
42794
42793
42793
42791
42789
42789
42788
42788
42788
42787
42787
42785
42785
42783
42781
42781
42780
42780
42780
42778
42778
42778
42776
42776
42775
42774
42774
42773
42771
42770
42769
42769
42768
42768
42767
42766
42763
42763
42761
42759
42759
42757
42757
42757
42756
42756
42755
42754
42752
42751
42750
42750
42749
42748
42748
42748
42746
42745
42745
42743
42742
42741
42741
42740
42740
42740
42740
42739
42738
42738
42736
42733
42729
42729
42729
42729
42726
42726
42725
42723
42722
42720
42720
42720
42716
42709
42709
42708
42708
42708
42708
42704
42704
42703
42703
42701
42700
42699
42697
42696
42695
42694
42692
42692
42690
42689
42684
42684
42679
42679
42679
42678
42676
42676
42675
42673
42673
42672
42672
42671
42669
42667
42666
42666
42664
42664
42661
42660
42660
42659
42659
42659
42657
42657
42656
42654
42652
42652
42652
42652
42650
42648
42648
42647
42647
42647
42645
42644
42643
42642
42642
42642
42642
42641
42639
42638
42638
42637
42637
42636
42636
42635
42635
42634
42632
42631
42631
42631
42630
42629
42629
42627
42626
42626
42626
42622
42619
42618
42616
42615
42614
42614
42614
42613
42612
42610
42608
42608
42607
42607
42607
42606
42606
42606
42605
42605
42602
42602
42601
42599
42597
42596
42595
42594
42591
42591
42591
42590
42587
42586
42586
42584
42584
42583
42582
42579
42576
42576
42575
42575
42574
42572
42571
42571
42569
42568
42568
42568
42568
42567
42565
42564
42564
42563
42563
42561
42559
42559
42559
42557
42556
42556
42556
42556
42554
42552
42550
42549
42548
42546
42544
42544
42544
42544
42542
42542
42541
42541
42541
42539
42539
42539
42538
42538
42536
42531
42529
42528
42528
42525
42524
42524
42523
42521
42519
42518
42518
42517
42513
42512
42512
42512
42511
42510
42510
42510
42509
42509
42509
42507
42507
42507
42502
42499
42499
42498
42498
42498
42497
42496
42495
42495
42494
42494
42494
42492
42485
42485
42484
42484
42482
42482
42480
42475
42474
42471
42471
42470
42469
42469
42468
42466
42464
42463
42463
42461
42459
42459
42457
42457
42456
42456
42454
42452
42451
42449
42448
42447
42447
42445
42445
42445
42444
42443
42442
42441
42440
42440
42438
42438
42438
42438
42437
42437
42432
42432
42430
42428
42427
42427
42426
42425
42425
42425
42424
42424
42423
42421
42420
42419
42419
42419
42417
42417
42417
42415
42415
42414
42413
42409
42408
42404
42404
42403
42402
42402
42402
42401
42398
42396
42394
42394
42394
42392
42392
42391
42390
42388
42388
42387
42387
42383
42383
42382
42382
42382
42378
42378
42376
42375
42375
42371
42370
42367
42366
42366
42365
42364
42362
42362
42359
42357
42357
42354
42354
42352
42350
42349
42348
42347
42343
42342
42342
42341
42341
42340
42340
42340
42339
42339
42337
42335
42335
42335
42334
42333
42331
42331
42331
42329
42329
42327
42327
42326
42326
42325
42325
42325
42324
42323
42322
42322
42321
42318
42316
42315
42315
42315
42314
42314
42314
42314
42312
42310
42310
42310
42309
42306
42306
42305
42304
42302
42300
42300
42295
42294
42294
42291
42290
42288
42288
42288
42287
42286
42285
42285
42284
42282
42282
42282
42281
42279
42278
42278
42277
42276
42275
42273
42273
42272
42272
42272
42271
42271
42271
42269
42268
42267
42265
42265
42264
42264
42263
42262
42259
42259
42258
42257
42255
42254
42252
42251
42250
42249
42249
42249
42248
42248
42247
42246
42245
42245
42244
42242
42241
42240
42239
42237
42236
42235
42235
42232
42232
42231
42231
42229
42229
42228
42228
42226
42224
42222
42222
42222
42222
42219
42219
42218
42218
42217
42217
42217
42217
42216
42215
42215
42214
42213
42212
42210
42210
42210
42207
42207
42206
42205
42205
42204
42203
42202
42202
42201
42199
42199
42194
42193
42193
42193
42190
42189
42186
42186
42185
42182
42182
42182
42181
42180
42180
42178
42177
42174
42174
42173
42172
42171
42171
42169
42169
42168
42165
42163
42163
42161
42159
42159
42155
42154
42154
42154
42154
42154
42150
42149
42149
42149
42148
42146
42145
42144
42142
42141
42137
42137
42137
42136
42134
42133
42130
42129
42128
42127
42127
42126
42125
42124
42124
42123
42123
42122
42122
42120
42119
42116
42114
42114
42110
42109
42109
42108
42105
42104
42103
42102
42102
42101
42100
42099
42099
42097
42097
42095
42095
42093
42092
42092
42091
42090
42089
42089
42088
42088
42086
42086
42085
42084
42083
42082
42082
42081
42080
42080
42080
42078
42076
42076
42076
42076
42075
42073
42073
42072
42071
42070
42069
42068
42067
42067
42067
42066
42066
42065
42064
42064
42064
42062
42060
42060
42057
42057
42056
42055
42055
42054
42054
42054
42054
42051
42050
42049
42047
42047
42045
42045
42044
42043
42043
42043
42042
42042
42036
42035
42035
42033
42033
42032
42032
42032
42031
42031
42031
42030
42030
42030
42029
42029
42028
42026
42025
42023
42023
42023
42021
42020
42020
42019
42019
42018
42017
42015
42015
42015
42014
42014
42013
42012
42012
42009
42007
42006
42006
42005
42004
42002
42002
42000
41999
41998
41998
41997
41993
41993
41992
41992
41990
41989
41987
41984
41983
41982
41982
41981
41980
41980
41979
41978
41977
41976
41976
41975
41973
41972
41970
41967
41966
41966
41966
41965
41963
41963
41962
41960
41960
41959
41959
41957
41957
41956
41955
41955
41954
41954
41953
41953
41953
41953
41952
41950
41948
41947
41947
41947
41947
41946
41945
41944
41943
41941
41939
41938
41934
41934
41934
41934
41932
41930
41928
41927
41927
41926
41924
41924
41922
41922
41922
41921
41921
41919
41919
41918
41918
41917
41917
41917
41915
41915
41912
41912
41912
41912
41911
41910
41909
41908
41907
41907
41905
41901
41900
41898
41897
41897
41897
41896
41895
41895
41895
41894
41893
41891
41890
41887
41887
41885
41884
41883
41880
41879
41878
41878
41877
41877
41877
41877
41875
41875
41875
41875
41875
41873
41872
41871
41871
41869
41869
41868
41867
41867
41867
41866
41865
41865
41865
41862
41862
41862
41861
41860
41860
41858
41858
41857
41856
41855
41855
41855
41853
41851
41851
41849
41849
41847
41846
41845
41844
41844
41844
41841
41841
41840
41840
41839
41839
41839
41838
41838
41838
41837
41834
41834
41833
41832
41829
41822
41822
41821
41820
41819
41819
41817
41815
41815
41813
41813
41810
41806
41806
41804
41804
41804
41802
41800
41800
41800
41799
41799
41798
41798
41797
41797
41797
41796
41796
41794
41794
41794
41793
41791
41790
41788
41788
41788
41788
41787
41786
41786
41784
41784
41784
41783
41783
41782
41780
41780
41780
41778
41777
41777
41776
41776
41775
41775
41775
41773
41772
41771
41770
41770
41769
41769
41768
41767
41763
41763
41761
41761
41760
41759
41757
41756
41756
41755
41753
41753
41752
41752
41751
41751
41750
41749
41748
41746
41745
41744
41743
41743
41742
41742
41740
41739
41738
41737
41733
41732
41731
41730
41728
41726
41724
41719
41719
41717
41717
41716
41716
41713
41712
41710
41708
41707
41705
41704
41702
41700
41699
41699
41697
41697
41696
41695
41695
41695
41693
41692
41692
41691
41691
41691
41690
41689
41689
41686
41684
41683
41683
41682
41681
41679
41679
41678
41677
41677
41677
41673
41670
41668
41668
41664
41663
41662
41661
41661
41657
41656
41654
41654
41653
41652
41652
41650
41650
41649
41648
41647
41646
41645
41645
41644
41644
41643
41642
41640
41639
41637
41637
41637
41637
41637
41636
41636
41635
41635
41633
41633
41630
41629
41627
41627
41627
41627
41626
41623
41622
41621
41620
41620
41619
41618
41618
41616
41615
41615
41614
41614
41613
41611
41610
41610
41609
41607
41607
41606
41605
41604
41603
41603
41602
41601
41601
41599
41596
41595
41595
41594
41592
41592
41591
41590
41590
41589
41588
41587
41586
41585
41584
41583
41582
41581
41580
41579
41579
41578
41577
41577
41576
41576
41574
41572
41572
41571
41571
41570
41567
41567
41567
41567
41565
41565
41564
41564
41564
41564
41562
41560
41559
41556
41555
41554
41554
41553
41553
41552
41552
41551
41550
41550
41549
41548
41547
41546
41545
41545
41545
41544
41544
41539
41538
41536
41536
41532
41532
41531
41530
41528
41527
41526
41526
41526
41525
41523
41522
41522
41521
41521
41520
41520
41520
41519
41518
41518
41518
41518
41517
41516
41515
41515
41514
41514
41512
41511
41511
41506
41505
41505
41503
41503
41501
41499
41498
41498
41494
41492
41491
41491
41490
41489
41488
41487
41486
41486
41484
41483
41482
41482
41481
41481
41481
41481
41480
41479
41478
41478
41474
41473
41472
41472
41472
41471
41470
41470
41470
41470
41469
41468
41467
41467
41467
41465
41464
41463
41461
41460
41458
41457
41457
41457
41456
41456
41454
41453
41450
41449
41448
41448
41448
41447
41447
41447
41446
41446
41446
41445
41444
41443
41441
41440
41439
41438
41437
41436
41434
41434
41431
41430
41429
41428
41425
41425
41424
41424
41424
41424
41423
41423
41420
41417
41416
41416
41416
41414
41413
41413
41411
41411
41410
41410
41407
41406
41404
41404
41403
41402
41401
41400
41398
41398
41397
41396
41395
41395
41394
41394
41392
41391
41390
41389
41388
41387
41385
41383
41383
41380
41380
41379
41379
41378
41378
41377
41377
41377
41376
41373
41371
41370
41369
41369
41368
41367
41367
41366
41365
41365
41364
41364
41362
41362
41361
41359
41356
41355
41355
41354
41352
41350
41350
41350
41350
41350
41348
41348
41346
41345
41342
41342
41341
41341
41341
41340
41339
41338
41338
41336
41335
41335
41333
41333
41333
41332
41331
41330
41330
41329
41328
41327
41326
41325
41324
41322
41319
41317
41317
41315
41315
41314
41313
41312
41312
41311
41310
41309
41309
41309
41309
41308
41307
41307
41306
41306
41305
41304
41303
41303
41303
41302
41301
41300
41297
41296
41296
41296
41296
41295
41293
41293
41293
41293
41287
41286
41286
41285
41285
41283
41283
41282
41279
41278
41275
41273
41273
41272
41271
41270
41268
41268
41267
41267
41265
41265
41264
41261
41260
41260
41260
41259
41259
41259
41258
41258
41257
41257
41256
41254
41252
41252
41250
41250
41248
41247
41244
41242
41239
41239
41239
41238
41236
41235
41235
41234
41233
41233
41230
41228
41227
41225
41225
41222
41221
41220
41220
41218
41218
41215
41214
41214
41213
41211
41211
41211
41210
41209
41207
41206
41205
41205
41204
41204
41203
41203
41200
41197
41195
41195
41192
41192
41192
41191
41190
41190
41189
41189
41189
41188
41187
41186
41186
41185
41185
41181
41181
41181
41180
41179
41178
41178
41178
41177
41174
41173
41171
41170
41169
41169
41169
41168
41167
41167
41167
41164
41163
41163
41163
41160
41160
41158
41158
41150
41149
41149
41148
41146
41145
41145
41144
41143
41143
41142
41141
41141
41141
41140
41140
41138
41135
41135
41132
41129
41129
41127
41127
41124
41122
41122
41122
41122
41121
41121
41121
41120
41119
41118
41118
41118
41118
41117
41116
41116
41116
41115
41115
41115
41114
41113
41112
41110
41109
41108
41108
41108
41106
41105
41104
41103
41102
41101
41100
41097
41097
41097
41095
41094
41090
41090
41088
41088
41087
41086
41085
41085
41084
41082
41080
41079
41079
41078
41075
41074
41074
41073
41071
41070
41070
41069
41068
41065
41062
41062
41061
41060
41059
41054
41054
41050
41049
41047
41047
41047
41045
41043
41041
41040
41039
41039
41038
41037
41037
41036
41036
41035
41035
41034
41033
41030
41029
41026
41024
41022
41021
41020
41018
41018
41017
41017
41015
41014
41014
41013
41012
41012
41006
41006
41006
41005
41003
41002
41002
41000
40999
40996
40996
40994
40994
40991
40991
40987
40985
40984
40984
40984
40983
40983
40982
40982
40981
40981
40980
40979
40979
40978
40977
40977
40976
40975
40975
40975
40974
40973
40973
40972
40971
40969
40968
40968
40968
40965
40965
40964
40964
40964
40963
40962
40961
40961
40961
40959
40959
40957
40955
40954
40953
40953
40951
40950
40949
40948
40946
40946
40945
40945
40942
40941
40941
40940
40939
40938
40937
40936
40935
40932
40931
40930
40930
40927
40924
40923
40922
40921
40920
40918
40917
40915
40915
40913
40913
40912
40911
40911
40910
40909
40908
40908
40906
40906
40905
40904
40904
40903
40902
40901
40901
40900
40900
40900
40900
40899
40899
40899
40897
40897
40894
40893
40893
40893
40893
40891
40889
40889
40889
40888
40888
40888
40887
40887
40885
40884
40884
40882
40881
40880
40880
40878
40877
40877
40876
40875
40875
40874
40874
40874
40873
40872
40872
40869
40867
40867
40865
40865
40864
40862
40862
40861
40860
40860
40860
40856
40856
40855
40854
40854
40852
40852
40851
40850
40846
40845
40845
40845
40845
40843
40843
40842
40842
40840
40840
40839
40839
40837
40835
40833
40833
40832
40832
40832
40831
40830
40829
40829
40828
40827
40824
40824
40824
40821
40820
40820
40819
40818
40816
40816
40815
40814
40814
40814
40813
40810
40810
40809
40809
40808
40807
40806
40802
40800
40800
40798
40797
40796
40794
40790
40790
40787
40787
40787
40785
40784
40783
40782
40781
40781
40780
40779
40779
40778
40777
40777
40777
40777
40777
40775
40774
40773
40773
40772
40769
40767
40766
40764
40763
40762
40762
40761
40761
40760
40757
40756
40756
40756
40754
40754
40754
40754
40753
40752
40752
40751
40751
40751
40751
40750
40750
40750
40750
40749
40749
40749
40749
40748
40748
40747
40745
40744
40743
40743
40743
40739
40737
40732
40728
40727
40727
40727
40726
40724
40722
40721
40720
40719
40719
40718
40717
40717
40717
40716
40715
40715
40714
40712
40710
40709
40707
40706
40703
40703
40700
40699
40699
40696
40695
40694
40694
40692
40691
40690
40690
40687
40686
40685
40684
40684
40682
40682
40682
40680
40679
40676
40675
40674
40673
40673
40673
40672
40672
40671
40671
40668
40665
40664
40664
40661
40659
40658
40656
40656
40653
40652
40649
40645
40645
40645
40645
40644
40644
40643
40641
40640
40640
40638
40638
40636
40635
40635
40633
40633
40632
40632
40631
40631
40629
40628
40625
40624
40624
40618
40617
40615
40614
40614
40613
40613
40612
40612
40611
40610
40609
40608
40608
40607
40607
40606
40606
40605
40604
40604
40603
40601
40599
40599
40598
40597
40597
40595
40595
40592
40592
40590
40589
40589
40587
40587
40586
40586
40585
40585
40583
40581
40580
40580
40580
40579
40578
40577
40576
40574
40574
40572
40571
40571
40570
40569
40565
40564
40563
40561
40560
40559
40559
40558
40558
40555
40553
40553
40553
40552
40552
40552
40552
40551
40551
40551
40550
40549
40548
40547
40547
40547
40546
40543
40543
40539
40539
40536
40535
40533
40532
40532
40531
40528
40528
40528
40527
40523
40522
40522
40520
40520
40520
40517
40517
40517
40516
40516
40514
40513
40512
40512
40511
40511
40508
40507
40507
40505
40504
40503
40502
40500
40500
40499
40498
40498
40498
40497
40496
40495
40493
40492
40491
40486
40486
40485
40485
40484
40481
40480
40479
40478
40478
40476
40475
40475
40474
40473
40473
40473
40471
40471
40471
40469
40468
40468
40467
40466
40465
40465
40464
40463
40462
40461
40461
40459
40458
40458
40456
40456
40454
40453
40453
40451
40450
40448
40448
40446
40446
40446
40445
40445
40444
40443
40443
40439
40438
40436
40433
40431
40431
40428
40425
40423
40422
40422
40421
40419
40419
40417
40416
40412
40410
40410
40407
40406
40406
40404
40404
40403
40403
40401
40398
40397
40394
40391
40390
40389
40385
40385
40385
40384
40382
40378
40378
40376
40375
40375
40374
40372
40372
40371
40371
40370
40368
40367
40365
40364
40362
40362
40361
40361
40360
40359
40358
40357
40357
40356
40355
40354
40354
40354
40353
40352
40351
40350
40350
40345
40344
40343
40343
40342
40341
40340
40339
40337
40336
40335
40334
40333
40332
40332
40331
40331
40331
40329
40329
40328
40327
40327
40326
40325
40325
40325
40324
40323
40323
40322
40321
40321
40318
40317
40317
40317
40315
40313
40313
40312
40309
40309
40308
40308
40308
40308
40306
40304
40302
40301
40301
40300
40300
40299
40298
40297
40296
40296
40296
40294
40294
40294
40291
40290
40289
40289
40288
40288
40286
40286
40286
40285
40283
40283
40282
40281
40279
40278
40278
40278
40278
40276
40275
40275
40272
40272
40272
40271
40271
40271
40271
40270
40269
40268
40266
40266
40266
40265
40265
40265
40265
40264
40262
40262
40259
40259
40258
40257
40256
40256
40255
40253
40253
40253
40252
40251
40251
40250
40249
40248
40248
40244
40243
40243
40242
40242
40241
40241
40240
40239
40237
40237
40232
40230
40228
40228
40227
40226
40225
40225
40225
40225
40224
40222
40222
40220
40219
40215
40214
40213
40212
40211
40210
40209
40207
40206
40205
40204
40203
40201
40201
40201
40199
40197
40194
40192
40190
40190
40188
40187
40187
40186
40186
40185
40185
40182
40178
40177
40177
40177
40176
40175
40175
40175
40174
40173
40171
40169
40168
40168
40167
40167
40165
40165
40165
40162
40161
40161
40160
40160
40160
40159
40158
40158
40158
40157
40156
40155
40153
40153
40153
40152
40152
40151
40150
40148
40147
40147
40146
40145
40145
40145
40144
40143
40143
40143
40142
40139
40139
40139
40135
40133
40133
40132
40132
40130
40130
40129
40129
40129
40129
40128
40126
40126
40126
40125
40124
40123
40123
40122
40121
40117
40117
40117
40112
40109
40108
40107
40107
40106
40106
40102
40101
40100
40099
40098
40096
40093
40091
40091
40091
40091
40090
40090
40089
40089
40088
40088
40088
40088
40088
40087
40086
40085
40085
40083
40082
40082
40081
40080
40079
40078
40077
40076
40075
40075
40074
40073
40071
40070
40070
40070
40070
40069
40065
40064
40059
40058
40058
40058
40058
40057
40055
40055
40055
40054
40054
40053
40051
40050
40048
40046
40045
40044
40043
40043
40042
40042
40042
40041
40041
40040
40040
40039
40038
40038
40038
40036
40036
40036
40034
40034
40034
40031
40030
40029
40028
40028
40027
40027
40025
40024
40020
40019
40018
40018
40016
40016
40014
40014
40013
40012
40012
40011
40011
40010
40009
40006
40006
40005
40003
39999
39998
39998
39998
39997
39997
39997
39996
39992
39986
39986
39986
39985
39984
39984
39983
39982
39981
39980
39979
39977
39976
39975
39975
39975
39973
39970
39967
39966
39965
39964
39963
39962
39961
39961
39960
39960
39960
39960
39959
39959
39959
39958
39958
39954
39953
39953
39953
39951
39949
39948
39946
39946
39945
39944
39944
39944
39943
39939
39938
39937
39936
39935
39934
39934
39934
39933
39933
39933
39930
39930
39927
39927
39925
39921
39920
39919
39919
39919
39919
39917
39916
39912
39912
39912
39911
39911
39910
39909
39908
39907
39907
39906
39905
39903
39902
39902
39898
39896
39895
39895
39895
39895
39894
39894
39892
39892
39891
39891
39890
39887
39886
39885
39885
39883
39882
39881
39880
39880
39880
39879
39876
39876
39876
39876
39876
39873
39871
39871
39870
39869
39869
39867
39867
39864
39863
39863
39861
39858
39857
39856
39853
39853
39849
39848
39847
39845
39844
39841
39841
39841
39839
39839
39839
39839
39836
39835
39832
39832
39831
39830
39828
39828
39825
39823
39823
39822
39820
39820
39818
39816
39816
39814
39814
39814
39813
39813
39812
39811
39811
39810
39808
39808
39808
39806
39805
39804
39804
39804
39804
39804
39803
39802
39800
39800
39800
39799
39799
39797
39795
39795
39794
39794
39794
39793
39792
39791
39791
39791
39790
39790
39790
39786
39786
39785
39783
39780
39780
39780
39779
39779
39778
39775
39775
39770
39770
39768
39768
39767
39766
39766
39766
39765
39764
39763
39761
39761
39758
39757
39756
39751
39751
39749
39748
39747
39745
39745
39744
39742
39742
39741
39741
39740
39739
39737
39734
39732
39732
39731
39731
39730
39728
39727
39726
39726
39724
39724
39723
39723
39722
39721
39720
39720
39719
39718
39718
39717
39716
39713
39713
39710
39710
39709
39707
39707
39707
39706
39706
39701
39701
39701
39701
39700
39700
39699
39697
39696
39694
39694
39692
39690
39689
39688
39687
39686
39686
39685
39683
39681
39680
39678
39677
39675
39675
39674
39673
39673
39671
39670
39670
39667
39666
39665
39664
39660
39659
39659
39659
39658
39658
39657
39657
39657
39656
39656
39654
39653
39653
39652
39651
39651
39649
39649
39647
39645
39645
39645
39643
39642
39641
39641
39640
39639
39637
39637
39636
39635
39634
39632
39631
39630
39630
39630
39629
39629
39628
39624
39624
39623
39621
39621
39619
39618
39614
39613
39612
39610
39608
39608
39607
39606
39603
39603
39602
39601
39601
39597
39596
39594
39593
39592
39592
39590
39589
39588
39587
39587
39584
39584
39584
39582
39581
39581
39581
39580
39580
39579
39578
39577
39575
39573
39572
39570
39570
39568
39568
39567
39567
39566
39565
39564
39563
39563
39562
39561
39561
39561
39561
39561
39559
39559
39556
39556
39555
39554
39551
39551
39551
39550
39549
39546
39543
39543
39542
39541
39540
39539
39538
39538
39536
39536
39536
39534
39534
39534
39533
39533
39533
39531
39529
39529
39529
39528
39527
39527
39527
39525
39523
39523
39521
39520
39520
39519
39517
39517
39517
39516
39516
39516
39515
39514
39513
39512
39511
39511
39509
39508
39508
39506
39505
39505
39504
39500
39500
39499
39498
39497
39496
39496
39494
39493
39491
39491
39489
39488
39488
39487
39487
39487
39486
39486
39486
39486
39486
39486
39485
39484
39482
39482
39480
39480
39478
39478
39478
39477
39476
39476
39473
39470
39470
39467
39467
39463
39462
39460
39459
39456
39455
39455
39454
39453
39452
39450
39450
39450
39449
39449
39448
39445
39444
39441
39440
39437
39437
39436
39436
39435
39434
39434
39433
39432
39432
39431
39430
39430
39430
39429
39428
39428
39426
39426
39425
39424
39422
39421
39421
39419
39419
39417
39412
39411
39411
39411
39405
39403
39403
39400
39400
39400
39399
39398
39398
39398
39395
39394
39394
39392
39391
39389
39389
39389
39389
39389
39388
39388
39388
39388
39387
39385
39384
39384
39383
39381
39381
39381
39378
39378
39378
39378
39377
39375
39375
39374
39374
39372
39367
39365
39365
39365
39365
39365
39364
39363
39361
39358
39357
39357
39355
39355
39355
39355
39354
39352
39349
39349
39347
39347
39346
39346
39345
39345
39344
39341
39340
39340
39340
39338
39337
39335
39334
39334
39333
39331
39331
39330
39330
39329
39329
39328
39327
39326
39325
39325
39325
39325
39324
39323
39323
39323
39323
39321
39321
39321
39321
39320
39319
39319
39319
39317
39316
39316
39313
39312
39311
39310
39308
39307
39306
39306
39303
39302
39301
39299
39297
39296
39295
39295
39294
39292
39290
39289
39289
39288
39287
39286
39286
39285
39284
39283
39283
39282
39282
39282
39281
39281
39280
39279
39274
39273
39272
39269
39267
39267
39267
39267
39266
39265
39262
39262
39262
39262
39261
39261
39258
39256
39254
39253
39251
39251
39250
39248
39247
39246
39246
39246
39244
39242
39241
39239
39239
39239
39237
39235
39234
39234
39234
39233
39231
39229
39229
39227
39226
39226
39225
39224
39223
39222
39222
39218
39217
39217
39215
39215
39215
39214
39214
39211
39211
39209
39209
39208
39205
39205
39201
39199
39197
39197
39197
39197
39196
39194
39194
39193
39193
39190
39189
39188
39188
39188
39187
39184
39183
39182
39182
39177
39175
39174
39172
39172
39172
39171
39171
39170
39170
39169
39166
39165
39164
39162
39162
39161
39161
39159
39158
39158
39157
39157
39157
39156
39156
39155
39152
39151
39151
39151
39151
39149
39149
39149
39148
39147
39144
39143
39141
39138
39135
39134
39132
39130
39128
39126
39126
39124
39124
39123
39120
39116
39116
39116
39114
39113
39112
39110
39110
39110
39108
39107
39107
39106
39106
39105
39105
39105
39102
39102
39100
39099
39097
39097
39096
39095
39095
39094
39091
39091
39091
39090
39090
39088
39088
39087
39084
39084
39083
39083
39081
39079
39079
39077
39077
39076
39075
39074
39074
39073
39072
39070
39069
39068
39068
39067
39066
39066
39064
39063
39063
39063
39062
39062
39060
39056
39054
39053
39049
39049
39048
39047
39043
39042
39042
39041
39040
39035
39032
39031
39031
39030
39029
39029
39029
39027
39027
39027
39025
39025
39022
39021
39021
39021
39020
39017
39015
39015
39014
39013
39012
39012
39011
39006
39006
39006
39005
39005
39004
39004
39002
39002
39001
39001
39000
39000
39000
38998
38998
38998
38996
38995
38994
38990
38987
38987
38986
38984
38983
38981
38980
38980
38980
38979
38979
38979
38978
38977
38977
38977
38976
38975
38975
38975
38972
38971
38970
38970
38969
38968
38968
38966
38963
38963
38962
38959
38959
38959
38958
38957
38956
38955
38955
38955
38951
38950
38950
38950
38949
38949
38949
38947
38947
38945
38944
38942
38942
38940
38939
38938
38938
38936
38935
38934
38933
38932
38930
38930
38930
38929
38927
38927
38926
38926
38925
38924
38920
38917
38916
38916
38915
38915
38914
38914
38914
38912
38912
38912
38911
38910
38910
38909
38908
38908
38908
38906
38906
38905
38904
38904
38901
38901
38901
38901
38898
38898
38895
38894
38893
38892
38891
38888
38886
38885
38885
38882
38881
38879
38877
38874
38872
38872
38870
38870
38868
38867
38867
38866
38866
38865
38865
38864
38863
38862
38862
38862
38862
38861
38860
38860
38858
38855
38854
38854
38854
38853
38853
38852
38846
38845
38844
38843
38842
38841
38839
38839
38838
38838
38836
38835
38835
38834
38831
38831
38826
38824
38824
38824
38824
38823
38823
38822
38822
38821
38821
38820
38820
38819
38818
38817
38815
38815
38815
38814
38814
38813
38812
38808
38808
38806
38805
38804
38804
38803
38800
38799
38797
38797
38796
38795
38793
38792
38788
38788
38788
38786
38785
38782
38782
38781
38781
38780
38780
38780
38779
38778
38778
38778
38777
38777
38776
38775
38775
38774
38773
38771
38767
38766
38765
38764
38764
38762
38762
38761
38759
38759
38759
38759
38758
38757
38757
38756
38756
38754
38753
38752
38752
38750
38749
38746
38746
38746
38743
38743
38743
38743
38742
38741
38741
38740
38739
38739
38739
38735
38734
38730
38730
38730
38729
38728
38727
38726
38726
38726
38726
38725
38723
38722
38722
38721
38720
38720
38718
38718
38718
38718
38717
38715
38715
38714
38714
38713
38711
38710
38709
38708
38708
38707
38707
38706
38705
38704
38703
38700
38700
38699
38698
38698
38697
38697
38697
38694
38694
38694
38693
38692
38691
38690
38689
38687
38687
38685
38684
38683
38683
38682
38680
38679
38679
38678
38678
38677
38676
38675
38675
38673
38673
38672
38670
38669
38669
38668
38668
38667
38667
38667
38665
38665
38665
38664
38664
38663
38663
38663
38662
38661
38660
38659
38658
38657
38657
38657
38656
38656
38656
38656
38655
38655
38654
38654
38653
38650
38645
38644
38644
38642
38642
38642
38641
38640
38638
38637
38637
38636
38635
38635
38634
38632
38632
38631
38631
38630
38629
38628
38628
38628
38627
38627
38627
38625
38623
38622
38620
38619
38618
38616
38616
38616
38612
38611
38611
38609
38607
38607
38604
38603
38603
38602
38602
38600
38600
38600
38598
38596
38596
38594
38593
38591
38590
38589
38587
38586
38586
38585
38585
38584
38584
38583
38583
38581
38580
38580
38578
38578
38577
38576
38575
38573
38573
38571
38570
38567
38567
38567
38565
38564
38563
38563
38562
38562
38562
38561
38561
38561
38560
38559
38556
38549
38548
38546
38545
38545
38544
38544
38541
38541
38541
38540
38535
38533
38533
38533
38532
38531
38531
38530
38529
38527
38527
38526
38526
38524
38520
38520
38519
38519
38518
38518
38517
38517
38516
38516
38515
38514
38513
38512
38512
38512
38512
38511
38509
38508
38508
38507
38505
38505
38504
38503
38503
38501
38501
38499
38499
38498
38497
38497
38496
38496
38495
38494
38493
38492
38491
38488
38488
38486
38484
38484
38483
38482
38482
38481
38481
38479
38476
38476
38475
38475
38474
38474
38473
38472
38469
38469
38468
38468
38468
38467
38465
38465
38464
38462
38462
38461
38460
38460
38457
38456
38456
38455
38454
38451
38451
38451
38450
38449
38447
38447
38446
38446
38445
38444
38444
38439
38438
38438
38438
38436
38436
38434
38433
38433
38433
38431
38429
38428
38428
38427
38427
38426
38425
38425
38424
38421
38421
38421
38420
38418
38418
38417
38417
38416
38415
38414
38414
38413
38412
38412
38412
38410
38410
38410
38409
38408
38404
38403
38402
38402
38397
38397
38396
38396
38396
38395
38394
38391
38390
38390
38390
38389
38389
38387
38386
38386
38385
38384
38384
38382
38382
38381
38381
38379
38379
38377
38375
38375
38375
38375
38374
38374
38372
38371
38370
38368
38367
38367
38366
38366
38365
38364
38362
38360
38360
38358
38356
38356
38355
38354
38353
38353
38352
38350
38350
38350
38347
38345
38345
38345
38345
38344
38342
38342
38341
38341
38340
38337
38336
38334
38334
38332
38331
38331
38331
38329
38328
38328
38327
38326
38326
38326
38325
38325
38324
38323
38323
38322
38322
38321
38321
38320
38320
38320
38320
38320
38319
38317
38317
38317
38315
38315
38315
38315
38314
38309
38308
38308
38307
38305
38305
38305
38303
38303
38302
38301
38299
38299
38299
38297
38296
38296
38293
38292
38291
38289
38287
38287
38287
38285
38285
38281
38280
38280
38279
38276
38275
38275
38274
38274
38272
38269
38269
38267
38265
38264
38263
38260
38260
38260
38259
38259
38258
38256
38255
38255
38255
38255
38254
38253
38253
38252
38252
38251
38251
38250
38250
38249
38249
38249
38248
38247
38247
38246
38246
38246
38244
38243
38241
38235
38234
38233
38232
38232
38231
38231
38230
38229
38228
38226
38223
38223
38220
38219
38218
38215
38215
38215
38213
38213
38211
38210
38209
38209
38207
38207
38204
38204
38203
38202
38201
38200
38199
38197
38196
38194
38193
38188
38188
38188
38186
38185
38185
38185
38184
38181
38181
38180
38179
38178
38177
38177
38177
38176
38176
38173
38171
38170
38169
38168
38167
38165
38163
38162
38162
38160
38160
38159
38155
38155
38154
38152
38152
38152
38151
38150
38148
38148
38144
38144
38142
38141
38141
38141
38140
38138
38138
38138
38137
38135
38132
38132
38131
38131
38129
38126
38124
38122
38121
38121
38121
38120
38118
38117
38113
38112
38110
38109
38108
38106
38106
38105
38104
38104
38103
38103
38101
38101
38101
38100
38100
38099
38099
38099
38098
38096
38094
38093
38092
38091
38091
38089
38089
38087
38086
38086
38085
38085
38085
38084
38084
38084
38083
38082
38081
38080
38080
38080
38077
38077
38074
38074
38074
38074
38071
38071
38070
38068
38067
38067
38065
38064
38063
38062
38062
38061
38061
38061
38059
38059
38059
38058
38054
38054
38053
38052
38049
38048
38048
38047
38046
38046
38045
38044
38044
38044
38043
38043
38043
38042
38039
38039
38037
38037
38037
38036
38034
38032
38032
38031
38030
38029
38029
38029
38024
38021
38021
38020
38019
38017
38017
38016
38014
38014
38013
38012
38011
38011
38010
38009
38009
38007
38007
38005
38002
38000
37998
37997
37996
37993
37992
37990
37989
37988
37987
37983
37983
37982
37982
37980
37979
37977
37977
37976
37974
37973
37973
37973
37973
37970
37967
37966
37965
37965
37965
37964
37963
37962
37957
37957
37957
37955
37955
37954
37953
37952
37951
37950
37950
37949
37949
37947
37946
37946
37946
37946
37944
37944
37941
37940
37938
37937
37936
37936
37935
37935
37934
37931
37931
37931
37929
37929
37927
37927
37923
37922
37921
37921
37921
37920
37920
37920
37918
37916
37916
37915
37914
37912
37909
37909
37909
37906
37906
37902
37901
37900
37897
37896
37894
37893
37889
37888
37885
37885
37882
37882
37882
37879
37879
37878
37876
37874
37873
37873
37869
37867
37864
37861
37860
37858
37857
37857
37857
37856
37853
37853
37851
37851
37851
37850
37850
37849
37846
37844
37843
37843
37842
37841
37840
37839
37838
37836
37835
37835
37834
37834
37832
37830
37829
37828
37828
37827
37826
37824
37823
37821
37820
37819
37819
37813
37812
37811
37810
37810
37810
37808
37807
37805
37804
37804
37804
37804
37801
37801
37801
37799
37797
37797
37795
37794
37794
37793
37791
37791
37789
37788
37788
37787
37786
37785
37784
37784
37784
37783
37782
37782
37782
37780
37780
37780
37778
37778
37777
37777
37777
37777
37775
37775
37774
37773
37772
37772
37771
37768
37768
37764
37764
37762
37762
37762
37760
37760
37760
37759
37758
37758
37758
37758
37756
37756
37755
37752
37751
37744
37743
37742
37742
37740
37739
37739
37738
37737
37736
37734
37733
37732
37731
37731
37731
37730
37730
37728
37728
37728
37726
37724
37722
37722
37721
37719
37717
37717
37717
37715
37712
37711
37711
37709
37708
37707
37707
37707
37706
37706
37705
37705
37703
37703
37703
37701
37698
37698
37695
37694
37693
37693
37692
37691
37691
37690
37687
37685
37683
37682
37680
37679
37679
37674
37674
37672
37672
37670
37670
37669
37666
37663
37663
37661
37660
37658
37657
37657
37656
37655
37654
37645
37645
37645
37644
37643
37643
37642
37641
37640
37638
37635
37633
37631
37630
37630
37628
37628
37628
37626
37625
37623
37617
37617
37613
37613
37612
37610
37610
37609
37608
37608
37607
37607
37607
37606
37605
37605
37605
37604
37603
37602
37602
37600
37600
37599
37598
37598
37597
37597
37597
37597
37595
37593
37591
37591
37590
37589
37589
37588
37587
37587
37586
37586
37585
37584
37582
37581
37580
37580
37579
37577
37577
37576
37576
37576
37574
37574
37573
37573
37572
37571
37571
37571
37570
37569
37569
37568
37568
37568
37564
37563
37562
37562
37561
37561
37561
37557
37556
37556
37553
37553
37552
37552
37551
37550
37550
37549
37549
37549
37547
37545
37544
37542
37541
37541
37540
37540
37540
37539
37539
37538
37538
37538
37537
37535
37534
37530
37530
37529
37525
37523
37520
37519
37518
37516
37516
37514
37512
37512
37511
37509
37505
37505
37505
37504
37503
37503
37501
37499
37498
37498
37496
37495
37494
37490
37488
37488
37487
37484
37483
37482
37482
37482
37481
37481
37481
37480
37476
37475
37474
37474
37473
37473
37472
37471
37470
37467
37466
37463
37463
37462
37462
37462
37462
37458
37458
37457
37457
37457
37457
37456
37455
37455
37454
37453
37453
37453
37452
37451
37449
37449
37448
37447
37445
37444
37444
37443
37442
37442
37440
37440
37440
37438
37436
37436
37434
37434
37432
37431
37431
37427
37426
37425
37425
37424
37422
37421
37419
37419
37417
37415
37414
37413
37411
37409
37409
37408
37407
37406
37402
37402
37401
37401
37401
37399
37399
37398
37398
37397
37397
37397
37395
37394
37393
37392
37387
37386
37385
37384
37383
37383
37381
37381
37380
37379
37379
37379
37376
37373
37373
37372
37372
37371
37370
37370
37368
37368
37367
37364
37364
37362
37362
37362
37362
37360
37359
37359
37358
37358
37356
37356
37354
37353
37350
37349
37348
37348
37346
37345
37344
37343
37340
37336
37336
37334
37333
37332
37332
37331
37330
37330
37327
37327
37326
37325
37324
37322
37320
37319
37318
37318
37317
37317
37315
37313
37313
37313
37311
37310
37309
37309
37308
37307
37306
37305
37304
37302
37301
37300
37300
37299
37299
37298
37298
37297
37297
37296
37295
37294
37293
37293
37292
37290
37290
37288
37285
37285
37285
37285
37284
37284
37284
37283
37283
37283
37282
37282
37277
37276
37275
37275
37275
37274
37273
37273
37271
37270
37270
37270
37270
37269
37269
37268
37267
37264
37264
37264
37263
37262
37261
37260
37259
37259
37258
37257
37254
37254
37252
37250
37248
37248
37247
37246
37246
37245
37243
37242
37242
37240
37240
37239
37239
37239
37239
37238
37236
37234
37234
37233
37231
37231
37231
37227
37227
37224
37224
37222
37217
37217
37216
37213
37213
37213
37211
37210
37209
37209
37205
37205
37204
37203
37202
37202
37201
37201
37201
37200
37198
37197
37196
37195
37194
37194
37193
37193
37192
37191
37191
37190
37190
37189
37187
37187
37186
37185
37185
37184
37184
37183
37183
37182
37181
37179
37177
37176
37175
37174
37174
37171
37171
37170
37170
37167
37167
37166
37165
37165
37164
37164
37163
37159
37157
37155
37153
37153
37152
37147
37147
37145
37144
37144
37142
37142
37142
37141
37141
37140
37137
37136
37135
37133
37132
37131
37130
37129
37128
37128
37128
37125
37125
37124
37123
37122
37121
37121
37121
37120
37120
37119
37118
37117
37116
37116
37115
37114
37113
37113
37110
37109
37107
37107
37106
37106
37105
37105
37104
37104
37103
37102
37102
37101
37099
37096
37096
37095
37095
37095
37094
37094
37093
37092
37092
37091
37089
37089
37089
37087
37084
37083
37083
37082
37082
37081
37081
37080
37080
37078
37078
37077
37077
37076
37076
37076
37073
37072
37072
37071
37070
37070
37070
37068
37068
37067
37066
37065
37064
37064
37063
37063
37060
37058
37056
37055
37055
37054
37054
37053
37050
37049
37049
37048
37048
37047
37046
37045
37045
37045
37044
37042
37041
37041
37040
37040
37039
37039
37039
37037
37037
37036
37035
37034
37032
37032
37031
37029
37026
37025
37025
37025
37023
37022
37021
37020
37020
37018
37016
37016
37016
37016
37015
37015
37014
37013
37013
37012
37011
37009
37007
37007
37003
37001
37000
36999
36999
36999
36998
36998
36997
36996
36995
36995
36994
36993
36992
36991
36988
36985
36984
36982
36980
36979
36979
36979
36978
36977
36976
36975
36975
36974
36974
36974
36974
36973
36969
36967
36966
36965
36964
36963
36961
36961
36960
36960
36959
36958
36957
36955
36955
36955
36952
36952
36950
36949
36948
36946
36946
36946
36945
36945
36944
36943
36943
36938
36938
36937
36935
36935
36935
36933
36932
36931
36931
36928
36928
36928
36927
36926
36925
36924
36923
36921
36919
36917
36917
36916
36916
36916
36914
36912
36911
36909
36908
36906
36905
36905
36904
36904
36902
36902
36902
36901
36900
36900
36900
36899
36895
36895
36894
36892
36891
36891
36890
36888
36887
36886
36886
36885
36884
36883
36883
36881
36881
36881
36879
36876
36876
36876
36876
36875
36875
36875
36874
36871
36868
36867
36864
36863
36862
36861
36859
36858
36852
36852
36852
36852
36852
36851
36850
36848
36847
36845
36844
36844
36843
36843
36841
36841
36841
36841
36840
36840
36840
36838
36837
36836
36836
36835
36834
36832
36828
36827
36827
36826
36826
36825
36824
36822
36820
36820
36818
36818
36817
36814
36813
36812
36810
36806
36806
36805
36804
36803
36803
36802
36802
36802
36801
36800
36796
36793
36792
36790
36789
36787
36787
36787
36786
36786
36784
36783
36783
36782
36779
36778
36776
36776
36776
36775
36774
36774
36772
36772
36771
36770
36766
36765
36763
36762
36761
36760
36758
36758
36756
36756
36755
36755
36754
36754
36754
36754
36752
36751
36751
36749
36748
36747
36747
36746
36743
36742
36742
36742
36739
36739
36737
36735
36733
36732
36729
36729
36723
36723
36723
36723
36722
36722
36721
36719
36718
36716
36715
36714
36712
36712
36712
36710
36708
36706
36705
36704
36702
36701
36699
36699
36697
36696
36695
36693
36692
36690
36689
36689
36687
36684
36683
36682
36682
36680
36680
36679
36679
36678
36677
36676
36676
36675
36672
36672
36672
36672
36671
36671
36671
36669
36669
36667
36664
36660
36660
36656
36652
36652
36648
36647
36643
36643
36643
36643
36642
36641
36641
36639
36639
36638
36637
36635
36634
36633
36631
36626
36625
36622
36622
36622
36620
36617
36617
36616
36614
36614
36614
36614
36612
36610
36609
36606
36606
36602
36602
36601
36598
36597
36597
36592
36590
36588
36588
36587
36587
36587
36585
36585
36585
36583
36582
36581
36580
36580
36580
36579
36578
36577
36577
36576
36575
36575
36574
36573
36573
36572
36571
36571
36571
36570
36570
36570
36569
36568
36567
36567
36566
36565
36564
36564
36564
36562
36561
36560
36557
36557
36554
36554
36551
36551
36551
36551
36550
36550
36549
36549
36548
36547
36547
36544
36543
36542
36541
36541
36541
36540
36540
36540
36538
36538
36536
36535
36533
36530
36530
36529
36528
36527
36522
36520
36519
36517
36516
36515
36514
36513
36513
36512
36512
36509
36508
36507
36504
36503
36503
36502
36502
36500
36499
36499
36499
36498
36496
36496
36494
36493
36493
36491
36490
36489
36489
36488
36484
36484
36483
36482
36480
36480
36479
36479
36479
36477
36475
36473
36472
36470
36468
36468
36468
36467
36467
36464
36463
36463
36461
36461
36461
36460
36459
36458
36458
36457
36456
36453
36452
36452
36452
36451
36450
36450
36450
36446
36446
36442
36441
36441
36440
36440
36438
36438
36437
36435
36434
36433
36431
36430
36429
36428
36427
36427
36427
36426
36425
36424
36423
36423
36422
36421
36421
36421
36417
36416
36416
36416
36415
36415
36413
36412
36409
36408
36407
36407
36407
36406
36406
36406
36406
36405
36404
36402
36402
36401
36401
36396
36393
36390
36390
36389
36387
36385
36385
36382
36382
36382
36380
36379
36379
36378
36377
36374
36372
36371
36370
36368
36368
36367
36367
36367
36365
36364
36364
36363
36361
36361
36360
36358
36356
36355
36355
36352
36352
36351
36351
36351
36351
36350
36350
36348
36347
36346
36345
36345
36343
36342
36340
36339
36339
36339
36339
36336
36336
36335
36335
36334
36334
36331
36330
36329
36328
36327
36327
36327
36326
36326
36324
36324
36323
36322
36320
36320
36316
36316
36315
36314
36314
36310
36308
36308
36306
36305
36305
36304
36302
36298
36296
36295
36294
36293
36290
36290
36290
36287
36285
36285
36284
36283
36283
36282
36280
36280
36280
36279
36279
36278
36277
36274
36273
36273
36272
36271
36270
36268
36268
36268
36266
36266
36265
36263
36263
36262
36262
36262
36260
36260
36259
36259
36259
36257
36257
36257
36256
36254
36253
36252
36252
36251
36249
36248
36248
36246
36245
36244
36242
36242
36242
36242
36241
36241
36240
36239
36239
36238
36237
36236
36234
36234
36230
36229
36228
36226
36225
36224
36223
36223
36222
36222
36221
36220
36220
36219
36219
36219
36217
36217
36215
36212
36212
36210
36208
36207
36207
36206
36204
36202
36201
36201
36200
36199
36199
36198
36198
36197
36196
36193
36193
36191
36188
36187
36186
36185
36183
36183
36181
36181
36180
36180
36180
36179
36178
36175
36173
36173
36172
36172
36172
36171
36171
36171
36170
36170
36170
36169
36167
36166
36165
36164
36160
36160
36158
36157
36157
36156
36156
36155
36155
36152
36149
36145
36145
36145
36144
36143
36142
36142
36141
36141
36140
36139
36138
36137
36136
36135
36135
36135
36134
36134
36134
36133
36131
36131
36129
36125
36124
36124
36123
36123
36123
36122
36122
36121
36121
36120
36118
36117
36117
36115
36115
36112
36112
36111
36108
36106
36104
36103
36102
36102
36102
36101
36101
36101
36100
36098
36095
36094
36094
36091
36091
36090
36088
36088
36088
36087
36086
36084
36084
36083
36081
36081
36081
36079
36078
36077
36076
36076
36076
36075
36074
36074
36073
36072
36069
36068
36068
36066
36066
36065
36064
36064
36064
36063
36062
36061
36061
36058
36055
36053
36053
36052
36051
36051
36050
36050
36050
36048
36047
36046
36045
36045
36044
36044
36043
36043
36042
36041
36039
36038
36038
36036
36036
36035
36035
36033
36030
36029
36029
36029
36026
36025
36025
36024
36023
36022
36022
36021
36020
36018
36018
36018
36016
36013
36012
36012
36008
36007
36006
36005
36005
36003
36002
36001
36001
36000
35999
35999
35999
35998
35997
35994
35994
35994
35994
35993
35991
35991
35990
35989
35988
35987
35987
35986
35986
35985
35984
35983
35981
35981
35980
35978
35977
35976
35975
35973
35973
35972
35971
35970
35967
35966
35965
35965
35965
35964
35964
35962
35961
35961
35960
35959
35957
35957
35957
35956
35955
35954
35954
35954
35953
35950
35949
35948
35946
35943
35941
35940
35940
35940
35939
35939
35938
35938
35934
35931
35931
35930
35930
35928
35928
35926
35924
35924
35924
35921
35920
35919
35919
35918
35914
35914
35914
35913
35913
35911
35911
35910
35910
35909
35909
35909
35908
35907
35906
35903
35903
35902
35902
35900
35900
35896
35896
35895
35895
35895
35894
35894
35893
35892
35889
35889
35888
35887
35886
35886
35886
35886
35885
35884
35884
35884
35882
35881
35881
35879
35877
35876
35876
35875
35874
35874
35872
35870
35870
35869
35867
35867
35867
35865
35865
35863
35863
35862
35862
35860
35860
35858
35858
35858
35857
35855
35855
35854
35854
35853
35853
35852
35852
35851
35850
35849
35846
35846
35845
35845
35845
35843
35843
35843
35841
35839
35839
35839
35838
35836
35834
35833
35833
35833
35832
35831
35831
35827
35826
35825
35824
35824
35823
35823
35822
35821
35821
35820
35819
35819
35819
35818
35818
35817
35816
35816
35815
35814
35814
35812
35812
35812
35811
35811
35811
35806
35804
35801
35799
35798
35796
35793
35791
35790
35788
35787
35787
35786
35786
35786
35784
35783
35782
35780
35779
35779
35778
35777
35777
35774
35774
35773
35769
35768
35768
35767
35765
35764
35763
35762
35762
35761
35760
35758
35758
35758
35757
35757
35756
35756
35756
35754
35753
35752
35749
35748
35748
35746
35743
35742
35742
35741
35741
35740
35740
35738
35738
35737
35737
35736
35732
35732
35731
35727
35727
35726
35725
35725
35725
35722
35721
35721
35720
35719
35719
35718
35717
35717
35716
35716
35715
35714
35713
35713
35713
35708
35706
35704
35703
35703
35703
35700
35700
35697
35697
35696
35696
35695
35693
35693
35693
35691
35691
35690
35690
35689
35685
35683
35682
35681
35681
35681
35680
35679
35676
35675
35675
35675
35675
35674
35673
35673
35671
35671
35665
35664
35663
35661
35659
35657
35656
35656
35654
35654
35652
35652
35651
35649
35648
35647
35646
35646
35645
35644
35644
35643
35639
35638
35638
35637
35635
35634
35634
35632
35632
35629
35628
35627
35626
35626
35625
35625
35622
35621
35619
35618
35617
35616
35615
35614
35614
35614
35612
35612
35612
35611
35611
35611
35611
35610
35607
35606
35605
35603
35603
35599
35596
35596
35594
35594
35591
35591
35590
35590
35589
35588
35587
35587
35587
35586
35586
35585
35583
35583
35580
35578
35578
35576
35576
35576
35574
35574
35573
35571
35571
35571
35570
35570
35569
35568
35568
35566
35565
35564
35563
35563
35561
35561
35561
35559
35558
35558
35558
35558
35557
35557
35556
35556
35555
35555
35554
35554
35552
35552
35551
35551
35550
35549
35549
35549
35547
35545
35543
35542
35542
35541
35539
35538
35537
35537
35536
35536
35534
35534
35534
35533
35532
35529
35527
35527
35525
35525
35524
35524
35524
35523
35520
35519
35518
35518
35517
35517
35516
35515
35512
35511
35510
35508
35505
35505
35504
35503
35502
35501
35500
35499
35499
35498
35497
35497
35497
35497
35495
35495
35493
35493
35491
35490
35485
35483
35483
35482
35482
35481
35481
35480
35479
35479
35478
35478
35478
35476
35475
35475
35474
35474
35474
35471
35470
35464
35464
35464
35462
35458
35457
35457
35457
35453
35453
35451
35450
35448
35448
35448
35447
35446
35445
35444
35443
35443
35440
35438
35438
35438
35437
35436
35435
35435
35435
35435
35434
35434
35432
35432
35431
35431
35430
35429
35429
35429
35429
35428
35428
35428
35427
35426
35425
35424
35424
35423
35423
35423
35421
35419
35419
35419
35419
35417
35413
35413
35412
35409
35409
35406
35403
35402
35402
35402
35402
35401
35400
35399
35397
35397
35397
35395
35394
35394
35393
35392
35391
35391
35390
35389
35389
35388
35388
35388
35385
35383
35382
35382
35381
35381
35380
35380
35380
35380
35378
35378
35378
35378
35376
35374
35372
35372
35372
35371
35369
35368
35367
35366
35366
35365
35365
35364
35363
35362
35362
35361
35361
35360
35358
35358
35356
35356
35353
35352
35352
35348
35347
35345
35343
35343
35342
35338
35337
35336
35335
35335
35335
35334
35334
35332
35331
35330
35330
35330
35330
35325
35324
35321
35321
35319
35319
35317
35317
35316
35316
35316
35314
35312
35311
35311
35310
35308
35306
35305
35304
35303
35300
35300
35299
35299
35297
35297
35295
35295
35294
35293
35291
35290
35289
35289
35287
35287
35284
35282
35281
35279
35277
35277
35276
35276
35274
35273
35273
35273
35272
35267
35266
35264
35263
35262
35259
35258
35258
35258
35257
35257
35255
35253
35249
35249
35248
35247
35243
35242
35238
35236
35236
35236
35235
35233
35233
35233
35233
35232
35232
35231
35230
35228
35223
35222
35221
35220
35214
35213
35211
35210
35210
35208
35208
35206
35205
35205
35202
35201
35201
35200
35199
35199
35196
35195
35194
35193
35193
35192
35192
35192
35190
35188
35188
35188
35188
35185
35184
35182
35182
35181
35180
35179
35177
35177
35176
35175
35174
35173
35170
35169
35168
35168
35168
35167
35163
35163
35162
35162
35159
35159
35158
35157
35155
35155
35154
35154
35153
35151
35150
35150
35149
35148
35147
35146
35146
35145
35143
35143
35142
35140
35140
35140
35138
35138
35138
35137
35137
35136
35135
35135
35133
35131
35131
35130
35129
35129
35129
35128
35128
35125
35124
35122
35121
35120
35119
35119
35119
35117
35117
35117
35116
35115
35111
35111
35111
35109
35109
35108
35108
35103
35103
35100
35100
35100
35099
35098
35097
35096
35095
35094
35094
35094
35092
35091
35090
35090
35086
35086
35085
35083
35082
35082
35082
35080
35079
35079
35076
35075
35075
35073
35071
35071
35070
35069
35068
35066
35065
35065
35064
35064
35063
35063
35062
35061
35060
35059
35059
35057
35056
35055
35054
35054
35051
35048
35047
35046
35046
35044
35043
35043
35043
35043
35040
35040
35039
35038
35038
35037
35036
35034
35034
35034
35034
35032
35031
35031
35029
35029
35027
35026
35024
35024
35024
35022
35021
35021
35019
35018
35018
35015
35013
35008
35007
35007
35004
35003
35001
35000
34999
34997
34996
34996
34993
34993
34993
34993
34992
34990
34986
34985
34985
34985
34985
34984
34983
34981
34981
34981
34979
34976
34975
34974
34971
34968
34967
34967
34966
34965
34965
34964
34964
34964
34963
34963
34961
34960
34956
34955
34955
34955
34954
34952
34951
34951
34950
34950
34950
34949
34946
34945
34943
34943
34943
34942
34942
34942
34941
34938
34938
34937
34937
34937
34936
34936
34934
34932
34932
34932
34930
34929
34927
34927
34926
34924
34924
34923
34923
34923
34922
34922
34920
34920
34920
34917
34917
34916
34916
34915
34914
34914
34913
34911
34911
34910
34910
34909
34909
34907
34906
34906
34905
34905
34905
34904
34904
34904
34903
34902
34902
34900
34900
34900
34898
34896
34895
34895
34895
34895
34893
34892
34892
34891
34890
34890
34890
34889
34888
34887
34887
34886
34884
34882
34880
34878
34877
34877
34877
34876
34876
34876
34875
34875
34873
34872
34871
34868
34864
34864
34859
34858
34857
34857
34857
34856
34856
34855
34855
34853
34851
34850
34848
34846
34843
34843
34840
34838
34838
34838
34837
34837
34835
34834
34833
34832
34831
34829
34828
34828
34827
34827
34826
34825
34825
34824
34824
34823
34822
34820
34820
34818
34816
34816
34815
34814
34810
34810
34810
34808
34808
34807
34807
34805
34805
34802
34800
34799
34799
34799
34798
34797
34797
34796
34794
34793
34793
34793
34792
34790
34789
34787
34785
34782
34782
34782
34781
34780
34780
34780
34780
34780
34778
34777
34773
34773
34770
34769
34769
34767
34765
34765
34762
34762
34758
34757
34757
34756
34754
34753
34752
34752
34749
34749
34748
34747
34746
34745
34744
34743
34742
34739
34736
34736
34736
34736
34735
34734
34733
34732
34731
34731
34729
34729
34728
34726
34726
34722
34720
34719
34719
34717
34717
34716
34716
34715
34715
34713
34710
34708
34707
34706
34704
34704
34704
34701
34701
34701
34700
34700
34698
34697
34697
34697
34697
34695
34694
34692
34691
34691
34690
34689
34689
34685
34685
34683
34681
34679
34678
34678
34677
34677
34677
34677
34677
34677
34676
34675
34674
34670
34670
34670
34669
34666
34664
34664
34662
34660
34659
34657
34656
34655
34655
34654
34654
34653
34652
34650
34649
34647
34646
34644
34644
34643
34643
34643
34642
34640
34640
34639
34639
34638
34638
34638
34636
34636
34634
34634
34633
34633
34632
34630
34628
34626
34624
34623
34622
34622
34620
34620
34619
34618
34613
34613
34613
34612
34612
34611
34611
34610
34609
34608
34607
34606
34605
34605
34605
34604
34602
34599
34597
34597
34597
34597
34595
34593
34593
34593
34593
34592
34589
34589
34588
34587
34586
34584
34584
34582
34581
34581
34580
34580
34579
34576
34576
34575
34575
34573
34573
34572
34572
34571
34571
34571
34569
34569
34568
34565
34565
34564
34564
34562
34560
34560
34559
34559
34559
34557
34556
34554
34552
34552
34551
34550
34547
34544
34544
34544
34544
34543
34543
34542
34542
34541
34541
34540
34538
34538
34536
34535
34534
34534
34534
34534
34533
34533
34533
34532
34527
34525
34524
34523
34523
34523
34522
34520
34520
34519
34519
34518
34517
34517
34516
34515
34515
34515
34515
34512
34511
34511
34510
34507
34507
34506
34504
34503
34503
34497
34497
34497
34496
34496
34495
34494
34493
34490
34490
34489
34488
34487
34486
34486
34486
34486
34485
34484
34484
34483
34483
34482
34481
34480
34478
34478
34477
34477
34474
34473
34471
34470
34470
34470
34469
34468
34468
34466
34465
34464
34464
34464
34462
34462
34460
34459
34458
34457
34457
34456
34453
34453
34452
34448
34447
34447
34446
34446
34444
34444
34443
34443
34442
34440
34440
34440
34439
34439
34438
34437
34436
34435
34434
34432
34429
34428
34428
34427
34425
34424
34422
34422
34422
34421
34420
34418
34417
34417
34416
34415
34415
34414
34412
34411
34411
34409
34409
34408
34407
34406
34405
34405
34403
34402
34402
34401
34397
34397
34396
34394
34394
34393
34393
34390
34390
34390
34390
34390
34389
34388
34388
34386
34385
34383
34382
34381
34380
34379
34379
34379
34378
34378
34378
34377
34375
34374
34373
34372
34371
34369
34367
34366
34364
34363
34362
34361
34360
34359
34359
34357
34357
34356
34354
34352
34350
34349
34349
34349
34348
34346
34345
34345
34342
34342
34339
34338
34336
34336
34335
34334
34334
34332
34332
34332
34330
34330
34325
34325
34324
34324
34322
34322
34319
34317
34316
34316
34311
34308
34308
34307
34307
34306
34306
34304
34304
34302
34301
34301
34300
34299
34298
34297
34296
34296
34295
34295
34295
34294
34293
34292
34291
34290
34290
34289
34289
34288
34285
34283
34282
34281
34281
34281
34280
34280
34278
34278
34277
34276
34276
34274
34274
34272
34272
34272
34272
34271
34270
34269
34268
34268
34267
34267
34267
34266
34265
34265
34263
34262
34261
34261
34261
34260
34257
34257
34252
34251
34250
34250
34250
34249
34245
34245
34242
34242
34241
34240
34239
34238
34235
34232
34230
34230
34230
34229
34227
34226
34224
34223
34221
34219
34218
34218
34218
34218
34217
34217
34217
34214
34212
34208
34208
34207
34206
34204
34204
34203
34203
34202
34200
34200
34198
34194
34194
34194
34190
34188
34186
34185
34185
34185
34184
34184
34182
34182
34180
34179
34176
34176
34175
34174
34173
34173
34172
34171
34167
34165
34165
34163
34163
34162
34154
34154
34152
34152
34151
34150
34145
34145
34143
34141
34141
34141
34140
34139
34139
34138
34136
34134
34133
34133
34132
34131
34131
34128
34127
34125
34122
34122
34121
34120
34119
34115
34112
34108
34108
34106
34106
34104
34104
34104
34102
34101
34101
34101
34098
34097
34097
34096
34095
34094
34092
34090
34090
34088
34086
34085
34083
34083
34079
34079
34079
34078
34075
34075
34075
34074
34071
34070
34069
34068
34067
34066
34065
34065
34062
34062
34062
34061
34060
34059
34059
34058
34058
34058
34058
34053
34053
34052
34050
34049
34049
34048
34047
34047
34045
34045
34045
34044
34042
34042
34040
34036
34036
34036
34034
34033
34033
34032
34030
34030
34030
34029
34028
34027
34026
34025
34024
34024
34023
34022
34021
34019
34018
34018
34017
34017
34016
34015
34015
34015
34014
34014
34013
34012
34011
34010
34009
34008
34006
34006
34005
34003
34003
33998
33998
33998
33998
33998
33998
33995
33994
33991
33990
33990
33989
33988
33987
33987
33986
33985
33985
33985
33984
33983
33983
33982
33981
33981
33981
33979
33979
33978
33976
33976
33975
33973
33972
33971
33970
33968
33968
33968
33967
33964
33963
33963
33962
33961
33961
33960
33960
33957
33955
33955
33954
33954
33953
33953
33953
33950
33948
33947
33947
33944
33944
33941
33940
33940
33938
33938
33936
33935
33935
33935
33934
33933
33932
33929
33929
33929
33929
33929
33928
33928
33927
33927
33926
33926
33925
33922
33922
33921
33921
33921
33920
33920
33920
33919
33918
33916
33915
33914
33914
33914
33914
33912
33909
33909
33908
33908
33908
33908
33906
33904
33904
33902
33901
33901
33898
33897
33896
33894
33894
33894
33892
33891
33890
33889
33887
33887
33884
33884
33883
33882
33882
33882
33882
33880
33878
33878
33877
33876
33875
33874
33874
33873
33873
33871
33871
33871
33870
33869
33869
33868
33867
33866
33864
33860
33858
33858
33857
33855
33854
33853
33853
33850
33850
33849
33849
33849
33849
33849
33846
33844
33843
33843
33841
33838
33838
33838
33838
33837
33835
33835
33835
33830
33830
33830
33830
33829
33829
33827
33827
33826
33825
33825
33821
33821
33820
33819
33819
33814
33812
33811
33810
33810
33810
33809
33807
33806
33806
33805
33805
33804
33803
33802
33802
33801
33801
33800
33799
33799
33798
33798
33795
33794
33794
33793
33793
33789
33789
33789
33787
33786
33785
33784
33783
33782
33781
33781
33781
33780
33780
33780
33779
33777
33776
33775
33775
33773
33773
33771
33771
33770
33768
33767
33766
33766
33765
33765
33764
33763
33763
33762
33760
33759
33758
33758
33757
33756
33755
33755
33755
33753
33753
33750
33746
33745
33744
33743
33742
33740
33740
33740
33739
33739
33738
33735
33734
33732
33731
33731
33730
33730
33728
33727
33726
33726
33726
33724
33723
33722
33718
33718
33718
33716
33712
33712
33712
33711
33710
33710
33709
33708
33708
33707
33706
33705
33704
33703
33701
33701
33699
33696
33696
33695
33694
33693
33693
33692
33691
33689
33689
33688
33687
33687
33687
33686
33685
33685
33684
33683
33681
33679
33679
33675
33675
33674
33674
33673
33673
33673
33672
33669
33668
33668
33666
33666
33666
33666
33665
33665
33665
33664
33664
33660
33657
33657
33655
33654
33653
33651
33651
33650
33648
33647
33646
33642
33641
33640
33639
33639
33639
33638
33638
33638
33637
33637
33637
33635
33634
33634
33634
33632
33632
33630
33629
33629
33628
33626
33626
33625
33625
33622
33620
33617
33616
33615
33615
33611
33611
33611
33611
33610
33605
33604
33604
33603
33601
33600
33599
33599
33599
33598
33597
33597
33596
33596
33594
33594
33593
33593
33592
33591
33590
33588
33587
33584
33583
33582
33581
33577
33576
33576
33574
33573
33572
33571
33570
33568
33568
33567
33567
33565
33562
33559
33559
33558
33556
33554
33553
33553
33551
33550
33550
33548
33547
33545
33545
33545
33545
33544
33543
33543
33543
33543
33542
33540
33539
33539
33535
33534
33533
33533
33533
33533
33532
33532
33530
33529
33528
33528
33527
33527
33525
33525
33524
33523
33521
33521
33520
33520
33519
33519
33518
33515
33514
33513
33511
33511
33510
33508
33508
33508
33507
33506
33503
33503
33500
33499
33498
33498
33498
33495
33494
33493
33493
33493
33493
33489
33488
33488
33486
33485
33484
33484
33484
33479
33477
33475
33474
33474
33470
33468
33467
33466
33466
33466
33465
33464
33462
33460
33460
33460
33460
33459
33459
33459
33458
33456
33450
33450
33449
33449
33443
33442
33442
33440
33439
33438
33438
33438
33436
33435
33434
33433
33433
33433
33432
33429
33428
33427
33427
33425
33421
33420
33419
33419
33418
33418
33418
33417
33416
33414
33414
33414
33414
33409
33408
33408
33407
33406
33406
33406
33405
33405
33404
33404
33404
33403
33402
33401
33401
33401
33400
33400
33399
33397
33396
33396
33394
33393
33392
33392
33391
33391
33390
33389
33389
33389
33387
33385
33385
33385
33384
33382
33382
33380
33380
33380
33379
33379
33379
33379
33378
33378
33377
33375
33374
33373
33373
33372
33372
33372
33372
33370
33370
33368
33366
33365
33364
33363
33363
33361
33359
33357
33355
33354
33354
33354
33353
33353
33352
33351
33351
33351
33348
33348
33346
33345
33345
33344
33344
33341
33340
33337
33335
33335
33335
33332
33332
33331
33330
33329
33327
33324
33323
33322
33320
33319
33319
33313
33313
33312
33312
33311
33311
33310
33310
33310
33307
33306
33303
33298
33296
33296
33296
33295
33295
33295
33290
33290
33290
33290
33289
33286
33285
33284
33283
33283
33283
33282
33282
33281
33281
33281
33280
33279
33277
33275
33273
33272
33269
33269
33262
33262
33262
33261
33259
33259
33258
33258
33257
33256
33255
33252
33252
33250
33250
33250
33249
33248
33248
33247
33245
33244
33242
33240
33240
33238
33237
33235
33234
33233
33232
33232
33231
33231
33230
33230
33229
33228
33228
33228
33226
33221
33219
33218
33217
33216
33216
33213
33212
33210
33208
33208
33208
33208
33208
33207
33207
33206
33206
33206
33205
33204
33202
33201
33201
33197
33194
33194
33192
33188
33187
33184
33184
33183
33183
33183
33181
33180
33179
33178
33177
33176
33172
33171
33171
33170
33169
33168
33165
33165
33163
33163
33162
33162
33162
33160
33159
33156
33156
33156
33156
33156
33154
33153
33153
33151
33150
33150
33145
33143
33140
33140
33140
33139
33138
33136
33132
33132
33132
33131
33131
33130
33129
33126
33124
33122
33122
33121
33117
33115
33114
33114
33114
33112
33110
33110
33110
33110
33109
33108
33108
33108
33107
33107
33106
33106
33105
33105
33104
33103
33101
33101
33100
33099
33099
33098
33097
33097
33095
33093
33090
33090
33089
33089
33087
33087
33086
33084
33084
33084
33083
33082
33079
33078
33078
33078
33077
33074
33073
33073
33072
33071
33071
33069
33068
33068
33068
33068
33067
33065
33063
33062
33062
33061
33061
33060
33059
33059
33057
33055
33055
33055
33054
33053
33053
33053
33052
33050
33050
33048
33046
33046
33045
33045
33043
33043
33042
33041
33041
33040
33039
33038
33037
33036
33036
33035
33035
33033
33032
33032
33031
33030
33029
33029
33028
33027
33024
33024
33022
33020
33019
33019
33018
33018
33018
33016
33015
33014
33013
33012
33012
33012
33011
33011
33011
33011
33010
33010
33010
33009
33009
33008
33007
33006
33005
33004
33001
33001
33000
33000
33000
32999
32999
32997
32996
32994
32993
32992
32990
32990
32989
32987
32986
32986
32985
32982
32981
32981
32980
32978
32977
32977
32976
32976
32974
32974
32974
32972
32972
32970
32970
32968
32966
32964
32964
32960
32959
32959
32959
32958
32958
32956
32955
32953
32952
32951
32950
32950
32949
32948
32947
32947
32947
32946
32945
32943
32943
32943
32941
32939
32935
32935
32935
32935
32934
32933
32932
32932
32930
32929
32925
32924
32923
32923
32922
32920
32918
32918
32918
32914
32914
32913
32910
32908
32907
32906
32906
32903
32902
32902
32902
32902
32900
32899
32896
32896
32896
32895
32895
32894
32893
32893
32892
32892
32892
32891
32887
32886
32885
32885
32885
32884
32881
32880
32877
32875
32873
32873
32871
32870
32870
32869
32869
32867
32867
32866
32866
32866
32865
32865
32864
32862
32862
32861
32860
32860
32858
32857
32856
32856
32855
32855
32852
32849
32849
32848
32848
32848
32847
32846
32845
32844
32842
32842
32840
32839
32837
32835
32835
32835
32834
32833
32833
32830
32829
32829
32829
32828
32828
32825
32825
32824
32824
32823
32821
32821
32820
32818
32818
32817
32816
32816
32813
32809
32807
32806
32804
32803
32802
32801
32801
32800
32800
32800
32798
32798
32797
32796
32795
32794
32792
32791
32791
32790
32790
32789
32788
32788
32787
32786
32786
32785
32784
32784
32783
32780
32777
32777
32774
32773
32772
32772
32772
32771
32770
32768
32768
32767
32767
32766
32766
32762
32762
32762
32761
32761
32760
32755
32755
32755
32753
32753
32752
32751
32750
32749
32746
32745
32743
32742
32739
32739
32737
32737
32737
32736
32736
32736
32735
32734
32734
32733
32729
32729
32726
32725
32725
32723
32722
32720
32720
32719
32718
32718
32718
32715
32713
32713
32712
32708
32706
32706
32706
32703
32702
32701
32700
32699
32699
32699
32698
32696
32696
32691
32690
32690
32690
32689
32689
32689
32688
32687
32685
32685
32684
32683
32683
32683
32682
32682
32681
32681
32680
32676
32673
32673
32671
32670
32668
32667
32667
32667
32666
32666
32665
32663
32663
32662
32661
32659
32659
32657
32654
32654
32648
32645
32641
32641
32641
32640
32640
32638
32638
32636
32634
32634
32633
32633
32632
32632
32632
32632
32631
32631
32630
32629
32629
32628
32626
32625
32622
32621
32621
32619
32618
32617
32616
32616
32613
32613
32613
32613
32613
32613
32612
32612
32612
32611
32611
32611
32610
32609
32607
32606
32605
32604
32604
32604
32604
32602
32601
32601
32601
32598
32594
32593
32593
32591
32589
32587
32587
32584
32583
32582
32581
32580
32580
32579
32578
32578
32577
32576
32576
32574
32574
32573
32573
32570
32570
32567
32566
32565
32564
32562
32561
32561
32557
32557
32555
32555
32555
32555
32554
32554
32552
32552
32550
32550
32547
32547
32546
32545
32543
32543
32542
32541
32539
32539
32538
32537
32536
32535
32534
32534
32533
32533
32533
32531
32531
32526
32526
32525
32524
32523
32523
32521
32520
32519
32519
32518
32512
32508
32508
32506
32506
32505
32504
32501
32500
32498
32497
32494
32491
32491
32490
32489
32488
32488
32487
32486
32485
32485
32484
32483
32483
32481
32480
32480
32479
32479
32479
32478
32474
32474
32473
32473
32472
32471
32470
32467
32463
32462
32462
32460
32459
32454
32453
32449
32448
32447
32446
32445
32445
32444
32443
32443
32442
32440
32440
32437
32437
32437
32435
32435
32434
32434
32434
32433
32432
32430
32429
32428
32428
32427
32427
32425
32424
32424
32424
32423
32422
32422
32419
32416
32416
32415
32415
32415
32414
32413
32410
32410
32409
32408
32407
32405
32404
32404
32403
32403
32403
32402
32402
32401
32401
32400
32398
32397
32396
32394
32393
32393
32391
32391
32390
32390
32390
32390
32389
32388
32388
32388
32387
32387
32384
32384
32384
32383
32383
32382
32381
32381
32380
32378
32376
32376
32374
32373
32373
32371
32371
32370
32369
32369
32368
32368
32367
32367
32366
32366
32366
32365
32363
32363
32362
32362
32362
32358
32357
32356
32356
32356
32354
32350
32349
32349
32348
32346
32346
32344
32344
32344
32341
32341
32340
32339
32338
32336
32335
32331
32331
32326
32325
32324
32324
32323
32322
32321
32321
32321
32321
32321
32320
32320
32319
32317
32317
32317
32315
32315
32312
32312
32310
32310
32309
32309
32308
32308
32307
32306
32304
32303
32301
32299
32297
32296
32296
32293
32291
32290
32289
32288
32288
32288
32286
32285
32282
32281
32280
32280
32279
32278
32278
32277
32277
32276
32275
32274
32273
32272
32271
32268
32268
32266
32266
32266
32266
32266
32264
32263
32262
32262
32261
32260
32255
32254
32253
32252
32252
32250
32249
32249
32248
32248
32248
32247
32247
32246
32246
32246
32245
32244
32242
32242
32241
32240
32238
32237
32237
32233
32232
32232
32231
32231
32230
32229
32228
32227
32227
32227
32226
32224
32222
32221
32220
32219
32218
32218
32217
32217
32215
32212
32211
32210
32207
32207
32207
32207
32207
32204
32203
32202
32200
32197
32195
32195
32193
32192
32190
32190
32189
32189
32186
32182
32182
32182
32181
32180
32179
32179
32175
32175
32175
32174
32171
32168
32168
32168
32167
32165
32164
32164
32162
32159
32158
32157
32155
32155
32155
32155
32154
32153
32150
32150
32150
32148
32147
32147
32147
32146
32146
32145
32145
32142
32141
32139
32139
32138
32137
32136
32135
32134
32132
32131
32131
32131
32130
32130
32127
32126
32126
32124
32124
32124
32123
32123
32122
32122
32122
32121
32121
32119
32119
32119
32118
32118
32118
32117
32117
32116
32115
32115
32113
32112
32110
32110
32107
32107
32107
32107
32106
32103
32102
32097
32097
32096
32096
32091
32090
32088
32087
32087
32087
32086
32083
32081
32079
32078
32078
32078
32078
32076
32076
32075
32074
32073
32072
32071
32071
32070
32067
32067
32066
32066
32062
32062
32061
32061
32060
32059
32054
32053
32053
32051
32049
32047
32047
32046
32046
32045
32045
32045
32043
32041
32039
32038
32035
32034
32033
32033
32032
32032
32031
32029
32028
32028
32028
32027
32027
32027
32026
32025
32024
32024
32023
32022
32021
32021
32020
32020
32017
32015
32015
32012
32011
32011
32010
32009
32008
32008
32007
32007
32005
32005
32004
32004
32002
32002
32002
32001
32001
31998
31998
31998
31997
31997
31996
31993
31992
31991
31989
31988
31988
31985
31985
31984
31984
31984
31983
31980
31979
31979
31976
31976
31975
31975
31974
31973
31973
31972
31971
31970
31969
31968
31967
31967
31967
31963
31960
31960
31959
31958
31957
31956
31954
31950
31950
31950
31949
31949
31949
31946
31945
31945
31944
31943
31941
31941
31937
31936
31936
31936
31935
31933
31933
31928
31928
31926
31926
31926
31925
31925
31923
31921
31920
31920
31920
31919
31918
31917
31915
31914
31913
31913
31913
31913
31912
31911
31911
31908
31907
31906
31906
31906
31906
31903
31902
31900
31899
31899
31897
31896
31894
31892
31890
31890
31887
31887
31886
31885
31885
31885
31884
31883
31883
31882
31881
31880
31880
31880
31879
31879
31877
31876
31874
31874
31873
31873
31873
31872
31870
31869
31869
31868
31868
31868
31867
31866
31865
31864
31863
31863
31861
31861
31860
31860
31858
31857
31855
31854
31853
31853
31853
31852
31852
31851
31850
31849
31848
31847
31847
31846
31845
31845
31842
31838
31837
31837
31837
31836
31836
31836
31835
31835
31834
31833
31833
31833
31829
31828
31826
31826
31826
31825
31825
31825
31822
31822
31821
31821
31821
31821
31819
31819
31818
31817
31815
31814
31812
31812
31811
31811
31810
31809
31807
31806
31805
31803
31802
31802
31800
31799
31799
31799
31798
31798
31798
31797
31797
31794
31794
31791
31791
31790
31789
31788
31788
31786
31786
31783
31783
31782
31781
31781
31779
31778
31778
31777
31777
31776
31774
31773
31772
31769
31769
31769
31769
31769
31768
31768
31768
31767
31767
31767
31765
31764
31762
31762
31761
31760
31759
31759
31758
31753
31752
31750
31750
31750
31749
31747
31744
31743
31743
31742
31737
31736
31736
31736
31734
31733
31733
31732
31730
31730
31729
31728
31726
31726
31724
31724
31723
31720
31718
31717
31716
31716
31716
31715
31714
31713
31712
31711
31710
31709
31709
31708
31708
31707
31706
31706
31706
31705
31704
31702
31702
31701
31700
31700
31696
31695
31694
31694
31694
31692
31692
31687
31687
31685
31685
31684
31682
31682
31682
31681
31681
31681
31680
31679
31679
31679
31678
31678
31677
31676
31675
31675
31674
31673
31673
31672
31672
31672
31672
31671
31671
31670
31669
31668
31666
31665
31664
31663
31663
31662
31662
31660
31659
31658
31657
31656
31656
31656
31654
31654
31653
31653
31652
31651
31650
31645
31642
31641
31639
31639
31639
31638
31638
31638
31636
31636
31634
31633
31632
31632
31630
31628
31628
31628
31627
31627
31625
31625
31624
31624
31624
31622
31621
31620
31620
31619
31618
31616
31616
31615
31613
31613
31612
31611
31611
31611
31610
31609
31609
31608
31608
31607
31606
31606
31605
31604
31599
31598
31595
31594
31593
31593
31592
31592
31592
31591
31591
31591
31589
31588
31587
31587
31584
31584
31583
31583
31582
31581
31581
31577
31575
31575
31573
31573
31571
31571
31571
31569
31568
31565
31563
31561
31559
31557
31556
31555
31554
31554
31553
31552
31552
31551
31551
31550
31549
31548
31548
31548
31547
31547
31547
31546
31546
31544
31543
31542
31542
31541
31539
31538
31537
31537
31537
31537
31536
31536
31535
31534
31532
31532
31531
31530
31528
31527
31523
31523
31522
31521
31519
31516
31513
31510
31510
31510
31509
31509
31509
31507
31507
31506
31506
31505
31505
31502
31502
31501
31501
31501
31500
31499
31499
31498
31497
31496
31494
31493
31493
31493
31489
31489
31488
31487
31487
31486
31484
31483
31483
31482
31481
31479
31476
31476
31475
31474
31472
31471
31470
31468
31467
31467
31466
31465
31465
31464
31464
31462
31462
31462
31460
31458
31458
31458
31455
31455
31452
31452
31451
31449
31449
31449
31448
31446
31446
31446
31446
31445
31443
31443
31441
31440
31439
31439
31439
31437
31434
31433
31433
31433
31433
31433
31432
31432
31431
31430
31430
31430
31430
31430
31427
31426
31426
31425
31425
31424
31421
31420
31420
31419
31418
31417
31416
31415
31415
31414
31412
31412
31412
31411
31411
31410
31409
31407
31405
31405
31405
31404
31403
31402
31401
31401
31401
31400
31399
31399
31399
31397
31397
31397
31397
31396
31395
31394
31393
31392
31390
31390
31389
31386
31386
31386
31385
31385
31383
31382
31381
31381
31380
31380
31380
31380
31379
31378
31377
31376
31376
31375
31375
31375
31374
31374
31373
31372
31372
31372
31371
31370
31369
31367
31367
31363
31363
31362
31361
31360
31360
31359
31358
31358
31357
31355
31355
31355
31354
31352
31352
31348
31347
31343
31343
31342
31340
31339
31338
31337
31335
31335
31334
31333
31332
31332
31332
31331
31331
31330
31330
31328
31325
31324
31324
31320
31318
31317
31317
31316
31316
31316
31314
31313
31313
31312
31311
31310
31308
31308
31307
31306
31305
31305
31304
31303
31303
31301
31300
31300
31299
31299
31299
31297
31297
31297
31295
31295
31294
31294
31293
31291
31291
31291
31288
31288
31288
31287
31285
31285
31284
31283
31281
31279
31276
31276
31274
31271
31271
31270
31268
31265
31263
31262
31261
31258
31257
31256
31256
31255
31254
31253
31252
31252
31251
31248
31246
31245
31244
31244
31243
31241
31241
31238
31237
31236
31235
31234
31234
31232
31232
31231
31231
31231
31230
31229
31228
31228
31228
31228
31226
31224
31224
31222
31222
31221
31221
31219
31218
31216
31216
31215
31214
31208
31208
31202
31200
31200
31199
31198
31198
31193
31193
31192
31192
31192
31192
31191
31191
31190
31190
31190
31189
31189
31188
31187
31185
31185
31183
31183
31182
31180
31180
31178
31176
31176
31175
31175
31174
31171
31171
31170
31170
31168
31167
31167
31167
31165
31165
31164
31163
31163
31162
31161
31160
31160
31159
31157
31157
31156
31153
31150
31149
31149
31148
31147
31146
31141
31140
31140
31138
31137
31136
31135
31133
31133
31133
31132
31132
31131
31128
31128
31126
31124
31124
31123
31122
31122
31121
31121
31117
31116
31115
31114
31110
31109
31109
31108
31108
31107
31106
31106
31106
31104
31103
31103
31101
31101
31100
31098
31096
31096
31095
31094
31093
31093
31092
31091
31091
31091
31091
31089
31087
31084
31084
31083
31083
31081
31080
31079
31078
31078
31077
31077
31076
31074
31071
31071
31071
31070
31068
31067
31066
31065
31065
31063
31062
31061
31060
31059
31058
31053
31053
31053
31052
31051
31051
31050
31050
31049
31049
31049
31048
31047
31047
31047
31046
31046
31046
31045
31043
31041
31041
31039
31038
31036
31035
31035
31035
31034
31034
31034
31033
31032
31032
31030
31029
31028
31028
31025
31025
31025
31024
31023
31023
31021
31019
31019
31017
31016
31016
31015
31014
31014
31013
31012
31011
31010
31010
31007
31006
31006
31006
31006
31005
31004
31003
31001
31000
31000
31000
30999
30999
30998
30998
30997
30997
30997
30996
30995
30995
30993
30990
30987
30985
30985
30985
30984
30984
30982
30982
30981
30980
30980
30977
30977
30976
30974
30973
30973
30973
30972
30970
30970
30969
30967
30964
30964
30962
30961
30960
30959
30956
30952
30952
30952
30951
30948
30948
30946
30946
30944
30944
30942
30942
30941
30940
30937
30933
30932
30932
30931
30931
30929
30928
30927
30922
30920
30920
30919
30917
30917
30917
30915
30915
30914
30914
30913
30913
30912
30911
30909
30909
30909
30908
30906
30905
30905
30904
30903
30902
30901
30899
30898
30897
30897
30896
30896
30895
30894
30894
30893
30893
30892
30888
30887
30887
30886
30885
30885
30884
30884
30884
30880
30878
30876
30872
30872
30870
30867
30866
30866
30865
30864
30863
30863
30862
30860
30859
30859
30857
30857
30857
30856
30855
30855
30855
30854
30854
30853
30852
30851
30850
30850
30850
30849
30848
30847
30844
30844
30843
30843
30842
30842
30842
30841
30840
30839
30839
30838
30838
30836
30836
30835
30835
30835
30833
30833
30832
30831
30829
30827
30827
30826
30826
30825
30825
30823
30823
30822
30822
30820
30820
30819
30817
30816
30815
30815
30814
30814
30813
30811
30807
30807
30807
30806
30806
30805
30803
30801
30799
30798
30797
30797
30797
30796
30796
30794
30793
30793
30792
30791
30790
30789
30788
30785
30781
30779
30778
30776
30776
30775
30775
30774
30770
30770
30768
30767
30766
30766
30765
30765
30763
30761
30757
30756
30754
30754
30753
30752
30751
30749
30746
30746
30745
30745
30744
30743
30740
30739
30738
30736
30736
30735
30735
30735
30735
30735
30734
30733
30733
30733
30732
30731
30731
30730
30729
30725
30723
30722
30719
30718
30718
30713
30712
30711
30710
30710
30708
30707
30707
30706
30705
30703
30703
30703
30703
30702
30702
30700
30699
30699
30696
30695
30695
30695
30688
30687
30686
30682
30681
30681
30680
30680
30680
30679
30676
30676
30673
30673
30673
30672
30672
30670
30667
30666
30664
30664
30663
30663
30663
30661
30661
30661
30661
30660
30660
30659
30659
30658
30657
30657
30657
30656
30655
30653
30651
30651
30650
30649
30649
30647
30647
30646
30643
30642
30641
30640
30638
30637
30637
30636
30635
30635
30634
30632
30631
30631
30631
30630
30629
30629
30628
30628
30627
30626
30623
30620
30619
30618
30618
30615
30615
30615
30614
30614
30612
30610
30610
30609
30609
30609
30607
30606
30603
30601
30599
30599
30598
30597
30597
30597
30596
30596
30593
30593
30593
30591
30590
30586
30585
30585
30583
30581
30581
30581
30579
30577
30577
30574
30574
30571
30571
30571
30570
30569
30568
30567
30565
30564
30562
30561
30558
30556
30554
30553
30548
30548
30548
30546
30546
30546
30544
30544
30543
30541
30540
30536
30534
30534
30533
30532
30531
30531
30530
30528
30528
30527
30526
30523
30523
30523
30523
30521
30519
30519
30519
30518
30518
30515
30515
30512
30507
30504
30498
30495
30495
30493
30493
30490
30489
30488
30487
30486
30485
30482
30482
30481
30480
30477
30477
30475
30475
30475
30474
30474
30473
30473
30473
30473
30472
30470
30469
30468
30467
30466
30466
30465
30463
30463
30463
30463
30462
30460
30460
30459
30459
30456
30456
30456
30456
30455
30452
30452
30449
30449
30448
30448
30447
30446
30446
30445
30444
30444
30442
30442
30441
30439
30438
30437
30436
30435
30435
30433
30432
30431
30430
30428
30428
30427
30427
30426
30424
30422
30422
30419
30419
30418
30418
30417
30417
30417
30417
30414
30414
30410
30410
30409
30408
30407
30407
30407
30406
30405
30399
30398
30397
30397
30397
30397
30393
30393
30392
30389
30388
30388
30388
30387
30385
30385
30385
30384
30383
30382
30381
30380
30380
30380
30379
30377
30377
30374
30372
30370
30370
30369
30369
30369
30368
30368
30368
30368
30367
30367
30366
30365
30365
30364
30364
30364
30364
30363
30362
30361
30361
30359
30358
30353
30353
30352
30351
30350
30348
30348
30348
30348
30347
30347
30346
30346
30343
30343
30342
30340
30339
30338
30338
30338
30336
30336
30335
30333
30333
30331
30329
30329
30328
30327
30327
30325
30325
30324
30324
30323
30322
30321
30320
30319
30318
30318
30318
30316
30315
30313
30313
30312
30312
30311
30311
30309
30308
30308
30307
30306
30305
30303
30302
30302
30302
30301
30301
30298
30295
30295
30292
30291
30290
30290
30290
30288
30286
30285
30285
30285
30284
30283
30283
30282
30281
30280
30279
30277
30277
30277
30276
30276
30275
30274
30273
30271
30271
30267
30264
30262
30260
30260
30260
30260
30259
30259
30258
30257
30255
30255
30253
30252
30252
30252
30251
30250
30250
30250
30248
30247
30244
30244
30243
30243
30242
30241
30240
30238
30237
30236
30235
30234
30233
30231
30229
30229
30228
30228
30227
30226
30225
30225
30225
30223
30221
30220
30219
30219
30213
30212
30210
30207
30206
30205
30205
30204
30204
30204
30204
30203
30201
30201
30200
30199
30198
30193
30191
30190
30190
30189
30189
30187
30186
30186
30184
30184
30184
30184
30184
30182
30182
30180
30178
30178
30178
30178
30177
30176
30175
30175
30173
30171
30171
30170
30170
30169
30169
30169
30168
30168
30166
30166
30166
30164
30164
30163
30162
30162
30161
30160
30159
30158
30158
30157
30157
30156
30154
30151
30147
30146
30146
30145
30145
30143
30142
30142
30141
30141
30141
30140
30139
30139
30137
30136
30136
30135
30133
30132
30132
30131
30128
30127
30127
30123
30123
30123
30122
30121
30120
30119
30117
30116
30116
30114
30114
30114
30114
30114
30114
30111
30110
30110
30110
30109
30108
30107
30107
30107
30106
30105
30105
30104
30101
30099
30099
30099
30098
30098
30093
30092
30090
30089
30089
30087
30083
30082
30081
30079
30078
30078
30077
30076
30076
30074
30074
30071
30069
30069
30068
30068
30065
30063
30061
30061
30061
30057
30057
30056
30053
30052
30051
30049
30049
30045
30044
30044
30043
30041
30040
30040
30039
30039
30038
30038
30037
30036
30035
30033
30033
30033
30032
30031
30031
30031
30029
30029
30027
30025
30025
30024
30023
30023
30023
30023
30023
30021
30020
30019
30017
30016
30015
30015
30015
30012
30012
30012
30012
30011
30010
30009
30006
30005
30005
30003
30001
30000
30000
30000
30000
30000
29999
29999
29999
29998
29998
29998
29997
29997
29995
29995
29992
29988
29984
29984
29984
29983
29983
29981
29980
29978
29978
29978
29976
29974
29973
29973
29972
29972
29971
29968
29968
29966
29965
29964
29961
29960
29959
29959
29958
29958
29958
29958
29957
29956
29956
29955
29954
29953
29953
29953
29950
29950
29949
29949
29947
29945
29943
29943
29942
29942
29941
29941
29940
29940
29939
29937
29937
29935
29932
29932
29932
29931
29930
29930
29928
29927
29926
29926
29925
29924
29924
29923
29922
29921
29920
29919
29919
29916
29916
29913
29913
29913
29913
29912
29911
29911
29908
29906
29906
29905
29902
29901
29901
29900
29900
29898
29897
29897
29896
29896
29895
29893
29893
29892
29892
29890
29888
29888
29887
29885
29883
29882
29881
29881
29880
29877
29875
29874
29874
29872
29869
29869
29869
29869
29868
29867
29865
29861
29861
29859
29858
29857
29856
29852
29845
29843
29843
29842
29841
29837
29837
29837
29836
29835
29834
29830
29830
29829
29828
29827
29825
29824
29823
29823
29822
29821
29821
29821
29820
29820
29819
29819
29818
29818
29818
29817
29816
29814
29812
29812
29806
29805
29802
29801
29800
29800
29800
29799
29797
29796
29796
29795
29795
29794
29794
29793
29791
29791
29790
29790
29789
29788
29788
29786
29786
29785
29785
29784
29783
29783
29781
29781
29781
29779
29779
29775
29774
29774
29773
29772
29770
29768
29767
29763
29762
29762
29761
29761
29759
29758
29758
29756
29756
29756
29755
29754
29754
29752
29752
29752
29751
29751
29748
29748
29747
29747
29747
29746
29745
29740
29738
29738
29738
29738
29738
29736
29734
29733
29731
29731
29731
29730
29730
29730
29729
29728
29728
29727
29726
29724
29722
29720
29720
29719
29718
29717
29717
29716
29715
29715
29714
29713
29713
29712
29710
29710
29709
29709
29701
29700
29698
29697
29696
29696
29696
29692
29691
29690
29689
29688
29687
29687
29685
29683
29682
29682
29681
29681
29680
29680
29679
29679
29678
29677
29676
29672
29672
29670
29669
29668
29668
29668
29668
29667
29666
29666
29664
29664
29663
29663
29662
29661
29660
29660
29659
29659
29657
29655
29654
29654
29653
29653
29652
29651
29651
29650
29647
29644
29644
29643
29643
29643
29643
29642
29642
29641
29641
29633
29633
29632
29632
29632
29630
29629
29629
29628
29627
29626
29625
29625
29621
29620
29618
29616
29615
29615
29615
29614
29614
29613
29612
29612
29611
29611
29609
29608
29606
29605
29605
29602
29600
29599
29599
29598
29598
29596
29596
29594
29594
29593
29592
29592
29590
29589
29588
29588
29585
29584
29584
29584
29582
29582
29580
29580
29578
29576
29575
29575
29571
29571
29571
29569
29569
29568
29567
29567
29567
29566
29565
29562
29561
29560
29558
29558
29558
29557
29557
29557
29555
29554
29551
29549
29547
29546
29544
29541
29539
29538
29537
29534
29533
29531
29529
29527
29526
29525
29524
29522
29521
29521
29518
29518
29515
29514
29514
29513
29511
29510
29509
29508
29507
29504
29503
29502
29500
29500
29499
29496
29496
29495
29492
29492
29489
29489
29487
29487
29486
29485
29483
29483
29482
29481
29481
29479
29479
29477
29477
29476
29476
29476
29474
29473
29472
29472
29472
29471
29471
29471
29469
29467
29466
29463
29462
29460
29460
29458
29456
29455
29453
29452
29450
29449
29448
29445
29445
29445
29443
29442
29438
29437
29435
29431
29431
29430
29429
29429
29426
29425
29424
29424
29423
29421
29419
29419
29417
29417
29415
29414
29414
29414
29413
29413
29412
29411
29410
29405
29405
29405
29405
29405
29403
29401
29400
29398
29398
29398
29398
29395
29393
29392
29391
29391
29390
29387
29386
29386
29386
29385
29384
29384
29383
29382
29382
29382
29381
29379
29376
29373
29373
29371
29369
29366
29361
29358
29358
29358
29357
29356
29354
29353
29353
29352
29352
29351
29349
29347
29347
29347
29347
29345
29343
29342
29342
29342
29341
29341
29338
29338
29337
29336
29335
29334
29334
29332
29332
29331
29330
29330
29330
29328
29328
29327
29326
29323
29323
29322
29322
29319
29318
29316
29316
29315
29314
29313
29313
29313
29313
29311
29306
29304
29304
29303
29301
29300
29299
29292
29292
29291
29291
29290
29289
29287
29285
29285
29284
29284
29284
29284
29283
29283
29283
29282
29282
29281
29278
29277
29274
29272
29270
29270
29269
29267
29266
29265
29265
29264
29263
29263
29258
29257
29256
29256
29255
29254
29253
29251
29250
29250
29250
29247
29245
29243
29242
29242
29241
29241
29240
29238
29237
29237
29235
29234
29234
29233
29233
29231
29229
29228
29227
29226
29225
29224
29224
29222
29219
29219
29217
29217
29215
29215
29214
29213
29213
29212
29212
29210
29210
29209
29208
29208
29207
29206
29205
29204
29202
29200
29200
29200
29199
29198
29195
29195
29194
29194
29188
29187
29186
29185
29184
29182
29182
29181
29178
29178
29176
29175
29175
29173
29172
29171
29171
29171
29171
29169
29169
29167
29165
29164
29164
29164
29163
29162
29162
29162
29160
29158
29156
29155
29150
29150
29149
29145
29143
29143
29142
29142
29142
29141
29141
29140
29135
29133
29130
29130
29129
29129
29128
29126
29124
29116
29116
29115
29114
29112
29112
29110
29109
29109
29108
29107
29106
29104
29102
29101
29101
29100
29099
29098
29098
29097
29095
29094
29094
29093
29093
29091
29090
29089
29089
29088
29087
29086
29086
29085
29085
29084
29083
29083
29082
29081
29080
29078
29076
29076
29073
29072
29071
29071
29070
29070
29065
29064
29064
29064
29064
29061
29060
29059
29058
29058
29057
29055
29055
29055
29054
29053
29052
29050
29048
29047
29046
29045
29044
29044
29044
29041
29040
29035
29035
29034
29032
29032
29031
29030
29029
29028
29026
29024
29024
29023
29023
29022
29022
29022
29021
29020
29017
29015
29015
29013
29011
29009
29008
29008
29008
29004
29003
29003
29002
29002
28999
28997
28996
28996
28996
28995
28992
28992
28990
28990
28989
28988
28988
28988
28984
28982
28980
28980
28979
28978
28975
28974
28973
28972
28972
28972
28970
28970
28970
28966
28965
28965
28965
28964
28963
28962
28961
28960
28959
28959
28959
28958
28957
28954
28954
28953
28953
28953
28952
28951
28950
28950
28949
28946
28946
28946
28944
28944
28944
28943
28942
28939
28939
28937
28936
28934
28932
28932
28926
28925
28925
28924
28924
28924
28924
28922
28921
28920
28919
28919
28918
28917
28917
28914
28913
28913
28909
28909
28907
28907
28906
28906
28906
28905
28904
28903
28900
28900
28899
28899
28899
28898
28898
28897
28897
28897
28895
28894
28892
28891
28891
28889
28889
28887
28885
28884
28880
28880
28879
28879
28877
28877
28876
28875
28874
28873
28871
28867
28866
28865
28864
28863
28863
28863
28862
28862
28858
28858
28857
28857
28857
28856
28855
28854
28854
28853
28851
28851
28851
28851
28851
28850
28850
28849
28849
28848
28847
28844
28840
28837
28837
28836
28834
28833
28832
28832
28831
28830
28830
28830
28829
28829
28829
28828
28828
28828
28827
28823
28822
28822
28821
28821
28819
28818
28817
28817
28816
28814
28813
28812
28811
28811
28809
28809
28808
28808
28808
28807
28807
28807
28806
28806
28805
28804
28803
28803
28799
28799
28798
28796
28796
28796
28793
28792
28790
28790
28789
28788
28788
28787
28787
28786
28785
28784
28783
28782
28782
28782
28780
28777
28777
28776
28775
28774
28773
28772
28771
28770
28770
28769
28769
28767
28767
28767
28766
28766
28766
28765
28765
28763
28762
28761
28761
28759
28758
28758
28757
28757
28756
28755
28754
28753
28752
28752
28750
28750
28748
28747
28747
28747
28746
28746
28745
28744
28744
28744
28744
28743
28742
28742
28741
28741
28740
28740
28739
28739
28738
28738
28737
28736
28736
28735
28733
28731
28729
28729
28727
28725
28724
28723
28721
28720
28720
28719
28719
28718
28716
28716
28715
28714
28711
28710
28710
28709
28707
28707
28707
28706
28704
28704
28704
28700
28699
28694
28693
28692
28691
28690
28689
28687
28686
28686
28685
28684
28684
28684
28684
28678
28677
28677
28676
28676
28675
28675
28674
28673
28673
28672
28672
28670
28669
28667
28666
28666
28664
28662
28662
28662
28661
28661
28660
28658
28658
28657
28656
28656
28653
28648
28648
28648
28647
28646
28646
28646
28644
28643
28643
28643
28642
28641
28639
28638
28637
28637
28636
28636
28635
28635
28633
28632
28632
28632
28632
28632
28631
28628
28628
28627
28626
28624
28624
28624
28623
28623
28623
28622
28622
28622
28622
28621
28621
28620
28620
28620
28619
28619
28617
28617
28616
28615
28611
28611
28610
28609
28607
28606
28605
28603
28601
28601
28599
28598
28596
28596
28595
28595
28594
28593
28593
28591
28591
28590
28588
28587
28586
28585
28584
28584
28583
28583
28583
28580
28579
28578
28577
28577
28571
28569
28569
28567
28567
28566
28565
28564
28563
28563
28563
28561
28561
28560
28559
28558
28555
28555
28553
28552
28550
28550
28550
28549
28549
28548
28547
28545
28545
28543
28542
28542
28542
28540
28540
28540
28540
28538
28538
28538
28536
28536
28534
28534
28534
28530
28530
28529
28529
28528
28526
28526
28525
28524
28524
28523
28523
28523
28522
28518
28515
28515
28514
28509
28508
28507
28505
28505
28504
28504
28503
28501
28501
28501
28498
28497
28496
28493
28493
28492
28492
28491
28490
28489
28488
28488
28487
28486
28484
28484
28482
28481
28480
28480
28479
28479
28478
28478
28478
28477
28475
28474
28474
28471
28470
28469
28469
28468
28467
28466
28465
28460
28459
28459
28459
28456
28455
28455
28454
28454
28454
28453
28453
28450
28449
28449
28448
28448
28448
28448
28447
28445
28443
28442
28442
28440
28440
28440
28438
28437
28435
28435
28435
28434
28434
28434
28433
28433
28432
28427
28427
28426
28426
28426
28425
28424
28423
28422
28421
28420
28420
28417
28415
28414
28414
28413
28412
28411
28410
28410
28409
28409
28406
28405
28405
28405
28403
28403
28397
28396
28395
28395
28394
28394
28390
28387
28387
28386
28385
28384
28383
28382
28382
28382
28380
28378
28377
28376
28375
28374
28373
28372
28372
28372
28372
28371
28370
28370
28369
28369
28369
28368
28368
28368
28366
28365
28363
28362
28362
28362
28362
28361
28361
28359
28359
28358
28358
28357
28356
28354
28352
28351
28349
28348
28348
28347
28345
28345
28343
28342
28338
28337
28337
28337
28336
28336
28335
28334
28334
28334
28333
28333
28332
28331
28330
28328
28326
28326
28326
28326
28325
28324
28323
28321
28321
28320
28318
28318
28315
28314
28314
28314
28314
28314
28314
28313
28313
28313
28312
28311
28310
28309
28308
28307
28307
28307
28306
28306
28306
28304
28303
28303
28302
28302
28301
28300
28298
28296
28296
28295
28292
28291
28290
28290
28289
28287
28287
28287
28286
28285
28285
28284
28283
28283
28283
28283
28281
28279
28279
28279
28279
28277
28276
28275
28273
28272
28271
28270
28270
28270
28269
28269
28269
28268
28265
28265
28265
28264
28262
28262
28261
28260
28258
28257
28254
28253
28252
28252
28251
28251
28251
28249
28248
28248
28247
28247
28245
28243
28242
28241
28241
28241
28240
28240
28239
28237
28237
28237
28236
28234
28234
28232
28232
28231
28230
28227
28224
28223
28222
28218
28216
28215
28215
28212
28210
28210
28208
28205
28205
28205
28203
28203
28203
28200
28198
28198
28196
28196
28195
28195
28195
28195
28192
28191
28190
28190
28188
28188
28187
28186
28185
28185
28184
28184
28183
28182
28182
28182
28181
28177
28177
28177
28176
28175
28174
28173
28172
28171
28169
28169
28169
28167
28166
28164
28162
28161
28160
28158
28157
28156
28153
28153
28152
28152
28151
28150
28147
28144
28143
28142
28141
28141
28140
28138
28138
28137
28137
28136
28134
28132
28131
28131
28131
28129
28127
28125
28124
28123
28121
28120
28120
28120
28119
28117
28116
28115
28114
28109
28108
28106
28106
28106
28106
28105
28104
28104
28102
28102
28100
28097
28097
28096
28096
28094
28093
28089
28089
28089
28088
28087
28087
28083
28080
28080
28080
28080
28072
28072
28070
28069
28069
28069
28068
28066
28064
28063
28063
28063
28060
28059
28059
28058
28058
28056
28056
28054
28053
28051
28050
28050
28049
28048
28047
28046
28044
28042
28041
28041
28040
28040
28038
28035
28033
28033
28033
28033
28033
28031
28031
28031
28031
28029
28027
28026
28025
28025
28023
28021
28019
28019
28018
28018
28016
28013
28012
28012
28012
28011
28009
28005
28005
28005
28004
28004
28003
28003
28002
28001
27999
27998
27995
27995
27995
27994
27994
27992
27992
27991
27990
27990
27990
27990
27989
27988
27987
27985
27985
27984
27983
27983
27982
27982
27981
27981
27980
27979
27978
27976
27976
27976
27974
27974
27973
27972
27972
27970
27969
27968
27968
27968
27964
27961
27958
27958
27954
27954
27952
27952
27952
27951
27948
27946
27944
27943
27943
27941
27938
27938
27937
27937
27937
27936
27935
27934
27933
27930
27930
27928
27924
27923
27922
27922
27921
27921
27920
27920
27916
27914
27913
27910
27909
27907
27906
27905
27904
27904
27903
27902
27901
27900
27900
27898
27898
27898
27897
27897
27897
27896
27895
27895
27895
27894
27894
27892
27892
27891
27890
27890
27888
27888
27887
27887
27886
27883
27882
27880
27880
27880
27879
27878
27877
27877
27875
27873
27873
27872
27871
27866
27865
27865
27863
27862
27861
27860
27858
27858
27857
27857
27856
27856
27855
27853
27852
27851
27850
27850
27850
27850
27849
27848
27848
27847
27847
27845
27845
27844
27844
27841
27840
27839
27838
27837
27831
27829
27828
27828
27827
27826
27825
27825
27823
27821
27820
27818
27816
27816
27815
27815
27815
27814
27814
27814
27813
27812
27806
27804
27801
27800
27798
27797
27797
27794
27793
27792
27791
27790
27787
27786
27783
27783
27782
27782
27782
27780
27778
27775
27775
27773
27772
27771
27771
27768
27768
27767
27767
27767
27766
27765
27765
27765
27763
27762
27761
27760
27759
27758
27757
27756
27756
27755
27753
27752
27752
27751
27750
27750
27750
27750
27749
27748
27748
27747
27747
27747
27745
27742
27741
27741
27740
27739
27738
27736
27735
27734
27734
27733
27732
27732
27732
27731
27730
27729
27729
27729
27729
27728
27728
27726
27725
27724
27722
27720
27720
27720
27719
27719
27718
27716
27715
27713
27712
27712
27712
27712
27711
27711
27709
27708
27707
27705
27705
27704
27701
27700
27700
27699
27698
27698
27698
27696
27695
27694
27694
27694
27692
27692
27692
27691
27690
27690
27689
27689
27688
27688
27687
27687
27686
27686
27684
27684
27683
27681
27680
27679
27679
27678
27678
27678
27677
27675
27675
27674
27673
27672
27672
27672
27669
27669
27669
27668
27667
27666
27665
27664
27664
27664
27662
27662
27662
27661
27660
27659
27657
27655
27654
27653
27652
27652
27652
27650
27649
27649
27647
27647
27646
27646
27646
27646
27645
27643
27640
27640
27639
27637
27637
27636
27636
27634
27634
27633
27633
27631
27630
27627
27627
27624
27623
27623
27619
27617
27617
27616
27612
27611
27611
27609
27607
27607
27607
27606
27603
27603
27601
27600
27600
27599
27596
27595
27595
27594
27593
27593
27592
27590
27590
27589
27587
27587
27585
27585
27584
27583
27583
27581
27580
27579
27579
27576
27576
27575
27574
27574
27573
27569
27569
27568
27568
27567
27566
27565
27565
27565
27564
27563
27562
27562
27562
27561
27558
27558
27556
27555
27554
27554
27553
27553
27552
27551
27550
27550
27548
27548
27547
27545
27542
27542
27542
27542
27542
27541
27540
27540
27540
27540
27537
27535
27535
27533
27533
27533
27532
27531
27530
27530
27528
27525
27524
27523
27523
27523
27522
27521
27520
27520
27518
27518
27518
27518
27517
27517
27515
27515
27514
27514
27513
27512
27512
27512
27511
27510
27510
27509
27507
27506
27505
27503
27502
27501
27501
27500
27495
27495
27494
27492
27492
27491
27489
27486
27486
27486
27486
27484
27484
27483
27483
27481
27480
27480
27480
27479
27479
27476
27476
27474
27472
27471
27471
27471
27470
27470
27469
27469
27469
27468
27467
27466
27464
27463
27462
27461
27458
27457
27456
27455
27453
27451
27450
27450
27446
27443
27443
27442
27441
27440
27436
27433
27431
27431
27431
27431
27431
27428
27427
27425
27425
27424
27424
27422
27422
27420
27420
27419
27417
27416
27416
27414
27414
27414
27412
27412
27411
27410
27410
27409
27407
27407
27402
27401
27400
27398
27398
27397
27396
27395
27395
27393
27391
27388
27388
27388
27386
27386
27386
27384
27383
27382
27380
27379
27378
27377
27377
27376
27373
27372
27372
27369
27369
27365
27365
27364
27364
27364
27362
27359
27356
27355
27355
27355
27353
27353
27352
27350
27349
27349
27348
27348
27347
27346
27346
27346
27345
27345
27344
27343
27343
27342
27342
27340
27340
27339
27337
27334
27334
27334
27333
27332
27331
27330
27329
27326
27324
27322
27322
27321
27320
27318
27318
27318
27318
27317
27316
27316
27315
27314
27312
27310
27308
27307
27306
27303
27302
27302
27302
27301
27301
27300
27299
27298
27296
27296
27296
27295
27294
27291
27289
27288
27287
27286
27285
27283
27278
27276
27276
27276
27275
27274
27273
27273
27272
27272
27271
27271
27271
27267
27267
27264
27264
27262
27262
27261
27261
27260
27255
27254
27253
27253
27252
27252
27251
27251
27249
27249
27248
27248
27246
27245
27245
27240
27240
27236
27235
27233
27233
27233
27231
27230
27230
27230
27229
27227
27227
27226
27226
27225
27224
27224
27223
27222
27221
27221
27220
27220
27220
27218
27218
27218
27216
27214
27214
27213
27213
27213
27212
27212
27211
27211
27210
27209
27209
27209
27208
27208
27208
27208
27207
27207
27206
27205
27205
27204
27204
27203
27200
27200
27199
27199
27199
27197
27195
27195
27192
27192
27192
27191
27189
27189
27189
27188
27188
27187
27187
27187
27185
27185
27185
27183
27183
27183
27181
27179
27178
27177
27177
27176
27175
27175
27175
27174
27173
27173
27172
27172
27171
27171
27165
27165
27165
27164
27163
27160
27159
27158
27157
27157
27157
27156
27156
27155
27151
27151
27150
27147
27144
27143
27143
27142
27140
27140
27140
27139
27136
27136
27135
27134
27133
27133
27132
27129
27129
27128
27128
27128
27127
27126
27126
27125
27124
27123
27123
27122
27121
27121
27117
27117
27117
27116
27113
27111
27110
27109
27109
27108
27106
27105
27104
27103
27103
27103
27102
27101
27101
27100
27099
27099
27096
27096
27094
27094
27094
27093
27091
27089
27089
27083
27083
27081
27081
27080
27077
27076
27076
27076
27072
27071
27070
27069
27068
27067
27065
27064
27063
27063
27062
27062
27061
27060
27058
27057
27057
27055
27054
27054
27054
27052
27051
27050
27050
27050
27049
27049
27048
27048
27047
27047
27046
27046
27045
27044
27043
27042
27042
27042
27040
27038
27038
27036
27035
27034
27034
27033
27033
27033
27032
27032
27029
27028
27027
27026
27026
27026
27025
27024
27023
27023
27022
27022
27021
27021
27020
27019
27019
27018
27017
27016
27015
27015
27014
27009
27005
27005
27002
27002
27001
26999
26998
26998
26998
26998
26997
26996
26996
26992
26991
26991
26990
26987
26987
26985
26983
26983
26982
26979
26978
26978
26977
26977
26976
26976
26975
26975
26973
26973
26972
26971
26971
26970
26970
26969
26968
26966
26966
26966
26964
26964
26964
26962
26962
26962
26960
26959
26957
26957
26956
26956
26955
26954
26954
26954
26954
26952
26952
26952
26951
26950
26950
26948
26947
26947
26947
26946
26945
26943
26942
26942
26941
26939
26938
26935
26935
26934
26933
26933
26933
26933
26932
26932
26931
26930
26929
26928
26927
26926
26924
26923
26922
26921
26920
26919
26918
26917
26916
26916
26915
26914
26913
26913
26910
26909
26908
26908
26905
26903
26903
26902
26902
26901
26901
26901
26900
26900
26898
26898
26898
26898
26893
26893
26892
26891
26891
26891
26890
26890
26890
26889
26888
26888
26886
26886
26885
26884
26883
26882
26881
26881
26881
26876
26875
26874
26872
26870
26869
26869
26869
26868
26868
26867
26867
26866
26866
26866
26866
26864
26860
26859
26857
26854
26852
26851
26851
26850
26850
26850
26848
26848
26844
26844
26843
26842
26841
26839
26839
26832
26832
26831
26830
26827
26826
26825
26824
26824
26824
26821
26818
26818
26815
26813
26806
26803
26801
26800
26800
26799
26799
26797
26797
26797
26796
26795
26795
26795
26792
26792
26792
26792
26792
26791
26791
26789
26789
26786
26785
26785
26785
26784
26784
26783
26781
26781
26779
26779
26778
26778
26776
26776
26776
26775
26775
26775
26774
26773
26772
26772
26772
26771
26771
26770
26770
26769
26767
26764
26762
26761
26761
26759
26758
26757
26757
26756
26756
26756
26755
26754
26754
26753
26752
26751
26750
26749
26749
26748
26748
26747
26744
26743
26743
26742
26742
26741
26740
26738
26738
26737
26737
26736
26734
26734
26732
26732
26732
26731
26730
26729
26728
26727
26726
26725
26721
26719
26718
26718
26717
26716
26715
26714
26714
26714
26712
26712
26709
26709
26709
26708
26708
26708
26708
26707
26707
26703
26703
26701
26701
26701
26701
26700
26698
26696
26696
26693
26693
26693
26692
26691
26690
26690
26689
26689
26688
26688
26687
26686
26686
26685
26683
26682
26682
26681
26680
26679
26678
26678
26677
26677
26677
26674
26673
26673
26673
26671
26671
26670
26670
26669
26668
26663
26663
26661
26658
26658
26658
26658
26657
26657
26657
26656
26655
26655
26654
26654
26654
26653
26653
26652
26650
26650
26647
26642
26642
26640
26640
26640
26640
26636
26635
26634
26633
26633
26633
26632
26632
26630
26630
26629
26629
26627
26626
26626
26624
26623
26622
26617
26616
26614
26613
26612
26609
26607
26607
26606
26604
26602
26602
26602
26600
26600
26600
26598
26598
26598
26598
26596
26596
26596
26594
26594
26594
26593
26593
26593
26592
26592
26591
26590
26587
26586
26585
26582
26582
26581
26580
26578
26578
26578
26577
26577
26575
26574
26573
26573
26572
26570
26570
26567
26566
26565
26565
26562
26560
26558
26557
26556
26556
26555
26554
26554
26553
26549
26548
26547
26546
26546
26545
26545
26544
26541
26539
26539
26538
26537
26536
26535
26535
26534
26532
26531
26531
26531
26528
26524
26523
26523
26523
26521
26519
26519
26517
26516
26514
26513
26512
26512
26511
26510
26509
26507
26505
26504
26504
26503
26502
26502
26500
26499
26499
26498
26498
26498
26497
26497
26496
26494
26492
26492
26491
26490
26488
26488
26488
26488
26487
26487
26482
26482
26480
26478
26477
26476
26476
26476
26475
26475
26474
26473
26473
26471
26469
26468
26468
26468
26467
26466
26465
26460
26460
26459
26459
26459
26457
26455
26455
26454
26451
26451
26451
26450
26450
26447
26447
26447
26445
26443
26442
26442
26439
26438
26434
26433
26433
26433
26432
26431
26429
26427
26427
26425
26424
26420
26420
26420
26415
26414
26413
26411
26410
26408
26408
26407
26405
26405
26404
26403
26403
26403
26403
26401
26400
26400
26399
26398
26398
26393
26393
26391
26391
26387
26386
26385
26385
26385
26383
26382
26381
26380
26379
26379
26377
26376
26376
26376
26376
26376
26375
26375
26374
26372
26371
26371
26370
26369
26368
26368
26368
26365
26365
26364
26363
26362
26362
26361
26361
26361
26360
26359
26358
26358
26358
26358
26357
26357
26356
26355
26351
26351
26351
26351
26350
26350
26349
26347
26346
26345
26344
26341
26339
26337
26337
26337
26334
26334
26333
26332
26331
26331
26327
26326
26326
26325
26325
26322
26322
26321
26321
26320
26316
26315
26312
26311
26311
26310
26306
26305
26305
26303
26299
26295
26292
26290
26290
26289
26288
26287
26284
26283
26283
26282
26282
26281
26280
26280
26278
26276
26276
26276
26275
26273
26270
26269
26268
26268
26268
26267
26267
26267
26266
26266
26263
26263
26261
26261
26261
26261
26261
26260
26259
26258
26257
26257
26255
26255
26255
26253
26252
26251
26248
26248
26248
26247
26247
26243
26240
26238
26235
26234
26233
26232
26232
26231
26230
26229
26228
26227
26226
26225
26225
26224
26223
26223
26219
26219
26218
26218
26217
26217
26214
26213
26212
26212
26210
26208
26208
26206
26205
26205
26204
26203
26203
26202
26201
26201
26199
26199
26198
26197
26197
26196
26195
26194
26194
26192
26191
26190
26188
26185
26185
26185
26183
26181
26181
26181
26180
26179
26176
26174
26172
26171
26170
26167
26167
26165
26165
26164
26164
26164
26163
26163
26162
26162
26161
26161
26160
26159
26159
26156
26154
26154
26153
26151
26151
26150
26150
26149
26149
26147
26146
26146
26144
26143
26143
26142
26141
26141
26140
26137
26136
26135
26132
26131
26131
26131
26131
26130
26129
26128
26127
26127
26126
26125
26123
26120
26119
26119
26118
26115
26115
26114
26113
26113
26112
26110
26107
26102
26102
26101
26098
26097
26095
26094
26094
26093
26092
26092
26091
26089
26089
26087
26087
26084
26081
26079
26079
26077
26074
26074
26074
26073
26072
26072
26069
26067
26066
26062
26062
26059
26058
26058
26057
26054
26052
26050
26048
26048
26047
26046
26045
26042
26042
26038
26038
26038
26036
26034
26034
26034
26034
26033
26033
26031
26030
26030
26028
26028
26026
26025
26025
26025
26021
26020
26019
26018
26015
26014
26014
26014
26014
26013
26012
26012
26010
26009
26006
26006
26005
26005
26004
26003
26001
25998
25998
25997
25996
25996
25994
25994
25993
25992
25992
25992
25992
25991
25991
25991
25990
25990
25989
25988
25988
25988
25988
25987
25986
25985
25984
25983
25983
25982
25982
25981
25981
25980
25979
25977
25977
25976
25976
25973
25973
25971
25970
25970
25969
25969
25968
25964
25961
25958
25958
25958
25956
25955
25955
25954
25951
25951
25950
25950
25948
25948
25948
25947
25946
25945
25944
25941
25941
25939
25937
25936
25935
25935
25934
25934
25933
25932
25931
25931
25927
25926
25926
25925
25923
25922
25922
25920
25920
25918
25918
25917
25917
25917
25917
25916
25916
25914
25914
25912
25910
25909
25909
25907
25906
25904
25903
25903
25903
25897
25895
25895
25894
25894
25894
25893
25891
25890
25890
25889
25888
25887
25887
25887
25886
25886
25882
25882
25881
25881
25879
25877
25875
25874
25872
25871
25871
25870
25869
25868
25868
25868
25867
25867
25866
25865
25864
25863
25862
25858
25857
25857
25856
25854
25853
25853
25852
25852
25852
25849
25849
25849
25849
25849
25845
25844
25843
25840
25839
25839
25839
25838
25837
25836
25835
25834
25833
25832
25831
25831
25831
25830
25829
25828
25828
25826
25825
25825
25822
25822
25820
25819
25817
25812
25811
25811
25810
25809
25809
25808
25808
25807
25806
25806
25805
25805
25805
25804
25803
25800
25798
25798
25797
25796
25796
25795
25793
25793
25792
25790
25790
25790
25789
25788
25787
25785
25784
25784
25784
25783
25782
25782
25781
25781
25779
25777
25776
25774
25774
25773
25773
25773
25773
25772
25770
25769
25768
25767
25764
25763
25763
25762
25759
25758
25754
25751
25751
25750
25750
25750
25750
25748
25747
25746
25745
25743
25743
25742
25742
25740
25740
25740
25738
25737
25737
25735
25735
25734
25732
25732
25730
25729
25729
25728
25728
25728
25727
25724
25721
25721
25721
25720
25719
25718
25717
25717
25715
25714
25714
25713
25711
25711
25709
25707
25706
25706
25706
25706
25706
25706
25706
25704
25703
25699
25698
25696
25696
25695
25694
25692
25691
25691
25690
25690
25690
25689
25689
25688
25687
25686
25686
25685
25685
25684
25684
25684
25683
25681
25678
25677
25676
25675
25675
25675
25674
25674
25674
25673
25671
25670
25670
25669
25669
25666
25665
25663
25662
25660
25659
25657
25657
25657
25655
25655
25655
25654
25652
25652
25650
25650
25650
25650
25649
25649
25648
25648
25646
25645
25644
25643
25642
25638
25636
25636
25634
25634
25633
25633
25633
25633
25632
25632
25632
25629
25629
25628
25628
25628
25628
25627
25624
25623
25619
25615
25614
25612
25611
25609
25607
25606
25604
25604
25604
25604
25603
25602
25602
25601
25600
25600
25599
25599
25597
25596
25594
25593
25592
25592
25591
25591
25591
25590
25590
25590
25589
25589
25588
25587
25587
25587
25586
25586
25586
25586
25584
25583
25583
25582
25582
25581
25579
25579
25578
25576
25575
25575
25574
25572
25571
25571
25568
25567
25563
25562
25562
25560
25559
25557
25556
25555
25553
25553
25552
25552
25551
25551
25551
25549
25548
25548
25544
25544
25543
25542
25541
25541
25541
25536
25531
25529
25527
25527
25525
25523
25523
25520
25519
25518
25518
25518
25515
25514
25514
25513
25513
25513
25513
25511
25508
25507
25505
25504
25503
25503
25502
25502
25502
25501
25501
25499
25498
25496
25495
25493
25491
25490
25489
25489
25488
25487
25487
25485
25484
25483
25480
25479
25478
25477
25472
25469
25469
25469
25466
25466
25465
25463
25462
25461
25460
25460
25458
25458
25458
25457
25457
25456
25456
25456
25455
25454
25453
25453
25451
25451
25449
25448
25448
25446
25444
25442
25441
25441
25440
25440
25440
25440
25439
25439
25437
25437
25437
25436
25435
25435
25433
25432
25432
25431
25429
25429
25428
25428
25428
25427
25426
25426
25425
25425
25424
25424
25422
25422
25422
25422
25420
25415
25414
25414
25413
25410
25410
25409
25408
25407
25406
25405
25403
25401
25400
25398
25398
25397
25395
25391
25390
25389
25388
25386
25385
25383
25382
25382
25382
25382
25381
25380
25378
25378
25378
25377
25376
25374
25373
25372
25372
25372
25372
25369
25369
25367
25367
25367
25366
25366
25364
25364
25363
25361
25361
25360
25360
25356
25354
25353
25351
25349
25349
25345
25344
25343
25343
25343
25343
25343
25343
25341
25341
25340
25339
25337
25336
25336
25336
25335
25335
25333
25333
25333
25333
25332
25331
25329
25328
25328
25326
25326
25325
25324
25323
25322
25321
25320
25319
25319
25319
25318
25318
25317
25317
25315
25314
25313
25308
25308
25307
25306
25305
25304
25304
25303
25300
25300
25298
25297
25295
25295
25294
25293
25293
25292
25291
25291
25290
25288
25287
25286
25286
25286
25285
25285
25285
25281
25281
25276
25276
25273
25271
25271
25271
25267
25266
25266
25263
25263
25262
25259
25258
25257
25256
25256
25256
25255
25255
25254
25253
25253
25252
25252
25252
25248
25247
25247
25247
25247
25246
25243
25243
25243
25242
25242
25242
25241
25240
25239
25237
25236
25236
25235
25235
25232
25231
25231
25230
25230
25230
25230
25229
25226
25224
25219
25219
25218
25218
25217
25215
25214
25214
25211
25209
25209
25208
25207
25207
25206
25206
25205
25204
25203
25203
25199
25197
25196
25195
25195
25195
25193
25192
25191
25190
25188
25188
25187
25187
25186
25184
25183
25183
25182
25178
25177
25177
25176
25175
25175
25174
25174
25174
25172
25171
25166
25165
25163
25159
25158
25158
25156
25154
25153
25151
25149
25148
25146
25146
25146
25146
25145
25143
25143
25143
25142
25141
25141
25140
25138
25138
25136
25136
25135
25134
25130
25130
25127
25126
25126
25124
25124
25124
25124
25122
25122
25119
25116
25116
25115
25114
25112
25112
25111
25110
25110
25109
25105
25104
25103
25103
25102
25102
25101
25099
25099
25098
25096
25096
25094
25093
25093
25092
25092
25091
25089
25086
25085
25084
25084
25084
25084
25084
25082
25076
25074
25072
25069
25064
25064
25063
25063
25063
25061
25060
25060
25059
25059
25059
25059
25058
25057
25057
25057
25055
25054
25053
25052
25052
25051
25050
25049
25049
25048
25048
25047
25045
25045
25043
25043
25042
25042
25040
25038
25037
25034
25033
25032
25032
25032
25030
25030
25026
25024
25024
25023
25023
25022
25022
25021
25021
25019
25018
25018
25018
25015
25014
25012
25012
25012
25012
25011
25008
25008
25007
25007
25007
25007
25005
25001
24999
24999
24999
24998
24998
24997
24995
24995
24994
24994
24991
24990
24987
24986
24986
24985
24984
24984
24982
24982
24981
24980
24980
24979
24978
24978
24977
24977
24976
24976
24975
24974
24971
24971
24971
24970
24969
24967
24966
24966
24966
24965
24965
24965
24964
24964
24964
24964
24963
24961
24961
24958
24957
24957
24957
24954
24954
24954
24953
24953
24952
24950
24949
24948
24947
24945
24944
24944
24942
24942
24942
24941
24940
24939
24936
24936
24933
24933
24931
24930
24929
24928
24927
24925
24923
24923
24921
24919
24917
24916
24914
24914
24914
24913
24913
24912
24912
24912
24912
24910
24909
24908
24905
24905
24905
24900
24900
24899
24898
24897
24895
24893
24888
24887
24886
24885
24885
24884
24883
24883
24882
24881
24881
24880
24879
24877
24876
24876
24876
24875
24874
24873
24873
24872
24872
24871
24871
24870
24870
24870
24866
24865
24863
24862
24862
24861
24861
24860
24858
24856
24855
24855
24854
24853
24853
24851
24850
24849
24849
24847
24847
24846
24845
24845
24844
24843
24843
24843
24843
24842
24841
24841
24840
24840
24838
24838
24837
24834
24834
24834
24834
24831
24831
24830
24830
24829
24826
24826
24826
24826
24826
24823
24820
24820
24820
24819
24819
24819
24818
24818
24817
24817
24817
24815
24811
24811
24811
24807
24807
24805
24804
24801
24801
24800
24800
24800
24800
24799
24799
24797
24797
24797
24797
24795
24793
24793
24792
24791
24791
24791
24790
24790
24790
24788
24785
24785
24785
24783
24781
24780
24779
24779
24777
24777
24776
24775
24775
24772
24772
24771
24771
24770
24768
24768
24768
24767
24766
24764
24764
24762
24760
24760
24760
24758
24757
24755
24752
24749
24748
24748
24745
24745
24745
24745
24743
24739
24739
24738
24738
24736
24736
24734
24733
24730
24730
24727
24721
24721
24720
24720
24719
24718
24716
24716
24716
24715
24715
24714
24712
24711
24709
24709
24709
24709
24708
24708
24707
24705
24705
24703
24702
24700
24699
24698
24698
24695
24694
24694
24694
24693
24691
24691
24691
24689
24688
24687
24686
24684
24682
24681
24681
24679
24676
24675
24674
24674
24674
24674
24673
24673
24673
24672
24672
24672
24671
24669
24667
24667
24666
24665
24665
24665
24665
24664
24663
24663
24662
24660
24660
24660
24659
24657
24656
24654
24653
24653
24652
24651
24651
24650
24649
24649
24649
24648
24648
24646
24644
24642
24641
24637
24636
24636
24635
24635
24634
24633
24632
24631
24631
24630
24629
24628
24626
24626
24625
24621
24621
24620
24620
24617
24617
24617
24615
24614
24614
24613
24611
24610
24610
24608
24608
24607
24607
24606
24606
24606
24606
24604
24604
24603
24602
24602
24600
24599
24598
24597
24597
24597
24596
24596
24594
24593
24593
24592
24592
24590
24587
24585
24584
24581
24579
24579
24579
24578
24577
24575
24573
24572
24571
24569
24569
24568
24568
24566
24566
24564
24564
24564
24562
24562
24561
24561
24561
24561
24560
24559
24559
24559
24559
24558
24557
24555
24554
24554
24548
24546
24545
24545
24545
24542
24541
24540
24540
24539
24537
24537
24536
24535
24534
24533
24532
24532
24529
24529
24528
24528
24525
24524
24524
24523
24520
24520
24520
24520
24519
24518
24515
24515
24511
24511
24509
24508
24508
24508
24507
24507
24505
24501
24500
24499
24499
24499
24499
24498
24497
24497
24495
24495
24494
24492
24492
24492
24491
24489
24489
24488
24487
24487
24487
24486
24485
24484
24484
24484
24483
24481
24481
24480
24479
24478
24477
24476
24475
24473
24472
24471
24469
24468
24468
24468
24467
24466
24466
24465
24463
24462
24462
24461
24460
24460
24459
24459
24458
24456
24455
24455
24454
24454
24453
24452
24452
24451
24450
24449
24448
24447
24446
24445
24445
24445
24444
24442
24438
24438
24437
24436
24434
24433
24432
24431
24431
24429
24429
24429
24429
24426
24426
24425
24422
24420
24418
24418
24418
24417
24415
24413
24413
24412
24410
24410
24409
24407
24407
24406
24405
24404
24402
24402
24401
24399
24397
24397
24396
24396
24395
24394
24393
24392
24388
24387
24386
24386
24386
24385
24383
24383
24382
24382
24379
24378
24378
24376
24375
24375
24371
24371
24371
24371
24370
24368
24366
24365
24365
24365
24362
24362
24361
24361
24360
24360
24358
24356
24356
24355
24355
24353
24352
24351
24349
24349
24346
24346
24346
24345
24343
24343
24343
24342
24341
24340
24339
24339
24338
24337
24337
24337
24335
24334
24334
24333
24333
24331
24331
24329
24328
24327
24327
24327
24325
24325
24324
24323
24322
24321
24319
24318
24317
24317
24315
24314
24313
24313
24311
24309
24308
24308
24307
24306
24306
24305
24302
24302
24301
24300
24300
24300
24299
24299
24297
24297
24297
24296
24295
24294
24294
24294
24293
24292
24291
24291
24290
24289
24289
24289
24288
24285
24284
24283
24283
24281
24280
24277
24275
24273
24273
24272
24271
24271
24269
24266
24265
24263
24262
24262
24260
24259
24259
24259
24257
24257
24256
24253
24253
24253
24253
24251
24250
24250
24250
24247
24246
24246
24246
24245
24243
24242
24241
24241
24241
24240
24240
24239
24236
24234
24234
24233
24231
24231
24230
24227
24226
24221
24221
24217
24217
24217
24216
24215
24214
24213
24213
24213
24211
24210
24209
24209
24209
24209
24206
24204
24203
24203
24202
24202
24196
24196
24196
24196
24195
24194
24194
24194
24193
24193
24193
24192
24192
24192
24191
24191
24191
24191
24190
24188
24185
24185
24184
24183
24178
24172
24172
24171
24171
24171
24171
24168
24167
24167
24167
24163
24160
24159
24159
24159
24158
24158
24157
24157
24156
24156
24155
24153
24153
24151
24148
24146
24146
24145
24144
24142
24142
24141
24141
24139
24139
24139
24138
24138
24137
24136
24136
24136
24135
24134
24134
24133
24132
24129
24128
24128
24128
24127
24126
24125
24124
24123
24123
24122
24120
24118
24118
24117
24115
24115
24114
24114
24114
24113
24113
24111
24111
24110
24109
24109
24108
24108
24106
24105
24105
24103
24103
24102
24101
24099
24099
24098
24097
24097
24095
24095
24095
24094
24094
24094
24093
24090
24089
24088
24088
24088
24086
24081
24078
24076
24075
24075
24071
24071
24069
24069
24068
24068
24064
24063
24063
24063
24062
24062
24061
24059
24058
24058
24057
24057
24056
24056
24056
24052
24052
24052
24051
24051
24047
24047
24047
24047
24046
24043
24042
24042
24040
24038
24036
24035
24035
24035
24035
24035
24033
24032
24031
24031
24031
24028
24027
24027
24027
24026
24025
24025
24023
24021
24016
24015
24015
24014
24013
24012
24011
24011
24010
24009
24008
24008
24005
24005
24004
24004
24002
24002
24002
24001
24001
23999
23998
23997
23997
23996
23996
23995
23993
23991
23991
23991
23990
23989
23988
23986
23985
23984
23982
23981
23979
23979
23979
23978
23976
23975
23974
23974
23973
23972
23971
23971
23968
23968
23967
23965
23965
23963
23963
23961
23960
23960
23959
23959
23959
23959
23958
23957
23955
23955
23955
23954
23954
23953
23953
23952
23952
23952
23952
23952
23951
23948
23947
23946
23944
23943
23942
23942
23942
23939
23937
23937
23936
23935
23931
23931
23929
23929
23928
23928
23927
23927
23926
23926
23925
23923
23920
23920
23919
23918
23918
23914
23913
23912
23911
23911
23911
23910
23908
23905
23902
23902
23902
23901
23900
23899
23899
23898
23898
23897
23897
23895
23895
23894
23894
23893
23892
23891
23890
23888
23886
23885
23880
23879
23877
23876
23875
23875
23874
23873
23873
23872
23871
23868
23866
23865
23863
23862
23861
23860
23859
23859
23859
23857
23856
23856
23855
23854
23851
23849
23849
23846
23844
23844
23843
23843
23843
23843
23840
23840
23837
23837
23836
23835
23835
23834
23833
23833
23832
23830
23830
23828
23826
23825
23823
23822
23822
23821
23819
23818
23817
23815
23815
23812
23812
23811
23810
23808
23807
23807
23806
23805
23804
23804
23803
23802
23802
23801
23801
23801
23800
23800
23799
23795
23791
23791
23789
23788
23788
23788
23787
23787
23786
23784
23781
23781
23779
23776
23775
23775
23774
23773
23772
23769
23768
23767
23767
23767
23767
23763
23761
23761
23761
23760
23760
23760
23760
23760
23759
23759
23759
23758
23757
23756
23755
23755
23753
23751
23749
23748
23747
23747
23744
23741
23741
23741
23738
23738
23736
23733
23732
23732
23732
23731
23731
23729
23729
23728
23728
23727
23726
23725
23725
23725
23723
23721
23721
23720
23719
23719
23718
23717
23716
23714
23714
23714
23712
23711
23711
23708
23707
23705
23704
23704
23704
23703
23702
23702
23700
23700
23699
23699
23698
23697
23697
23696
23695
23694
23694
23692
23692
23690
23689
23688
23688
23686
23685
23685
23684
23684
23683
23682
23680
23680
23680
23679
23679
23678
23676
23676
23675
23675
23673
23670
23669
23669
23669
23669
23668
23667
23667
23666
23666
23665
23662
23662
23661
23660
23660
23660
23659
23659
23656
23655
23650
23649
23647
23646
23645
23645
23643
23643
23641
23640
23640
23639
23639
23637
23636
23635
23635
23635
23634
23634
23634
23634
23633
23633
23631
23631
23631
23630
23628
23627
23627
23627
23626
23623
23623
23623
23621
23618
23618
23617
23617
23617
23617
23617
23616
23613
23611
23611
23611
23611
23611
23610
23610
23608
23607
23606
23605
23605
23604
23602
23602
23601
23600
23599
23599
23598
23597
23597
23597
23593
23593
23592
23592
23592
23591
23590
23584
23583
23583
23583
23582
23582
23580
23580
23580
23579
23579
23578
23576
23575
23575
23574
23574
23571
23570
23570
23569
23568
23566
23565
23564
23564
23561
23561
23560
23560
23560
23559
23558
23556
23556
23555
23555
23552
23552
23549
23547
23546
23545
23544
23544
23541
23541
23539
23535
23534
23534
23533
23529
23525
23524
23524
23523
23522
23521
23519
23518
23518
23516
23513
23511
23511
23510
23509
23509
23508
23507
23507
23506
23502
23501
23501
23500
23499
23499
23498
23497
23497
23497
23496
23495
23495
23493
23492
23492
23491
23491
23490
23490
23489
23488
23488
23486
23484
23484
23484
23483
23482
23480
23480
23479
23479
23477
23477
23474
23474
23473
23473
23472
23471
23470
23468
23467
23467
23467
23465
23464
23463
23463
23463
23462
23462
23461
23460
23459
23459
23459
23457
23457
23456
23455
23454
23454
23453
23451
23447
23447
23446
23446
23445
23445
23440
23440
23440
23440
23433
23433
23432
23431
23431
23431
23430
23428
23428
23426
23425
23425
23424
23422
23421
23420
23416
23416
23416
23411
23411
23410
23408
23406
23405
23405
23404
23403
23403
23401
23397
23397
23396
23396
23395
23393
23392
23391
23391
23391
23389
23389
23388
23388
23387
23387
23381
23381
23380
23379
23376
23374
23374
23373
23372
23371
23370
23370
23369
23369
23367
23366
23365
23363
23363
23362
23362
23361
23360
23359
23359
23358
23357
23356
23356
23354
23354
23354
23351
23351
23350
23350
23350
23349
23347
23347
23344
23343
23340
23338
23335
23332
23332
23331
23330
23329
23329
23328
23328
23327
23325
23324
23319
23317
23317
23317
23315
23314
23311
23309
23308
23308
23304
23302
23302
23301
23300
23300
23300
23300
23298
23297
23295
23294
23293
23293
23291
23290
23290
23289
23288
23287
23286
23286
23284
23283
23282
23281
23281
23281
23280
23280
23279
23278
23278
23278
23270
23269
23267
23267
23266
23265
23264
23261
23260
23260
23259
23258
23257
23257
23257
23256
23256
23256
23253
23253
23253
23252
23251
23251
23250
23249
23248
23246
23246
23245
23244
23244
23244
23242
23242
23242
23241
23240
23240
23239
23238
23236
23235
23234
23234
23233
23233
23233
23233
23231
23231
23230
23228
23226
23224
23224
23224
23223
23222
23222
23221
23221
23221
23220
23220
23219
23217
23216
23216
23215
23215
23215
23214
23214
23213
23210
23209
23209
23208
23206
23204
23204
23203
23202
23200
23199
23199
23197
23196
23196
23195
23193
23193
23193
23193
23190
23189
23189
23189
23188
23187
23185
23184
23183
23182
23181
23181
23179
23178
23177
23176
23176
23176
23176
23174
23173
23173
23172
23171
23171
23168
23168
23167
23167
23163
23161
23161
23158
23158
23156
23155
23153
23153
23152
23151
23149
23148
23148
23146
23145
23144
23144
23143
23143
23143
23142
23140
23138
23138
23138
23138
23137
23136
23135
23134
23133
23129
23128
23128
23126
23125
23125
23124
23123
23121
23121
23119
23117
23116
23116
23115
23111
23110
23108
23108
23107
23102
23100
23100
23100
23100
23099
23099
23099
23098
23098
23097
23094
23091
23090
23090
23090
23088
23086
23085
23083
23081
23080
23078
23076
23075
23075
23074
23074
23074
23072
23071
23071
23070
23068
23066
23065
23065
23063
23062
23060
23060
23060
23059
23059
23058
23054
23054
23052
23052
23051
23049
23048
23048
23047
23047
23045
23044
23043
23042
23042
23039
23039
23038
23033
23031
23031
23030
23029
23028
23027
23026
23021
23020
23019
23017
23016
23015
23015
23014
23014
23013
23013
23012
23011
23011
23010
23010
23009
23007
23006
23005
23004
23004
23003
23003
23001
22998
22996
22995
22994
22994
22994
22992
22992
22991
22990
22990
22989
22989
22986
22985
22985
22983
22981
22980
22977
22976
22976
22974
22973
22972
22971
22969
22969
22965
22964
22964
22963
22963
22961
22960
22960
22960
22959
22958
22957
22956
22954
22954
22954
22952
22952
22951
22951
22950
22950
22950
22950
22950
22949
22947
22946
22943
22942
22942
22941
22941
22941
22939
22939
22939
22937
22936
22936
22935
22934
22930
22929
22929
22929
22929
22929
22929
22927
22927
22926
22925
22925
22924
22924
22922
22922
22922
22922
22921
22920
22920
22919
22919
22918
22917
22917
22917
22917
22916
22913
22913
22913
22908
22908
22906
22903
22903
22903
22902
22900
22895
22894
22892
22890
22889
22889
22888
22888
22886
22886
22885
22885
22885
22884
22883
22883
22882
22881
22880
22880
22880
22879
22875
22873
22873
22872
22871
22871
22869
22869
22869
22868
22867
22867
22866
22865
22864
22862
22862
22861
22861
22860
22860
22857
22854
22854
22851
22850
22849
22847
22846
22844
22844
22843
22841
22841
22839
22838
22836
22836
22836
22836
22835
22834
22834
22833
22831
22828
22828
22827
22826
22825
22825
22824
22823
22822
22820
22818
22818
22817
22816
22813
22813
22813
22812
22811
22811
22810
22809
22809
22809
22809
22809
22807
22805
22804
22803
22801
22800
22800
22799
22799
22797
22797
22796
22791
22790
22788
22787
22787
22786
22785
22785
22785
22785
22784
22783
22782
22781
22780
22780
22779
22778
22777
22777
22775
22775
22775
22773
22771
22771
22769
22768
22767
22765
22764
22764
22763
22763
22763
22762
22762
22762
22760
22759
22758
22756
22755
22755
22754
22753
22753
22752
22751
22750
22750
22749
22748
22748
22747
22747
22746
22746
22746
22745
22745
22744
22741
22741
22737
22735
22735
22734
22734
22734
22732
22730
22730
22730
22728
22726
22726
22725
22725
22725
22723
22723
22723
22720
22718
22718
22718
22716
22715
22715
22715
22714
22714
22712
22712
22711
22710
22707
22707
22706
22704
22699
22698
22698
22697
22697
22695
22695
22695
22692
22691
22691
22690
22689
22689
22688
22687
22684
22684
22683
22682
22677
22676
22676
22673
22673
22672
22671
22670
22668
22668
22668
22667
22666
22666
22665
22664
22659
22659
22658
22656
22655
22655
22654
22653
22653
22653
22651
22651
22650
22649
22648
22648
22647
22647
22646
22646
22644
22642
22642
22640
22639
22638
22635
22633
22632
22632
22630
22628
22628
22628
22627
22626
22626
22626
22625
22625
22624
22621
22616
22615
22615
22615
22614
22613
22611
22610
22610
22609
22608
22608
22605
22601
22601
22599
22599
22599
22598
22598
22595
22593
22592
22589
22588
22587
22585
22584
22584
22581
22580
22578
22577
22575
22574
22574
22572
22571
22571
22571
22571
22569
22569
22568
22568
22566
22565
22564
22563
22563
22562
22558
22556
22553
22553
22552
22552
22551
22547
22547
22546
22546
22545
22542
22541
22540
22538
22537
22537
22536
22536
22536
22532
22532
22525
22525
22525
22525
22523
22523
22522
22521
22520
22520
22519
22517
22517
22517
22516
22516
22516
22515
22515
22515
22515
22514
22513
22512
22510
22510
22509
22509
22509
22506
22506
22504
22502
22501
22500
22500
22497
22494
22493
22492
22492
22489
22488
22486
22484
22484
22482
22480
22478
22476
22475
22475
22474
22474
22474
22473
22472
22471
22469
22469
22467
22464
22464
22462
22462
22461
22461
22460
22459
22459
22459
22457
22457
22456
22455
22455
22454
22451
22451
22450
22450
22449
22448
22447
22446
22444
22444
22444
22442
22442
22441
22439
22438
22438
22437
22435
22435
22434
22433
22433
22433
22430
22430
22430
22429
22429
22428
22427
22427
22427
22424
22422
22420
22420
22418
22418
22417
22416
22414
22414
22412
22412
22411
22408
22408
22405
22405
22404
22403
22400
22398
22397
22396
22396
22395
22394
22393
22392
22392
22392
22392
22391
22391
22389
22385
22385
22383
22382
22382
22381
22380
22379
22379
22378
22378
22378
22378
22377
22375
22375
22373
22371
22369
22369
22369
22368
22368
22368
22367
22364
22364
22364
22363
22363
22362
22355
22354
22354
22353
22352
22352
22351
22349
22346
22344
22344
22344
22344
22344
22340
22339
22338
22338
22337
22337
22336
22335
22335
22335
22334
22334
22333
22332
22332
22331
22330
22328
22327
22327
22325
22324
22323
22321
22321
22320
22319
22316
22314
22313
22311
22310
22309
22308
22307
22306
22306
22304
22304
22303
22301
22299
22295
22294
22292
22292
22292
22291
22290
22290
22289
22287
22287
22286
22286
22285
22284
22280
22279
22279
22279
22278
22278
22277
22275
22275
22273
22272
22271
22271
22269
22269
22266
22265
22264
22264
22263
22263
22262
22261
22261
22261
22261
22258
22257
22257
22256
22255
22255
22254
22253
22253
22251
22250
22248
22247
22246
22246
22246
22245
22245
22245
22243
22243
22241
22240
22239
22239
22238
22237
22235
22234
22233
22232
22227
22225
22225
22224
22223
22223
22220
22219
22218
22217
22217
22216
22214
22213
22211
22211
22211
22210
22209
22209
22209
22208
22207
22206
22201
22200
22199
22199
22198
22197
22196
22194
22192
22191
22190
22190
22187
22187
22186
22182
22182
22182
22181
22181
22180
22179
22179
22178
22178
22177
22176
22173
22172
22172
22170
22168
22168
22168
22167
22166
22164
22162
22160
22159
22159
22159
22158
22154
22150
22149
22149
22149
22148
22148
22148
22148
22147
22147
22147
22147
22146
22146
22143
22143
22143
22143
22143
22142
22142
22141
22139
22138
22137
22135
22135
22132
22127
22127
22126
22126
22126
22125
22125
22124
22122
22122
22122
22122
22120
22118
22118
22116
22114
22113
22112
22110
22108
22107
22107
22106
22105
22104
22104
22102
22101
22101
22101
22099
22098
22097
22096
22096
22095
22092
22091
22090
22090
22088
22088
22088
22087
22086
22085
22085
22084
22083
22083
22080
22080
22076
22075
22075
22073
22073
22073
22071
22069
22066
22066
22066
22066
22066
22065
22064
22064
22062
22059
22057
22057
22056
22056
22056
22055
22055
22055
22053
22053
22052
22052
22051
22050
22048
22048
22047
22046
22046
22044
22044
22043
22043
22042
22042
22040
22040
22040
22036
22034
22034
22032
22032
22031
22030
22030
22030
22027
22025
22025
22025
22023
22022
22021
22020
22020
22018
22016
22013
22013
22012
22012
22012
22012
22009
22008
22006
22005
22004
22003
22002
22000
22000
21999
21999
21997
21996
21995
21995
21995
21993
21991
21990
21988
21988
21988
21986
21986
21986
21985
21985
21983
21983
21983
21982
21981
21981
21981
21978
21975
21974
21974
21974
21972
21971
21971
21970
21970
21967
21966
21963
21962
21960
21960
21959
21958
21958
21956
21956
21954
21953
21953
21952
21950
21950
21949
21949
21948
21948
21948
21947
21944
21944
21944
21943
21943
21941
21940
21940
21940
21940
21938
21938
21938
21937
21937
21935
21935
21933
21932
21931
21931
21931
21930
21930
21927
21927
21926
21924
21924
21923
21922
21922
21920
21919
21918
21917
21917
21917
21917
21917
21915
21913
21912
21911
21911
21910
21909
21908
21907
21904
21903
21903
21902
21902
21900
21900
21898
21897
21896
21894
21893
21893
21891
21890
21889
21889
21888
21887
21883
21883
21882
21882
21881
21876
21875
21875
21875
21874
21874
21874
21873
21872
21872
21869
21869
21868
21866
21865
21864
21862
21861
21858
21858
21857
21855
21855
21853
21852
21851
21851
21848
21848
21848
21847
21847
21843
21842
21842
21841
21840
21839
21839
21839
21836
21836
21835
21835
21833
21832
21832
21832
21831
21830
21830
21830
21828
21828
21821
21820
21820
21819
21818
21814
21814
21813
21812
21812
21811
21811
21810
21809
21809
21808
21806
21803
21802
21800
21797
21796
21796
21796
21794
21794
21793
21792
21791
21791
21791
21790
21789
21789
21788
21786
21785
21783
21782
21780
21779
21779
21778
21773
21773
21773
21772
21772
21772
21770
21769
21769
21768
21768
21767
21766
21765
21764
21764
21762
21762
21762
21757
21757
21756
21755
21752
21752
21752
21751
21750
21749
21749
21746
21746
21740
21739
21738
21738
21736
21736
21735
21733
21733
21732
21731
21729
21727
21726
21724
21723
21723
21721
21721
21721
21718
21717
21716
21716
21715
21714
21713
21713
21712
21710
21710
21710
21710
21709
21709
21709
21709
21708
21708
21707
21706
21706
21705
21702
21698
21697
21696
21696
21694
21689
21689
21689
21685
21685
21684
21684
21684
21680
21679
21678
21677
21676
21675
21675
21675
21674
21673
21669
21669
21668
21662
21661
21661
21661
21659
21659
21659
21659
21658
21656
21654
21654
21654
21653
21653
21652
21650
21650
21650
21648
21648
21648
21646
21643
21643
21642
21641
21640
21638
21635
21635
21635
21634
21633
21632
21632
21630
21628
21627
21624
21621
21620
21619
21618
21618
21617
21616
21616
21616
21615
21610
21609
21609
21609
21608
21608
21607
21607
21607
21605
21603
21603
21603
21603
21602
21602
21602
21601
21600
21599
21598
21597
21597
21595
21593
21591
21591
21590
21590
21587
21587
21586
21586
21586
21581
21577
21577
21577
21577
21576
21576
21575
21575
21572
21571
21570
21569
21568
21567
21567
21565
21563
21563
21562
21561
21560
21558
21556
21555
21555
21553
21553
21553
21552
21551
21547
21547
21546
21545
21545
21545
21545
21544
21543
21542
21541
21540
21540
21540
21539
21538
21537
21535
21534
21532
21532
21530
21529
21527
21525
21525
21522
21522
21522
21518
21518
21517
21517
21517
21517
21517
21516
21516
21515
21515
21514
21513
21512
21510
21510
21509
21509
21508
21508
21507
21505
21504
21503
21502
21500
21498
21494
21492
21492
21492
21491
21489
21489
21488
21487
21485
21485
21484
21482
21480
21479
21478
21478
21477
21476
21475
21475
21474
21473
21472
21472
21472
21471
21467
21464
21463
21463
21462
21461
21461
21460
21460
21460
21458
21457
21456
21456
21456
21454
21453
21452
21451
21451
21450
21450
21450
21449
21448
21447
21447
21446
21445
21444
21444
21443
21437
21437
21436
21435
21435
21435
21434
21432
21431
21430
21428
21428
21423
21422
21422
21422
21420
21420
21419
21418
21417
21417
21416
21412
21412
21410
21410
21410
21407
21407
21405
21404
21404
21403
21403
21403
21402
21402
21401
21399
21398
21395
21393
21393
21391
21390
21389
21388
21388
21386
21385
21384
21384
21383
21382
21380
21380
21380
21379
21379
21379
21379
21378
21378
21378
21377
21377
21375
21374
21373
21373
21372
21372
21371
21368
21366
21365
21365
21364
21363
21360
21358
21357
21356
21356
21355
21354
21353
21351
21349
21348
21347
21346
21345
21345
21342
21341
21340
21340
21340
21340
21339
21339
21339
21337
21337
21336
21334
21332
21332
21331
21330
21330
21328
21327
21325
21323
21323
21322
21321
21320
21320
21320
21319
21317
21317
21316
21313
21311
21309
21308
21307
21305
21305
21305
21303
21302
21300
21300
21300
21300
21298
21296
21295
21294
21294
21293
21291
21289
21288
21287
21285
21280
21280
21279
21279
21278
21275
21275
21272
21271
21270
21270
21270
21269
21268
21268
21267
21267
21266
21263
21262
21262
21262
21261
21259
21258
21258
21257
21257
21256
21256
21256
21256
21254
21253
21253
21252
21251
21251
21250
21250
21248
21248
21247
21247
21247
21246
21246
21246
21245
21245
21245
21244
21244
21244
21244
21243
21238
21237
21237
21236
21235
21235
21235
21233
21231
21231
21230
21230
21230
21229
21228
21228
21228
21227
21226
21226
21225
21224
21224
21224
21223
21222
21222
21222
21222
21222
21221
21219
21218
21217
21217
21216
21214
21213
21213
21212
21211
21210
21209
21208
21208
21207
21207
21207
21207
21206
21206
21203
21201
21201
21201
21199
21199
21198
21197
21196
21196
21194
21193
21193
21192
21192
21191
21190
21188
21187
21187
21185
21184
21184
21183
21182
21182
21180
21178
21178
21178
21177
21177
21173
21172
21171
21171
21170
21170
21169
21169
21168
21167
21165
21164
21164
21163
21161
21160
21155
21154
21154
21153
21153
21152
21151
21147
21147
21146
21146
21145
21144
21141
21139
21139
21138
21138
21137
21136
21135
21131
21131
21130
21130
21129
21129
21129
21128
21126
21125
21123
21122
21122
21122
21121
21119
21119
21116
21115
21115
21114
21113
21113
21112
21112
21112
21112
21111
21110
21110
21110
21108
21107
21106
21104
21103
21103
21102
21102
21099
21099
21096
21094
21094
21091
21089
21087
21087
21086
21085
21085
21084
21083
21083
21081
21081
21080
21078
21078
21076
21075
21074
21073
21073
21072
21072
21071
21071
21070
21069
21069
21068
21067
21067
21066
21065
21065
21064
21064
21064
21064
21063
21062
21062
21062
21061
21061
21061
21060
21059
21059
21059
21057
21057
21056
21055
21053
21053
21051
21048
21047
21047
21047
21045
21044
21044
21043
21042
21042
21042
21041
21041
21039
21039
21038
21037
21035
21034
21031
21030
21028
21028
21028
21027
21027
21024
21024
21023
21023
21022
21020
21019
21017
21016
21015
21014
21014
21013
21013
21013
21013
21011
21010
21009
21008
21006
21006
21006
21004
21003
21003
21002
21001
21000
20998
20997
20996
20994
20993
20991
20990
20988
20985
20984
20983
20982
20979
20979
20977
20976
20975
20975
20972
20971
20971
20970
20968
20966
20965
20963
20962
20962
20962
20962
20961
20960
20956
20956
20956
20954
20952
20951
20950
20950
20950
20949
20947
20945
20943
20943
20942
20941
20939
20939
20938
20938
20938
20937
20934
20934
20934
20934
20933
20933
20933
20932
20930
20928
20927
20924
20921
20920
20919
20919
20917
20917
20916
20915
20915
20914
20913
20912
20910
20910
20910
20909
20909
20908
20906
20904
20904
20903
20902
20900
20899
20899
20899
20899
20898
20898
20894
20894
20893
20892
20892
20890
20890
20888
20884
20883
20881
20879
20879
20878
20871
20870
20870
20868
20867
20865
20865
20865
20864
20864
20863
20861
20861
20860
20860
20860
20858
20858
20858
20856
20856
20856
20854
20854
20854
20853
20852
20851
20851
20850
20850
20849
20845
20843
20841
20840
20839
20837
20837
20837
20836
20836
20832
20832
20829
20829
20826
20826
20825
20825
20824
20823
20823
20823
20822
20822
20822
20820
20818
20818
20818
20817
20816
20816
20815
20815
20814
20814
20814
20812
20810
20809
20809
20807
20805
20804
20802
20801
20800
20799
20798
20795
20795
20794
20793
20793
20790
20790
20789
20788
20786
20786
20785
20783
20783
20778
20778
20778
20777
20777
20777
20776
20775
20773
20772
20772
20772
20771
20771
20771
20771
20770
20770
20770
20769
20769
20769
20768
20767
20767
20765
20763
20760
20760
20756
20756
20756
20755
20754
20754
20751
20751
20751
20746
20746
20746
20745
20745
20744
20744
20743
20742
20737
20736
20733
20733
20732
20732
20730
20729
20728
20728
20725
20724
20723
20722
20721
20720
20720
20720
20719
20719
20719
20719
20718
20717
20715
20714
20712
20712
20712
20709
20706
20704
20704
20703
20703
20701
20700
20699
20697
20697
20695
20693
20691
20691
20685
20684
20684
20682
20681
20680
20679
20679
20678
20677
20677
20675
20670
20669
20668
20666
20665
20665
20664
20663
20662
20661
20661
20659
20659
20657
20656
20654
20653
20649
20649
20648
20648
20648
20647
20647
20645
20643
20642
20642
20641
20640
20639
20637
20636
20636
20634
20633
20632
20632
20631
20630
20630
20629
20629
20627
20627
20627
20626
20626
20624
20624
20624
20621
20617
20613
20613
20612
20610
20610
20610
20609
20609
20608
20608
20608
20607
20604
20604
20604
20604
20602
20602
20602
20598
20596
20595
20593
20593
20592
20590
20589
20588
20588
20586
20585
20584
20584
20584
20582
20579
20576
20574
20574
20572
20572
20572
20571
20571
20570
20569
20569
20569
20568
20568
20565
20564
20563
20563
20562
20560
20560
20558
20557
20557
20556
20554
20551
20550
20550
20550
20550
20548
20548
20547
20547
20546
20546
20545
20545
20544
20544
20544
20544
20541
20541
20541
20541
20540
20539
20538
20538
20538
20538
20537
20536
20536
20534
20534
20533
20533
20532
20532
20531
20531
20531
20530
20530
20529
20528
20528
20527
20526
20526
20525
20524
20524
20520
20520
20519
20518
20517
20517
20515
20515
20515
20514
20514
20513
20511
20510
20510
20509
20506
20506
20505
20505
20505
20501
20498
20498
20497
20497
20496
20496
20496
20496
20495
20492
20492
20488
20486
20485
20483
20483
20482
20482
20481
20481
20480
20480
20479
20479
20476
20476
20475
20474
20471
20468
20468
20467
20467
20467
20465
20465
20465
20464
20463
20461
20460
20459
20459
20458
20458
20457
20456
20456
20453
20451
20451
20449
20449
20448
20447
20447
20443
20442
20441
20441
20440
20440
20439
20438
20438
20437
20436
20436
20435
20433
20433
20432
20432
20431
20431
20430
20428
20426
20425
20423
20423
20420
20420
20419
20418
20418
20418
20417
20414
20410
20409
20409
20408
20408
20407
20407
20406
20405
20404
20401
20401
20401
20400
20400
20399
20398
20396
20394
20393
20390
20387
20387
20385
20384
20383
20382
20382
20381
20379
20378
20377
20377
20375
20374
20372
20369
20369
20368
20367
20367
20366
20363
20363
20362
20362
20361
20360
20360
20359
20358
20357
20355
20354
20354
20351
20350
20350
20350
20350
20349
20348
20347
20347
20344
20342
20340
20339
20337
20337
20335
20335
20334
20334
20333
20332
20332
20331
20330
20327
20327
20326
20326
20326
20325
20324
20323
20322
20320
20318
20317
20317
20313
20312
20311
20311
20310
20310
20308
20307
20307
20306
20306
20305
20305
20304
20304
20304
20302
20302
20301
20300
20300
20297
20295
20295
20294
20292
20286
20284
20282
20278
20278
20278
20276
20276
20276
20273
20271
20269
20268
20266
20266
20264
20264
20262
20262
20261
20260
20259
20259
20259
20258
20258
20257
20257
20257
20256
20256
20255
20255
20254
20253
20252
20250
20248
20247
20247
20245
20245
20245
20245
20245
20244
20243
20242
20242
20241
20240
20240
20239
20239
20239
20238
20234
20234
20234
20233
20231
20231
20231
20230
20229
20226
20225
20225
20224
20223
20223
20223
20221
20219
20218
20217
20217
20216
20215
20215
20215
20214
20214
20212
20210
20210
20209
20209
20208
20207
20207
20206
20205
20203
20200
20198
20198
20198
20196
20194
20194
20193
20192
20190
20190
20189
20189
20188
20188
20186
20185
20182
20180
20180
20179
20179
20178
20177
20175
20172
20172
20171
20171
20170
20169
20168
20168
20166
20166
20165
20163
20163
20163
20162
20162
20160
20160
20159
20159
20158
20156
20152
20151
20151
20150
20149
20148
20147
20146
20146
20145
20143
20143
20142
20142
20141
20138
20136
20136
20136
20131
20131
20130
20129
20127
20124
20123
20123
20122
20121
20121
20121
20119
20118
20117
20117
20112
20111
20111
20111
20109
20108
20107
20107
20107
20106
20104
20103
20101
20100
20098
20097
20096
20095
20092
20091
20090
20090
20085
20083
20083
20083
20082
20081
20081
20080
20080
20079
20079
20077
20077
20077
20077
20075
20073
20070
20069
20069
20067
20065
20065
20064
20062
20062
20061
20061
20060
20060
20059
20059
20056
20055
20055
20054
20053
20053
20051
20051
20050
20049
20049
20048
20046
20046
20045
20044
20042
20039
20039
20037
20037
20036
20035
20034
20034
20033
20033
20031
20030
20029
20028
20028
20027
20027
20026
20026
20026
20025
20025
20024
20024
20023
20022
20022
20022
20021
20020
20018
20017
20015
20010
20010
20009
20009
20009
20008
20007
20005
20005
20004
20002
20001
20001
19999
19998
19998
19997
19995
19994
19994
19993
19992
19992
19992
19991
19989
19985
19984
19984
19983
19981
19981
19980
19979
19978
19978
19977
19976
19976
19974
19974
19974
19973
19972
19972
19971
19971
19970
19969
19968
19967
19963
19962
19962
19961
19961
19960
19959
19955
19954
19953
19952
19951
19950
19949
19949
19949
19948
19947
19947
19947
19945
19945
19945
19944
19941
19940
19940
19933
19933
19933
19932
19931
19931
19930
19929
19928
19927
19926
19926
19925
19924
19924
19924
19923
19923
19921
19920
19920
19920
19916
19916
19916
19913
19912
19910
19910
19909
19909
19908
19908
19906
19905
19904
19901
19900
19898
19898
19898
19897
19896
19896
19896
19893
19893
19890
19890
19890
19889
19889
19887
19887
19886
19885
19883
19883
19881
19879
19879
19879
19878
19877
19876
19875
19873
19872
19871
19868
19866
19866
19865
19865
19864
19860
19860
19860
19859
19859
19858
19858
19858
19858
19858
19858
19857
19857
19857
19856
19855
19855
19854
19852
19850
19849
19849
19848
19846
19846
19845
19845
19844
19842
19842
19841
19837
19836
19836
19835
19835
19833
19833
19832
19831
19831
19827
19826
19825
19825
19825
19824
19824
19824
19823
19823
19820
19820
19818
19817
19817
19815
19815
19812
19812
19810
19809
19806
19804
19804
19804
19802
19801
19800
19799
19798
19797
19796
19795
19794
19794
19794
19793
19792
19792
19791
19790
19789
19787
19785
19785
19785
19784
19783
19783
19783
19782
19782
19780
19780
19780
19774
19774
19773
19771
19771
19769
19768
19768
19767
19766
19764
19763
19761
19761
19761
19760
19758
19757
19756
19756
19752
19752
19751
19749
19749
19749
19745
19745
19745
19744
19744
19743
19743
19742
19741
19740
19738
19734
19734
19734
19733
19732
19731
19731
19730
19730
19730
19729
19729
19728
19727
19727
19724
19724
19721
19720
19720
19720
19714
19712
19710
19710
19710
19709
19709
19709
19709
19707
19707
19707
19706
19706
19706
19706
19706
19705
19704
19702
19700
19700
19699
19699
19699
19699
19698
19697
19697
19697
19696
19694
19694
19694
19692
19691
19690
19688
19688
19687
19686
19686
19685
19685
19685
19682
19682
19681
19681
19679
19679
19678
19673
19673
19672
19671
19668
19668
19668
19668
19667
19665
19664
19663
19662
19662
19659
19657
19657
19656
19656
19654
19653
19650
19650
19649
19647
19646
19642
19641
19635
19634
19633
19631
19631
19629
19629
19629
19628
19628
19627
19625
19622
19621
19621
19621
19620
19617
19617
19617
19616
19616
19614
19614
19613
19613
19611
19610
19610
19608
19607
19607
19607
19606
19604
19603
19603
19603
19602
19602
19601
19600
19600
19598
19597
19597
19597
19596
19595
19595
19592
19589
19589
19588
19588
19587
19587
19587
19584
19584
19583
19579
19579
19578
19576
19575
19575
19574
19574
19574
19570
19569
19568
19566
19565
19564
19563
19563
19561
19559
19558
19556
19555
19555
19553
19553
19553
19551
19550
19550
19550
19550
19550
19549
19548
19547
19547
19546
19546
19546
19544
19544
19544
19543
19543
19542
19541
19540
19539
19536
19535
19535
19534
19533
19532
19532
19531
19527
19527
19526
19526
19525
19525
19525
19523
19523
19523
19519
19518
19518
19517
19516
19516
19514
19513
19513
19512
19511
19511
19511
19511
19508
19508
19508
19507
19504
19504
19502
19502
19501
19500
19500
19499
19499
19498
19496
19496
19495
19495
19492
19492
19492
19490
19490
19490
19489
19488
19488
19486
19486
19485
19485
19485
19484
19482
19482
19482
19481
19479
19476
19476
19475
19475
19475
19474
19474
19473
19473
19473
19471
19468
19468
19468
19467
19465
19462
19461
19461
19461
19460
19458
19457
19454
19453
19452
19451
19450
19450
19450
19449
19449
19447
19447
19447
19446
19445
19444
19444
19443
19442
19441
19440
19440
19439
19436
19434
19434
19434
19433
19433
19432
19432
19432
19431
19431
19427
19427
19425
19424
19423
19423
19422
19422
19422
19421
19421
19421
19421
19421
19420
19419
19419
19417
19417
19415
19412
19410
19405
19405
19404
19404
19403
19403
19403
19402
19401
19401
19401
19399
19398
19395
19394
19394
19394
19392
19391
19389
19387
19387
19386
19385
19385
19385
19382
19380
19379
19376
19376
19374
19374
19370
19368
19366
19364
19364
19363
19361
19360
19359
19358
19358
19357
19353
19353
19351
19351
19349
19349
19348
19348
19346
19346
19346
19344
19344
19344
19343
19341
19339
19336
19336
19336
19336
19335
19333
19331
19330
19327
19327
19326
19325
19325
19324
19323
19323
19321
19321
19320
19320
19320
19318
19317
19317
19316
19311
19311
19310
19309
19308
19307
19306
19306
19306
19306
19305
19305
19305
19304
19303
19302
19302
19298
19296
19295
19294
19293
19293
19291
19290
19289
19289
19286
19284
19283
19282
19282
19282
19280
19279
19278
19278
19278
19278
19277
19276
19275
19274
19274
19273
19273
19272
19272
19272
19271
19271
19268
19268
19267
19267
19266
19264
19264
19263
19263
19263
19261
19261
19261
19260
19259
19257
19257
19256
19254
19253
19252
19251
19251
19251
19250
19249
19248
19243
19242
19241
19240
19240
19239
19239
19237
19235
19235
19234
19234
19233
19232
19232
19232
19228
19228
19227
19225
19225
19224
19223
19222
19222
19222
19221
19220
19218
19217
19217
19215
19215
19215
19213
19213
19211
19211
19210
19209
19209
19209
19208
19206
19205
19205
19204
19203
19203
19202
19202
19201
19201
19200
19200
19197
19192
19191
19190
19189
19188
19187
19187
19187
19184
19184
19183
19181
19181
19181
19179
19178
19178
19177
19176
19176
19172
19172
19171
19170
19168
19168
19168
19168
19165
19165
19164
19163
19160
19160
19154
19154
19154
19153
19152
19150
19149
19148
19148
19146
19146
19145
19143
19143
19142
19142
19141
19141
19140
19138
19138
19137
19137
19137
19137
19134
19131
19131
19131
19131
19129
19128
19127
19127
19126
19125
19125
19124
19124
19123
19121
19120
19120
19117
19116
19116
19114
19111
19111
19110
19110
19108
19108
19108
19108
19107
19105
19105
19104
19104
19103
19102
19102
19101
19101
19100
19100
19099
19099
19099
19098
19098
19098
19098
19097
19096
19096
19096
19090
19090
19090
19090
19088
19088
19088
19087
19085
19083
19082
19081
19078
19078
19077
19077
19072
19069
19069
19069
19068
19068
19068
19067
19067
19066
19066
19066
19066
19063
19062
19060
19059
19054
19054
19054
19052
19050
19049
19048
19047
19047
19045
19045
19044
19042
19041
19041
19041
19040
19039
19035
19034
19032
19032
19032
19026
19026
19025
19024
19024
19023
19018
19017
19016
19013
19011
19011
19011
19010
19006
19005
19005
19005
19003
19003
19002
18998
18996
18996
18994
18992
18992
18991
18991
18989
18988
18988
18987
18987
18987
18987
18982
18979
18977
18975
18974
18973
18969
18968
18966
18964
18964
18961
18959
18958
18955
18955
18953
18950
18949
18947
18944
18944
18943
18942
18942
18941
18941
18940
18939
18939
18938
18936
18936
18936
18934
18933
18932
18932
18932
18931
18931
18929
18927
18926
18926
18926
18925
18925
18923
18923
18921
18921
18920
18919
18919
18918
18917
18916
18915
18914
18913
18913
18912
18911
18910
18910
18909
18908
18907
18906
18906
18906
18904
18904
18902
18902
18902
18902
18901
18901
18901
18899
18899
18898
18898
18896
18896
18896
18895
18895
18893
18892
18891
18889
18889
18889
18888
18888
18886
18886
18886
18884
18879
18878
18877
18875
18872
18870
18870
18869
18869
18869
18867
18864
18863
18857
18857
18855
18854
18854
18852
18852
18850
18848
18846
18845
18844
18842
18842
18841
18839
18836
18836
18836
18835
18834
18832
18831
18831
18831
18830
18830
18830
18830
18829
18829
18829
18828
18827
18826
18825
18825
18824
18824
18823
18823
18822
18820
18820
18820
18819
18818
18816
18815
18815
18813
18813
18810
18808
18808
18807
18806
18806
18805
18803
18802
18802
18802
18802
18800
18799
18799
18798
18795
18794
18794
18794
18793
18793
18793
18793
18792
18792
18791
18789
18789
18789
18787
18784
18784
18784
18782
18782
18778
18777
18776
18776
18776
18774
18774
18773
18773
18772
18770
18770
18770
18769
18767
18766
18765
18765
18763
18762
18761
18761
18760
18760
18759
18759
18755
18752
18752
18752
18751
18750
18750
18749
18749
18748
18747
18746
18746
18746
18744
18743
18742
18742
18741
18741
18738
18738
18737
18737
18736
18736
18735
18735
18733
18732
18732
18731
18729
18729
18727
18726
18724
18724
18723
18721
18720
18717
18716
18715
18714
18712
18710
18709
18709
18708
18708
18707
18706
18705
18705
18704
18704
18702
18699
18697
18697
18696
18695
18695
18695
18695
18694
18694
18693
18693
18691
18691
18688
18688
18686
18685
18685
18685
18684
18684
18684
18684
18683
18682
18680
18679
18679
18678
18677
18677
18675
18675
18675
18675
18673
18671
18671
18669
18669
18666
18661
18660
18659
18656
18656
18654
18653
18652
18651
18650
18650
18649
18648
18648
18647
18647
18647
18646
18645
18645
18645
18644
18642
18642
18640
18640
18640
18639
18638
18637
18637
18635
18635
18635
18634
18634
18633
18632
18631
18631
18631
18626
18626
18626
18625
18623
18623
18621
18620
18620
18620
18618
18614
18614
18614
18613
18613
18611
18611
18609
18608
18607
18607
18607
18607
18607
18606
18605
18605
18604
18603
18603
18603
18602
18600
18599
18597
18597
18596
18596
18595
18594
18593
18592
18591
18588
18587
18587
18586
18581
18581
18580
18579
18579
18578
18577
18577
18576
18575
18575
18573
18573
18572
18570
18570
18569
18567
18567
18567
18566
18565
18565
18565
18565
18565
18561
18560
18559
18557
18556
18554
18552
18551
18546
18546
18543
18542
18540
18538
18537
18536
18534
18532
18530
18530
18529
18529
18528
18528
18528
18526
18525
18524
18522
18521
18519
18519
18518
18517
18517
18515
18514
18513
18513
18512
18510
18510
18509
18509
18507
18506
18506
18506
18505
18504
18503
18502
18502
18502
18501
18501
18500
18499
18498
18498
18497
18495
18494
18494
18493
18492
18492
18491
18491
18490
18490
18489
18488
18488
18488
18488
18486
18485
18484
18484
18481
18480
18477
18477
18476
18476
18475
18475
18474
18473
18472
18471
18470
18470
18469
18469
18467
18467
18467
18465
18465
18465
18463
18461
18461
18458
18458
18457
18456
18455
18454
18453
18452
18450
18450
18448
18448
18448
18448
18447
18446
18446
18441
18441
18441
18440
18439
18439
18439
18438
18437
18437
18434
18432
18428
18428
18428
18428
18427
18426
18426
18426
18425
18424
18423
18422
18422
18422
18422
18419
18415
18413
18413
18412
18410
18410
18409
18408
18408
18408
18407
18406
18403
18403
18400
18399
18399
18397
18394
18390
18389
18388
18387
18386
18385
18385
18384
18384
18383
18382
18380
18380
18379
18377
18375
18374
18374
18371
18371
18370
18368
18367
18366
18365
18365
18365
18365
18364
18364
18364
18359
18353
18352
18352
18352
18351
18351
18350
18350
18350
18345
18344
18343
18340
18340
18337
18337
18337
18337
18335
18334
18333
18333
18329
18328
18328
18326
18325
18325
18324
18324
18323
18322
18321
18321
18318
18317
18317
18317
18315
18315
18314
18314
18312
18312
18310
18307
18307
18307
18306
18304
18301
18301
18300
18300
18300
18300
18298
18297
18296
18295
18295
18293
18293
18293
18293
18293
18293
18293
18293
18289
18288
18287
18286
18285
18284
18282
18281
18280
18280
18278
18277
18274
18273
18272
18271
18268
18268
18268
18268
18267
18265
18264
18264
18264
18261
18259
18259
18258
18257
18256
18256
18253
18251
18250
18250
18247
18246
18246
18246
18246
18245
18245
18244
18244
18243
18242
18242
18239
18238
18237
18237
18237
18237
18236
18236
18236
18235
18235
18234
18231
18231
18230
18230
18229
18228
18225
18224
18223
18223
18222
18221
18221
18220
18220
18220
18219
18217
18217
18216
18215
18214
18213
18211
18210
18210
18210
18207
18204
18203
18200
18195
18195
18195
18195
18194
18193
18192
18191
18191
18188
18188
18187
18186
18186
18186
18185
18184
18183
18183
18181
18178
18177
18177
18176
18176
18175
18175
18175
18174
18173
18173
18170
18170
18168
18166
18165
18165
18163
18163
18163
18162
18161
18159
18159
18158
18158
18157
18157
18157
18157
18155
18155
18155
18155
18154
18152
18152
18151
18151
18150
18150
18149
18148
18147
18147
18146
18144
18144
18144
18143
18141
18140
18139
18137
18134
18129
18128
18125
18122
18121
18121
18119
18119
18118
18116
18116
18115
18115
18114
18114
18113
18112
18111
18111
18110
18109
18109
18107
18107
18106
18106
18103
18101
18100
18100
18099
18099
18097
18096
18096
18096
18096
18094
18094
18088
18088
18088
18087
18087
18087
18087
18086
18086
18085
18083
18083
18083
18079
18078
18077
18076
18075
18074
18074
18074
18073
18073
18073
18071
18071
18071
18070
18069
18069
18069
18067
18067
18067
18066
18064
18063
18063
18062
18062
18061
18061
18061
18061
18061
18061
18060
18060
18060
18060
18059
18058
18058
18057
18057
18056
18056
18056
18056
18054
18054
18053
18053
18051
18051
18051
18050
18049
18047
18046
18046
18046
18046
18045
18044
18044
18043
18043
18042
18041
18040
18038
18038
18035
18031
18030
18030
18030
18029
18028
18028
18027
18027
18023
18020
18019
18019
18018
18017
18017
18015
18013
18012
18012
18010
18010
18009
18008
18008
18008
18008
18006
18005
18003
18003
18002
18002
18001
17999
17999
17998
17997
17996
17994
17994
17993
17991
17990
17989
17989
17988
17986
17984
17984
17984
17983
17979
17977
17976
17974
17972
17969
17968
17966
17966
17966
17964
17963
17963
17962
17960
17959
17959
17958
17958
17958
17956
17956
17954
17954
17954
17953
17953
17952
17952
17951
17949
17949
17949
17948
17948
17948
17946
17945
17943
17938
17937
17932
17931
17930
17929
17928
17924
17924
17920
17919
17918
17918
17917
17914
17914
17912
17910
17908
17908
17908
17907
17907
17906
17906
17904
17902
17902
17901
17900
17900
17899
17899
17898
17896
17896
17896
17896
17893
17892
17889
17889
17888
17885
17883
17883
17882
17881
17880
17880
17879
17879
17878
17877
17877
17874
17874
17872
17872
17865
17864
17863
17863
17863
17862
17862
17861
17861
17857
17857
17855
17854
17853
17853
17853
17853
17853
17852
17852
17850
17850
17849
17849
17847
17847
17846
17845
17845
17845
17844
17844
17843
17842
17841
17841
17841
17840
17838
17835
17835
17835
17832
17831
17831
17829
17828
17827
17826
17823
17822
17822
17821
17820
17820
17819
17817
17817
17816
17815
17814
17814
17812
17812
17810
17809
17807
17807
17805
17804
17803
17803
17801
17800
17800
17799
17798
17798
17797
17797
17797
17797
17796
17795
17794
17794
17793
17793
17792
17792
17789
17789
17787
17787
17786
17785
17784
17780
17779
17779
17778
17776
17775
17774
17774
17773
17772
17772
17770
17769
17768
17767
17767
17765
17764
17762
17762
17761
17761
17761
17761
17761
17760
17760
17760
17759
17758
17757
17756
17756
17755
17754
17753
17751
17750
17750
17749
17748
17747
17745
17745
17744
17743
17742
17742
17741
17739
17736
17735
17734
17734
17733
17731
17730
17730
17730
17729
17729
17727
17726
17726
17725
17725
17725
17723
17722
17721
17720
17719
17719
17718
17717
17716
17716
17716
17716
17716
17714
17714
17714
17713
17713
17712
17712
17710
17709
17709
17709
17708
17706
17704
17702
17702
17702
17702
17702
17700
17700
17699
17699
17696
17696
17695
17695
17694
17694
17693
17693
17693
17691
17690
17689
17689
17688
17687
17687
17686
17685
17684
17682
17682
17681
17680
17678
17678
17678
17676
17676
17674
17671
17670
17670
17668
17668
17667
17667
17666
17666
17665
17665
17664
17664
17662
17660
17659
17658
17658
17658
17658
17657
17656
17655
17655
17655
17654
17653
17652
17650
17649
17647
17647
17647
17647
17643
17642
17641
17641
17641
17641
17640
17640
17638
17638
17638
17637
17637
17637
17636
17634
17633
17632
17631
17630
17629
17628
17628
17627
17627
17626
17625
17624
17622
17622
17619
17615
17615
17613
17613
17612
17612
17611
17610
17609
17608
17608
17606
17605
17605
17602
17601
17601
17600
17598
17597
17596
17596
17596
17595
17594
17593
17592
17592
17591
17590
17589
17588
17588
17588
17584
17583
17583
17583
17582
17581
17577
17577
17576
17576
17575
17573
17571
17571
17570
17570
17569
17568
17566
17565
17564
17563
17563
17562
17559
17558
17558
17556
17552
17552
17549
17548
17547
17547
17546
17544
17544
17544
17543
17543
17542
17540
17540
17539
17536
17536
17535
17535
17535
17532
17529
17526
17526
17526
17523
17523
17523
17522
17521
17520
17519
17515
17512
17512
17512
17510
17510
17509
17508
17508
17507
17506
17506
17505
17502
17502
17502
17501
17501
17496
17496
17495
17493
17493
17492
17491
17491
17490
17490
17490
17489
17488
17485
17485
17485
17485
17482
17481
17479
17478
17478
17477
17475
17474
17473
17471
17469
17467
17465
17464
17464
17464
17463
17462
17460
17460
17460
17458
17458
17457
17454
17454
17454
17453
17453
17452
17450
17448
17448
17447
17444
17441
17440
17440
17440
17439
17439
17439
17438
17438
17438
17436
17433
17433
17432
17432
17432
17431
17430
17427
17427
17426
17423
17422
17422
17421
17420
17419
17418
17417
17416
17415
17415
17414
17414
17413
17410
17408
17408
17408
17407
17406
17406
17405
17405
17404
17404
17403
17400
17395
17391
17390
17389
17389
17388
17387
17387
17386
17384
17384
17383
17383
17383
17383
17380
17380
17380
17379
17378
17376
17373
17373
17372
17370
17370
17367
17366
17365
17364
17362
17362
17361
17359
17357
17355
17355
17354
17351
17351
17350
17349
17348
17348
17347
17347
17346
17345
17344
17343
17342
17341
17341
17340
17338
17337
17336
17336
17334
17334
17334
17333
17333
17331
17330
17330
17329
17326
17324
17319
17317
17316
17315
17315
17314
17314
17309
17309
17307
17307
17305
17305
17305
17304
17304
17304
17302
17302
17299
17298
17294
17293
17292
17287
17286
17286
17285
17285
17285
17284
17284
17282
17280
17279
17279
17278
17277
17277
17276
17274
17273
17273
17272
17272
17271
17269
17268
17267
17267
17266
17264
17262
17260
17255
17255
17255
17254
17254
17254
17253
17252
17252
17252
17251
17249
17249
17248
17247
17246
17244
17244
17242
17242
17241
17241
17241
17241
17241
17239
17239
17238
17238
17237
17236
17235
17233
17232
17232
17231
17230
17229
17229
17227
17227
17226
17224
17223
17223
17220
17219
17219
17218
17217
17217
17215
17215
17214
17214
17213
17212
17212
17211
17206
17205
17205
17205
17204
17203
17203
17200
17200
17197
17196
17194
17194
17193
17192
17191
17189
17188
17187
17187
17186
17185
17185
17184
17184
17184
17183
17177
17174
17174
17172
17172
17171
17170
17170
17168
17168
17168
17167
17167
17166
17165
17165
17161
17158
17155
17154
17151
17151
17150
17148
17148
17147
17146
17145
17145
17145
17143
17140
17139
17136
17134
17133
17133
17132
17130
17129
17129
17128
17126
17125
17125
17121
17119
17119
17118
17117
17117
17116
17116
17116
17112
17112
17112
17111
17111
17109
17109
17108
17108
17107
17106
17105
17105
17104
17104
17104
17104
17103
17102
17102
17102
17102
17099
17099
17099
17098
17097
17097
17094
17092
17091
17090
17090
17088
17086
17086
17084
17084
17082
17082
17081
17081
17080
17080
17079
17077
17077
17073
17073
17071
17067
17067
17064
17063
17062
17061
17059
17058
17057
17057
17054
17052
17052
17052
17051
17051
17050
17050
17050
17050
17049
17044
17043
17043
17041
17040
17039
17039
17039
17038
17038
17037
17037
17035
17033
17032
17032
17031
17031
17030
17030
17030
17027
17027
17026
17026
17025
17025
17025
17024
17024
17023
17022
17021
17020
17019
17019
17017
17017
17017
17017
17016
17016
17015
17014
17013
17013
17012
17011
17011
17010
17010
17009
17009
17008
17008
17007
17007
17006
17006
17004
17003
17001
17000
16999
16999
16998
16998
16998
16996
16996
16996
16995
16995
16993
16992
16992
16991
16990
16989
16985
16985
16984
16982
16982
16981
16981
16981
16979
16976
16974
16973
16972
16971
16970
16970
16970
16968
16968
16967
16966
16964
16963
16963
16962
16962
16961
16957
16957
16955
16954
16954
16953
16952
16952
16951
16951
16951
16949
16949
16948
16947
16946
16945
16943
16943
16942
16940
16940
16940
16939
16938
16938
16937
16936
16936
16936
16935
16935
16935
16934
16933
16932
16932
16932
16932
16931
16930
16930
16927
16927
16927
16925
16925
16923
16922
16921
16920
16919
16918
16917
16916
16913
16913
16913
16913
16913
16911
16911
16911
16910
16909
16908
16908
16905
16904
16904
16903
16902
16901
16900
16898
16897
16896
16892
16892
16892
16891
16891
16891
16891
16891
16889
16889
16888
16887
16887
16887
16886
16886
16885
16885
16884
16882
16882
16879
16879
16875
16874
16872
16872
16870
16868
16868
16868
16868
16865
16864
16863
16861
16859
16859
16858
16858
16857
16857
16855
16855
16855
16854
16853
16852
16851
16851
16851
16851
16850
16850
16850
16848
16848
16845
16841
16841
16840
16840
16840
16839
16839
16839
16838
16837
16837
16835
16834
16834
16832
16831
16831
16830
16830
16830
16830
16829
16827
16827
16826
16823
16823
16822
16820
16820
16820
16820
16820
16819
16818
16817
16817
16816
16815
16814
16813
16813
16813
16812
16811
16811
16807
16802
16802
16802
16800
16800
16798
16798
16797
16794
16791
16789
16789
16788
16787
16783
16783
16782
16781
16781
16779
16779
16778
16778
16775
16775
16773
16773
16768
16767
16766
16766
16765
16765
16765
16764
16760
16760
16759
16759
16758
16758
16757
16757
16756
16756
16755
16754
16754
16753
16753
16752
16750
16749
16748
16745
16744
16744
16743
16743
16743
16742
16741
16739
16739
16738
16738
16738
16736
16736
16735
16734
16734
16733
16731
16730
16729
16728
16727
16727
16723
16723
16721
16721
16721
16719
16718
16718
16715
16713
16712
16710
16710
16709
16709
16709
16708
16708
16708
16707
16705
16704
16703
16700
16700
16700
16699
16698
16697
16697
16696
16694
16693
16693
16692
16689
16688
16688
16687
16687
16687
16684
16683
16682
16681
16681
16681
16680
16679
16676
16675
16675
16674
16674
16674
16674
16673
16672
16672
16672
16669
16668
16668
16668
16667
16667
16666
16665
16660
16660
16660
16657
16657
16656
16656
16653
16653
16652
16651
16651
16650
16648
16648
16646
16645
16644
16643
16643
16642
16641
16640
16638
16638
16638
16637
16635
16635
16633
16631
16631
16628
16628
16627
16626
16626
16624
16621
16619
16619
16615
16614
16614
16614
16611
16611
16611
16611
16608
16605
16604
16604
16603
16599
16599
16599
16597
16596
16593
16592
16591
16591
16589
16589
16587
16587
16586
16584
16583
16582
16581
16580
16580
16577
16576
16576
16576
16574
16573
16573
16571
16571
16566
16566
16565
16565
16564
16564
16561
16561
16555
16553
16552
16550
16549
16549
16548
16547
16547
16546
16545
16545
16545
16544
16544
16542
16542
16541
16541
16541
16539
16539
16539
16539
16539
16538
16535
16535
16535
16534
16534
16533
16533
16531
16530
16530
16530
16529
16527
16527
16527
16525
16525
16524
16522
16521
16518
16518
16518
16517
16516
16515
16514
16513
16513
16511
16510
16509
16508
16508
16508
16508
16507
16506
16505
16505
16504
16504
16503
16502
16499
16498
16498
16496
16496
16493
16493
16492
16491
16491
16490
16490
16489
16489
16489
16489
16488
16486
16485
16479
16476
16475
16475
16474
16473
16471
16471
16469
16468
16468
16466
16465
16465
16465
16464
16464
16463
16459
16459
16458
16456
16455
16455
16453
16452
16451
16450
16450
16448
16447
16445
16442
16441
16440
16439
16439
16439
16438
16438
16436
16436
16434
16434
16434
16433
16430
16430
16429
16429
16427
16426
16426
16425
16425
16425
16424
16424
16423
16422
16422
16421
16420
16420
16418
16418
16417
16416
16415
16411
16411
16410
16409
16408
16404
16402
16401
16400
16397
16397
16395
16394
16394
16393
16392
16389
16389
16389
16387
16387
16387
16387
16386
16386
16385
16385
16384
16384
16383
16382
16382
16381
16381
16381
16380
16378
16374
16374
16374
16374
16373
16370
16369
16368
16367
16365
16364
16363
16362
16361
16361
16360
16360
16360
16357
16357
16353
16353
16352
16350
16348
16347
16346
16345
16343
16343
16343
16339
16339
16338
16338
16338
16337
16334
16334
16334
16333
16332
16332
16329
16329
16328
16326
16326
16326
16326
16325
16323
16323
16322
16322
16321
16319
16318
16317
16317
16317
16316
16311
16310
16310
16309
16306
16306
16306
16302
16301
16296
16296
16293
16292
16292
16291
16290
16290
16288
16288
16288
16287
16287
16287
16287
16287
16287
16285
16285
16284
16284
16282
16282
16282
16279
16279
16279
16277
16274
16274
16273
16273
16273
16270
16269
16269
16268
16268
16268
16267
16266
16266
16263
16263
16262
16262
16262
16261
16260
16259
16259
16257
16256
16253
16251
16251
16250
16248
16247
16246
16246
16244
16244
16242
16241
16240
16238
16238
16238
16233
16232
16230
16230
16229
16229
16228
16228
16226
16225
16225
16224
16224
16222
16221
16221
16219
16219
16218
16217
16216
16215
16211
16209
16208
16206
16205
16204
16201
16201
16200
16199
16199
16198
16198
16193
16191
16191
16187
16187
16186
16183
16182
16178
16178
16177
16175
16175
16173
16171
16170
16170
16168
16168
16168
16168
16167
16166
16165
16165
16164
16164
16163
16163
16163
16159
16158
16158
16158
16158
16157
16157
16156
16155
16154
16153
16152
16152
16151
16150
16150
16150
16149
16149
16149
16148
16147
16147
16146
16145
16141
16141
16141
16140
16135
16132
16128
16128
16128
16126
16126
16126
16125
16125
16125
16125
16124
16119
16118
16118
16115
16115
16114
16111
16110
16109
16109
16107
16106
16106
16106
16105
16104
16104
16103
16102
16101
16100
16100
16099
16099
16096
16095
16095
16095
16093
16091
16091
16089
16089
16087
16086
16086
16084
16083
16082
16080
16080
16078
16078
16077
16077
16077
16077
16074
16074
16071
16069
16069
16068
16066
16065
16065
16064
16063
16062
16062
16062
16061
16061
16060
16059
16058
16056
16056
16054
16054
16054
16052
16052
16049
16049
16047
16047
16046
16046
16046
16040
16039
16039
16038
16037
16035
16035
16034
16034
16033
16032
16030
16030
16029
16029
16026
16026
16022
16022
16021
16019
16018
16018
16017
16016
16016
16015
16014
16014
16011
16011
16010
16009
16008
16008
16008
16007
16006
16005
16004
16004
16003
16003
16003
16003
16001
16001
15998
15997
15996
15996
15996
15995
15995
15993
15989
15988
15987
15986
15986
15986
15985
15985
15984
15984
15984
15983
15981
15980
15980
15977
15975
15975
15975
15975
15975
15973
15972
15972
15969
15966
15964
15964
15964
15964
15964
15960
15959
15957
15957
15955
15954
15951
15951
15951
15951
15949
15948
15947
15946
15945
15945
15944
15944
15944
15943
15940
15937
15936
15936
15936
15936
15933
15931
15929
15929
15929
15928
15927
15927
15927
15925
15925
15925
15925
15925
15924
15922
15919
15919
15918
15918
15916
15912
15910
15909
15908
15907
15906
15906
15906
15906
15905
15900
15899
15896
15896
15895
15893
15893
15890
15890
15889
15889
15889
15888
15887
15885
15885
15882
15882
15880
15878
15877
15877
15876
15875
15873
15872
15872
15872
15869
15869
15868
15867
15866
15866
15866
15865
15865
15864
15864
15864
15864
15862
15862
15861
15860
15859
15859
15858
15858
15858
15858
15856
15856
15856
15855
15854
15853
15852
15852
15851
15849
15848
15845
15843
15842
15841
15837
15837
15835
15835
15834
15834
15833
15833
15833
15832
15832
15829
15827
15827
15827
15827
15826
15825
15823
15823
15822
15822
15820
15816
15816
15816
15815
15814
15813
15812
15811
15810
15810
15809
15808
15808
15805
15805
15805
15805
15804
15800
15800
15800
15799
15799
15799
15798
15798
15797
15797
15795
15794
15794
15793
15793
15793
15791
15791
15791
15790
15789
15788
15786
15784
15778
15775
15774
15774
15774
15772
15771
15769
15769
15768
15768
15767
15767
15766
15763
15759
15759
15758
15758
15756
15755
15754
15753
15752
15751
15750
15749
15749
15748
15747
15745
15743
15742
15741
15741
15740
15739
15739
15739
15738
15737
15737
15734
15734
15733
15730
15729
15728
15727
15727
15725
15724
15723
15723
15721
15719
15719
15719
15719
15718
15717
15717
15716
15715
15715
15715
15715
15714
15714
15713
15712
15712
15711
15711
15710
15710
15709
15709
15708
15708
15708
15707
15706
15706
15705
15702
15701
15701
15699
15699
15698
15697
15696
15696
15694
15687
15687
15686
15685
15682
15681
15680
15680
15679
15677
15676
15676
15676
15676
15675
15672
15672
15672
15671
15668
15666
15665
15664
15664
15664
15663
15662
15658
15658
15658
15657
15657
15655
15654
15652
15652
15651
15650
15648
15648
15648
15646
15646
15643
15643
15643
15643
15643
15642
15642
15642
15640
15640
15639
15639
15639
15637
15636
15636
15634
15633
15633
15628
15627
15627
15626
15626
15623
15621
15620
15619
15619
15619
15618
15616
15615
15614
15614
15612
15610
15608
15608
15605
15605
15601
15601
15600
15600
15600
15599
15595
15593
15592
15587
15586
15585
15585
15585
15583
15583
15583
15582
15581
15580
15580
15579
15579
15579
15578
15577
15572
15571
15571
15570
15570
15569
15567
15566
15565
15564
15563
15563
15561
15560
15559
15559
15559
15557
15557
15556
15556
15556
15555
15554
15553
15553
15553
15552
15551
15551
15548
15548
15547
15547
15547
15545
15544
15542
15541
15541
15541
15539
15538
15538
15537
15537
15536
15534
15533
15531
15528
15528
15528
15527
15524
15522
15522
15521
15520
15519
15516
15515
15515
15515
15514
15513
15511
15509
15509
15508
15508
15507
15504
15504
15504
15502
15501
15499
15498
15498
15497
15497
15496
15495
15495
15494
15493
15493
15492
15492
15492
15490
15490
15490
15490
15488
15488
15487
15487
15486
15486
15485
15482
15482
15482
15480
15480
15479
15479
15476
15475
15475
15475
15470
15470
15469
15466
15466
15466
15464
15461
15461
15460
15459
15458
15457
15456
15455
15454
15454
15450
15449
15443
15440
15440
15440
15438
15437
15436
15434
15431
15430
15427
15427
15427
15419
15418
15418
15417
15414
15412
15410
15409
15409
15408
15406
15403
15402
15401
15401
15400
15399
15399
15399
15398
15398
15398
15398
15397
15397
15395
15395
15395
15395
15395
15395
15391
15389
15388
15388
15388
15387
15385
15384
15384
15383
15383
15383
15381
15380
15379
15379
15379
15376
15375
15375
15374
15374
15373
15373
15373
15371
15370
15370
15369
15369
15368
15368
15367
15367
15367
15365
15364
15364
15364
15361
15359
15358
15357
15355
15355
15354
15352
15352
15352
15350
15348
15347
15345
15345
15344
15344
15343
15342
15340
15338
15336
15335
15333
15333
15332
15331
15331
15330
15330
15329
15329
15328
15327
15326
15325
15323
15323
15322
15321
15319
15319
15316
15314
15313
15313
15312
15311
15310
15310
15309
15309
15309
15309
15306
15305
15305
15304
15303
15303
15303
15303
15301
15301
15298
15298
15298
15296
15296
15296
15296
15295
15294
15294
15292
15291
15290
15290
15288
15287
15286
15283
15283
15283
15282
15281
15280
15280
15279
15276
15276
15276
15276
15275
15272
15270
15270
15267
15267
15266
15264
15264
15263
15262
15262
15261
15260
15260
15260
15259
15257
15256
15256
15255
15255
15254
15253
15250
15249
15249
15248
15248
15247
15246
15246
15244
15243
15243
15242
15242
15241
15241
15241
15240
15237
15236
15233
15231
15230
15228
15227
15223
15222
15222
15222
15222
15222
15222
15220
15220
15218
15218
15217
15216
15215
15214
15214
15214
15212
15212
15212
15212
15211
15211
15207
15206
15206
15206
15205
15204
15204
15201
15200
15198
15197
15197
15193
15192
15183
15183
15181
15178
15177
15175
15174
15174
15174
15173
15167
15166
15163
15163
15163
15162
15162
15161
15160
15159
15158
15158
15158
15157
15155
15155
15155
15154
15153
15153
15152
15152
15152
15150
15150
15149
15148
15147
15147
15146
15145
15144
15143
15142
15137
15135
15134
15134
15131
15130
15127
15127
15126
15126
15124
15124
15123
15121
15121
15120
15119
15118
15118
15117
15117
15115
15114
15113
15113
15113
15112
15111
15110
15109
15108
15106
15102
15101
15099
15098
15096
15095
15095
15094
15094
15094
15092
15092
15092
15090
15090
15089
15087
15087
15087
15085
15085
15084
15082
15081
15080
15080
15078
15078
15077
15073
15073
15071
15071
15070
15066
15064
15063
15062
15062
15061
15061
15060
15060
15058
15055
15054
15053
15053
15053
15050
15050
15050
15049
15049
15047
15046
15046
15044
15044
15040
15040
15039
15038
15036
15035
15035
15033
15032
15029
15029
15028
15028
15026
15023
15022
15020
15019
15018
15017
15016
15015
15015
15015
15013
15012
15011
15011
15010
15010
15008
15008
15008
15007
15007
15005
14999
14997
14997
14995
14995
14993
14993
14992
14992
14992
14990
14988
14986
14986
14986
14985
14985
14984
14984
14984
14984
14983
14983
14983
14983
14982
14980
14979
14979
14977
14976
14974
14972
14971
14971
14971
14969
14967
14966
14965
14964
14962
14962
14961
14961
14960
14958
14958
14956
14955
14955
14954
14954
14951
14950
14949
14948
14946
14945
14944
14944
14939
14938
14937
14936
14936
14935
14933
14932
14932
14931
14930
14929
14927
14927
14926
14926
14925
14924
14921
14919
14919
14917
14916
14915
14914
14912
14912
14911
14911
14911
14909
14908
14908
14907
14906
14904
14903
14902
14900
14900
14898
14897
14895
14894
14894
14894
14893
14892
14891
14890
14889
14887
14886
14886
14885
14884
14884
14883
14882
14880
14878
14876
14874
14872
14871
14870
14869
14869
14869
14868
14868
14867
14867
14866
14866
14865
14864
14863
14863
14862
14860
14859
14858
14858
14856
14856
14855
14855
14855
14854
14854
14853
14853
14852
14851
14851
14851
14850
14849
14848
14847
14847
14840
14839
14839
14837
14836
14836
14836
14832
14831
14830
14828
14827
14827
14826
14826
14826
14825
14824
14824
14824
14824
14823
14822
14822
14820
14819
14819
14819
14816
14815
14814
14814
14814
14813
14812
14811
14808
14807
14807
14806
14805
14802
14801
14799
14799
14796
14796
14795
14794
14794
14793
14793
14793
14791
14791
14791
14790
14790
14789
14788
14787
14787
14787
14785
14785
14785
14780
14776
14776
14775
14775
14773
14773
14772
14772
14769
14769
14767
14766
14765
14764
14763
14763
14762
14762
14760
14758
14758
14758
14757
14755
14755
14753
14752
14746
14745
14744
14742
14741
14740
14739
14738
14738
14737
14737
14736
14734
14734
14733
14733
14732
14730
14729
14728
14728
14726
14724
14724
14722
14722
14721
14719
14718
14717
14716
14715
14714
14712
14711
14710
14709
14708
14707
14706
14704
14704
14704
14703
14702
14701
14700
14699
14698
14698
14697
14697
14697
14697
14697
14696
14694
14694
14693
14693
14692
14691
14688
14688
14687
14687
14686
14684
14682
14682
14682
14681
14680
14680
14680
14679
14677
14676
14673
14672
14672
14671
14670
14670
14670
14669
14669
14668
14668
14664
14660
14660
14660
14658
14657
14657
14656
14655
14654
14654
14654
14651
14650
14648
14648
14644
14643
14642
14638
14637
14636
14636
14635
14631
14631
14628
14628
14627
14627
14626
14625
14625
14624
14623
14622
14622
14621
14619
14618
14617
14617
14615
14614
14612
14610
14610
14610
14610
14607
14606
14606
14605
14604
14604
14603
14602
14602
14602
14601
14601
14601
14599
14598
14598
14597
14597
14596
14596
14596
14595
14595
14594
14593
14593
14591
14589
14586
14586
14585
14585
14585
14581
14581
14581
14581
14580
14579
14577
14576
14576
14575
14574
14574
14574
14573
14570
14570
14570
14567
14565
14565
14564
14564
14563
14562
14562
14561
14561
14560
14560
14559
14558
14556
14554
14554
14554
14550
14547
14546
14545
14543
14543
14541
14541
14541
14540
14538
14535
14535
14534
14533
14533
14532
14531
14529
14527
14526
14526
14526
14525
14524
14523
14521
14521
14521
14520
14519
14517
14517
14516
14516
14515
14515
14513
14513
14513
14513
14512
14512
14511
14511
14510
14510
14510
14506
14506
14505
14504
14504
14503
14503
14502
14502
14500
14499
14499
14498
14496
14496
14495
14494
14493
14490
14490
14489
14487
14486
14484
14481
14479
14478
14478
14477
14475
14475
14475
14474
14474
14473
14472
14471
14471
14470
14469
14469
14469
14468
14467
14467
14463
14463
14462
14461
14461
14460
14459
14457
14456
14456
14455
14455
14454
14454
14454
14454
14452
14451
14451
14450
14450
14449
14447
14446
14446
14441
14441
14439
14439
14439
14438
14437
14437
14436
14434
14432
14432
14432
14431
14431
14430
14426
14424
14423
14423
14422
14422
14422
14421
14421
14420
14420
14419
14418
14417
14416
14414
14410
14410
14408
14405
14405
14404
14403
14401
14399
14399
14399
14398
14398
14396
14396
14396
14396
14395
14395
14391
14389
14389
14389
14388
14385
14385
14385
14384
14384
14383
14383
14382
14381
14378
14373
14373
14373
14371
14368
14367
14366
14366
14365
14363
14361
14360
14360
14359
14359
14357
14355
14351
14349
14349
14347
14345
14344
14344
14344
14343
14343
14343
14342
14341
14341
14340
14340
14339
14338
14337
14337
14333
14332
14332
14331
14330
14328
14326
14326
14325
14324
14324
14324
14324
14323
14322
14321
14320
14320
14319
14318
14316
14316
14315
14313
14313
14313
14311
14308
14308
14306
14303
14303
14302
14296
14295
14294
14294
14294
14293
14293
14292
14290
14290
14290
14288
14287
14287
14286
14285
14285
14285
14282
14280
14279
14277
14275
14275
14273
14273
14272
14272
14271
14271
14267
14266
14266
14266
14266
14265
14265
14265
14264
14263
14263
14263
14263
14262
14261
14261
14260
14260
14260
14260
14259
14259
14259
14259
14258
14257
14257
14256
14255
14250
14250
14249
14249
14249
14248
14248
14247
14247
14245
14244
14241
14240
14239
14239
14238
14236
14234
14232
14232
14232
14231
14226
14223
14223
14222
14222
14220
14220
14220
14219
14218
14218
14215
14214
14214
14211
14207
14207
14206
14205
14202
14201
14201
14201
14201
14200
14200
14199
14199
14199
14198
14198
14198
14197
14196
14196
14195
14194
14194
14191
14191
14187
14185
14183
14183
14182
14182
14182
14181
14181
14178
14176
14175
14175
14174
14174
14174
14174
14173
14172
14172
14172
14169
14168
14168
14167
14167
14164
14164
14164
14163
14162
14162
14162
14161
14161
14159
14158
14158
14156
14155
14154
14151
14150
14150
14148
14148
14148
14145
14144
14144
14144
14143
14141
14139
14139
14139
14136
14136
14135
14134
14134
14133
14133
14132
14132
14132
14131
14130
14130
14126
14126
14124
14124
14123
14123
14123
14123
14117
14117
14115
14113
14112
14112
14111
14111
14111
14109
14108
14108
14107
14107
14107
14106
14105
14104
14104
14104
14103
14101
14100
14099
14095
14095
14094
14091
14090
14089
14089
14089
14088
14087
14086
14085
14085
14085
14085
14084
14084
14083
14083
14082
14081
14081
14080
14076
14074
14073
14072
14072
14071
14071
14070
14070
14069
14068
14068
14067
14066
14066
14063
14062
14062
14061
14060
14059
14059
14059
14057
14055
14054
14052
14051
14050
14050
14048
14048
14048
14047
14046
14045
14045
14045
14043
14042
14040
14039
14039
14037
14036
14035
14035
14034
14033
14033
14033
14031
14030
14030
14029
14029
14026
14026
14026
14026
14025
14024
14024
14024
14024
14023
14022
14020
14019
14018
14017
14017
14016
14015
14015
14014
14013
14013
14012
14011
14011
14007
14007
14007
14006
14005
14004
14004
14002
14001
14000
13999
13998
13994
13994
13993
13993
13993
13992
13992
13990
13987
13984
13984
13983
13983
13982
13982
13982
13981
13981
13981
13981
13981
13980
13980
13980
13980
13978
13977
13976
13976
13976
13974
13972
13969
13968
13968
13967
13967
13966
13966
13965
13964
13963
13958
13956
13956
13955
13954
13953
13953
13953
13953
13951
13951
13949
13949
13948
13946
13946
13945
13945
13944
13942
13940
13940
13940
13940
13937
13937
13935
13933
13931
13930
13930
13927
13927
13926
13923
13923
13922
13922
13918
13917
13916
13915
13915
13914
13914
13914
13913
13913
13911
13910
13909
13909
13909
13909
13907
13905
13903
13902
13902
13902
13901
13901
13901
13900
13900
13900
13899
13898
13897
13895
13895
13894
13893
13892
13891
13890
13890
13887
13887
13886
13885
13884
13882
13880
13879
13878
13876
13875
13873
13872
13871
13871
13869
13866
13865
13861
13861
13859
13859
13859
13858
13858
13857
13855
13853
13853
13853
13852
13851
13850
13848
13848
13848
13846
13845
13845
13842
13840
13839
13839
13838
13837
13836
13835
13835
13833
13831
13831
13831
13830
13829
13826
13826
13826
13825
13821
13819
13819
13815
13813
13811
13810
13808
13807
13807
13807
13806
13806
13805
13805
13804
13804
13803
13803
13800
13799
13795
13795
13793
13793
13792
13791
13790
13789
13789
13789
13786
13786
13786
13784
13781
13780
13780
13779
13779
13779
13778
13776
13775
13773
13773
13771
13769
13769
13767
13766
13764
13762
13759
13759
13759
13758
13758
13755
13754
13753
13751
13750
13750
13749
13748
13746
13746
13745
13744
13743
13741
13738
13736
13735
13734
13734
13733
13731
13730
13729
13728
13728
13726
13725
13724
13721
13721
13721
13721
13720
13719
13718
13717
13716
13715
13714
13714
13714
13714
13713
13713
13713
13711
13709
13708
13703
13699
13698
13695
13694
13693
13692
13691
13689
13688
13687
13687
13687
13687
13684
13684
13682
13682
13681
13678
13678
13676
13675
13675
13674
13673
13673
13672
13666
13666
13664
13664
13663
13661
13660
13660
13659
13659
13658
13656
13654
13652
13652
13651
13651
13650
13647
13645
13645
13645
13644
13642
13642
13640
13640
13639
13638
13636
13636
13635
13635
13633
13632
13629
13629
13628
13627
13627
13626
13626
13625
13621
13619
13619
13617
13617
13616
13615
13615
13613
13613
13610
13610
13609
13605
13604
13604
13600
13599
13595
13595
13595
13593
13593
13592
13591
13590
13590
13588
13588
13585
13583
13582
13580
13580
13577
13575
13575
13574
13573
13570
13569
13567
13567
13567
13566
13565
13565
13565
13562
13561
13558
13557
13557
13556
13556
13555
13555
13554
13554
13553
13552
13551
13551
13550
13549
13549
13549
13548
13546
13545
13544
13544
13544
13543
13542
13541
13540
13540
13539
13538
13538
13537
13537
13536
13535
13535
13535
13534
13534
13532
13531
13531
13531
13530
13530
13530
13529
13526
13526
13524
13523
13522
13522
13521
13521
13519
13519
13518
13518
13516
13516
13516
13514
13513
13511
13511
13510
13508
13507
13507
13507
13507
13507
13507
13505
13504
13502
13501
13501
13500
13499
13499
13496
13494
13491
13491
13487
13487
13485
13485
13477
13473
13473
13472
13471
13471
13471
13470
13470
13470
13469
13468
13468
13467
13464
13462
13461
13457
13456
13456
13454
13453
13451
13449
13449
13448
13447
13446
13446
13445
13445
13445
13444
13443
13443
13443
13440
13439
13435
13434
13434
13432
13432
13431
13431
13429
13428
13427
13427
13426
13425
13425
13422
13422
13421
13420
13419
13418
13416
13413
13412
13412
13411
13410
13407
13407
13407
13406
13405
13405
13404
13403
13400
13400
13399
13397
13397
13396
13394
13392
13390
13388
13387
13386
13385
13384
13384
13384
13383
13382
13382
13380
13379
13378
13377
13376
13375
13375
13374
13374
13373
13372
13370
13370
13367
13367
13364
13363
13363
13362
13361
13361
13360
13356
13356
13355
13354
13354
13352
13348
13347
13347
13346
13344
13343
13342
13342
13340
13340
13339
13338
13336
13333
13331
13329
13326
13326
13326
13324
13324
13323
13323
13322
13320
13318
13318
13318
13317
13317
13317
13316
13314
13313
13312
13311
13311
13310
13310
13309
13309
13309
13308
13307
13307
13306
13305
13305
13304
13304
13303
13299
13297
13296
13295
13294
13294
13290
13288
13287
13286
13286
13283
13282
13282
13281
13281
13280
13280
13279
13279
13277
13277
13276
13276
13276
13275
13274
13274
13274
13274
13273
13273
13273
13272
13271
13271
13269
13268
13265
13264
13262
13258
13258
13257
13256
13256
13256
13254
13254
13253
13252
13251
13251
13250
13250
13249
13249
13249
13248
13246
13245
13244
13244
13242
13241
13241
13239
13238
13237
13235
13235
13234
13234
13233
13233
13231
13231
13230
13230
13229
13228
13227
13224
13223
13223
13222
13221
13219
13218
13217
13216
13216
13214
13212
13212
13208
13208
13207
13206
13206
13205
13205
13205
13205
13204
13203
13203
13203
13201
13201
13200
13200
13198
13196
13195
13194
13194
13193
13191
13188
13188
13187
13186
13185
13185
13185
13183
13183
13183
13182
13179
13178
13177
13176
13175
13173
13173
13172
13172
13171
13171
13170
13169
13168
13168
13167
13167
13166
13163
13163
13162
13161
13160
13160
13158
13158
13158
13157
13157
13156
13154
13154
13153
13152
13152
13152
13151
13151
13148
13148
13147
13146
13142
13142
13141
13140
13140
13140
13137
13135
13134
13133
13132
13132
13130
13130
13129
13129
13127
13127
13125
13125
13122
13121
13120
13119
13117
13117
13117
13116
13114
13111
13109
13108
13108
13107
13105
13105
13104
13102
13100
13100
13098
13097
13097
13097
13095
13093
13093
13092
13091
13091
13089
13087
13086
13085
13084
13084
13083
13083
13082
13082
13082
13081
13080
13079
13079
13073
13072
13072
13072
13071
13071
13069
13069
13069
13069
13065
13062
13062
13061
13061
13059
13058
13058
13057
13056
13054
13053
13053
13051
13050
13050
13048
13048
13046
13045
13043
13042
13041
13040
13040
13039
13039
13039
13038
13037
13036
13036
13035
13033
13033
13033
13032
13031
13028
13027
13027
13025
13024
13024
13022
13022
13019
13018
13018
13015
13014
13014
13014
13013
13011
13009
13009
13008
13008
13007
13003
13002
13001
12997
12995
12992
12991
12991
12990
12988
12985
12984
12980
12979
12979
12978
12976
12975
12975
12975
12975
12973
12972
12971
12970
12969
12968
12967
12967
12965
12965
12965
12965
12964
12963
12963
12962
12962
12962
12961
12961
12961
12961
12961
12960
12960
12957
12952
12951
12951
12950
12949
12948
12947
12947
12943
12942
12941
12940
12939
12939
12939
12934
12933
12930
12929
12929
12929
12929
12928
12926
12924
12924
12923
12923
12922
12921
12921
12920
12917
12917
12917
12916
12915
12915
12913
12911
12909
12907
12907
12906
12905
12905
12902
12902
12901
12901
12901
12900
12898
12898
12896
12895
12894
12894
12894
12893
12892
12891
12890
12890
12890
12887
12887
12887
12885
12885
12884
12884
12884
12883
12880
12878
12877
12876
12874
12873
12870
12867
12865
12864
12863
12863
12860
12859
12858
12857
12856
12855
12853
12853
12852
12851
12851
12849
12849
12848
12848
12848
12847
12845
12844
12844
12843
12841
12840
12840
12840
12838
12837
12836
12835
12834
12833
12833
12832
12831
12830
12830
12829
12829
12827
12825
12824
12824
12823
12821
12821
12819
12819
12814
12813
12812
12812
12811
12811
12809
12809
12808
12807
12807
12804
12801
12800
12800
12799
12797
12797
12795
12794
12792
12792
12790
12789
12787
12787
12786
12786
12785
12783
12783
12782
12781
12780
12779
12778
12774
12771
12770
12770
12769
12769
12768
12768
12764
12764
12763
12762
12761
12757
12757
12756
12756
12753
12753
12752
12751
12751
12749
12749
12748
12748
12745
12744
12744
12740
12740
12739
12739
12739
12737
12736
12735
12733
12732
12732
12731
12730
12730
12728
12727
12727
12726
12723
12722
12722
12717
12716
12715
12715
12714
12713
12712
12712
12711
12710
12710
12708
12707
12705
12702
12702
12701
12699
12698
12695
12695
12692
12692
12692
12690
12686
12685
12685
12684
12684
12683
12683
12682
12681
12681
12681
12675
12674
12673
12672
12671
12670
12670
12670
12668
12667
12665
12665
12665
12664
12664
12664
12663
12663
12663
12662
12661
12661
12661
12661
12659
12659
12658
12657
12657
12657
12654
12653
12653
12651
12649
12648
12648
12646
12646
12644
12643
12643
12641
12638
12637
12635
12634
12633
12630
12627
12626
12626
12625
12623
12623
12621
12620
12618
12616
12615
12614
12613
12612
12610
12610
12610
12606
12606
12603
12602
12601
12599
12598
12598
12597
12597
12597
12594
12594
12593
12591
12588
12587
12587
12586
12585
12584
12583
12583
12582
12581
12581
12577
12576
12576
12576
12576
12575
12574
12574
12574
12573
12572
12572
12572
12571
12569
12568
12567
12567
12564
12564
12564
12564
12563
12563
12561
12560
12559
12559
12559
12559
12559
12558
12556
12556
12555
12554
12549
12547
12547
12547
12546
12546
12545
12545
12541
12540
12539
12535
12534
12534
12531
12530
12529
12529
12528
12526
12522
12521
12521
12520
12518
12518
12516
12516
12515
12515
12513
12510
12509
12508
12508
12507
12506
12506
12505
12505
12504
12504
12503
12503
12502
12502
12501
12501
12501
12500
12499
12499
12498
12498
12497
12497
12495
12495
12494
12494
12493
12492
12492
12492
12491
12491
12490
12488
12488
12486
12484
12484
12483
12482
12482
12482
12481
12481
12480
12480
12480
12479
12479
12479
12479
12479
12474
12474
12470
12469
12467
12467
12466
12466
12465
12464
12464
12462
12462
12460
12459
12458
12456
12456
12453
12452
12450
12450
12449
12448
12447
12447
12447
12445
12445
12444
12441
12440
12440
12439
12439
12439
12437
12437
12434
12433
12431
12427
12426
12426
12426
12425
12424
12423
12422
12418
12418
12416
12414
12411
12410
12409
12408
12406
12405
12403
12402
12402
12401
12401
12400
12399
12399
12397
12396
12396
12396
12393
12392
12389
12387
12385
12383
12382
12382
12381
12381
12379
12379
12378
12377
12376
12376
12372
12370
12370
12369
12369
12368
12366
12366
12366
12364
12364
12363
12363
12361
12360
12358
12358
12357
12357
12356
12356
12354
12353
12353
12351
12350
12350
12350
12349
12349
12347
12346
12345
12343
12341
12338
12337
12336
12336
12336
12335
12332
12332
12331
12330
12329
12329
12328
12327
12327
12327
12326
12324
12322
12322
12321
12320
12316
12316
12314
12314
12314
12314
12313
12312
12311
12310
12310
12309
12308
12307
12305
12305
12305
12304
12303
12303
12303
12301
12301
12300
12299
12298
12298
12298
12298
12297
12295
12293
12291
12290
12289
12285
12284
12284
12284
12282
12279
12278
12277
12276
12275
12275
12272
12272
12271
12271
12271
12270
12269
12269
12266
12266
12265
12265
12264
12263
12262
12262
12261
12261
12259
12257
12256
12255
12254
12254
12254
12252
12252
12247
12238
12236
12236
12236
12235
12234
12233
12232
12229
12228
12228
12227
12226
12225
12225
12224
12223
12221
12221
12220
12220
12218
12218
12217
12216
12215
12215
12213
12213
12212
12212
12211
12210
12210
12209
12209
12209
12209
12208
12208
12207
12207
12206
12206
12204
12204
12201
12201
12201
12200
12198
12197
12197
12196
12196
12195
12194
12194
12193
12191
12190
12188
12188
12187
12186
12184
12184
12184
12183
12179
12177
12177
12174
12172
12171
12171
12167
12167
12166
12163
12161
12161
12160
12159
12159
12157
12155
12154
12153
12153
12152
12152
12150
12146
12145
12143
12141
12136
12134
12134
12133
12130
12129
12129
12124
12123
12119
12117
12115
12114
12113
12112
12112
12109
12108
12107
12107
12103
12100
12097
12097
12097
12096
12095
12094
12093
12089
12089
12088
12086
12085
12084
12083
12081
12081
12080
12079
12077
12077
12077
12076
12076
12075
12074
12074
12072
12072
12071
12071
12071
12070
12067
12066
12065
12064
12063
12061
12060
12059
12058
12055
12055
12055
12053
12052
12051
12051
12050
12049
12047
12047
12046
12046
12046
12045
12044
12044
12044
12043
12042
12039
12039
12033
12032
12032
12032
12031
12030
12029
12028
12027
12025
12024
12022
12022
12020
12020
12020
12017
12015
12013
12013
12013
12012
12012
12012
12011
12009
12009
12009
12009
12008
12008
12008
12007
12007
12007
12005
12003
12002
12002
11998
11998
11995
11994
11993
11993
11992
11992
11992
11990
11990
11990
11989
11989
11987
11985
11985
11983
11982
11982
11982
11982
11981
11980
11980
11978
11978
11978
11977
11977
11976
11974
11974
11974
11974
11970
11969
11967
11965
11965
11963
11963
11963
11962
11962
11960
11960
11960
11960
11957
11957
11957
11956
11955
11952
11952
11952
11951
11948
11946
11944
11943
11941
11940
11939
11936
11932
11932
11931
11931
11930
11928
11927
11927
11926
11926
11923
11923
11922
11921
11919
11918
11918
11915
11914
11912
11911
11911
11909
11909
11907
11906
11906
11906
11906
11905
11905
11903
11902
11901
11901
11900
11900
11898
11897
11896
11896
11895
11895
11894
11892
11892
11889
11888
11888
11887
11883
11883
11883
11882
11880
11880
11879
11878
11875
11874
11872
11872
11871
11870
11870
11868
11868
11864
11861
11861
11860
11859
11858
11857
11853
11852
11852
11851
11850
11850
11849
11849
11848
11847
11847
11843
11842
11841
11840
11839
11838
11838
11837
11835
11835
11834
11834
11833
11832
11830
11830
11828
11826
11825
11823
11823
11820
11818
11814
11814
11814
11813
11812
11812
11811
11811
11810
11810
11805
11805
11805
11804
11803
11799
11797
11797
11797
11797
11796
11795
11795
11794
11793
11792
11792
11791
11791
11790
11787
11786
11784
11781
11781
11781
11780
11780
11779
11779
11775
11775
11775
11774
11774
11771
11770
11769
11769
11768
11768
11763
11762
11762
11762
11761
11761
11761
11761
11761
11761
11760
11760
11760
11760
11758
11758
11758
11757
11755
11754
11754
11754
11752
11751
11750
11749
11749
11748
11748
11746
11745
11743
11741
11740
11738
11735
11735
11734
11732
11732
11731
11726
11721
11720
11718
11718
11718
11717
11717
11716
11716
11715
11714
11713
11712
11712
11711
11709
11706
11704
11702
11702
11702
11701
11701
11698
11696
11691
11688
11686
11686
11685
11683
11681
11681
11678
11677
11676
11676
11674
11673
11673
11673
11672
11670
11670
11668
11668
11668
11666
11665
11665
11664
11664
11664
11663
11663
11662
11661
11660
11660
11660
11660
11659
11658
11658
11652
11652
11652
11651
11651
11650
11649
11649
11647
11643
11643
11642
11640
11640
11639
11638
11638
11637
11637
11636
11635
11635
11635
11634
11634
11633
11632
11631
11629
11624
11624
11623
11622
11622
11621
11619
11617
11616
11616
11615
11609
11609
11608
11607
11606
11605
11605
11604
11603
11603
11601
11601
11599
11599
11598
11596
11595
11594
11593
11593
11591
11591
11584
11584
11583
11582
11581
11577
11574
11574
11571
11570
11568
11564
11563
11563
11563
11560
11560
11557
11557
11557
11555
11553
11553
11553
11552
11550
11549
11549
11548
11548
11547
11546
11544
11543
11543
11542
11541
11541
11541
11538
11538
11538
11538
11538
11538
11538
11538
11537
11537
11536
11535
11534
11533
11532
11532
11531
11530
11530
11529
11528
11528
11527
11526
11524
11517
11513
11509
11508
11507
11505
11504
11503
11502
11499
11494
11490
11488
11486
11486
11485
11485
11483
11482
11479
11478
11477
11475
11473
11471
11471
11471
11470
11468
11467
11467
11465
11465
11462
11460
11460
11460
11458
11457
11454
11453
11452
11449
11448
11448
11447
11445
11444
11440
11439
11439
11439
11438
11437
11436
11435
11435
11434
11434
11432
11431
11431
11429
11429
11428
11427
11424
11423
11423
11423
11422
11421
11420
11420
11418
11418
11417
11417
11416
11416
11414
11414
11414
11412
11411
11410
11405
11404
11403
11402
11401
11401
11398
11396
11392
11390
11389
11388
11388
11387
11386
11383
11383
11382
11382
11380
11379
11378
11376
11376
11376
11375
11375
11374
11371
11371
11370
11368
11368
11367
11367
11367
11364
11363
11363
11362
11362
11361
11359
11359
11354
11353
11351
11351
11349
11348
11348
11348
11346
11345
11345
11343
11343
11342
11342
11340
11340
11339
11339
11338
11338
11338
11337
11336
11336
11336
11336
11334
11333
11332
11331
11331
11331
11330
11330
11329
11328
11328
11322
11322
11321
11315
11315
11314
11314
11313
11312
11312
11310
11310
11306
11305
11303
11303
11302
11301
11300
11299
11299
11296
11296
11292
11292
11290
11287
11287
11286
11286
11283
11283
11282
11281
11281
11277
11275
11275
11275
11275
11274
11272
11271
11270
11270
11270
11269
11269
11268
11267
11267
11264
11263
11263
11262
11261
11261
11259
11259
11258
11257
11257
11256
11256
11255
11255
11254
11254
11250
11249
11248
11245
11244
11244
11243
11243
11242
11240
11239
11239
11239
11238
11238
11238
11236
11234
11234
11233
11230
11230
11229
11229
11228
11228
11227
11226
11224
11223
11223
11220
11220
11220
11219
11218
11218
11217
11216
11215
11214
11212
11212
11211
11211
11211
11210
11210
11210
11209
11209
11208
11208
11207
11206
11205
11203
11202
11201
11201
11201
11201
11201
11198
11196
11196
11194
11194
11193
11192
11189
11188
11186
11185
11185
11184
11184
11183
11182
11181
11176
11174
11173
11173
11171
11169
11169
11163
11162
11162
11159
11159
11158
11158
11157
11153
11151
11151
11150
11150
11149
11148
11148
11148
11147
11147
11146
11146
11145
11144
11144
11142
11141
11140
11140
11139
11135
11135
11132
11130
11128
11128
11127
11125
11124
11124
11123
11123
11122
11122
11120
11120
11118
11116
11115
11114
11114
11108
11107
11105
11105
11104
11103
11103
11103
11103
11102
11100
11100
11098
11098
11097
11095
11094
11094
11093
11090
11090
11089
11087
11087
11083
11081
11080
11077
11077
11074
11070
11069
11068
11067
11066
11066
11066
11065
11064
11063
11061
11061
11061
11060
11059
11059
11059
11058
11058
11058
11057
11057
11055
11055
11055
11054
11053
11052
11052
11052
11051
11050
11049
11048
11047
11045
11044
11044
11042
11042
11040
11037
11037
11036
11035
11035
11034
11034
11033
11033
11033
11032
11032
11030
11030
11029
11027
11026
11025
11024
11023
11022
11021
11021
11021
11021
11018
11017
11014
11014
11014
11013
11013
11013
11012
11011
11010
11010
11010
11009
11008
11008
11006
11005
11004
11003
11000
11000
11000
10999
10996
10992
10992
10988
10987
10986
10986
10985
10983
10983
10980
10980
10979
10979
10978
10975
10973
10972
10971
10970
10968
10967
10967
10964
10962
10961
10961
10960
10958
10956
10956
10955
10954
10953
10953
10949
10949
10946
10946
10945
10944
10944
10943
10941
10940
10940
10936
10934
10934
10931
10930
10929
10928
10928
10926
10926
10925
10924
10921
10917
10916
10914
10912
10910
10910
10909
10907
10907
10906
10905
10904
10904
10904
10903
10903
10903
10902
10901
10900
10900
10900
10900
10898
10897
10896
10895
10895
10895
10893
10892
10892
10892
10891
10891
10890
10890
10890
10889
10889
10888
10888
10884
10883
10881
10880
10878
10878
10878
10877
10875
10874
10874
10873
10872
10870
10870
10869
10866
10866
10865
10865
10865
10865
10864
10862
10862
10861
10860
10859
10857
10852
10850
10849
10847
10846
10845
10844
10844
10843
10843
10842
10841
10840
10840
10839
10839
10838
10838
10838
10838
10836
10835
10833
10833
10831
10830
10829
10826
10826
10825
10824
10823
10823
10821
10819
10819
10818
10817
10813
10812
10811
10811
10810
10809
10807
10807
10807
10806
10804
10804
10804
10802
10802
10802
10800
10800
10797
10796
10794
10793
10793
10790
10789
10788
10788
10787
10786
10786
10784
10783
10781
10780
10778
10778
10776
10776
10775
10774
10774
10773
10771
10771
10770
10770
10769
10769
10767
10766
10765
10764
10764
10763
10762
10761
10760
10757
10757
10754
10753
10752
10749
10748
10748
10743
10741
10740
10739
10739
10738
10738
10738
10738
10736
10734
10734
10734
10733
10733
10733
10731
10728
10726
10726
10725
10725
10725
10722
10721
10719
10719
10717
10716
10715
10714
10711
10710
10710
10709
10709
10707
10706
10705
10703
10703
10702
10701
10698
10696
10695
10694
10694
10692
10690
10690
10689
10688
10688
10686
10686
10686
10685
10684
10684
10683
10683
10682
10682
10681
10680
10680
10679
10679
10678
10677
10677
10677
10675
10671
10668
10668
10668
10667
10667
10666
10666
10666
10665
10664
10664
10663
10662
10662
10662
10660
10659
10658
10656
10654
10652
10652
10651
10650
10650
10649
10647
10645
10645
10644
10644
10644
10644
10639
10639
10637
10637
10636
10636
10635
10632
10631
10628
10628
10628
10627
10627
10625
10623
10622
10619
10616
10616
10615
10615
10615
10615
10615
10614
10613
10609
10608
10607
10604
10604
10604
10604
10602
10601
10601
10600
10599
10598
10598
10595
10594
10590
10589
10589
10588
10588
10584
10583
10583
10582
10582
10582
10579
10578
10577
10575
10573
10573
10571
10571
10571
10569
10569
10568
10568
10567
10565
10564
10561
10560
10557
10556
10556
10555
10554
10554
10553
10553
10552
10552
10552
10551
10551
10551
10550
10549
10549
10545
10545
10543
10543
10541
10541
10540
10540
10538
10538
10538
10537
10535
10534
10534
10533
10532
10532
10531
10529
10528
10527
10526
10525
10523
10522
10521
10521
10516
10515
10515
10515
10513
10511
10509
10509
10507
10506
10506
10503
10502
10499
10499
10498
10495
10494
10494
10493
10493
10492
10490
10490
10489
10489
10489
10488
10487
10486
10486
10486
10483
10482
10482
10480
10479
10475
10472
10471
10471
10470
10468
10468
10467
10466
10466
10464
10463
10459
10456
10456
10456
10456
10454
10453
10451
10448
10448
10447
10445
10442
10442
10441
10440
10439
10438
10438
10437
10437
10435
10435
10434
10433
10431
10429
10428
10428
10423
10422
10422
10420
10419
10418
10418
10415
10414
10414
10411
10411
10410
10409
10409
10409
10408
10407
10406
10406
10404
10403
10402
10401
10401
10401
10401
10400
10400
10399
10398
10397
10395
10395
10394
10394
10394
10392
10391
10391
10391
10388
10388
10387
10386
10385
10383
10382
10381
10380
10378
10377
10376
10375
10374
10372
10372
10371
10371
10366
10365
10365
10364
10363
10363
10362
10362
10361
10361
10361
10359
10357
10354
10351
10351
10349
10346
10345
10345
10344
10343
10342
10342
10341
10341
10341
10340
10338
10338
10337
10337
10337
10337
10337
10336
10336
10335
10333
10332
10330
10330
10328
10327
10327
10325
10324
10323
10322
10320
10319
10318
10318
10316
10316
10316
10316
10315
10315
10314
10313
10312
10312
10312
10311
10309
10309
10308
10307
10306
10306
10306
10306
10305
10304
10303
10301
10300
10300
10299
10298
10296
10296
10294
10294
10294
10293
10291
10291
10290
10289
10288
10284
10284
10282
10281
10281
10281
10279
10278
10276
10276
10275
10275
10270
10266
10266
10264
10264
10263
10262
10262
10262
10259
10259
10257
10256
10254
10253
10253
10252
10252
10251
10249
10248
10248
10247
10245
10244
10243
10243
10239
10239
10237
10236
10236
10235
10235
10233
10233
10231
10230
10230
10230
10229
10229
10229
10225
10223
10221
10220
10220
10220
10220
10219
10217
10216
10216
10216
10215
10214
10214
10213
10213
10213
10212
10210
10208
10204
10203
10202
10201
10200
10199
10197
10197
10196
10195
10195
10194
10194
10194
10193
10192
10191
10189
10188
10187
10187
10186
10185
10184
10184
10184
10183
10183
10182
10180
10179
10177
10175
10174
10173
10171
10170
10168
10168
10166
10165
10164
10163
10161
10159
10159
10158
10157
10157
10156
10156
10155
10155
10154
10151
10147
10146
10145
10142
10142
10139
10138
10138
10137
10135
10131
10130
10129
10127
10127
10126
10126
10124
10123
10122
10120
10117
10116
10113
10113
10112
10112
10111
10111
10110
10110
10108
10108
10103
10103
10097
10095
10095
10094
10091
10090
10090
10090
10089
10087
10087
10087
10086
10086
10086
10086
10085
10084
10083
10080
10079
10076
10076
10075
10075
10075
10075
10075
10074
10073
10070
10069
10069
10068
10066
10066
10065
10062
10061
10059
10059
10059
10057
10055
10052
10050
10049
10048
10047
10047
10047
10043
10043
10041
10039
10038
10037
10036
10034
10034
10034
10033
10033
10032
10032
10031
10030
10028
10028
10028
10027
10023
10022
10021
10018
10017
10016
10016
10016
10016
10016
10015
10014
10014
10014
10013
10013
10010
10009
10008
10006
10006
10005
10005
10005
10003
10003
10003
10000
9999
9998
9997
9994
9993
9991
9987
9987
9985
9984
9983
9982
9981
9981
9980
9980
9979
9978
9978
9976
9976
9973
9970
9970
9969
9968
9967
9967
9966
9963
9963
9963
9960
9959
9958
9958
9956
9956
9951
9950
9950
9948
9946
9946
9945
9945
9945
9944
9944
9944
9940
9939
9939
9939
9939
9938
9938
9938
9937
9937
9937
9935
9934
9932
9932
9931
9927
9927
9926
9926
9926
9925
9924
9922
9922
9922
9918
9915
9914
9912
9911
9911
9910
9910
9909
9908
9907
9907
9907
9906
9905
9905
9904
9903
9902
9901
9901
9901
9900
9898
9898
9897
9894
9894
9894
9894
9893
9890
9890
9886
9886
9884
9884
9883
9883
9882
9881
9877
9875
9873
9873
9872
9872
9872
9872
9871
9870
9868
9868
9867
9864
9863
9862
9861
9861
9861
9860
9858
9858
9857
9854
9854
9853
9853
9852
9852
9850
9850
9849
9849
9849
9849
9848
9847
9846
9846
9846
9845
9845
9845
9844
9843
9841
9838
9837
9837
9837
9836
9836
9836
9836
9829
9829
9828
9827
9827
9823
9823
9822
9820
9820
9820
9819
9812
9810
9810
9810
9807
9805
9804
9804
9804
9803
9800
9799
9798
9796
9794
9794
9790
9790
9790
9789
9787
9787
9785
9784
9784
9784
9784
9783
9783
9782
9782
9781
9781
9780
9777
9776
9776
9776
9774
9774
9772
9772
9771
9767
9766
9765
9764
9761
9760
9758
9758
9757
9757
9756
9755
9755
9754
9753
9753
9753
9751
9751
9751
9750
9750
9746
9745
9745
9745
9745
9745
9744
9743
9743
9742
9740
9739
9739
9739
9738
9738
9735
9735
9732
9730
9730
9730
9729
9728
9726
9725
9725
9721
9720
9720
9720
9720
9719
9717
9716
9716
9715
9713
9712
9712
9710
9710
9710
9710
9709
9708
9707
9707
9703
9702
9702
9702
9701
9700
9699
9698
9697
9696
9695
9695
9694
9692
9691
9690
9689
9688
9688
9688
9687
9687
9686
9684
9683
9681
9681
9681
9680
9679
9679
9678
9677
9676
9675
9674
9671
9671
9671
9669
9669
9666
9665
9664
9663
9662
9662
9661
9661
9660
9659
9658
9657
9657
9656
9655
9651
9649
9649
9648
9647
9646
9641
9641
9638
9638
9635
9634
9633
9633
9633
9632
9631
9630
9630
9630
9628
9625
9623
9621
9621
9619
9619
9619
9616
9613
9611
9610
9610
9609
9608
9608
9608
9608
9607
9607
9607
9607
9605
9605
9605
9604
9602
9602
9602
9599
9599
9595
9593
9592
9592
9591
9591
9591
9591
9590
9589
9589
9589
9589
9586
9585
9584
9583
9582
9578
9577
9576
9576
9575
9574
9574
9572
9572
9571
9571
9570
9569
9568
9568
9566
9565
9565
9564
9564
9564
9563
9562
9561
9561
9558
9555
9553
9552
9551
9549
9549
9548
9547
9546
9543
9542
9541
9539
9538
9533
9532
9531
9531
9531
9531
9531
9530
9528
9528
9527
9527
9526
9525
9523
9522
9522
9521
9521
9520
9520
9520
9520
9519
9518
9518
9518
9517
9515
9515
9514
9514
9514
9512
9512
9512
9512
9509
9509
9508
9507
9503
9502
9501
9501
9498
9498
9498
9497
9495
9495
9493
9493
9493
9492
9491
9491
9490
9489
9489
9487
9486
9484
9481
9480
9480
9477
9477
9477
9477
9476
9476
9475
9474
9473
9473
9472
9470
9469
9469
9469
9469
9469
9469
9468
9468
9467
9466
9464
9464
9461
9460
9458
9458
9457
9456
9456
9455
9455
9454
9454
9454
9453
9452
9449
9448
9447
9447
9446
9444
9444
9444
9443
9443
9441
9441
9441
9440
9439
9438
9437
9436
9436
9435
9434
9432
9432
9431
9429
9428
9428
9427
9427
9427
9427
9423
9422
9419
9419
9418
9418
9417
9417
9415
9413
9412
9410
9410
9410
9408
9407
9406
9406
9406
9406
9403
9401
9401
9399
9397
9397
9396
9396
9395
9393
9391
9390
9389
9387
9384
9383
9382
9381
9378
9376
9375
9372
9372
9371
9364
9360
9359
9358
9357
9356
9354
9353
9352
9351
9351
9350
9350
9346
9345
9344
9343
9342
9341
9340
9340
9338
9334
9334
9333
9333
9332
9330
9330
9328
9328
9327
9327
9326
9325
9324
9322
9321
9320
9320
9315
9314
9314
9312
9312
9311
9308
9306
9305
9305
9303
9302
9300
9299
9299
9299
9298
9298
9296
9296
9294
9294
9294
9294
9294
9293
9289
9288
9286
9286
9285
9284
9284
9282
9282
9280
9280
9279
9277
9276
9276
9275
9275
9275
9272
9272
9272
9270
9268
9266
9263
9263
9256
9254
9254
9254
9253
9253
9253
9253
9252
9252
9252
9252
9249
9249
9248
9245
9244
9243
9243
9243
9242
9242
9241
9240
9240
9239
9237
9236
9236
9235
9235
9234
9233
9233
9233
9233
9231
9229
9229
9227
9225
9225
9224
9223
9222
9222
9222
9221
9220
9217
9216
9214
9214
9211
9211
9210
9209
9209
9208
9207
9206
9204
9204
9202
9201
9200
9200
9199
9199
9199
9198
9197
9194
9193
9191
9191
9190
9188
9188
9187
9185
9185
9185
9184
9184
9183
9183
9180
9179
9177
9176
9172
9171
9169
9168
9167
9167
9166
9164
9164
9164
9163
9163
9163
9162
9161
9161
9161
9160
9160
9159
9156
9156
9156
9155
9153
9153
9150
9150
9149
9147
9146
9146
9146
9144
9144
9140
9139
9139
9139
9138
9138
9138
9137
9135
9134
9132
9132
9132
9132
9131
9130
9130
9130
9128
9126
9125
9125
9122
9122
9121
9121
9119
9118
9117
9117
9117
9116
9114
9114
9113
9113
9112
9111
9109
9107
9106
9106
9105
9105
9105
9104
9103
9103
9102
9101
9100
9097
9096
9094
9094
9092
9091
9087
9087
9087
9085
9084
9084
9082
9077
9077
9076
9076
9073
9071
9070
9069
9068
9068
9068
9067
9066
9065
9063
9063
9061
9061
9060
9060
9059
9058
9057
9057
9056
9052
9052
9051
9049
9048
9047
9047
9045
9045
9043
9042
9042
9042
9042
9040
9040
9037
9037
9037
9035
9035
9035
9034
9033
9033
9033
9032
9032
9032
9032
9030
9030
9030
9027
9027
9026
9026
9025
9025
9023
9023
9021
9020
9020
9018
9017
9016
9016
9015
9014
9013
9012
9012
9012
9011
9011
9010
9008
9006
9003
9003
9002
9001
9001
9001
9000
9000
8999
8999
8999
8998
8998
8996
8995
8991
8991
8989
8989
8985
8985
8983
8982
8981
8980
8976
8976
8976
8974
8974
8973
8973
8969
8969
8968
8967
8963
8962
8961
8959
8959
8956
8956
8955
8955
8954
8954
8953
8952
8952
8952
8952
8951
8949
8948
8948
8947
8946
8945
8945
8943
8943
8941
8940
8939
8939
8938
8938
8938
8935
8935
8932
8931
8931
8931
8930
8929
8929
8929
8928
8927
8926
8925
8922
8921
8920
8918
8918
8917
8915
8914
8913
8912
8912
8911
8909
8909
8909
8909
8908
8907
8907
8906
8905
8905
8905
8904
8904
8901
8899
8898
8897
8897
8896
8895
8894
8891
8890
8888
8888
8887
8887
8884
8884
8884
8881
8880
8877
8877
8876
8875
8875
8874
8873
8872
8870
8869
8867
8866
8863
8862
8861
8860
8860
8859
8859
8856
8856
8856
8855
8855
8854
8852
8850
8850
8848
8847
8844
8843
8838
8838
8837
8834
8834
8831
8831
8830
8828
8827
8827
8825
8823
8822
8822
8821
8821
8821
8820
8820
8819
8815
8814
8813
8813
8812
8812
8811
8811
8810
8807
8806
8805
8804
8803
8803
8802
8802
8802
8800
8796
8794
8793
8792
8791
8789
8788
8785
8783
8782
8780
8780
8780
8780
8779
8777
8777
8775
8774
8774
8774
8773
8772
8771
8770
8769
8766
8766
8765
8765
8765
8765
8764
8763
8762
8760
8758
8758
8755
8755
8752
8752
8751
8751
8749
8746
8745
8745
8745
8744
8743
8742
8741
8740
8740
8739
8739
8736
8734
8734
8730
8729
8727
8727
8726
8725
8725
8723
8722
8721
8721
8720
8718
8717
8717
8716
8715
8715
8714
8714
8713
8712
8711
8710
8708
8707
8707
8706
8701
8700
8699
8698
8698
8697
8696
8695
8693
8691
8691
8691
8689
8689
8688
8688
8687
8686
8686
8685
8685
8684
8684
8683
8681
8680
8679
8677
8676
8674
8674
8674
8673
8673
8672
8671
8670
8669
8668
8667
8665
8664
8664
8663
8662
8662
8661
8661
8659
8659
8658
8656
8655
8654
8653
8653
8652
8650
8649
8649
8647
8646
8645
8644
8642
8642
8640
8639
8638
8633
8631
8631
8631
8630
8630
8623
8622
8621
8621
8620
8618
8618
8616
8615
8613
8612
8610
8610
8609
8606
8606
8602
8601
8601
8600
8600
8600
8599
8597
8595
8593
8590
8588
8587
8582
8582
8580
8579
8576
8572
8571
8570
8568
8568
8568
8567
8566
8566
8565
8565
8564
8562
8562
8562
8559
8559
8558
8557
8556
8556
8555
8555
8554
8553
8553
8552
8552
8551
8551
8550
8549
8548
8547
8547
8545
8545
8544
8544
8542
8541
8541
8541
8540
8539
8539
8538
8538
8536
8534
8534
8533
8531
8531
8528
8527
8526
8524
8524
8523
8522
8521
8521
8520
8519
8519
8517
8514
8514
8513
8512
8509
8508
8507
8507
8507
8507
8507
8505
8505
8504
8503
8502
8502
8502
8501
8500
8499
8498
8498
8497
8496
8495
8494
8493
8493
8492
8491
8491
8491
8490
8487
8486
8485
8485
8484
8483
8481
8481
8479
8479
8479
8478
8476
8474
8474
8473
8468
8468
8468
8467
8466
8464
8464
8463
8462
8460
8460
8459
8457
8456
8456
8453
8453
8451
8449
8447
8446
8446
8445
8445
8445
8444
8444
8444
8443
8443
8443
8442
8438
8437
8437
8435
8434
8433
8432
8431
8430
8429
8427
8427
8426
8425
8424
8424
8423
8423
8422
8421
8419
8419
8415
8415
8413
8413
8412
8412
8410
8409
8407
8404
8404
8402
8400
8399
8399
8399
8398
8397
8395
8394
8393
8393
8390
8389
8385
8384
8383
8383
8382
8379
8378
8377
8377
8374
8373
8372
8372
8371
8371
8370
8369
8367
8367
8367
8367
8365
8364
8362
8362
8359
8359
8359
8358
8357
8357
8356
8355
8354
8353
8351
8351
8350
8350
8348
8347
8347
8346
8346
8346
8345
8343
8340
8340
8340
8338
8337
8337
8336
8332
8331
8330
8330
8330
8329
8329
8326
8325
8325
8322
8320
8319
8319
8318
8318
8315
8315
8314
8314
8313
8312
8311
8310
8310
8309
8308
8307
8306
8306
8305
8305
8305
8304
8304
8304
8303
8302
8301
8300
8300
8298
8297
8295
8293
8291
8291
8290
8289
8289
8289
8288
8288
8288
8288
8285
8285
8283
8283
8282
8279
8279
8279
8278
8277
8277
8276
8276
8276
8274
8274
8274
8274
8273
8271
8271
8267
8267
8267
8264
8263
8258
8255
8253
8252
8252
8247
8247
8243
8243
8243
8243
8242
8240
8240
8239
8238
8236
8236
8235
8234
8233
8231
8230
8227
8227
8227
8226
8225
8225
8225
8223
8222
8221
8221
8218
8218
8218
8217
8216
8216
8215
8215
8213
8212
8210
8210
8209
8209
8208
8208
8208
8207
8203
8202
8202
8201
8200
8199
8198
8198
8198
8197
8195
8193
8192
8191
8190
8189
8187
8187
8185
8184
8184
8184
8183
8182
8182
8182
8181
8180
8179
8179
8178
8176
8176
8175
8175
8175
8175
8173
8172
8171
8169
8167
8165
8165
8164
8164
8160
8160
8160
8159
8159
8158
8157
8157
8157
8156
8155
8150
8149
8148
8148
8145
8144
8142
8141
8141
8141
8141
8137
8136
8136
8136
8135
8135
8134
8134
8133
8131
8130
8129
8128
8127
8126
8123
8122
8117
8116
8116
8116
8114
8112
8111
8111
8110
8108
8107
8106
8104
8104
8103
8102
8100
8098
8098
8097
8096
8096
8094
8093
8093
8092
8089
8089
8089
8089
8088
8086
8085
8085
8085
8085
8085
8084
8083
8081
8081
8081
8079
8078
8078
8077
8075
8075
8073
8072
8071
8071
8071
8070
8069
8067
8067
8066
8065
8062
8061
8060
8058
8055
8055
8055
8054
8053
8052
8050
8050
8049
8048
8047
8046
8046
8044
8044
8044
8044
8044
8044
8041
8041
8040
8039
8037
8036
8035
8033
8033
8032
8031
8029
8027
8026
8026
8025
8025
8022
8022
8021
8021
8018
8013
8013
8011
8011
8011
8011
8011
8011
8010
8009
8008
8008
8008
8005
8005
8004
8004
8002
8001
8001
8001
7998
7998
7996
7996
7996
7995
7995
7995
7990
7989
7989
7989
7988
7987
7987
7987
7986
7986
7985
7985
7985
7984
7983
7982
7981
7980
7980
7979
7979
7977
7977
7975
7975
7975
7973
7973
7971
7971
7971
7970
7970
7970
7970
7969
7969
7966
7966
7966
7965
7965
7961
7961
7961
7959
7959
7959
7956
7956
7956
7955
7954
7953
7952
7949
7948
7946
7945
7944
7943
7942
7940
7939
7938
7936
7936
7936
7935
7932
7930
7929
7928
7928
7928
7926
7926
7925
7925
7923
7922
7920
7920
7919
7919
7917
7916
7916
7913
7913
7913
7913
7912
7912
7910
7910
7908
7908
7908
7907
7906
7906
7906
7906
7906
7904
7903
7902
7900
7899
7897
7896
7895
7895
7894
7894
7894
7893
7892
7891
7889
7889
7888
7885
7884
7883
7883
7882
7882
7881
7878
7877
7876
7876
7875
7874
7872
7872
7870
7868
7867
7863
7861
7861
7859
7858
7857
7856
7856
7853
7852
7851
7850
7849
7847
7847
7845
7844
7843
7843
7842
7842
7841
7837
7836
7835
7835
7834
7833
7833
7833
7832
7831
7830
7830
7830
7829
7828
7827
7827
7826
7826
7826
7823
7822
7821
7820
7820
7820
7820
7818
7817
7814
7814
7813
7810
7808
7808
7808
7807
7806
7805
7805
7804
7804
7803
7801
7800
7798
7798
7797
7796
7793
7792
7792
7791
7791
7790
7790
7789
7787
7785
7784
7784
7784
7783
7781
7781
7780
7778
7776
7774
7774
7772
7772
7769
7769
7769
7769
7765
7765
7762
7760
7759
7758
7756
7756
7754
7754
7751
7751
7748
7747
7747
7746
7746
7744
7744
7744
7743
7742
7740
7738
7736
7736
7736
7735
7735
7734
7733
7732
7731
7730
7728
7728
7727
7726
7725
7724
7723
7723
7722
7721
7721
7720
7719
7718
7718
7718
7718
7715
7715
7714
7713
7711
7711
7710
7709
7707
7704
7703
7700
7699
7699
7699
7698
7698
7698
7698
7697
7697
7697
7695
7694
7694
7693
7693
7693
7692
7690
7688
7686
7684
7683
7682
7682
7681
7681
7678
7676
7675
7675
7674
7674
7673
7672
7672
7671
7671
7670
7669
7668
7668
7663
7663
7662
7662
7661
7660
7657
7657
7657
7654
7653
7650
7650
7649
7649
7648
7648
7648
7646
7646
7643
7641
7640
7640
7639
7639
7638
7637
7636
7635
7634
7634
7633
7632
7632
7631
7630
7630
7629
7629
7628
7627
7627
7627
7626
7623
7615
7615
7615
7613
7613
7610
7609
7609
7608
7606
7605
7604
7603
7602
7601
7601
7597
7596
7596
7596
7595
7593
7593
7593
7591
7590
7589
7589
7587
7586
7584
7582
7581
7580
7580
7578
7578
7578
7578
7576
7575
7575
7575
7574
7572
7572
7571
7571
7571
7568
7567
7566
7565
7565
7565
7564
7564
7563
7563
7562
7561
7561
7560
7560
7558
7558
7558
7555
7551
7549
7548
7546
7545
7544
7544
7544
7543
7542
7541
7540
7539
7536
7536
7531
7530
7530
7525
7524
7524
7520
7519
7519
7519
7517
7516
7513
7510
7509
7506
7505
7504
7502
7501
7500
7500
7499
7499
7499
7497
7497
7494
7493
7492
7491
7491
7489
7488
7487
7486
7486
7485
7484
7484
7483
7483
7482
7480
7480
7479
7478
7476
7475
7474
7473
7471
7470
7470
7469
7468
7467
7466
7463
7463
7462
7461
7461
7459
7458
7458
7458
7458
7458
7457
7457
7457
7457
7456
7452
7451
7451
7451
7450
7450
7449
7449
7448
7447
7444
7439
7436
7435
7433
7432
7432
7431
7427
7427
7425
7425
7424
7424
7424
7422
7420
7419
7417
7416
7415
7415
7411
7410
7408
7408
7407
7405
7404
7404
7402
7402
7400
7400
7399
7399
7396
7396
7396
7394
7393
7392
7387
7386
7384
7384
7380
7379
7379
7378
7378
7377
7377
7376
7375
7374
7373
7371
7371
7370
7370
7369
7368
7368
7368
7367
7366
7366
7365
7364
7363
7363
7362
7361
7361
7361
7360
7358
7356
7356
7355
7353
7352
7352
7351
7350
7350
7350
7349
7348
7347
7347
7346
7346
7346
7344
7344
7343
7342
7342
7341
7341
7340
7337
7336
7335
7335
7335
7335
7334
7334
7334
7331
7331
7331
7330
7326
7326
7325
7324
7323
7322
7322
7321
7317
7315
7312
7311
7309
7309
7307
7305
7303
7302
7301
7301
7301
7300
7300
7299
7295
7291
7289
7288
7288
7287
7285
7281
7281
7280
7279
7278
7278
7276
7276
7271
7269
7269
7268
7267
7265
7265
7265
7262
7258
7256
7253
7251
7251
7248
7248
7246
7246
7245
7243
7243
7241
7240
7238
7238
7236
7236
7233
7233
7232
7231
7230
7229
7229
7229
7228
7228
7227
7227
7226
7221
7220
7220
7220
7219
7219
7219
7219
7218
7218
7218
7218
7217
7216
7215
7215
7215
7214
7212
7212
7212
7211
7210
7210
7205
7203
7203
7202
7202
7200
7199
7199
7199
7199
7197
7196
7195
7192
7192
7191
7191
7190
7190
7189
7187
7186
7185
7184
7184
7182
7182
7181
7181
7179
7178
7178
7178
7177
7175
7174
7171
7171
7167
7166
7165
7165
7164
7159
7159
7159
7158
7158
7157
7157
7156
7155
7155
7154
7154
7154
7154
7153
7153
7153
7152
7151
7151
7149
7149
7149
7148
7147
7147
7147
7146
7146
7146
7144
7142
7142
7141
7141
7141
7141
7139
7139
7136
7134
7133
7132
7130
7129
7129
7128
7127
7127
7127
7127
7125
7124
7124
7124
7124
7123
7122
7121
7121
7119
7119
7119
7118
7117
7117
7114
7113
7111
7110
7107
7104
7104
7103
7103
7102
7101
7099
7099
7095
7094
7093
7091
7091
7090
7090
7089
7088
7088
7087
7084
7083
7082
7080
7079
7079
7078
7078
7076
7076
7074
7073
7072
7069
7068
7065
7065
7064
7064
7063
7063
7062
7062
7061
7059
7059
7057
7057
7056
7056
7051
7049
7049
7046
7046
7046
7046
7045
7045
7040
7038
7037
7036
7035
7034
7033
7031
7031
7029
7028
7028
7027
7025
7024
7024
7022
7021
7021
7020
7020
7018
7017
7016
7016
7012
7012
7012
7012
7011
7010
7010
7009
7008
7007
7006
7006
7005
7003
7001
6998
6998
6997
6997
6997
6996
6994
6993
6992
6992
6991
6990
6990
6990
6989
6987
6985
6985
6983
6983
6982
6982
6981
6981
6981
6978
6978
6976
6974
6974
6969
6969
6966
6966
6966
6965
6965
6965
6964
6964
6961
6960
6960
6960
6959
6958
6957
6957
6955
6955
6954
6953
6953
6952
6951
6945
6945
6943
6942
6940
6940
6939
6937
6937
6937
6937
6934
6934
6933
6933
6933
6931
6931
6930
6929
6929
6929
6927
6927
6926
6926
6925
6924
6924
6922
6922
6922
6921
6921
6921
6920
6918
6917
6917
6916
6915
6914
6912
6912
6911
6909
6909
6909
6908
6907
6905
6904
6904
6904
6903
6902
6902
6898
6897
6896
6896
6894
6893
6892
6892
6892
6892
6892
6892
6890
6889
6888
6886
6885
6885
6884
6884
6883
6881
6881
6880
6880
6879
6878
6877
6877
6876
6875
6875
6875
6874
6871
6870
6869
6867
6867
6866
6866
6866
6865
6865
6864
6863
6862
6862
6860
6860
6858
6855
6854
6852
6850
6850
6849
6849
6848
6847
6846
6846
6846
6844
6843
6841
6841
6840
6839
6836
6835
6834
6829
6829
6827
6827
6826
6825
6825
6824
6824
6823
6822
6822
6821
6821
6821
6820
6820
6819
6819
6818
6818
6818
6818
6816
6815
6814
6812
6812
6812
6811
6810
6810
6809
6808
6808
6807
6806
6805
6805
6803
6802
6801
6801
6800
6798
6798
6798
6797
6794
6791
6789
6786
6785
6785
6784
6784
6783
6780
6780
6779
6777
6776
6774
6772
6772
6772
6772
6771
6771
6771
6770
6770
6769
6768
6766
6765
6765
6765
6763
6762
6761
6760
6759
6758
6757
6757
6757
6757
6755
6755
6752
6751
6751
6751
6750
6749
6748
6748
6747
6746
6746
6744
6743
6743
6743
6742
6742
6741
6738
6736
6734
6733
6732
6732
6732
6731
6729
6728
6727
6726
6726
6725
6725
6724
6722
6720
6720
6718
6718
6718
6718
6717
6716
6715
6715
6715
6712
6709
6708
6707
6707
6707
6706
6706
6705
6704
6703
6701
6701
6698
6695
6695
6695
6695
6695
6695
6694
6694
6691
6690
6688
6686
6685
6684
6682
6682
6682
6681
6678
6678
6676
6675
6673
6672
6672
6672
6672
6670
6668
6666
6665
6665
6665
6664
6664
6661
6658
6654
6654
6654
6653
6653
6653
6652
6650
6649
6644
6643
6643
6642
6641
6639
6638
6637
6636
6635
6633
6633
6633
6630
6629
6629
6627
6627
6627
6626
6626
6626
6626
6624
6624
6623
6622
6621
6621
6621
6620
6619
6619
6617
6617
6615
6615
6613
6612
6610
6609
6607
6606
6606
6605
6605
6604
6603
6602
6601
6600
6600
6597
6596
6594
6593
6593
6592
6592
6592
6591
6590
6590
6589
6589
6587
6587
6586
6586
6586
6585
6584
6583
6583
6582
6582
6582
6580
6579
6579
6578
6575
6574
6573
6573
6572
6571
6571
6570
6570
6569
6567
6566
6566
6566
6566
6565
6562
6561
6560
6559
6559
6557
6557
6556
6552
6551
6550
6550
6550
6549
6548
6545
6544
6544
6544
6542
6542
6542
6541
6538
6538
6537
6536
6534
6531
6530
6530
6528
6527
6523
6522
6522
6521
6520
6520
6519
6519
6517
6516
6514
6513
6513
6512
6511
6510
6509
6508
6506
6506
6503
6503
6502
6500
6498
6493
6492
6492
6492
6490
6489
6487
6487
6487
6487
6486
6485
6484
6484
6482
6482
6480
6479
6476
6474
6473
6469
6469
6466
6466
6465
6464
6463
6462
6462
6461
6461
6459
6459
6459
6458
6457
6457
6457
6455
6454
6454
6452
6450
6448
6447
6447
6447
6445
6444
6444
6443
6442
6442
6441
6440
6440
6439
6439
6439
6438
6435
6435
6435
6434
6432
6430
6428
6426
6425
6424
6423
6423
6422
6420
6420
6420
6419
6419
6417
6417
6417
6416
6415
6415
6414
6414
6412
6410
6410
6409
6409
6407
6406
6406
6406
6404
6404
6401
6400
6399
6397
6397
6397
6397
6394
6391
6390
6390
6388
6388
6388
6387
6381
6381
6381
6380
6379
6379
6377
6375
6374
6372
6372
6370
6369
6368
6368
6367
6366
6363
6361
6359
6359
6358
6358
6356
6355
6355
6354
6352
6352
6349
6349
6347
6347
6346
6345
6344
6344
6344
6344
6343
6343
6343
6342
6342
6342
6339
6339
6339
6339
6338
6337
6337
6337
6337
6335
6334
6332
6329
6327
6327
6324
6323
6322
6320
6320
6319
6319
6316
6316
6316
6314
6312
6311
6311
6310
6309
6306
6306
6304
6304
6303
6302
6301
6299
6298
6298
6298
6298
6297
6296
6294
6293
6292
6291
6289
6289
6288
6288
6288
6286
6285
6283
6283
6281
6281
6280
6279
6279
6279
6278
6278
6277
6277
6276
6276
6276
6275
6275
6275
6274
6274
6272
6271
6271
6271
6266
6265
6264
6264
6264
6263
6263
6261
6258
6258
6258
6257
6256
6255
6254
6252
6251
6251
6250
6249
6249
6248
6248
6247
6246
6243
6243
6243
6238
6237
6235
6235
6234
6234
6232
6231
6230
6229
6229
6228
6226
6225
6225
6224
6224
6223
6220
6220
6219
6218
6215
6213
6211
6210
6210
6207
6207
6205
6205
6204
6203
6203
6203
6203
6202
6199
6198
6198
6195
6193
6193
6193
6192
6189
6188
6185
6185
6183
6183
6179
6179
6178
6178
6178
6176
6175
6173
6173
6172
6172
6172
6171
6170
6170
6169
6169
6169
6167
6167
6165
6165
6164
6163
6163
6163
6162
6161
6160
6159
6158
6156
6156
6156
6154
6154
6154
6153
6153
6152
6152
6151
6143
6143
6143
6141
6140
6140
6137
6137
6135
6134
6134
6133
6133
6132
6131
6130
6130
6129
6129
6126
6126
6126
6125
6124
6124
6124
6123
6121
6120
6120
6118
6117
6116
6116
6115
6113
6112
6110
6108
6106
6106
6105
6104
6104
6104
6100
6100
6100
6100
6099
6099
6097
6097
6094
6092
6091
6091
6089
6089
6088
6087
6087
6086
6085
6084
6084
6082
6082
6081
6080
6080
6078
6077
6077
6077
6076
6075
6075
6074
6074
6073
6071
6071
6069
6067
6066
6064
6063
6059
6059
6056
6055
6054
6054
6054
6053
6051
6050
6048
6047
6044
6042
6042
6041
6041
6040
6040
6040
6037
6037
6037
6035
6034
6034
6033
6032
6030
6029
6029
6028
6026
6025
6025
6025
6025
6024
6022
6021
6020
6019
6018
6018
6016
6016
6016
6015
6013
6012
6012
6008
6006
6006
6004
6004
6003
6000
5999
5999
5998
5994
5994
5993
5993
5993
5992
5990
5989
5986
5986
5985
5985
5980
5979
5979
5978
5977
5976
5973
5971
5970
5970
5968
5967
5966
5965
5965
5964
5963
5958
5957
5957
5956
5956
5956
5953
5953
5952
5952
5951
5951
5951
5950
5950
5949
5948
5948
5947
5947
5946
5946
5945
5945
5944
5942
5941
5940
5939
5939
5939
5936
5935
5935
5933
5933
5933
5932
5932
5931
5931
5930
5928
5926
5926
5926
5925
5923
5923
5921
5921
5920
5920
5920
5918
5918
5918
5917
5913
5913
5911
5909
5909
5909
5909
5909
5908
5907
5906
5906
5905
5905
5904
5902
5902
5902
5901
5901
5900
5899
5899
5899
5897
5896
5895
5895
5895
5890
5889
5888
5888
5887
5886
5886
5886
5885
5885
5885
5882
5880
5878
5877
5876
5875
5875
5875
5871
5870
5869
5868
5864
5861
5858
5858
5854
5854
5853
5853
5852
5848
5843
5842
5842
5842
5839
5839
5837
5837
5837
5836
5834
5834
5831
5831
5830
5829
5829
5827
5826
5824
5823
5823
5823
5822
5821
5821
5819
5819
5818
5817
5817
5816
5816
5815
5815
5813
5810
5809
5808
5806
5804
5803
5800
5800
5800
5799
5798
5798
5798
5797
5796
5796
5795
5793
5793
5792
5792
5791
5791
5790
5789
5787
5786
5786
5786
5785
5784
5783
5783
5783
5781
5781
5780
5779
5778
5778
5776
5776
5775
5774
5773
5772
5769
5768
5768
5767
5766
5766
5765
5765
5765
5764
5763
5763
5762
5761
5761
5755
5754
5754
5753
5753
5752
5750
5749
5746
5746
5745
5744
5742
5742
5741
5738
5738
5738
5738
5737
5737
5737
5736
5735
5735
5735
5735
5734
5733
5732
5730
5730
5729
5728
5727
5727
5724
5724
5723
5722
5721
5720
5717
5716
5714
5711
5711
5710
5708
5707
5706
5705
5705
5703
5702
5702
5701
5701
5700
5700
5700
5700
5699
5699
5697
5695
5695
5694
5693
5692
5689
5687
5686
5685
5685
5684
5682
5682
5680
5678
5677
5676
5675
5675
5675
5674
5673
5673
5673
5673
5671
5670
5669
5668
5668
5668
5667
5666
5660
5660
5658
5657
5656
5655
5655
5654
5654
5652
5651
5651
5650
5647
5647
5646
5644
5643
5642
5639
5637
5635
5634
5633
5631
5631
5631
5630
5630
5629
5628
5628
5627
5625
5624
5622
5621
5619
5617
5617
5617
5616
5614
5612
5612
5612
5612
5611
5611
5610
5610
5607
5607
5605
5605
5604
5603
5603
5601
5598
5595
5595
5594
5594
5592
5591
5590
5589
5588
5587
5586
5584
5583
5582
5579
5577
5577
5577
5577
5576
5575
5574
5573
5572
5572
5571
5571
5571
5569
5568
5566
5565
5562
5561
5561
5560
5559
5555
5555
5554
5553
5551
5549
5548
5545
5544
5544
5544
5542
5538
5536
5535
5535
5534
5533
5531
5531
5530
5530
5526
5526
5526
5524
5524
5523
5523
5522
5522
5521
5519
5519
5517
5517
5516
5515
5515
5510
5509
5509
5504
5504
5502
5500
5499
5498
5496
5496
5495
5493
5492
5491
5491
5488
5485
5483
5482
5481
5481
5481
5480
5480
5480
5479
5478
5478
5477
5476
5473
5471
5470
5468
5468
5468
5467
5467
5467
5466
5465
5461
5460
5458
5457
5457
5456
5456
5455
5453
5452
5448
5448
5448
5447
5446
5444
5444
5442
5442
5441
5440
5438
5436
5434
5434
5433
5433
5430
5430
5428
5428
5426
5425
5422
5422
5421
5421
5420
5420
5418
5417
5416
5413
5412
5412
5411
5411
5410
5409
5409
5408
5406
5404
5401
5401
5401
5400
5400
5400
5399
5398
5398
5397
5396
5396
5396
5394
5394
5393
5392
5391
5391
5391
5390
5390
5389
5389
5388
5387
5386
5383
5383
5382
5381
5381
5379
5376
5376
5375
5371
5371
5370
5369
5369
5368
5368
5367
5367
5362
5361
5361
5360
5359
5358
5358
5357
5356
5355
5353
5353
5350
5349
5347
5347
5346
5346
5344
5344
5343
5341
5340
5340
5339
5338
5338
5337
5337
5332
5331
5329
5328
5328
5327
5325
5324
5324
5323
5323
5322
5322
5321
5321
5321
5318
5317
5316
5315
5314
5314
5312
5312
5311
5310
5309
5305
5302
5301
5300
5299
5298
5297
5297
5297
5296
5293
5292
5292
5290
5290
5289
5287
5285
5285
5283
5280
5277
5277
5277
5275
5274
5274
5274
5274
5273
5272
5272
5271
5270
5270
5270
5269
5268
5266
5266
5265
5260
5258
5258
5257
5257
5256
5254
5254
5253
5251
5249
5248
5247
5247
5247
5246
5244
5244
5243
5242
5242
5240
5236
5235
5232
5232
5232
5231
5230
5229
5229
5228
5226
5224
5224
5223
5221
5218
5218
5217
5214
5214
5213
5212
5210
5209
5208
5207
5207
5205
5201
5201
5197
5196
5196
5195
5195
5191
5191
5191
5190
5190
5190
5189
5189
5189
5188
5188
5188
5187
5186
5186
5185
5183
5182
5182
5180
5178
5178
5178
5178
5177
5177
5176
5176
5174
5174
5172
5171
5171
5170
5169
5169
5168
5167
5167
5165
5164
5164
5164
5164
5164
5163
5163
5163
5163
5162
5161
5160
5157
5155
5155
5155
5155
5154
5154
5152
5150
5150
5149
5148
5147
5147
5145
5144
5143
5143
5141
5141
5141
5141
5138
5138
5136
5136
5134
5130
5128
5126
5125
5124
5124
5123
5122
5120
5119
5119
5117
5116
5115
5113
5112
5112
5106
5106
5106
5105
5103
5102
5101
5100
5099
5098
5097
5096
5096
5095
5095
5095
5094
5094
5093
5091
5091
5090
5090
5090
5090
5090
5088
5087
5087
5086
5086
5086
5086
5079
5078
5075
5075
5073
5073
5071
5070
5069
5068
5067
5066
5065
5062
5059
5058
5057
5057
5056
5056
5055
5055
5055
5054
5053
5049
5048
5047
5047
5047
5047
5046
5045
5045
5045
5043
5040
5040
5040
5038
5038
5038
5036
5035
5035
5035
5032
5032
5031
5030
5030
5030
5026
5024
5023
5021
5021
5021
5020
5018
5018
5017
5017
5016
5015
5014
5014
5012
5009
5008
5008
5008
5006
5006
5006
5004
5003
5002
4995
4994
4991
4989
4989
4989
4984
4983
4980
4979
4979
4978
4976
4976
4976
4975
4974
4973
4972
4968
4967
4967
4966
4965
4964
4963
4962
4960
4957
4957
4955
4953
4953
4952
4951
4948
4948
4948
4947
4947
4944
4944
4944
4942
4942
4942
4939
4939
4939
4938
4938
4938
4935
4932
4932
4931
4929
4928
4926
4925
4925
4925
4924
4923
4920
4919
4919
4918
4916
4916
4913
4911
4911
4909
4909
4908
4908
4907
4906
4906
4905
4902
4900
4899
4899
4898
4897
4897
4895
4895
4894
4893
4893
4892
4891
4890
4889
4885
4885
4885
4884
4883
4881
4881
4878
4878
4877
4877
4876
4875
4875
4875
4872
4872
4871
4871
4871
4870
4870
4870
4870
4868
4864
4860
4858
4857
4856
4855
4854
4852
4852
4851
4851
4851
4851
4849
4849
4849
4848
4848
4848
4846
4845
4844
4844
4844
4843
4841
4840
4839
4839
4838
4837
4837
4835
4831
4831
4830
4830
4829
4829
4829
4827
4826
4825
4825
4823
4823
4823
4819
4817
4815
4813
4812
4810
4810
4809
4808
4807
4806
4803
4802
4801
4800
4799
4797
4795
4794
4792
4791
4790
4789
4788
4787
4784
4781
4780
4779
4779
4778
4776
4775
4774
4774
4774
4773
4770
4769
4768
4768
4768
4768
4768
4768
4767
4766
4765
4764
4762
4759
4759
4755
4754
4754
4753
4753
4751
4751
4751
4751
4751
4749
4749
4746
4745
4744
4743
4743
4742
4741
4741
4740
4739
4739
4738
4735
4733
4732
4732
4732
4730
4729
4728
4727
4727
4726
4726
4725
4724
4723
4723
4723
4722
4722
4722
4721
4720
4718
4718
4715
4715
4715
4714
4714
4714
4712
4711
4711
4710
4709
4709
4709
4709
4708
4708
4706
4704
4704
4702
4702
4701
4700
4698
4698
4698
4697
4696
4695
4694
4694
4693
4692
4692
4692
4692
4690
4686
4684
4682
4682
4681
4681
4680
4678
4677
4677
4676
4675
4675
4675
4673
4672
4667
4667
4667
4667
4665
4664
4663
4662
4662
4661
4661
4660
4659
4658
4656
4654
4654
4653
4651
4649
4649
4649
4648
4647
4647
4642
4641
4641
4640
4639
4638
4637
4637
4637
4636
4635
4635
4635
4634
4633
4633
4633
4633
4631
4631
4630
4630
4629
4628
4628
4627
4626
4625
4621
4621
4620
4619
4619
4618
4617
4617
4616
4615
4614
4612
4610
4610
4610
4609
4609
4608
4607
4604
4603
4603
4602
4601
4600
4600
4599
4598
4595
4594
4593
4592
4591
4591
4590
4589
4588
4587
4586
4585
4585
4584
4583
4583
4583
4583
4583
4583
4580
4579
4579
4576
4575
4574
4574
4574
4573
4573
4573
4572
4572
4571
4571
4568
4566
4565
4563
4562
4561
4561
4560
4558
4557
4555
4555
4554
4553
4553
4552
4552
4551
4551
4551
4547
4547
4547
4546
4545
4544
4543
4542
4542
4542
4539
4539
4539
4536
4535
4535
4534
4534
4533
4531
4531
4530
4529
4528
4528
4528
4528
4526
4524
4523
4522
4522
4521
4521
4521
4520
4519
4517
4516
4516
4513
4513
4511
4511
4509
4507
4507
4506
4505
4505
4505
4504
4502
4500
4499
4498
4497
4496
4492
4489
4489
4487
4484
4484
4483
4482
4482
4482
4479
4477
4474
4473
4471
4470
4470
4470
4468
4467
4463
4463
4463
4462
4462
4461
4458
4458
4457
4457
4456
4455
4454
4452
4452
4450
4450
4449
4448
4448
4447
4446
4446
4445
4445
4442
4439
4439
4436
4435
4433
4431
4430
4429
4429
4427
4426
4424
4423
4423
4420
4419
4417
4415
4412
4412
4411
4410
4410
4409
4408
4408
4405
4402
4401
4400
4396
4394
4393
4393
4392
4392
4391
4390
4389
4388
4388
4387
4386
4386
4386
4386
4384
4384
4383
4383
4382
4382
4382
4381
4380
4379
4377
4376
4375
4375
4374
4371
4369
4368
4366
4365
4365
4365
4363
4362
4360
4360
4358
4358
4358
4358
4357
4355
4355
4355
4355
4353
4353
4351
4350
4350
4349
4349
4348
4347
4341
4340
4339
4339
4339
4339
4335
4335
4334
4333
4332
4332
4331
4331
4331
4331
4329
4329
4327
4325
4324
4322
4322
4322
4321
4321
4320
4318
4318
4318
4317
4317
4316
4316
4315
4315
4315
4315
4314
4314
4312
4312
4312
4311
4311
4310
4310
4310
4307
4307
4305
4305
4305
4304
4303
4302
4301
4300
4298
4295
4294
4294
4293
4293
4292
4290
4289
4288
4287
4287
4286
4285
4283
4283
4282
4282
4281
4280
4280
4278
4277
4276
4276
4276
4275
4275
4275
4274
4272
4271
4268
4267
4265
4264
4264
4263
4263
4263
4263
4262
4262
4262
4261
4259
4258
4257
4256
4255
4255
4254
4254
4254
4254
4254
4252
4251
4251
4250
4247
4246
4243
4241
4238
4235
4234
4234
4232
4232
4231
4230
4230
4228
4227
4227
4226
4226
4226
4225
4224
4223
4222
4222
4221
4220
4219
4219
4218
4215
4214
4214
4210
4209
4208
4207
4207
4206
4204
4203
4202
4202
4202
4201
4201
4200
4200
4200
4200
4199
4198
4198
4196
4195
4194
4193
4193
4192
4192
4191
4190
4189
4187
4180
4179
4179
4178
4177
4177
4176
4176
4173
4173
4172
4171
4170
4170
4169
4169
4168
4167
4165
4163
4162
4162
4161
4161
4161
4160
4158
4157
4157
4155
4155
4154
4151
4150
4149
4145
4144
4144
4142
4142
4142
4141
4139
4138
4137
4137
4137
4136
4136
4134
4131
4129
4128
4127
4127
4127
4126
4120
4119
4119
4116
4115
4115
4114
4113
4111
4111
4110
4110
4110
4109
4108
4106
4104
4104
4103
4100
4097
4097
4097
4097
4097
4096
4095
4093
4092
4090
4089
4088
4088
4087
4087
4085
4083
4083
4081
4080
4080
4079
4079
4077
4076
4076
4075
4075
4074
4073
4070
4069
4066
4066
4062
4062
4062
4061
4061
4061
4060
4060
4059
4058
4057
4054
4053
4053
4052
4051
4050
4046
4046
4044
4043
4041
4039
4039
4037
4036
4034
4034
4033
4033
4031
4029
4028
4028
4027
4026
4026
4025
4024
4023
4022
4021
4020
4018
4017
4014
4014
4013
4012
4011
4010
4010
4010
4009
4009
4009
4007
4007
4006
4005
4005
4005
4005
4005
4005
4004
4004
4003
4001
3999
3998
3998
3997
3996
3994
3992
3992
3992
3991
3990
3988
3987
3986
3985
3985
3982
3982
3979
3979
3979
3978
3978
3977
3976
3976
3976
3975
3975
3975
3975
3975
3974
3972
3970
3968
3967
3966
3965
3963
3963
3956
3955
3954
3952
3951
3949
3949
3944
3943
3940
3939
3939
3937
3935
3935
3934
3933
3933
3931
3931
3930
3930
3929
3928
3928
3927
3924
3924
3924
3922
3922
3921
3921
3921
3920
3919
3919
3918
3917
3915
3914
3913
3912
3912
3911
3910
3909
3908
3908
3906
3906
3905
3901
3901
3900
3899
3895
3892
3891
3891
3889
3889
3888
3884
3884
3884
3881
3879
3878
3876
3876
3875
3874
3874
3873
3871
3870
3869
3869
3868
3868
3866
3866
3866
3863
3862
3861
3861
3858
3857
3855
3855
3854
3853
3852
3851
3850
3849
3848
3848
3847
3847
3846
3844
3843
3843
3843
3842
3841
3840
3840
3839
3838
3838
3838
3838
3837
3836
3836
3834
3833
3832
3831
3831
3830
3829
3827
3826
3825
3822
3821
3819
3819
3818
3816
3815
3814
3813
3812
3810
3809
3809
3808
3806
3806
3805
3805
3802
3802
3800
3800
3800
3799
3798
3798
3798
3797
3797
3796
3792
3790
3788
3787
3784
3783
3783
3782
3781
3780
3779
3777
3777
3777
3777
3777
3776
3773
3773
3772
3772
3771
3771
3770
3769
3768
3768
3768
3767
3767
3767
3766
3766
3765
3764
3762
3762
3761
3758
3757
3756
3756
3756
3755
3755
3754
3754
3754
3754
3753
3753
3751
3751
3751
3750
3749
3747
3746
3745
3744
3743
3739
3737
3737
3735
3733
3732
3731
3731
3729
3728
3727
3726
3726
3725
3724
3724
3723
3723
3722
3721
3721
3721
3719
3714
3710
3708
3708
3708
3707
3705
3704
3702
3702
3702
3700
3700
3699
3698
3697
3697
3693
3688
3684
3682
3681
3677
3676
3675
3675
3673
3673
3672
3672
3667
3665
3665
3664
3661
3657
3657
3656
3656
3656
3655
3655
3654
3653
3652
3651
3649
3648
3647
3646
3645
3645
3644
3643
3642
3641
3641
3641
3639
3637
3636
3635
3634
3634
3634
3634
3634
3633
3633
3632
3630
3629
3628
3627
3627
3627
3626
3625
3624
3621
3620
3619
3619
3618
3617
3617
3617
3614
3614
3613
3612
3610
3610
3609
3607
3607
3606
3606
3606
3605
3604
3602
3602
3602
3601
3599
3599
3599
3599
3597
3596
3595
3595
3595
3594
3593
3593
3591
3591
3590
3588
3588
3588
3584
3582
3581
3580
3578
3578
3577
3573
3573
3573
3571
3571
3571
3571
3570
3567
3567
3566
3565
3564
3562
3562
3561
3561
3560
3559
3558
3556
3556
3555
3555
3553
3553
3552
3551
3550
3550
3550
3549
3549
3548
3548
3548
3547
3545
3543
3542
3541
3541
3541
3540
3540
3539
3537
3537
3537
3535
3535
3533
3533
3525
3525
3524
3524
3524
3523
3520
3520
3520
3519
3519
3518
3517
3517
3517
3514
3512
3509
3509
3507
3506
3506
3505
3504
3504
3504
3503
3501
3497
3494
3493
3487
3486
3484
3484
3483
3482
3482
3479
3479
3478
3478
3477
3476
3475
3474
3474
3474
3472
3471
3470
3470
3470
3468
3468
3468
3468
3467
3466
3465
3465
3464
3463
3463
3460
3460
3460
3459
3458
3457
3456
3452
3452
3450
3450
3449
3449
3448
3448
3446
3446
3444
3441
3441
3441
3440
3440
3440
3439
3435
3435
3430
3430
3430
3429
3426
3425
3420
3420
3417
3416
3415
3414
3414
3413
3411
3409
3409
3408
3408
3407
3407
3404
3404
3402
3401
3400
3400
3400
3400
3399
3399
3397
3395
3394
3394
3391
3390
3388
3388
3387
3386
3384
3384
3383
3383
3382
3382
3382
3380
3380
3379
3377
3377
3377
3375
3374
3374
3373
3373
3372
3368
3365
3363
3363
3362
3357
3356
3355
3353
3353
3353
3350
3348
3348
3347
3347
3347
3346
3346
3344
3344
3343
3342
3340
3340
3340
3339
3338
3336
3336
3336
3336
3333
3331
3330
3329
3328
3327
3325
3325
3324
3323
3321
3321
3321
3320
3314
3314
3313
3313
3312
3312
3310
3308
3307
3307
3306
3306
3303
3303
3302
3300
3300
3300
3299
3297
3296
3296
3295
3295
3293
3292
3289
3288
3284
3283
3283
3283
3282
3282
3281
3280
3280
3280
3279
3279
3279
3278
3275
3273
3270
3269
3269
3269
3266
3266
3266
3265
3264
3264
3263
3261
3261
3261
3259
3259
3258
3258
3258
3258
3255
3254
3254
3253
3252
3248
3246
3242
3242
3242
3240
3240
3240
3239
3238
3237
3236
3234
3234
3233
3233
3232
3232
3229
3229
3228
3226
3225
3222
3222
3221
3221
3221
3220
3220
3220
3220
3220
3219
3218
3216
3216
3216
3215
3215
3214
3212
3210
3210
3209
3208
3206
3205
3205
3205
3204
3204
3203
3203
3202
3202
3200
3198
3197
3195
3195
3195
3194
3193
3193
3193
3192
3192
3191
3191
3191
3191
3191
3187
3187
3187
3186
3184
3181
3181
3180
3177
3177
3177
3174
3173
3173
3172
3172
3171
3170
3170
3168
3168
3168
3167
3167
3167
3167
3165
3161
3161
3160
3160
3158
3157
3157
3156
3154
3151
3150
3148
3144
3143
3141
3139
3139
3138
3136
3136
3136
3135
3134
3133
3133
3131
3131
3131
3129
3127
3126
3125
3123
3123
3122
3121
3120
3118
3118
3116
3116
3115
3115
3114
3113
3113
3112
3112
3112
3111
3110
3110
3110
3107
3107
3104
3104
3103
3099
3099
3098
3097
3096
3096
3094
3093
3092
3092
3092
3091
3091
3091
3090
3089
3087
3085
3085
3084
3084
3083
3082
3082
3080
3080
3079
3079
3077
3077
3076
3074
3074
3074
3072
3069
3065
3065
3064
3063
3062
3061
3061
3061
3060
3060
3059
3058
3057
3057
3054
3054
3054
3053
3050
3050
3049
3048
3047
3046
3046
3046
3045
3043
3043
3043
3041
3041
3040
3037
3034
3033
3033
3033
3032
3032
3029
3028
3027
3027
3024
3023
3022
3022
3018
3017
3017
3015
3014
3013
3013
3011
3010
3010
3010
3009
3009
3008
3008
3008
3007
3006
3005
3004
3003
3003
3002
3001
3001
3000
2996
2996
2994
2993
2993
2992
2992
2991
2990
2988
2987
2986
2985
2985
2982
2982
2982
2981
2981
2980
2980
2978
2978
2976
2974
2972
2970
2968
2967
2967
2967
2966
2966
2966
2966
2964
2963
2963
2960
2959
2958
2957
2956
2953
2950
2948
2947
2946
2946
2944
2943
2941
2940
2940
2940
2939
2937
2936
2935
2935
2934
2934
2933
2932
2932
2932
2931
2930
2929
2928
2928
2926
2925
2925
2921
2920
2919
2917
2915
2915
2913
2913
2913
2913
2912
2910
2910
2910
2909
2908
2907
2905
2902
2898
2898
2896
2896
2894
2894
2892
2892
2890
2889
2888
2888
2888
2887
2887
2887
2886
2885
2885
2884
2884
2883
2882
2880
2880
2879
2878
2878
2877
2876
2876
2874
2874
2873
2873
2873
2871
2871
2870
2869
2869
2867
2866
2864
2864
2864
2863
2861
2860
2860
2859
2858
2855
2854
2852
2852
2852
2850
2849
2846
2846
2846
2846
2845
2845
2843
2843
2842
2842
2842
2842
2841
2841
2841
2840
2839
2837
2835
2835
2834
2834
2833
2832
2830
2829
2829
2828
2828
2826
2825
2823
2822
2820
2819
2819
2819
2818
2817
2816
2816
2816
2815
2815
2814
2814
2813
2813
2813
2812
2811
2809
2806
2806
2806
2803
2802
2801
2800
2798
2798
2797
2797
2794
2792
2791
2790
2790
2788
2787
2786
2785
2783
2780
2780
2777
2777
2776
2775
2774
2774
2774
2774
2774
2772
2768
2768
2766
2766
2766
2765
2764
2757
2757
2756
2752
2751
2751
2751
2750
2749
2749
2748
2747
2747
2746
2745
2745
2744
2744
2742
2742
2740
2740
2739
2739
2737
2737
2735
2735
2733
2733
2733
2732
2731
2731
2730
2729
2728
2727
2725
2723
2722
2720
2719
2716
2716
2713
2713
2712
2711
2711
2710
2709
2709
2708
2708
2705
2701
2700
2700
2699
2699
2698
2698
2695
2695
2693
2692
2692
2688
2685
2685
2683
2682
2681
2680
2680
2679
2678
2677
2675
2675
2674
2673
2672
2672
2669
2669
2668
2668
2666
2666
2664
2664
2663
2662
2662
2659
2659
2657
2655
2655
2654
2654
2653
2650
2650
2649
2646
2644
2643
2640
2640
2640
2639
2638
2637
2635
2634
2633
2633
2633
2632
2629
2627
2625
2625
2624
2622
2614
2614
2613
2610
2610
2606
2605
2605
2603
2603
2601
2599
2599
2598
2597
2596
2596
2595
2594
2593
2592
2592
2590
2587
2584
2583
2582
2582
2581
2581
2581
2580
2569
2568
2568
2566
2563
2563
2561
2560
2560
2559
2559
2557
2556
2555
2555
2555
2553
2552
2552
2551
2550
2549
2547
2547
2546
2544
2544
2544
2543
2542
2542
2541
2539
2537
2537
2535
2534
2534
2533
2532
2532
2531
2530
2529
2528
2528
2526
2525
2524
2522
2520
2520
2519
2519
2517
2517
2516
2516
2513
2513
2510
2508
2508
2507
2507
2504
2504
2502
2501
2500
2499
2498
2497
2496
2496
2494
2492
2492
2491
2488
2488
2488
2487
2486
2486
2485
2483
2481
2479
2478
2477
2476
2475
2475
2474
2474
2471
2470
2468
2467
2464
2459
2459
2458
2456
2454
2454
2453
2453
2452
2452
2451
2450
2449
2449
2449
2447
2444
2443
2443
2442
2441
2441
2440
2437
2437
2436
2435
2435
2432
2431
2431
2431
2431
2430
2429
2428
2427
2426
2425
2425
2425
2425
2424
2423
2423
2422
2421
2421
2420
2419
2418
2418
2417
2416
2414
2414
2414
2413
2411
2410
2408
2404
2404
2404
2404
2401
2399
2397
2394
2394
2393
2393
2393
2392
2392
2390
2389
2387
2383
2381
2381
2380
2379
2379
2378
2377
2377
2370
2370
2370
2365
2365
2364
2364
2363
2362
2362
2362
2361
2360
2360
2359
2358
2358
2355
2354
2354
2352
2351
2350
2349
2348
2346
2345
2345
2344
2342
2342
2340
2338
2337
2337
2336
2336
2336
2334
2334
2333
2333
2333
2331
2331
2331
2329
2328
2328
2327
2327
2326
2326
2325
2325
2324
2322
2318
2317
2315
2313
2313
2308
2308
2308
2307
2307
2306
2306
2306
2305
2305
2305
2304
2302
2302
2300
2300
2298
2298
2298
2297
2297
2296
2295
2295
2295
2293
2292
2289
2288
2288
2288
2287
2287
2287
2287
2285
2283
2283
2282
2282
2281
2280
2280
2279
2279
2278
2278
2277
2276
2275
2275
2274
2274
2273
2273
2273
2272
2271
2269
2267
2265
2262
2262
2261
2260
2260
2259
2256
2256
2256
2256
2255
2255
2255
2255
2254
2254
2253
2253
2253
2250
2248
2248
2248
2248
2247
2247
2246
2246
2245
2244
2241
2239
2238
2237
2237
2234
2234
2231
2231
2231
2230
2230
2229
2228
2223
2221
2221
2220
2219
2218
2218
2216
2215
2215
2213
2212
2211
2211
2210
2207
2207
2202
2201
2199
2199
2198
2198
2197
2196
2196
2196
2195
2194
2193
2193
2193
2193
2193
2192
2192
2191
2189
2188
2187
2187
2183
2182
2182
2182
2180
2180
2176
2174
2172
2172
2171
2169
2168
2168
2167
2164
2162
2162
2161
2160
2160
2160
2159
2157
2156
2156
2155
2155
2155
2154
2154
2152
2152
2152
2150
2150
2149
2146
2144
2144
2143
2142
2140
2140
2139
2138
2136
2135
2132
2131
2130
2129
2128
2127
2127
2126
2122
2122
2121
2121
2121
2121
2120
2118
2117
2117
2117
2116
2115
2113
2112
2111
2109
2109
2107
2107
2105
2104
2102
2100
2099
2099
2098
2098
2095
2095
2094
2094
2093
2092
2092
2090
2090
2089
2086
2086
2085
2083
2083
2082
2081
2079
2079
2077
2074
2073
2073
2073
2072
2072
2071
2069
2069
2067
2066
2065
2064
2064
2062
2060
2060
2059
2059
2056
2054
2053
2049
2048
2048
2047
2046
2045
2045
2044
2044
2041
2041
2041
2039
2039
2038
2037
2036
2035
2034
2033
2031
2031
2028
2025
2025
2024
2018
2018
2016
2015
2013
2013
2012
2011
2010
2010
2008
2004
2004
2004
2003
2002
2002
2002
2001
2000
2000
1997
1996
1996
1994
1994
1994
1993
1993
1991
1990
1990
1989
1989
1985
1984
1984
1984
1983
1979
1978
1977
1975
1974
1974
1972
1971
1968
1968
1966
1965
1965
1965
1964
1963
1962
1961
1961
1958
1958
1957
1955
1955
1954
1954
1953
1952
1951
1951
1949
1948
1947
1947
1944
1944
1944
1944
1943
1939
1939
1937
1936
1934
1933
1932
1930
1929
1928
1927
1926
1924
1924
1923
1921
1921
1920
1919
1918
1917
1915
1915
1914
1914
1912
1912
1911
1911
1910
1910
1909
1908
1906
1906
1906
1905
1905
1905
1904
1904
1903
1903
1902
1901
1900
1900
1899
1898
1897
1895
1894
1893
1893
1893
1891
1890
1889
1887
1886
1884
1884
1883
1883
1882
1881
1880
1880
1878
1877
1877
1876
1875
1874
1873
1870
1870
1869
1868
1868
1868
1867
1867
1866
1866
1864
1863
1863
1862
1860
1857
1856
1855
1854
1853
1850
1847
1846
1846
1844
1844
1844
1843
1843
1842
1841
1841
1840
1839
1839
1838
1837
1836
1836
1836
1835
1834
1834
1833
1833
1831
1830
1830
1821
1820
1818
1815
1815
1813
1813
1813
1813
1811
1810
1810
1809
1808
1808
1808
1807
1804
1803
1802
1797
1797
1796
1796
1794
1793
1791
1791
1791
1790
1789
1789
1788
1786
1786
1785
1784
1783
1782
1781
1780
1779
1778
1776
1775
1775
1774
1773
1770
1770
1769
1769
1769
1767
1767
1766
1765
1764
1761
1759
1758
1757
1755
1754
1753
1753
1750
1750
1747
1747
1746
1745
1745
1743
1742
1741
1739
1738
1738
1735
1734
1734
1733
1732
1732
1732
1731
1731
1730
1729
1727
1726
1725
1725
1725
1724
1723
1723
1723
1721
1719
1717
1716
1714
1714
1710
1710
1710
1707
1705
1705
1702
1701
1696
1695
1694
1694
1692
1690
1689
1687
1686
1685
1680
1679
1677
1677
1677
1676
1671
1671
1670
1670
1668
1667
1666
1666
1666
1666
1665
1665
1664
1663
1662
1661
1660
1658
1657
1657
1655
1655
1651
1649
1649
1647
1642
1640
1640
1639
1635
1633
1632
1632
1632
1631
1630
1628
1627
1627
1627
1626
1625
1624
1623
1622
1622
1620
1617
1617
1616
1616
1614
1614
1613
1611
1610
1609
1608
1607
1605
1604
1604
1602
1601
1601
1600
1600
1599
1597
1596
1596
1595
1594
1594
1590
1590
1590
1589
1588
1586
1586
1583
1580
1580
1579
1579
1579
1578
1578
1575
1573
1571
1571
1568
1568
1567
1566
1564
1564
1563
1562
1560
1560
1559
1557
1557
1557
1556
1555
1554
1554
1553
1551
1551
1550
1550
1549
1547
1545
1545
1544
1540
1539
1539
1538
1536
1534
1534
1533
1533
1531
1531
1531
1530
1530
1528
1526
1526
1525
1524
1523
1523
1523
1522
1522
1521
1519
1518
1517
1515
1514
1513
1512
1511
1511
1510
1508
1508
1508
1508
1507
1507
1506
1504
1504
1503
1501
1501
1501
1499
1499
1496
1496
1495
1495
1494
1494
1493
1493
1492
1491
1490
1490
1490
1489
1489
1489
1489
1488
1488
1487
1486
1485
1483
1481
1481
1481
1480
1477
1477
1474
1470
1469
1469
1469
1467
1466
1466
1465
1462
1460
1460
1460
1459
1458
1457
1457
1454
1453
1452
1451
1450
1450
1450
1450
1449
1448
1448
1447
1447
1446
1445
1445
1443
1443
1442
1439
1439
1439
1438
1436
1436
1432
1431
1431
1431
1430
1429
1428
1427
1424
1424
1420
1419
1418
1414
1413
1411
1409
1408
1408
1408
1408
1407
1403
1401
1401
1400
1400
1399
1398
1397
1397
1394
1393
1393
1393
1393
1392
1392
1391
1390
1389
1388
1388
1387
1383
1383
1383
1383
1382
1381
1380
1379
1378
1374
1371
1371
1371
1370
1370
1370
1368
1366
1366
1365
1364
1364
1364
1363
1363
1363
1362
1362
1362
1361
1360
1358
1357
1356
1355
1355
1353
1353
1351
1348
1345
1344
1343
1340
1337
1335
1335
1335
1335
1333
1332
1330
1330
1328
1327
1327
1326
1324
1322
1322
1320
1318
1314
1311
1310
1309
1308
1307
1306
1305
1305
1305
1305
1303
1301
1300
1300
1299
1298
1297
1297
1296
1295
1291
1288
1288
1287
1287
1286
1282
1282
1279
1278
1278
1277
1275
1274
1274
1273
1273
1272
1269
1268
1267
1263
1262
1262
1261
1261
1258
1257
1256
1256
1254
1250
1246
1245
1244
1242
1242
1239
1238
1237
1237
1237
1237
1237
1235
1234
1234
1234
1234
1231
1231
1231
1228
1226
1226
1226
1225
1225
1225
1224
1224
1223
1221
1220
1218
1217
1217
1216
1215
1213
1213
1213
1211
1210
1209
1209
1209
1208
1207
1205
1205
1205
1204
1204
1203
1201
1199
1198
1197
1196
1196
1194
1194
1194
1194
1190
1190
1189
1189
1186
1186
1180
1179
1178
1178
1176
1175
1173
1172
1172
1171
1170
1170
1169
1168
1167
1167
1165
1163
1163
1162
1161
1161
1161
1160
1160
1158
1157
1156
1155
1154
1154
1152
1150
1146
1146
1146
1146
1146
1145
1145
1143
1143
1142
1141
1140
1140
1139
1139
1138
1137
1137
1136
1135
1133
1132
1130
1130
1130
1128
1128
1127
1126
1125
1122
1122
1121
1121
1120
1119
1118
1118
1115
1115
1115
1115
1113
1113
1111
1109
1108
1108
1106
1106
1105
1105
1105
1105
1104
1104
1104
1101
1101
1101
1100
1100
1097
1096
1096
1095
1094
1094
1093
1093
1093
1091
1088
1087
1086
1083
1083
1081
1081
1077
1076
1076
1074
1074
1073
1073
1072
1071
1070
1069
1069
1068
1068
1067
1066
1065
1064
1064
1064
1058
1057
1056
1053
1052
1052
1052
1051
1049
1049
1045
1042
1041
1040
1040
1037
1037
1035
1034
1034
1034
1031
1030
1028
1027
1025
1024
1023
1023
1022
1021
1021
1021
1020
1019
1015
1013
1012
1011
1011
1010
1008
1007
1006
1005
1004
1003
1002
1002
1000
998
998
996
996
995
995
994
994
992
992
991
991
991
990
989
989
987
986
984
984
983
983
981
981
980
979
979
978
978
978
977
977
976
975
971
971
970
969
968
963
963
961
961
960
960
957
957
956
956
955
953
953
953
951
950
950
949
949
948
944
944
943
941
941
941
939
938
937
937
936
931
930
928
927
926
925
924
924
923
923
920
920
919
918
918
918
917
914
912
910
909
908
907
904
902
902
902
902
899
898
896
894
893
893
889
888
887
886
885
881
880
879
878
878
877
876
876
875
873
873
872
870
869
869
867
866
865
863
860
860
857
857
856
853
851
849
849
847
847
846
842
837
835
833
832
831
831
830
828
828
827
827
827
826
825
824
824
823
822
819
819
819
817
816
812
810
810
810
810
810
810
809
808
808
804
803
802
802
802
799
799
799
798
797
797
795
795
790
789
789
789
789
788
787
786
784
784
783
782
782
781
779
778
777
777
777
776
775
775
773
773
773
770
769
769
768
767
767
766
765
765
765
764
763
763
762
760
758
755
755
754
753
753
753
753
753
752
751
749
748
748
746
745
744
742
740
739
737
734
734
733
733
732
731
730
730
727
726
726
725
725
723
722
721
720
719
718
717
714
713
710
707
706
706
704
703
701
699
699
698
697
694
692
691
690
687
685
685
685
684
684
684
681
680
680
680
679
676
673
673
673
672
672
672
671
671
671
670
669
669
665
663
663
662
661
660
660
659
659
659
658
657
655
655
655
655
655
654
652
652
651
651
651
649
649
648
646
646
646
645
645
642
642
641
640
638
637
636
635
634
634
633
632
629
629
628
628
628
624
622
621
620
619
618
618
617
616
614
613
612
610
609
609
607
607
607
606
606
605
605
603
602
602
601
601
601
599
599
599
599
598
596
595
595
594
593
593
593
593
587
587
587
586
583
582
581
580
579
577
575
574
574
573
572
569
569
568
567
563
562
561
559
558
557
556
555
555
553
553
551
551
551
551
549
549
546
546
545
544
544
543
543
542
541
541
539
539
539
539
538
537
535
535
535
535
533
531
531
529
528
527
527
527
526
526
526
525
524
524
522
519
519
519
518
518
517
517
516
516
515
514
512
510
509
508
507
506
506
505
505
505
504
504
504
503
502
502
499
498
496
492
488
488
488
487
485
483
483
481
479
478
477
476
476
474
474
474
473
472
471
470
470
469
468
467
464
463
463
463
462
461
460
460
459
459
457
456
456
456
455
454
454
453
450
447
445
445
444
444
444
443
442
441
440
439
438
437
437
436
434
434
434
433
432
432
429
429
428
428
427
426
426
426
424
424
423
423
422
422
421
420
418
418
418
417
417
417
415
415
414
413
412
411
410
408
408
407
406
406
403
401
397
396
395
391
391
391
390
389
389
389
388
388
388
387
387
387
386
386
386
384
382
380
379
377
376
375
375
375
375
374
373
372
372
368
366
365
364
363
362
361
358
357
356
355
354
352
352
351
351
350
349
349
349
348
346
345
345
345
345
344
344
343
342
342
339
338
336
336
335
333
331
331
330
330
327
327
327
325
321
321
319
318
318
318
318
318
316
313
312
311
310
309
308
308
305
304
304
303
303
302
302
299
297
296
295
295
294
294
294
292
292
291
288
286
284
282
281
280
278
277
277
276
275
275
273
273
270
268
266
261
261
260
260
260
258
257
252
250
250
249
249
247
247
243
243
242
241
241
240
239
239
239
238
235
235
233
232
231
230
229
225
225
222
222
222
220
220
219
219
218
216
214
213
211
210
209
209
208
207
201
200
199
197
196
195
195
194
192
192
190
189
188
183
183
183
182
182
182
181
180
178
177
176
174
174
173
168
167
164
162
162
160
159
158
158
158
158
156
155
155
153
151
151
150
147
146
145
144
142
141
140
139
138
138
138
138
135
135
134
132
132
131
130
130
130
129
129
129
125
123
123
122
121
121
120
120
120
119
119
119
119
118
118
117
117
114
113
113
111
111
110
110
110
108
106
106
105
105
102
102
101
101
100
98
97
96
95
93
92
91
91
90
89
89
89
88
86
85
83
83
82
81
81
80
80
78
78
76
76
75
73
73
73
72
71
70
69
69
69
67
65
65
65
64
64
64
63
63
61
60
57
57
57
57
56
56
55
55
51
47
46
46
46
45
44
43
43
42
42
41
39
39
38
38
38
37
37
37
37
36
35
34
33
33
32
31
31
30
29
27
26
25
25
25
25
24
22
22
22
21
21
18
18
17
17
16
15
14
14
14
12
11
10
10
10
9
8
7
6
4
2
2
1