1
4
5
6
6
8
9
9
9
10
10
11
14
19
22
23
24
25
27
27
27
27
29
29
30
30
31
31
34
34
35
35
36
36
36
36
38
38
38
39
40
41
43
43
45
46
46
47
47
47
48
49
49
50
50
51
51
52
53
53
59
63
64
64
65
66
67
68
68
68
68
70
71
71
72
72
73
75
75
75
78
78
79
80
80
81
82
83
83
84
84
86
88
88
89
91
91
93
93
94
95
95
96
96
97
97
98
99
100
101
101
101
102
102
103
105
105
107
107
110
110
111
113
115
115
116
116
116
116
119
120
124
125
125
125
126
127
128
130
131
131
131
133
134
135
136
138
139
139
139
140
140
140
143
144
147
148
149
150
150
151
151
151
153
153
153
154
158
161
162
164
164
168
170
171
172
174
175
176
176
177
178
180
181
181
182
182
185
186
186
190
192
192
193
193
195
196
199
200
200
201
202
202
204
204
205
205
206
206
207
207
208
209
209
210
211
212
212
214
214
215
216
217
219
220
221
222
222
223
223
224
224
224
226
227
230
231
232
233
235
235
236
236
236
237
237
237
240
243
244
245
247
248
248
249
249
249
251
252
253
253
254
254
254
254
255
255
256
257
259
259
261
262
264
264
266
267
268
269
269
270
271
273
273
275
276
277
277
277
278
279
279
280
283
283
285
287
287
287
290
290
290
290
290
294
296
296
296
297
299
299
299
301
301
303
303
304
304
305
306
306
307
308
308
310
311
311
312
314
315
316
318
318
319
320
320
320
321
322
322
325
326
326
328
329
331
331
332
332
335
335
337
337
338
338
340
341
348
348
349
349
350
351
352
354
354
354
357
359
359
359
361
362
362
363
363
365
365
366
367
368
369
369
369
370
371
373
374
375
376
378
379
380
382
382
384
384
388
390
393
393
393
396
396
396
397
398
399
400
400
402
404
405
405
408
410
410
410
411
413
413
414
415
416
418
418
418
418
420
421
422
422
422
424
426
428
430
432
434
434
435
435
436
439
441
443
443
445
447
449
450
450
453
453
453
454
455
457
457
458
462
463
464
465
466
466
467
467
469
470
473
474
474
476
477
478
478
479
480
480
481
482
482
483
483
486
486
486
487
488
488
490
490
490
491
491
493
495
495
495
498
498
498
498
499
500
500
501
502
502
503
504
504
504
504
505
506
510
511
514
516
516
519
520
521
522
523
524
527
532
532
533
536
536
537
537
538
539
539
541
541
541
541
543
543
543
544
546
548
550
552
552
554
555
555
557
558
558
558
559
559
559
560
562
564
565
567
568
568
570
570
571
573
576
578
579
580
581
583
583
584
584
585
587
589
589
591
591
591
592
592
594
595
596
597
599
599
600
600
600
601
602
602
603
603
603
605
605
606
608
609
609
609
611
611
611
613
614
614
615
615
616
617
620
620
621
623
623
623
623
624
626
627
629
629
629
630
630
631
632
633
634
635
636
637
637
639
640
641
642
642
643
644
645
645
646
646
647
650
652
652
656
657
660
667
667
667
669
669
670
670
672
672
673
674
675
676
678
678
679
682
683
684
684
686
686
688
691
691
692
693
693
694
695
695
695
696
696
697
699
699
700
703
706
709
710
711
711
711
712
713
713
714
716
718
719
722
723
723
724
725
725
725
725
726
726
727
730
731
733
733
733
733
734
735
735
738
739
741
741
742
745
745
746
747
748
749
750
752
754
756
759
759
760
760
761
762
764
764
765
765
765
766
767
767
768
769
770
770
770
771
772
774
775
776
786
788
790
790
791
791
793
795
799
800
804
804
805
806
806
808
808
809
810
810
810
810
810
812
813
813
816
816
819
819
820
820
820
822
822
823
824
824
825
826
827
828
830
831
832
833
833
835
836
836
836
837
837
838
840
841
841
843
844
844
844
846
849
849
853
853
855
855
855
855
855
855
856
858
858
860
861
862
866
866
866
866
870
871
880
881
881
882
883
883
883
884
885
886
887
888
889
890
891
891
894
895
896
897
897
898
899
900
900
900
901
902
903
903
904
904
906
906
909
910
911
911
913
915
915
915
918
918
919
920
921
922
923
923
924
924
926
928
928
929
931
931
931
933
934
935
937
939
940
941
943
945
949
949
950
950
951
951
951
951
951
951
951
952
952
952
953
955
955
956
958
958
961
962
962
965
965
966
967
967
970
971
972
973
975
975
977
978
978
979
981
981
981
982
985
985
986
988
989
989
991
991
992
992
993
993
993
996
997
998
1000
1000
1001
1002
1004
1007
1008
1008
1008
1009
1010
1010
1011
1011
1013
1013
1014
1015
1015
1019
1021
1021
1022
1023
1024
1025
1026
1026
1029
1032
1032
1032
1034
1034
1034
1036
1039
1040
1041
1041
1045
1046
1047
1048
1048
1048
1049
1050
1051
1055
1062
1063
1064
1065
1065
1066
1066
1068
1069
1069
1070
1072
1074
1075
1077
1077
1077
1082
1083
1083
1085
1087
1088
1088
1088
1088
1091
1091
1091
1092
1093
1096
1096
1098
1098
1099
1100
1101
1101
1103
1103
1104
1104
1104
1105
1105
1107
1109
1111
1111
1112
1112
1112
1113
1113
1113
1114
1114
1115
1118
1118
1120
1120
1121
1121
1121
1121
1122
1122
1124
1125
1127
1130
1131
1131
1131
1131
1133
1136
1140
1142
1142
1143
1144
1145
1145
1147
1149
1151
1151
1152
1155
1155
1155
1155
1156
1156
1157
1159
1160
1161
1163
1165
1166
1166
1168
1169
1169
1170
1170
1171
1172
1175
1176
1176
1176
1177
1177
1178
1179
1179
1180
1180
1180
1180
1181
1181
1182
1184
1184
1184
1184
1186
1186
1186
1188
1188
1189
1189
1193
1194
1196
1196
1197
1199
1205
1208
1208
1210
1212
1212
1213
1214
1215
1217
1218
1218
1219
1219
1221
1222
1223
1226
1226
1228
1229
1230
1231
1234
1234
1234
1235
1236
1236
1237
1237
1239
1242
1245
1245
1246
1246
1247
1247
1248
1248
1249
1249
1250
1250
1251
1252
1252
1253
1253
1254
1255
1256
1258
1258
1259
1259
1261
1263
1263
1265
1268
1270
1271
1272
1273
1274
1274
1274
1275
1276
1276
1279
1279
1281
1281
1281
1282
1283
1283
1283
1284
1285
1286
1286
1286
1288
1290
1290
1290
1290
1291
1293
1293
1296
1297
1298
1298
1298
1299
1299
1300
1300
1301
1304
1306
1306
1306
1309
1309
1310
1312
1316
1317
1317
1318
1319
1321
1321
1322
1322
1323
1323
1325
1326
1328
1329
1329
1329
1330
1332
1332
1335
1336
1336
1337
1338
1338
1339
1340
1341
1342
1347
1350
1351
1354
1354
1354
1356
1356
1357
1357
1360
1360
1361
1361
1362
1362
1362
1363
1363
1367
1367
1367
1369
1369
1371
1373
1374
1375
1376
1377
1380
1380
1381
1381
1384
1384
1385
1385
1385
1386
1386
1389
1391
1392
1392
1393
1394
1394
1395
1396
1396
1396
1397
1400
1402
1403
1403
1403
1403
1403
1405
1406
1406
1408
1409
1409
1411
1412
1412
1413
1413
1414
1414
1414
1416
1418
1420
1420
1420
1421
1421
1422
1423
1424
1425
1425
1426
1426
1428
1429
1431
1431
1433
1434
1436
1437
1438
1438
1438
1439
1439
1439
1440
1441
1442
1442
1443
1444
1445
1448
1449
1450
1450
1450
1451
1451
1451
1452
1454
1456
1457
1458
1458
1459
1459
1462
1462
1463
1466
1467
1468
1469
1470
1472
1473
1474
1475
1477
1478
1480
1482
1485
1486
1489
1491
1492
1492
1492
1493
1493
1493
1495
1495
1496
1497
1499
1500
1500
1502
1503
1503
1504
1505
1507
1508
1509
1509
1509
1511
1512
1512
1513
1513
1514
1515
1515
1515
1515
1520
1521
1522
1522
1525
1526
1526
1527
1529
1532
1533
1534
1535
1535
1538
1538
1539
1539
1540
1541
1544
1544
1545
1546
1546
1547
1549
1551
1553
1554
1555
1555
1558
1559
1559
1560
1562
1562
1564
1566
1568
1569
1569
1569
1570
1571
1572
1574
1576
1577
1578
1578
1578
1580
1582
1583
1585
1586
1587
1587
1591
1591
1592
1593
1595
1596
1596
1597
1598
1598
1602
1603
1603
1604
1605
1605
1606
1608
1608
1608
1608
1609
1609
1610
1610
1610
1611
1613
1613
1614
1614
1614
1617
1618
1619
1620
1620
1622
1624
1624
1624
1625
1627
1627
1627
1629
1629
1630
1633
1633
1637
1638
1639
1640
1641
1642
1643
1644
1644
1647
1648
1648
1650
1652
1652
1652
1652
1654
1654
1656
1656
1659
1660
1661
1664
1664
1664
1665
1665
1666
1666
1666
1667
1668
1669
1671
1671
1671
1672
1672
1673
1676
1676
1678
1678
1678
1679
1683
1683
1684
1686
1688
1690
1690
1691
1691
1691
1692
1695
1697
1698
1699
1699
1700
1702
1705
1705
1706
1706
1707
1709
1713
1714
1714
1716
1716
1717
1719
1720
1721
1721
1722
1722
1723
1724
1724
1725
1726
1727
1728
1728
1729
1729
1729
1731
1731
1733
1734
1734
1736
1738
1739
1741
1742
1743
1743
1743
1744
1744
1745
1746
1747
1747
1748
1748
1748
1749
1749
1750
1751
1752
1752
1758
1758
1758
1759
1760
1760
1761
1761
1762
1762
1763
1767
1769
1770
1771
1771
1771
1772
1772
1773
1774
1776
1776
1778
1778
1780
1781
1782
1782
1782
1785
1789
1791
1791
1791
1792
1792
1792
1794
1798
1799
1801
1803
1803
1803
1805
1807
1809
1810
1810
1811
1811
1811
1812
1814
1815
1816
1817
1818
1819
1820
1820
1820
1821
1821
1821
1822
1822
1822
1823
1823
1824
1825
1825
1826
1826
1826
1827
1828
1828
1829
1829
1830
1830
1831
1831
1832
1835
1836
1836
1836
1836
1837
1838
1838
1839
1840
1840
1841
1841
1842
1843
1843
1845
1845
1845
1845
1846
1846
1846
1847
1848
1850
1851
1853
1854
1854
1855
1856
1856
1858
1858
1859
1861
1863
1863
1864
1865
1866
1867
1869
1869
1869
1871
1871
1872
1873
1875
1876
1876
1876
1878
1879
1879
1880
1882
1882
1885
1886
1888
1889
1889
1890
1891
1891
1892
1892
1893
1893
1895
1896
1896
1896
1896
1898
1901
1902
1902
1903
1903
1903
1906
1907
1907
1907
1907
1913
1914
1915
1916
1916
1917
1917
1918
1919
1919
1919
1924
1924
1925
1925
1927
1927
1928
1928
1929
1930
1932
1936
1938
1941
1941
1941
1941
1942
1943
1943
1943
1944
1945
1945
1946
1947
1947
1947
1948
1949
1950
1950
1952
1954
1954
1955
1956
1956
1957
1959
1961
1961
1961
1964
1964
1964
1965
1966
1972
1972
1972
1973
1975
1977
1978
1978
1978
1979
1979
1979
1979
1982
1982
1983
1983
1984
1985
1986
1986
1988
1988
1991
1992
1994
1995
1996
1996
1997
1997
1998
1998
1
2
3
3
5
5
7
9
9
10
11
11
11
15
16
16
16
17
18
25
25
26
27
33
36
38
38
40
41
43
43
44
46
47
47
47
48
48
49
49
50
51
52
53
53
54
54
55
55
56
60
62
64
65
69
71
72
73
73
76
76
76
77
77
78
79
81
83
83
84
84
84
85
86
87
88
89
90
91
92
93
93
94
95
96
97
97
98
98
98
103
104
105
105
106
106
106
109
112
112
114
116
116
117
117
122
124
124
126
127
127
127
128
128
130
130
132
133
134
134
136
136
137
138
138
139
141
141
142
142
143
143
143
144
145
145
145
146
146
148
150
151
151
152
152
155
157
159
160
160
161
164
164
166
166
166
168
169
170
171
172
172
172
172
174
176
179
179
180
181
182
182
183
186
187
188
188
189
189
191
194
195
195
197
198
199
199
200
200
202
202
202
202
203
205
206
207
208
209
210
212
212
212
212
212
213
214
215
215
216
217
218
218
218
220
222
223
223
227
227
228
229
229
230
232
232
232
233
234
234
234
235
235
235
238
238
238
242
243
245
246
247
248
249
249
250
251
251
252
252
253
254
258
259
259
259
259
260
262
263
263
265
265
266
267
269
269
270
271
273
274
277
279
279
280
280
280
282
283
283
283
283
284
285
286
287
289
290
292
292
293
294
294
295
295
295
297
297
297
299
302
302
304
304
304
305
305
305
306
307
308
308
308
309
313
314
315
316
316
317
319
320
320
322
323
324
327
327
327
331
331
331
331
332
336
337
337
337
337
341
345
346
347
350
351
352
352
354
354
354
355
356
357
357
366
369
369
370
370
371
371
371
373
373
375
376
376
380
381
384
388
389
389
389
390
390
391
391
393
394
394
395
395
396
398
398
399
400
400
403
403
403
404
405
405
406
407
408
408
408
409
409
412
416
416
417
417
420
420
420
425
426
427
427
428
428
429
429
432
433
435
435
436
436
437
439
439
441
442
443
443
444
446
446
449
450
451
452
454
455
456
456
463
464
466
467
468
469
471
471
474
475
475
476
478
479
479
479
485
486
488
491
492
493
493
495
495
496
496
497
497
499
499
501
501
502
505
506
506
506
509
509
510
510
510
511
511
512
512
512
514
515
518
519
520
520
521
522
523
524
524
524
525
526
528
529
530
533
537
539
540
542
543
544
544
544
546
546
546
547
547
548
550
550
551
551
552
553
553
554
554
554
555
555
556
556
556
556
559
560
561
562
564
565
566
566
569
569
569
571
571
574
575
576
576
579
580
580
582
583
585
586
587
589
589
589
589
589
590
592
592
593
593
593
593
595
596
597
598
600
601
602
603
605
605
605
607
607
608
608
612
612
612
613
616
617
618
618
619
620
620
621
622
623
623
625
626
628
629
630
630
632
633
634
636
636
637
641
643
643
644
646
649
653
653
653
653
653
656
657
659
659
660
660
660
661
664
664
666
666
666
666
666
668
671
671
676
676
679
680
681
681
681
681
682
682
684
688
690
691
694
695
701
701
701
702
703
704
704
705
706
707
707
707
709
709
709
710
710
710
710
710
711
711
711
711
713
713
714
714
716
716
716
716
717
717
718
718
720
721
721
722
723
723
724
725
725
727
727
728
728
728
728
729
730
731
733
734
734
737
738
738
739
739
739
741
742
742
745
746
746
746
747
747
748
749
750
751
751
752
754
755
757
758
758
758
758
760
761
762
764
764
766
766
766
767
770
770
771
773
774
776
776
777
777
778
779
781
782
783
783
784
784
785
785
786
786
788
790
791
792
792
794
794
795
795
795
797
799
801
801
802
804
805
805
806
806
806
807
808
809
812
816
818
818
820
820
820
820
820
821
821
822
823
823
824
826
826
826
826
827
827
828
831
832
833
837
837
837
838
839
841
842
845
845
845
846
847
847
847
848
848
850
850
850
850
852
855
858
859
861
867
867
867
867
867
868
869
869
869
870
870
871
875
875
876
876
877
878
878
878
881
882
882
883
884
887
890
892
894
894
894
895
898
900
900
903
904
904
906
907
909
910
911
911
911
913
914
915
915
915
916
917
918
920
921
922
923
923
923
924
926
929
929
930
931
931
933
933
933
933
934
934
934
934
936
937
939
939
940
942
943
947
947
950
951
954
954
954
955
955
956
956
957
957
958
958
960
961
962
962
962
964
965
966
967
967
969
969
970
970
971
972
975
978
980
981
981
981
981
986
991
992
992
994
994
994
996
996
996
998
999
999
999
999
1000
1002
1003
1003
1004
1006
1006
1006
1007
1009
1011
1011
1012
1012
1015
1015
1015
1016
1016
1016
1016
1016
1018
1019
1019
1021
1023
1023
1024
1026
1026
1026
1027
1029
1030
1032
1032
1034
1034
1034
1034
1035
1035
1038
1039
1040
1048
1048
1049
1049
1050
1052
1052
1053
1055
1055
1057
1058
1062
1062
1063
1063
1064
1065
1066
1066
1068
1070
1072
1072
1072
1074
1074
1074
1074
1075
1076
1076
1078
1078
1080
1081
1084
1084
1089
1089
1092
1092
1093
1093
1093
1094
1096
1096
1096
1097
1097
1100
1100
1101
1103
1103
1106
1106
1106
1107
1108
1109
1109
1109
1111
1112
1113
1114
1115
1115
1115
1116
1117
1117
1118
1119
1119
1122
1125
1125
1126
1127
1128
1128
1129
1131
1131
1133
1133
1135
1135
1136
1137
1138
1138
1139
1139
1139
1141
1142
1144
1145
1145
1148
1149
1149
1150
1151
1151
1151
1151
1152
1154
1154
1155
1156
1157
1157
1161
1162
1163
1163
1168
1168
1170
1171
1171
1172
1175
1176
1176
1179
1180
1180
1181
1182
1185
1186
1186
1188
1189
1189
1190
1192
1192
1192
1193
1195
1199
1199
1202
1203
1204
1204
1205
1206
1206
1210
1211
1213
1213
1214
1215
1215
1216
1216
1217
1219
1219
1220
1221
1226
1227
1228
1229
1230
1232
1232
1233
1233
1236
1237
1238
1240
1240
1241
1242
1242
1244
1245
1247
1249
1250
1250
1254
1255
1255
1256
1257
1257
1259
1260
1261
1262
1262
1264
1265
1265
1265
1266
1268
1271
1271
1271
1271
1273
1274
1274
1274
1276
1279
1280
1280
1280
1282
1282
1284
1284
1284
1284
1284
1285
1287
1287
1287
1288
1289
1290
1290
1291
1294
1295
1296
1298
1299
1299
1300
1300
1300
1301
1303
1303
1304
1306
1306
1307
1308
1311
1311
1312
1313
1315
1315
1315
1317
1317
1318
1319
1320
1321
1322
1324
1324
1325
1325
1326
1327
1327
1327
1327
1328
1331
1334
1337
1342
1342
1345
1346
1346
1346
1347
1347
1349
1351
1352
1352
1352
1353
1354
1356
1356
1356
1358
1358
1359
1359
1359
1362
1362
1363
1364
1366
1367
1367
1368
1369
1369
1370
1370
1370
1370
1370
1372
1373
1373
1373
1373
1374
1375
1376
1378
1378
1380
1382
1383
1385
1387
1389
1391
1392
1393
1393
1395
1397
1398
1399
1403
1403
1404
1406
1406
1411
1411
1411
1411
1412
1413
1414
1414
1416
1417
1418
1421
1421
1423
1423
1423
1424
1425
1427
1428
1430
1430
1431
1431
1431
1432
1433
1434
1435
1435
1435
1439
1439
1439
1441
1442
1443
1444
1444
1445
1446
1447
1447
1448
1449
1450
1454
1457
1458
1459
1461
1462
1462
1462
1462
1463
1464
1465
1466
1469
1469
1470
1471
1471
1472
1472
1473
1474
1474
1474
1474
1475
1475
1477
1480
1481
1483
1484
1484
1484
1488
1488
1488
1488
1490
1490
1491
1492
1493
1493
1494
1498
1498
1502
1504
1505
1506
1506
1507
1509
1509
1509
1510
1511
1511
1512
1513
1513
1513
1513
1515
1515
1519
1520
1520
1522
1522
1523
1524
1527
1528
1528
1529
1529
1530
1530
1533
1533
1533
1533
1536
1538
1538
1539
1539
1541
1541
1542
1545
1545
1545
1546
1547
1547
1550
1551
1551
1551
1553
1553
1554
1554
1554
1554
1556
1556
1556
1559
1560
1561
1561
1564
1564
1564
1565
1565
1565
1568
1568
1568
1570
1571
1572
1576
1576
1577
1577
1578
1578
1581
1582
1582
1582
1582
1584
1584
1586
1586
1590
1590
1590
1592
1592
1592
1594
1595
1597
1597
1597
1598
1600
1603
1603
1604
1604
1605
1606
1606
1607
1608
1608
1608
1609
1612
1612
1618
1618
1618
1619
1621
1621
1621
1621
1624
1624
1625
1625
1626
1627
1631
1631
1632
1632
1634
1634
1634
1636
1637
1637
1638
1639
1641
1642
1645
1648
1652
1653
1653
1653
1654
1654
1655
1656
1659
1659
1661
1661
1662
1664
1668
1671
1672
1672
1676
1679
1680
1681
1681
1682
1682
1683
1683
1684
1684
1684
1685
1685
1686
1686
1686
1686
1687
1687
1688
1688
1689
1689
1689
1692
1693
1694
1695
1696
1698
1699
1699
1699
1702
1704
1704
1705
1707
1707
1707
1708
1708
1709
1709
1710
1711
1711
1712
1712
1712
1712
1712
1714
1716
1717
1717
1717
1719
1720
1720
1721
1722
1725
1726
1727
1728
1729
1731
1731
1731
1732
1733
1734
1735
1736
1736
1737
1738
1742
1743
1744
1745
1745
1746
1746
1748
1749
1750
1750
1750
1751
1751
1752
1753
1754
1754
1754
1754
1757
1758
1759
1760
1761
1763
1764
1764
1765
1766
1766
1768
1770
1771
1771
1772
1772
1773
1774
1774
1775
1776
1776
1777
1777
1778
1778
1778
1779
1784
1786
1787
1788
1788
1790
1790
1791
1792
1793
1795
1796
1796
1796
1797
1798
1798
1799
1804
1807
1809
1812
1812
1816
1816
1817
1818
1821
1822
1822
1822
1824
1824
1827
1828
1828
1828
1829
1829
1829
1832
1832
1834
1834
1835
1836
1837
1837
1837
1838
1839
1839
1839
1840
1841
1841
1844
1844
1845
1847
1847
1851
1852
1852
1853
1853
1853
1853
1855
1855
1855
1855
1856
1856
1856
1856
1856
1859
1860
1861
1862
1862
1862
1862
1863
1864
1864
1865
1866
1866
1867
1867
1867
1868
1868
1868
1869
1871
1872
1872
1874
1876
1877
1880
1882
1883
1883
1883
1884
1884
1885
1885
1888
1890
1893
1895
1898
1899
1899
1900
1901
1904
1905
1906
1907
1907
1907
1909
1909
1913
1914
1917
1917
1919
1920
1920
1921
1921
1922
1925
1926
1926
1929
1930
1931
1931
1933
1933
1934
1935
1937
1938
1938
1939
1942
1944
1944
1945
1945
1949
1949
1950
1951
1952
1953
1953
1954
1954
1954
1955
1955
1955
1957
1958
1958
1959
1960
1961
1962
1962
1964
1965
1965
1965
1966
1966
1972
1973
1975
1975
1975
1976
1976
1978
1978
1980
1980
1980
1980
1980
1982
1982
1982
1983
1984
1985
1986
1986
1986
1988
1988
1991
1992
1992
1992
1992
1993
1993
1994
1994
1995
1995
1996
1997
1998
1999
1999
1
2
5
6
6
7
8
10
12
15
15
15
16
17
17
18
19
22
23
25
26
26
26
28
30
32
34
34
35
36
36
38
39
40
42
43
43
45
46
50
52
52
53
54
57
58
58
59
59
60
61
63
65
65
67
67
67
68
68
69
70
70
71
71
72
74
75
76
76
77
80
82
84
84
84
85
87
88
89
90
90
94
95
97
98
99
101
101
103
106
106
108
109
110
112
113
113
114
115
116
116
118
120
120
121
123
123
124
124
125
125
125
126
126
126
128
129
134
135
135
138
139
139
140
146
146
148
149
152
154
155
156
156
158
159
160
160
160
161
161
164
165
166
166
167
169
171
172
172
174
174
174
174
177
178
181
184
185
185
187
187
188
189
192
192
192
195
195
198
200
200
200
201
201
202
203
203
205
206
207
207
207
208
210
211
211
212
213
214
215
215
216
216
218
219
222
224
225
225
226
226
228
228
228
229
229
229
230
230
230
232
233
234
234
234
235
239
241
241
241
241
243
244
246
246
246
247
247
248
248
249
249
249
249
251
251
253
254
256
256
256
257
258
259
259
260
260
260
260
262
262
262
263
265
266
267
267
269
272
274
274
276
276
276
278
279
281
283
283
285
285
285
286
286
288
289
292
294
295
295
295
295
295
295
299
299
300
300
301
301
303
304
305
305
305
305
307
307
308
309
311
312
313
314
314
314
314
318
318
322
323
323
325
326
329
330
331
332
332
333
333
334
336
337
337
337
339
339
340
341
341
341
342
343
344
345
345
346
346
348
349
352
354
356
356
357
358
360
361
362
362
362
362
364
365
366
366
368
369
369
370
370
371
371
371
372
372
372
373
374
374
374
376
377
381
381
384
385
387
388
389
391
391
392
392
393
393
393
393
396
396
400
400
402
403
403
404
404
405
408
408
410
410
414
415
417
418
419
419
421
423
423
424
424
425
425
426
427
428
430
433
434
435
439
441
442
444
445
446
447
447
449
450
451
451
452
453
453
454
455
456
457
458
458
460
461
461
461
461
462
462
464
465
465
465
468
471
471
472
477
477
479
479
479
480
482
483
484
484
485
485
485
486
487
489
490
490
491
493
496
497
498
498
498
499
500
501
502
504
505
507
508
508
509
509
509
509
509
510
510
511
512
514
515
516
516
516
517
518
520
524
524
528
529
531
531
532
535
536
537
539
539
540
540
541
542
543
544
544
545
547
548
550
551
553
553
555
556
556
556
556
559
559
560
562
564
569
569
569
570
570
572
573
573
574
574
575
575
576
581
584
584
586
586
587
588
588
591
593
593
594
595
595
595
596
596
598
598
599
602
603
604
604
604
604
605
605
607
608
608
608
611
611
612
612
613
613
614
614
615
618
618
619
619
620
620
620
621
621
622
622
622
626
626
626
626
626
626
626
628
628
630
630
631
633
634
636
638
640
640
642
644
644
644
644
645
647
649
650
651
653
654
654
654
655
655
656
657
657
658
662
664
664
665
666
668
669
670
671
672
672
673
673
674
674
676
677
678
678
679
679
680
680
680
681
682
682
683
683
684
685
686
691
693
693
697
698
698
698
698
699
700
701
702
702
704
704
704
704
704
705
705
707
707
711
713
713
713
714
716
716
717
719
719
722
722
723
724
725
725
728
729
730
732
732
733
733
733
734
735
736
736
740
740
742
743
743
743
744
744
745
746
747
748
749
750
750
751
752
752
753
755
755
756
756
758
758
759
760
766
768
769
769
770
771
771
772
774
776
779
779
779
781
782
782
785
785
785
786
787
789
790
791
791
791
792
793
794
795
795
797
798
799
802
803
803
803
804
807
808
809
809
810
811
811
812
812
813
814
814
816
817
821
821
822
823
823
824
825
831
832
832
832
833
834
835
835
836
840
841
842
842
843
845
845
846
850
850
852
853
853
853
854
855
860
860
860
861
861
861
862
862
864
867
868
869
870
870
870
871
872
873
873
873
875
875
876
881
881
882
884
885
885
887
888
888
889
889
890
891
891
892
892
893
893
895
896
897
899
899
903
904
904
905
906
907
908
909
910
911
913
913
914
914
915
916
918
921
923
924
925
926
927
927
927
927
927
929
930
930
930
932
932
933
935
937
938
938
939
939
939
940
941
942
943
944
945
946
948
949
950
953
954
954
956
956
958
959
959
960
960
961
961
962
964
965
967
967
968
968
972
972
973
974
974
979
980
981
982
982
985
985
986
986
987
988
990
991
992
995
997
997
997
998
999
1000
1002
1002
1002
1002
1002
1004
1005
1005
1006
1007
1007
1008
1011
1014
1014
1014
1014
1016
1016
1017
1017
1018
1020
1022
1023
1024
1024
1025
1025
1026
1026
1029
1029
1029
1030
1032
1033
1035
1035
1036
1036
1037
1037
1038
1038
1039
1039
1040
1041
1041
1042
1043
1043
1044
1044
1044
1045
1049
1049
1051
1051
1052
1052
1052
1053
1053
1054
1055
1055
1059
1059
1059
1062
1063
1063
1065
1066
1068
1068
1069
1073
1074
1075
1076
1076
1079
1080
1081
1081
1082
1082
1082
1082
1084
1084
1085
1085
1086
1093
1093
1094
1097
1098
1100
1100
1100
1101
1102
1102
1103
1103
1104
1104
1108
1108
1109
1112
1113
1113
1113
1114
1114
1115
1116
1117
1119
1119
1119
1120
1122
1122
1123
1123
1124
1124
1124
1125
1125
1125
1125
1125
1127
1130
1131
1137
1137
1138
1139
1140
1141
1143
1143
1143
1143
1144
1144
1144
1146
1146
1147
1147
1153
1157
1157
1159
1159
1160
1161
1165
1165
1166
1166
1167
1168
1168
1169
1172
1174
1177
1177
1177
1178
1178
1179
1179
1183
1185
1187
1187
1190
1190
1191
1193
1193
1193
1195
1196
1196
1197
1199
1199
1199
1200
1200
1201
1203
1208
1208
1208
1209
1211
1211
1211
1211
1212
1212
1215
1215
1215
1216
1217
1218
1219
1220
1223
1224
1224
1224
1224
1224
1225
1226
1226
1227
1227
1227
1227
1227
1227
1227
1228
1229
1230
1230
1231
1232
1234
1235
1235
1236
1236
1237
1239
1240
1241
1243
1243
1243
1243
1245
1250
1250
1253
1256
1257
1258
1258
1259
1260
1261
1261
1262
1263
1267
1267
1268
1270
1274
1275
1275
1278
1281
1281
1281
1281
1281
1281
1283
1286
1286
1286
1287
1287
1289
1289
1290
1291
1293
1295
1295
1298
1299
1299
1299
1300
1301
1301
1303
1303
1308
1308
1309
1310
1312
1312
1313
1313
1314
1315
1316
1316
1316
1319
1319
1320
1320
1321
1321
1321
1323
1324
1326
1326
1328
1329
1329
1330
1330
1331
1333
1334
1334
1335
1335
1336
1336
1336
1339
1340
1340
1342
1342
1342
1343
1343
1344
1346
1346
1349
1350
1353
1354
1355
1355
1355
1356
1356
1357
1358
1358
1359
1360
1362
1363
1364
1365
1365
1365
1368
1368
1369
1370
1370
1371
1373
1373
1375
1375
1375
1376
1376
1376
1376
1376
1379
1382
1383
1384
1385
1385
1387
1388
1388
1390
1390
1391
1392
1395
1397
1397
1399
1399
1400
1400
1400
1400
1402
1402
1403
1403
1404
1404
1405
1406
1407
1408
1408
1409
1412
1412
1412
1414
1415
1416
1416
1419
1420
1420
1421
1422
1424
1425
1426
1426
1428
1429
1431
1431
1433
1433
1434
1435
1435
1437
1437
1438
1438
1439
1439
1440
1440
1443
1445
1446
1448
1450
1451
1451
1453
1454
1457
1459
1460
1461
1462
1462
1462
1463
1463
1464
1467
1467
1467
1470
1470
1472
1472
1473
1473
1475
1476
1478
1479
1480
1480
1483
1483
1486
1488
1488
1489
1490
1490
1490
1491
1493
1495
1500
1500
1500
1501
1501
1502
1503
1503
1504
1505
1505
1505
1506
1507
1507
1507
1510
1510
1512
1513
1513
1513
1515
1516
1516
1518
1518
1519
1521
1525
1526
1531
1532
1533
1533
1534
1534
1534
1534
1535
1536
1537
1537
1537
1538
1540
1542
1542
1544
1546
1547
1548
1548
1548
1549
1549
1550
1551
1552
1554
1554
1555
1557
1557
1558
1559
1560
1562
1562
1564
1565
1567
1569
1569
1570
1570
1577
1577
1577
1577
1578
1578
1579
1581
1581
1581
1581
1581
1582
1585
1586
1587
1590
1590
1591
1593
1594
1596
1601
1601
1603
1604
1605
1606
1607
1608
1610
1610
1611
1611
1615
1615
1615
1618
1618
1618
1618
1619
1619
1620
1620
1622
1623
1624
1626
1628
1629
1629
1631
1632
1632
1633
1635
1635
1635
1636
1636
1636
1637
1638
1638
1639
1641
1643
1643
1644
1645
1646
1646
1647
1648
1650
1652
1653
1653
1653
1654
1655
1657
1658
1658
1659
1661
1661
1662
1662
1664
1664
1665
1666
1669
1670
1670
1672
1672
1672
1673
1674
1675
1676
1681
1682
1683
1684
1685
1685
1685
1686
1686
1686
1686
1689
1691
1693
1693
1693
1694
1696
1697
1698
1699
1701
1703
1703
1704
1704
1705
1705
1707
1708
1709
1709
1709
1709
1710
1710
1710
1710
1713
1713
1715
1715
1715
1716
1720
1720
1721
1721
1725
1727
1728
1730
1731
1733
1733
1735
1735
1738
1738
1739
1739
1740
1741
1742
1743
1743
1745
1745
1746
1747
1751
1751
1753
1753
1753
1753
1754
1755
1758
1758
1758
1759
1759
1760
1761
1763
1764
1764
1764
1765
1765
1765
1765
1766
1768
1771
1771
1771
1771
1773
1773
1773
1774
1775
1775
1776
1783
1784
1786
1787
1787
1790
1791
1792
1792
1792
1793
1793
1796
1797
1800
1801
1803
1803
1806
1806
1806
1807
1808
1810
1811
1812
1812
1813
1813
1814
1814
1815
1815
1815
1815
1815
1817
1817
1818
1819
1821
1822
1824
1825
1826
1829
1833
1833
1834
1835
1836
1837
1838
1839
1839
1840
1840
1841
1844
1845
1849
1849
1853
1853
1853
1856
1858
1858
1861
1861
1862
1863
1864
1865
1873
1874
1874
1875
1876
1876
1877
1879
1882
1885
1885
1885
1886
1888
1889
1889
1889
1889
1890
1890
1890
1890
1891
1892
1892
1892
1893
1893
1893
1893
1894
1895
1896
1901
1902
1902
1904
1904
1905
1905
1905
1906
1908
1909
1910
1910
1911
1912
1912
1912
1912
1912
1912
1913
1913
1913
1913
1914
1917
1918
1918
1920
1922
1923
1923
1923
1924
1924
1925
1927
1928
1929
1933
1934
1935
1935
1936
1936
1938
1938
1941
1941
1945
1945
1945
1945
1945
1945
1946
1946
1947
1948
1948
1949
1951
1951
1952
1952
1953
1954
1954
1955
1955
1958
1959
1960
1963
1964
1965
1965
1966
1966
1967
1968
1968
1968
1968
1969
1970
1971
1974
1974
1975
1975
1976
1976
1978
1979
1979
1979
1983
1983
1986
1987
1989
1989
1989
1991
1992
1993
1994
1996
1996
1996
1996
1998
1998
0
6
7
7
10
10
11
13
13
15
17
17
18
22
23
24
25
26
28
30
31
32
33
33
33
34
35
35
35
37
40
40
42
42
43
44
45
46
47
47
48
48
50
50
50
52
53
57
58
58
60
60
61
66
66
67
68
68
68
69
69
70
70
73
75
75
77
77
78
80
83
83
83
84
87
91
91
92
93
94
94
94
95
95
96
97
97
100
101
101
102
103
104
104
105
110
111
111
112
113
113
114
114
116
116
119
120
121
121
122
124
125
126
126
129
129
129
130
131
132
132
133
134
134
134
134
137
138
138
139
142
142
143
144
146
147
148
150
151
151
152
153
154
155
156
156
157
157
157
158
158
159
160
160
161
161
162
163
163
164
164
164
166
166
167
168
170
171
172
173
173
175
175
178
179
179
180
180
180
180
183
183
184
185
186
186
187
188
188
191
191
192
192
194
197
197
199
200
203
203
204
205
205
208
208
208
209
210
211
212
212
213
213
214
214
216
216
217
218
220
221
223
224
227
228
229
231
233
235
235
235
237
238
239
240
241
242
242
243
246
246
246
247
250
251
251
255
255
258
259
260
260
261
261
263
264
265
265
265
267
267
268
269
269
270
270
271
271
273
275
275
277
277
278
279
280
281
283
284
284
285
286
287
288
289
289
290
295
299
299
300
301
302
303
305
305
305
305
307
308
312
312
313
313
313
315
317
317
317
319
320
320
323
324
326
327
327
329
329
331
332
332
333
335
336
336
337
339
339
340
342
343
345
345
346
346
348
353
353
358
361
363
363
363
364
366
366
367
367
367
371
371
372
373
377
378
381
381
381
382
383
383
385
386
387
387
387
391
392
392
394
394
395
395
395
396
396
396
399
399
399
401
401
401
401
403
403
403
403
404
404
404
405
405
405
407
408
411
411
412
413
414
418
420
420
422
422
423
423
423
425
426
428
428
428
428
429
433
435
436
436
436
441
445
449
450
451
452
452
453
457
458
459
460
460
460
461
461
462
462
463
463
463
463
463
465
465
465
465
465
471
471
473
473
474
474
479
479
479
479
479
481
482
484
486
488
488
490
491
491
493
496
498
499
499
502
503
506
506
510
510
511
511
514
514
515
516
516
516
518
519
519
521
522
522
523
525
525
525
525
526
527
527
530
530
531
532
532
534
535
535
537
537
538
538
539
539
542
542
543
544
544
546
547
547
547
547
548
548
551
555
556
557
557
558
558
559
561
561
563
565
565
566
567
568
569
569
571
572
573
574
575
576
578
578
581
582
582
584
585
586
586
588
589
589
590
591
592
593
593
594
595
598
599
599
601
601
601
602
603
604
605
605
606
608
609
611
611
613
615
616
617
618
618
619
619
620
622
622
623
625
626
627
631
631
632
633
633
633
635
638
639
640
641
642
643
645
646
647
647
647
648
650
650
650
651
655
657
657
659
659
660
660
662
664
666
666
669
670
672
673
673
674
675
675
677
680
681
682
685
685
686
686
687
687
688
688
689
689
689
690
692
692
695
696
696
698
698
700
702
702
703
704
704
704
705
705
706
707
708
708
708
708
710
711
712
714
714
715
716
717
718
719
719
719
720
722
722
723
724
725
725
726
726
727
727
729
730
731
731
733
734
734
734
735
737
738
738
739
740
742
742
742
743
743
744
744
746
746
747
748
748
749
749
750
750
752
752
758
758
760
761
764
764
764
766
766
766
767
768
769
772
774
774
778
779
779
779
779
779
781
782
782
783
783
784
785
787
787
787
787
789
789
789
790
790
791
791
791
792
792
794
794
797
797
797
798
799
800
800
801
801
805
806
807
808
808
809
811
811
812
813
813
814
814
818
819
820
821
825
826
827
827
830
833
833
835
835
838
840
841
842
842
844
846
846
847
849
850
850
851
851
853
855
857
857
858
858
859
859
860
860
861
862
862
864
864
865
865
865
866
869
869
870
870
870
872
875
875
875
875
875
875
876
877
877
880
880
881
881
882
884
885
885
886
886
886
887
888
888
888
890
890
891
891
892
893
894
894
895
896
896
899
899
900
901
902
902
902
903
904
904
905
908
910
910
911
912
912
913
914
914
915
916
917
917
918
918
920
925
925
926
926
927
928
929
931
932
933
935
936
938
938
939
940
942
942
943
943
943
944
945
945
945
946
947
948
948
950
951
951
951
953
953
957
958
961
963
964
964
966
969
969
970
971
972
974
974
977
980
980
981
982
983
984
984
986
989
989
990
990
991
994
994
996
996
997
999
1000
1002
1002
1003
1004
1009
1009
1011
1011
1012
1014
1015
1017
1018
1019
1021
1023
1026
1026
1026
1029
1030
1030
1032
1032
1033
1035
1035
1037
1037
1039
1039
1040
1040
1040
1041
1043
1045
1045
1045
1047
1048
1048
1049
1049
1049
1049
1051
1051
1051
1053
1053
1053
1054
1055
1055
1055
1057
1057
1058
1060
1060
1061
1064
1065
1066
1066
1068
1068
1068
1069
1070
1070
1070
1070
1071
1071
1072
1072
1073
1074
1076
1076
1076
1076
1077
1078
1078
1079
1080
1080
1081
1081
1082
1083
1083
1083
1089
1090
1090
1091
1094
1094
1095
1096
1097
1099
1099
1101
1102
1102
1103
1104
1104
1104
1107
1108
1109
1110
1112
1113
1113
1115
1118
1119
1123
1125
1125
1126
1127
1127
1130
1130
1133
1133
1136
1137
1142
1142
1143
1144
1145
1146
1147
1148
1148
1148
1149
1151
1152
1154
1154
1155
1157
1157
1157
1159
1159
1160
1160
1161
1161
1164
1165
1168
1168
1168
1169
1170
1171
1173
1174
1174
1175
1177
1179
1180
1180
1181
1181
1182
1182
1184
1184
1185
1188
1189
1189
1191
1191
1192
1193
1193
1194
1194
1195
1195
1196
1196
1197
1201
1201
1201
1201
1202
1203
1204
1205
1207
1207
1207
1207
1208
1208
1208
1208
1210
1210
1213
1214
1214
1216
1216
1219
1220
1221
1221
1222
1222
1224
1225
1226
1226
1226
1228
1229
1229
1231
1232
1234
1236
1237
1237
1239
1239
1240
1241
1242
1243
1245
1245
1246
1247
1249
1250
1250
1250
1250
1251
1253
1253
1254
1259
1261
1264
1265
1266
1266
1268
1271
1271
1271
1272
1274
1274
1275
1276
1277
1277
1279
1281
1281
1281
1283
1284
1285
1286
1287
1289
1293
1293
1293
1293
1293
1294
1294
1298
1300
1300
1300
1301
1301
1302
1303
1304
1304
1304
1305
1306
1306
1307
1308
1309
1313
1313
1314
1319
1320
1324
1324
1326
1332
1332
1333
1337
1338
1339
1339
1341
1341
1342
1347
1347
1348
1348
1348
1349
1349
1351
1353
1354
1356
1356
1356
1357
1358
1359
1360
1361
1362
1362
1365
1366
1367
1367
1368
1371
1371
1371
1371
1371
1372
1374
1375
1375
1375
1376
1376
1377
1378
1379
1383
1385
1385
1386
1386
1386
1390
1392
1392
1392
1395
1395
1396
1398
1398
1399
1401
1403
1404
1404
1404
1404
1405
1406
1408
1409
1409
1411
1411
1411
1412
1413
1413
1414
1417
1418
1419
1421
1421
1423
1424
1426
1427
1427
1427
1428
1429
1431
1431
1435
1436
1437
1438
1439
1439
1439
1440
1440
1441
1441
1447
1447
1448
1450
1450
1451
1451
1451
1451
1453
1453
1453
1454
1456
1456
1459
1462
1462
1462
1462
1465
1465
1466
1466
1467
1467
1468
1470
1472
1474
1474
1476
1478
1479
1480
1480
1481
1481
1483
1485
1486
1486
1487
1490
1491
1491
1491
1492
1492
1493
1493
1494
1495
1496
1496
1499
1500
1502
1503
1504
1505
1505
1505
1507
1507
1507
1508
1509
1509
1511
1512
1513
1513
1513
1515
1518
1518
1519
1520
1521
1522
1524
1524
1525
1525
1526
1527
1527
1527
1530
1531
1531
1531
1532
1533
1533
1533
1533
1534
1534
1534
1534
1536
1538
1539
1539
1540
1541
1542
1544
1544
1544
1545
1546
1548
1548
1548
1549
1551
1551
1552
1553
1554
1556
1557
1557
1557
1558
1558
1558
1559
1563
1564
1565
1565
1566
1567
1568
1568
1570
1570
1570
1571
1572
1572
1573
1576
1577
1578
1578
1579
1579
1580
1582
1582
1584
1584
1585
1586
1587
1587
1587
1589
1589
1589
1590
1590
1592
1595
1595
1595
1596
1596
1597
1598
1599
1599
1600
1601
1602
1602
1603
1604
1605
1606
1607
1607
1608
1610
1610
1612
1613
1613
1613
1615
1617
1619
1619
1621
1622
1623
1624
1627
1627
1628
1629
1629
1631
1634
1634
1637
1638
1639
1641
1642
1642
1642
1643
1646
1648
1651
1652
1653
1655
1655
1658
1658
1659
1660
1661
1662
1662
1664
1664
1666
1668
1668
1668
1669
1671
1671
1672
1674
1675
1675
1675
1680
1682
1683
1684
1684
1686
1686
1688
1688
1688
1691
1691
1693
1693
1693
1694
1695
1696
1697
1699
1701
1701
1702
1702
1702
1704
1705
1709
1709
1711
1711
1713
1720
1721
1722
1722
1723
1724
1725
1726
1726
1726
1727
1727
1728
1728
1729
1729
1729
1731
1732
1733
1733
1734
1734
1734
1734
1736
1737
1738
1741
1741
1742
1745
1746
1747
1747
1749
1749
1750
1750
1752
1752
1752
1755
1755
1755
1756
1757
1758
1758
1759
1760
1761
1761
1763
1763
1765
1765
1766
1766
1767
1768
1768
1769
1769
1769
1771
1774
1774
1774
1775
1777
1777
1777
1778
1779
1780
1780
1780
1781
1782
1783
1784
1784
1784
1787
1787
1789
1789
1790
1792
1793
1793
1796
1796
1798
1800
1802
1803
1804
1804
1804
1804
1805
1808
1808
1809
1811
1813
1814
1815
1816
1817
1818
1819
1819
1820
1821
1821
1822
1822
1823
1824
1824
1825
1826
1827
1828
1829
1831
1832
1832
1833
1833
1833
1833
1834
1836
1837
1837
1838
1839
1840
1840
1841
1846
1848
1849
1850
1851
1851
1851
1853
1853
1854
1854
1856
1857
1858
1858
1859
1859
1860
1861
1862
1864
1864
1866
1868
1868
1870
1871
1872
1873
1873
1873
1874
1874
1874
1875
1876
1877
1878
1878
1879
1881
1884
1884
1884
1884
1884
1885
1885
1886
1888
1889
1890
1892
1892
1893
1895
1897
1897
1897
1899
1900
1903
1903
1903
1906
1906
1908
1910
1911
1912
1913
1913
1916
1916
1917
1918
1919
1922
1923
1925
1925
1929
1930
1931
1935
1935
1938
1939
1942
1944
1944
1945
1946
1948
1948
1948
1951
1955
1955
1955
1957
1958
1958
1960
1961
1961
1961
1962
1962
1963
1963
1963
1964
1965
1966
1966
1966
1967
1967
1967
1968
1971
1973
1973
1974
1974
1974
1976
1977
1977
1979
1979
1980
1981
1982
1982
1983
1984
1984
1985
1985
1986
1986
1986
1987
1989
1990
1991
1991
1992
1992
1992
1993
1993
1996
1996
1996
1999
1999
0
1
3
6
7
7
8
10
11
14
15
15
16
16
17
19
23
23
24
25
25
25
26
27
27
30
31
32
32
33
35
36
36
38
39
39
41
42
43
44
44
45
46
47
48
49
50
51
52
52
53
57
58
59
60
62
63
63
64
65
65
66
66
67
67
68
68
68
68
74
75
77
78
82
84
84
87
88
89
92
92
94
96
96
98
98
99
100
102
102
104
108
109
110
110
111
112
115
115
116
117
117
118
120
121
121
122
123
123
124
124
124
124
124
124
124
126
126
126
127
128
128
128
130
130
133
135
136
136
139
139
139
139
141
142
144
144
144
145
147
148
148
149
149
150
151
151
152
152
152
153
155
160
160
161
162
163
164
164
165
165
168
169
170
172
174
174
175
177
177
181
181
181
182
183
183
184
185
186
187
187
188
189
190
190
192
193
193
193
194
194
195
195
196
197
197
197
198
200
200
202
202
202
203
205
205
207
208
209
210
211
212
213
213
214
215
215
216
216
216
216
216
217
218
219
221
221
222
224
226
226
230
231
232
233
234
234
235
235
235
235
235
237
237
237
238
240
240
240
243
246
246
247
248
249
249
250
250
251
251
251
252
253
254
254
256
258
260
260
261
261
262
263
263
264
265
267
267
267
268
268
268
270
271
271
271
272
273
274
277
278
281
281
281
285
286
288
289
291
292
293
293
296
296
296
297
298
299
301
302
303
304
304
306
306
307
307
309
311
311
312
312
317
317
318
319
319
319
320
324
325
326
326
328
329
330
331
332
332
332
332
334
335
335
337
339
339
339
340
345
349
350
350
352
353
354
356
356
357
357
358
358
358
359
360
362
362
364
366
367
367
368
369
370
371
372
373
373
373
373
374
377
377
378
378
380
381
381
382
383
383
383
384
384
385
386
386
386
387
387
388
389
391
393
393
394
394
395
396
396
397
397
398
399
400
401
403
404
407
410
410
411
411
412
414
417
418
418
420
420
420
421
421
422
423
425
425
425
426
427
433
435
436
436
438
441
442
443
443
444
445
450
451
451
451
452
452
452
453
454
455
456
458
459
460
460
461
464
465
468
468
469
473
474
476
477
477
477
478
479
480
481
481
482
485
485
485
488
488
489
490
491
491
494
495
495
496
496
497
497
499
501
501
501
505
506
506
509
511
511
513
514
515
515
515
517
517
518
518
520
520
521
523
525
526
527
528
529
531
533
533
534
536
536
539
539
540
540
540
541
544
544
545
547
547
549
549
550
551
552
553
554
554
554
557
557
558
558
558
558
558
561
562
562
564
565
566
566
569
569
571
572
575
576
576
577
577
577
577
577
577
578
580
581
581
583
584
584
584
586
589
591
592
594
594
594
595
595
595
595
595
595
596
596
599
601
601
601
602
602
604
605
605
606
606
607
607
608
610
611
611
614
615
616
617
618
621
625
625
627
627
628
628
628
629
630
630
630
631
631
631
632
635
641
642
642
642
642
643
643
646
647
649
650
650
651
652
652
653
654
655
655
655
656
656
656
656
657
659
660
662
662
664
664
665
666
666
667
668
672
672
672
673
674
675
677
677
679
679
680
680
680
681
682
682
684
684
688
688
690
690
691
692
693
694
694
694
696
696
701
701
702
704
704
705
706
707
707
707
709
709
710
711
711
711
712
713
713
717
718
718
719
719
720
722
724
725
728
728
729
731
732
733
733
733
733
737
738
738
739
740
741
743
744
745
745
745
748
748
749
749
750
750
751
753
753
754
758
761
762
762
762
763
763
764
765
765
767
768
769
770
771
772
774
775
775
777
779
780
780
780
780
782
782
783
783
784
790
790
792
792
793
794
795
797
798
798
799
799
799
800
802
802
803
803
804
805
806
807
807
807
810
810
812
812
812
813
814
814
815
817
817
820
823
825
826
826
827
827
827
828
829
829
830
831
832
837
838
839
841
841
841
842
843
843
844
845
846
846
847
848
848
849
851
852
852
852
853
857
857
858
859
862
862
865
865
866
867
868
869
872
873
874
875
876
876
877
877
878
878
878
881
882
884
886
886
888
890
891
891
892
893
893
894
896
897
899
900
901
902
902
902
902
903
903
904
905
905
906
908
908
910
911
912
912
913
913
913
913
914
916
919
920
921
921
922
923
923
924
926
926
929
929
930
930
933
933
933
933
933
933
934
934
939
939
940
940
941
942
942
942
944
946
947
948
948
949
949
950
953
954
955
958
959
960
961
962
963
964
964
964
965
968
969
971
971
972
973
973
974
974
977
981
982
983
986
987
987
989
990
991
994
995
996
998
998
1003
1003
1006
1006
1008
1010
1011
1011
1011
1013
1015
1017
1018
1022
1022
1024
1025
1027
1028
1029
1030
1031
1031
1032
1032
1034
1035
1036
1038
1038
1039
1039
1040
1041
1043
1044
1045
1047
1047
1047
1048
1048
1049
1052
1052
1053
1053
1054
1055
1057
1058
1058
1058
1060
1060
1060
1062
1062
1063
1064
1066
1067
1068
1071
1073
1074
1075
1076
1077
1078
1079
1081
1082
1084
1084
1085
1086
1087
1088
1089
1090
1092
1092
1092
1093
1093
1094
1095
1096
1096
1098
1098
1098
1099
1099
1101
1103
1104
1104
1110
1112
1113
1114
1114
1114
1116
1117
1119
1121
1121
1122
1123
1123
1125
1129
1130
1130
1130
1130
1131
1133
1135
1135
1137
1137
1137
1137
1138
1139
1140
1141
1142
1143
1143
1143
1145
1146
1146
1149
1151
1151
1153
1153
1154
1156
1156
1157
1157
1160
1160
1162
1164
1165
1165
1166
1167
1168
1169
1169
1170
1171
1171
1172
1173
1173
1174
1174
1176
1176
1177
1177
1183
1183
1183
1188
1188
1189
1192
1193
1194
1194
1197
1198
1199
1200
1201
1204
1204
1205
1206
1207
1208
1209
1209
1210
1213
1214
1216
1216
1218
1219
1221
1222
1223
1224
1225
1225
1225
1225
1226
1229
1231
1231
1231
1232
1233
1233
1234
1235
1235
1236
1239
1239
1240
1241
1243
1245
1245
1246
1247
1247
1248
1249
1249
1251
1252
1252
1256
1256
1257
1257
1259
1259
1259
1260
1261
1262
1263
1263
1267
1268
1270
1271
1273
1273
1274
1275
1277
1277
1277
1278
1279
1280
1280
1281
1281
1282
1287
1288
1290
1290
1291
1292
1292
1294
1296
1296
1297
1298
1298
1299
1300
1301
1301
1301
1301
1302
1302
1303
1303
1304
1306
1306
1307
1307
1311
1311
1312
1312
1316
1317
1317
1317
1317
1322
1323
1324
1325
1326
1326
1327
1328
1329
1329
1331
1332
1333
1333
1334
1336
1337
1337
1337
1341
1344
1345
1346
1346
1348
1350
1350
1351
1351
1352
1352
1352
1353
1353
1354
1354
1355
1356
1356
1356
1357
1357
1358
1358
1360
1363
1365
1367
1367
1368
1369
1370
1371
1371
1375
1376
1377
1378
1378
1379
1379
1380
1380
1381
1386
1388
1389
1389
1390
1393
1394
1394
1395
1397
1397
1397
1397
1398
1400
1401
1402
1404
1406
1406
1406
1412
1412
1414
1416
1416
1417
1420
1421
1421
1422
1423
1424
1425
1427
1427
1430
1430
1432
1432
1433
1434
1434
1436
1437
1440
1441
1442
1444
1445
1445
1446
1446
1446
1446
1447
1448
1449
1451
1451
1452
1453
1453
1453
1454
1454
1454
1455
1455
1455
1456
1457
1457
1458
1459
1459
1459
1460
1461
1462
1463
1464
1464
1464
1464
1465
1467
1472
1473
1476
1476
1477
1477
1478
1479
1480
1483
1483
1483
1483
1485
1488
1489
1489
1490
1490
1490
1490
1491
1492
1493
1493
1493
1494
1496
1497
1497
1497
1499
1500
1503
1505
1505
1505
1506
1509
1509
1509
1510
1510
1513
1513
1514
1514
1516
1517
1517
1517
1518
1518
1519
1521
1523
1523
1525
1526
1529
1529
1531
1531
1531
1532
1532
1535
1537
1538
1538
1540
1540
1541
1543
1543
1544
1545
1546
1547
1550
1550
1550
1551
1551
1553
1555
1557
1557
1557
1559
1564
1566
1567
1567
1568
1569
1569
1569
1571
1572
1573
1573
1574
1575
1576
1576
1576
1580
1580
1580
1581
1584
1586
1586
1587
1587
1589
1590
1590
1590
1591
1591
1593
1595
1599
1599
1600
1600
1600
1600
1602
1602
1602
1603
1604
1604
1607
1607
1607
1607
1608
1609
1609
1610
1610
1611
1611
1611
1611
1616
1616
1617
1619
1621
1621
1622
1622
1623
1624
1625
1625
1626
1626
1626
1627
1627
1628
1628
1628
1628
1628
1629
1629
1629
1631
1633
1633
1634
1635
1639
1640
1642
1643
1645
1645
1645
1646
1647
1650
1650
1650
1651
1651
1652
1652
1654
1656
1656
1657
1658
1658
1658
1660
1661
1661
1661
1662
1662
1662
1663
1664
1664
1664
1664
1665
1665
1665
1666
1666
1667
1669
1669
1670
1671
1671
1672
1674
1674
1677
1678
1678
1683
1684
1684
1686
1686
1687
1687
1688
1688
1690
1691
1692
1692
1693
1694
1696
1697
1699
1699
1700
1700
1702
1705
1705
1705
1707
1707
1708
1709
1709
1709
1710
1712
1713
1714
1716
1717
1720
1724
1730
1732
1733
1734
1735
1737
1737
1739
1741
1741
1746
1748
1749
1749
1750
1750
1750
1751
1751
1754
1755
1757
1758
1759
1759
1760
1761
1765
1766
1766
1768
1768
1769
1769
1770
1770
1770
1771
1771
1773
1774
1775
1776
1776
1777
1778
1779
1779
1780
1781
1781
1782
1783
1784
1784
1785
1787
1788
1788
1788
1788
1789
1790
1791
1792
1792
1793
1794
1794
1795
1796
1796
1798
1798
1798
1801
1801
1801
1802
1805
1806
1807
1807
1807
1808
1811
1812
1814
1814
1815
1816
1820
1820
1821
1821
1821
1822
1823
1824
1826
1826
1827
1828
1828
1828
1829
1829
1830
1831
1832
1833
1835
1835
1835
1844
1844
1844
1845
1845
1845
1846
1846
1848
1848
1849
1849
1850
1850
1850
1851
1851
1852
1852
1852
1852
1852
1853
1855
1855
1859
1860
1862
1862
1863
1865
1866
1867
1869
1869
1871
1871
1873
1875
1875
1877
1878
1879
1879
1880
1883
1884
1884
1886
1887
1888
1889
1892
1893
1895
1897
1898
1900
1903
1903
1903
1904
1907
1909
1910
1911
1912
1912
1912
1912
1913
1913
1914
1914
1914
1915
1915
1916
1916
1916
1916
1918
1918
1918
1919
1921
1921
1924
1926
1926
1927
1927
1928
1931
1932
1936
1936
1937
1937
1942
1944
1944
1944
1945
1946
1946
1947
1947
1949
1950
1953
1954
1956
1956
1957
1957
1961
1964
1964
1968
1969
1970
1970
1970
1971
1971
1971
1972
1972
1974
1977
1981
1981
1983
1984
1984
1986
1987
1988
1989
1989
1989
1989
1991
1991
1991
1993
1993
1993
1994
1995
1996
1997
1998
1998
0
0
0
2
4
4
6
6
8
8
8
11
11
13
13
15
16
16
16
17
18
19
24
27
28
29
31
31
32
33
34
35
36
36
37
38
38
41
42
42
43
43
43
45
46
46
47
48
49
49
50
50
51
51
51
52
52
52
55
55
56
57
58
58
58
58
59
62
64
65
65
65
67
69
71
72
72
72
74
75
76
77
79
82
84
88
89
90
90
91
91
93
93
94
95
96
97
97
98
99
100
107
107
107
110
110
110
111
112
113
114
114
115
116
116
116
119
120
120
121
123
123
124
126
126
128
128
128
129
130
130
133
133
134
137
138
138
139
140
140
140
140
141
143
143
143
144
144
144
144
147
147
148
148
148
149
150
150
151
152
152
155
156
157
158
159
161
161
161
162
163
163
164
166
166
166
166
168
169
170
172
172
173
174
174
175
175
177
178
178
179
179
181
181
182
183
184
184
185
185
186
186
186
189
189
189
193
194
195
195
196
196
197
199
200
201
204
204
205
206
206
208
211
211
212
213
213
214
216
218
220
221
221
222
222
224
225
225
225
226
226
227
227
229
229
230
230
230
231
233
235
235
235
245
245
245
246
250
251
252
254
255
256
256
256
257
258
259
260
261
261
263
265
266
268
270
271
271
273
273
273
273
274
275
275
277
277
278
278
280
283
283
284
285
292
292
292
294
294
295
296
301
301
302
302
302
303
303
306
307
308
309
309
309
309
310
312
312
312
313
313
313
315
315
315
316
318
318
320
324
324
326
327
327
328
329
330
331
332
333
335
335
335
336
336
338
338
341
341
341
342
343
346
346
347
348
349
350
352
355
356
358
358
358
361
362
362
364
367
369
371
374
375
376
378
380
380
384
384
384
384
387
387
387
387
387
388
389
390
390
391
392
394
397
397
397
398
399
399
399
400
401
402
403
403
403
403
405
405
408
409
409
410
410
411
413
414
415
415
416
418
419
420
420
420
420
421
422
422
422
423
423
424
425
426
427
427
427
427
427
428
429
429
431
431
433
433
436
436
437
438
438
441
441
442
443
443
443
444
444
445
450
450
450
450
451
452
453
455
456
456
459
461
464
464
464
465
466
467
469
470
470
470
470
473
473
474
476
479
480
481
481
481
485
487
487
487
488
490
490
495
495
496
499
499
500
501
503
505
505
505
507
507
507
509
509
511
512
513
514
516
517
518
520
522
524
525
527
527
527
527
527
528
528
531
531
531
531
533
535
535
536
539
540
543
544
545
545
545
546
546
547
547
550
550
551
552
553
555
555
556
556
557
561
561
562
563
564
565
568
568
568
569
571
574
576
580
581
581
582
583
584
584
585
588
590
591
591
592
592
593
593
595
598
600
602
602
603
603
603
603
604
605
605
607
609
610
610
613
613
614
614
614
614
615
618
618
618
620
623
624
624
627
627
628
629
629
630
633
634
635
637
637
638
639
639
639
641
642
642
645
645
646
646
646
647
647
648
648
651
651
652
654
656
657
657
661
662
663
664
664
664
667
669
670
671
671
671
674
674
676
678
679
679
681
682
682
683
685
685
685
686
686
687
687
689
689
689
690
690
690
691
693
694
694
694
696
697
698
699
700
701
704
704
704
704
705
706
709
711
712
714
715
715
715
716
718
718
719
720
720
721
722
723
724
724
724
724
725
725
727
728
729
730
730
730
733
733
733
734
734
735
735
735
737
737
738
739
739
742
743
743
744
744
746
747
750
750
751
753
753
754
756
756
756
756
757
759
760
769
770
773
774
774
779
780
781
782
783
783
783
783
786
787
789
790
790
791
792
793
796
796
797
797
798
799
799
802
803
805
806
809
809
810
810
810
811
811
812
813
813
816
817
818
819
819
819
820
820
822
822
822
822
824
826
826
827
828
829
829
835
837
837
837
840
840
842
842
843
843
844
846
846
846
847
847
847
849
850
850
851
852
852
854
854
854
856
856
856
857
857
858
860
863
866
866
866
866
869
870
870
870
872
873
873
873
873
875
876
877
881
881
882
882
883
883
884
884
885
885
886
886
886
887
887
891
891
894
896
897
897
899
899
899
900
901
902
905
906
906
909
909
911
911
911
912
912
912
913
915
916
916
917
918
918
919
922
922
926
926
926
926
928
928
929
929
930
930
933
934
935
937
937
937
939
940
941
942
944
945
945
947
947
947
948
948
949
949
949
950
950
951
952
953
954
954
955
955
956
956
958
958
960
960
961
962
962
962
963
964
966
967
967
968
971
971
972
974
975
975
976
976
978
978
979
982
983
984
984
985
986
987
988
988
988
990
991
992
992
993
994
994
995
995
997
1001
1002
1002
1004
1004
1004
1004
1005
1005
1007
1008
1008
1009
1009
1010
1011
1012
1013
1013
1013
1014
1016
1016
1017
1018
1022
1023
1025
1025
1026
1026
1029
1030
1030
1032
1032
1035
1035
1036
1037
1037
1038
1039
1039
1040
1042
1043
1044
1044
1045
1045
1046
1047
1048
1048
1049
1052
1052
1056
1057
1060
1061
1062
1064
1064
1067
1069
1069
1069
1070
1071
1071
1071
1071
1074
1074
1074
1075
1075
1076
1078
1078
1079
1082
1083
1083
1084
1085
1085
1088
1091
1092
1094
1095
1096
1102
1102
1102
1104
1106
1110
1113
1113
1114
1115
1115
1115
1116
1117
1118
1118
1118
1118
1119
1120
1121
1123
1123
1125
1125
1129
1130
1132
1134
1134
1137
1138
1138
1139
1141
1141
1142
1143
1143
1143
1144
1144
1146
1146
1150
1150
1151
1151
1151
1155
1156
1158
1158
1160
1161
1162
1162
1163
1164
1166
1167
1167
1169
1170
1170
1171
1172
1173
1174
1174
1175
1176
1177
1178
1178
1179
1179
1180
1180
1182
1183
1185
1186
1186
1187
1188
1188
1192
1192
1193
1194
1195
1196
1197
1197
1197
1200
1205
1206
1207
1208
1208
1211
1212
1213
1213
1213
1213
1214
1214
1214
1214
1217
1218
1219
1219
1219
1220
1221
1223
1223
1224
1228
1229
1229
1231
1233
1234
1234
1234
1234
1236
1239
1239
1240
1242
1242
1243
1243
1244
1244
1244
1245
1246
1248
1251
1251
1252
1253
1254
1257
1258
1258
1258
1259
1259
1260
1260
1261
1261
1262
1264
1264
1265
1265
1267
1268
1269
1269
1269
1270
1270
1271
1271
1271
1272
1273
1275
1275
1275
1277
1282
1282
1283
1283
1284
1284
1285
1287
1287
1287
1288
1288
1289
1290
1290
1290
1291
1291
1293
1294
1298
1299
1300
1301
1305
1306
1307
1309
1313
1314
1315
1316
1317
1317
1318
1319
1322
1322
1324
1324
1327
1327
1329
1334
1338
1338
1338
1338
1342
1345
1345
1346
1348
1351
1353
1353
1354
1356
1357
1357
1359
1360
1362
1362
1363
1365
1365
1367
1367
1368
1369
1369
1370
1371
1371
1375
1378
1379
1381
1381
1384
1385
1385
1385
1386
1388
1390
1390
1391
1393
1395
1395
1396
1396
1397
1401
1402
1403
1403
1403
1404
1404
1405
1407
1408
1408
1409
1409
1409
1411
1411
1411
1414
1418
1419
1421
1421
1422
1423
1423
1424
1425
1425
1427
1428
1429
1429
1429
1430
1432
1432
1432
1433
1433
1435
1435
1437
1437
1437
1438
1439
1439
1440
1442
1442
1443
1443
1443
1443
1446
1446
1447
1448
1448
1449
1450
1452
1452
1454
1455
1456
1458
1458
1458
1460
1464
1466
1468
1468
1471
1472
1472
1473
1473
1475
1476
1477
1477
1478
1479
1480
1480
1480
1480
1484
1486
1487
1487
1488
1492
1492
1493
1493
1496
1497
1498
1499
1499
1500
1500
1501
1502
1503
1504
1505
1506
1506
1507
1507
1508
1508
1508
1508
1510
1510
1513
1514
1515
1515
1516
1518
1519
1519
1520
1520
1521
1521
1523
1524
1524
1525
1525
1526
1527
1528
1529
1530
1531
1532
1533
1534
1535
1536
1538
1539
1541
1542
1544
1546
1548
1549
1549
1551
1552
1552
1554
1554
1555
1556
1557
1559
1562
1565
1567
1567
1568
1569
1569
1571
1571
1573
1573
1574
1575
1576
1577
1579
1580
1580
1581
1582
1582
1584
1585
1586
1587
1588
1590
1590
1591
1595
1595
1597
1598
1600
1600
1604
1606
1607
1608
1609
1610
1610
1610
1611
1613
1613
1616
1617
1617
1617
1618
1620
1621
1622
1623
1624
1625
1627
1627
1628
1629
1630
1630
1631
1631
1631
1633
1633
1634
1634
1636
1636
1637
1638
1639
1639
1640
1644
1644
1644
1644
1645
1645
1646
1647
1647
1647
1649
1651
1653
1655
1657
1658
1659
1660
1660
1661
1664
1666
1667
1668
1670
1670
1670
1671
1672
1672
1672
1674
1674
1675
1676
1676
1677
1679
1680
1682
1682
1683
1684
1684
1687
1688
1688
1688
1690
1690
1693
1694
1695
1695
1695
1695
1696
1696
1697
1697
1699
1699
1701
1701
1703
1704
1705
1705
1706
1707
1710
1712
1715
1715
1715
1716
1716
1717
1717
1721
1721
1723
1723
1724
1725
1725
1726
1727
1731
1732
1733
1734
1737
1743
1743
1743
1745
1745
1745
1746
1749
1753
1753
1755
1755
1757
1757
1758
1758
1759
1759
1759
1760
1761
1761
1766
1767
1769
1769
1770
1771
1771
1772
1774
1776
1777
1778
1779
1780
1781
1782
1782
1784
1784
1785
1787
1788
1789
1789
1791
1792
1793
1794
1795
1796
1796
1799
1799
1800
1804
1804
1805
1805
1806
1808
1809
1811
1811
1812
1812
1813
1813
1815
1816
1817
1817
1818
1819
1819
1821
1821
1821
1826
1827
1827
1827
1831
1831
1833
1835
1837
1839
1840
1840
1842
1842
1842
1843
1844
1844
1845
1845
1846
1847
1847
1848
1848
1850
1851
1852
1853
1854
1854
1855
1855
1856
1858
1859
1861
1862
1862
1863
1863
1864
1865
1865
1865
1865
1866
1868
1868
1868
1869
1869
1870
1871
1871
1871
1872
1872
1872
1873
1873
1875
1875
1877
1877
1878
1879
1879
1880
1880
1880
1881
1881
1881
1882
1884
1884
1884
1886
1887
1889
1890
1893
1893
1893
1894
1894
1895
1896
1896
1896
1896
1897
1898
1899
1899
1900
1901
1902
1902
1902
1902
1903
1903
1903
1904
1905
1905
1906
1907
1908
1908
1909
1909
1909
1910
1911
1912
1912
1913
1913
1914
1914
1915
1917
1918
1919
1920
1922
1922
1923
1924
1927
1933
1934
1936
1937
1937
1937
1938
1938
1938
1939
1939
1943
1944
1945
1945
1946
1949
1950
1950
1951
1952
1953
1953
1953
1955
1957
1958
1958
1958
1960
1961
1962
1963
1963
1963
1963
1966
1967
1969
1970
1974
1974
1977
1979
1980
1981
1981
1982
1983
1983
1984
1984
1988
1989
1990
1990
1993
1993
1994
1994
1995
1995
1996
1997
1998
1999
2
5
5
6
6
7
7
8
8
10
12
13
13
14
15
15
16
16
17
17
19
21
21
22
24
24
24
24
25
25
28
29
29
30
31
32
32
33
36
37
37
38
38
39
40
40
40
42
42
43
43
45
46
47
47
48
48
48
49
50
50
51
53
53
54
56
56
58
58
59
59
59
59
61
62
62
62
63
65
66
69
72
73
74
74
75
75
76
76
78
80
80
84
84
85
86
90
93
93
94
94
94
95
96
97
97
99
99
100
100
101
103
105
106
107
107
107
108
108
108
109
109
109
114
114
115
115
115
115
117
117
118
122
123
123
124
126
128
128
131
132
134
134
135
135
137
138
138
139
141
141
141
142
148
150
152
152
152
153
153
154
154
155
156
158
159
159
161
161
161
163
163
164
166
166
167
168
168
168
169
169
169
171
172
174
174
175
175
176
177
180
180
180
181
181
181
181
182
182
183
184
185
185
185
185
186
186
187
188
191
192
192
193
195
197
198
199
199
199
206
206
207
207
207
208
209
212
218
219
221
222
222
223
224
224
226
228
230
231
231
232
233
235
235
236
237
238
238
238
238
239
240
240
242
242
243
243
243
244
244
245
246
248
248
251
254
255
256
258
259
259
259
260
260
261
261
262
263
264
264
264
265
268
268
269
271
272
275
275
276
276
277
279
279
281
283
284
287
287
289
290
291
292
292
293
293
294
295
295
297
298
300
302
303
306
307
308
310
310
310
311
313
314
314
314
315
316
317
318
318
318
320
321
322
323
325
326
327
327
328
329
329
331
331
331
332
332
333
334
336
342
343
343
344
344
344
345
346
346
347
347
348
349
349
349
351
355
356
357
357
357
357
359
359
359
360
361
361
362
364
367
368
369
370
372
373
373
377
379
383
385
385
386
386
387
389
390
393
394
396
397
397
398
399
399
400
401
404
404
405
405
405
406
409
411
413
416
418
418
419
420
421
421
422
423
423
423
424
424
424
425
426
427
430
431
432
433
434
435
437
437
441
442
442
443
443
443
443
443
443
444
447
448
448
449
449
450
452
456
456
456
457
457
457
459
459
460
461
464
464
468
468
470
470
470
471
471
471
471
473
474
474
474
475
477
477
479
479
480
480
480
483
484
485
486
489
489
489
490
491
495
495
496
496
496
498
499
499
500
500
504
505
506
506
507
507
508
508
511
513
513
514
515
516
516
517
521
523
525
526
526
527
527
528
528
528
530
530
530
530
530
532
535
535
537
541
543
544
545
545
546
547
547
547
548
548
548
549
550
552
552
552
554
554
555
559
560
562
562
563
565
565
568
569
569
571
572
572
572
573
575
575
575
576
576
576
577
577
577
578
578
579
579
579
582
583
586
586
587
587
587
588
589
590
590
591
591
592
594
595
596
597
598
598
599
600
601
602
604
606
606
606
607
607
607
611
611
612
613
614
617
617
617
618
618
619
620
621
622
624
626
626
627
628
629
630
632
635
636
636
637
637
637
637
639
639
639
639
640
640
642
643
643
645
649
650
651
654
654
655
655
655
655
657
659
659
661
662
662
665
665
667
668
668
669
671
672
674
677
677
681
682
682
683
684
685
686
687
687
688
689
690
691
691
692
693
693
693
695
695
696
696
696
697
700
700
701
701
702
702
704
704
704
706
707
707
707
708
708
709
709
710
710
712
713
713
714
715
715
718
719
720
720
720
722
722
723
723
724
724
725
726
727
728
729
731
732
732
732
733
734
735
736
738
738
739
741
741
742
742
743
744
745
748
748
749
750
751
751
753
759
761
762
762
763
768
769
769
769
770
770
771
771
772
773
776
776
776
780
780
780
782
787
788
789
789
791
792
795
799
801
805
806
806
806
807
808
809
810
812
813
813
813
814
814
815
816
818
819
821
821
822
822
824
824
827
829
829
833
833
834
835
837
840
840
842
842
843
844
844
845
847
847
849
849
849
849
849
851
851
851
853
856
856
856
857
857
857
860
862
862
863
864
864
865
867
869
871
872
872
873
878
878
879
879
881
882
883
883
884
885
888
888
889
890
891
892
893
894
895
895
895
896
896
897
898
898
898
900
900
901
902
903
905
906
906
911
912
913
914
915
916
916
917
917
918
919
920
920
921
922
924
924
925
926
926
927
930
930
930
931
931
931
932
933
934
935
937
938
939
939
939
941
943
944
945
946
946
948
949
950
952
955
955
956
960
960
964
965
965
965
966
968
968
969
969
969
970
971
972
972
974
975
975
975
977
978
979
979
980
980
981
982
984
985
985
985
986
990
992
993
995
998
999
999
999
1000
1001
1001
1002
1004
1005
1005
1006
1006
1008
1011
1011
1012
1013
1014
1015
1016
1016
1017
1017
1019
1019
1020
1020
1020
1022
1022
1022
1023
1023
1023
1024
1027
1028
1030
1034
1035
1036
1036
1036
1037
1038
1040
1044
1045
1046
1046
1051
1051
1052
1053
1055
1055
1056
1056
1057
1057
1057
1057
1061
1062
1064
1065
1065
1065
1066
1067
1067
1070
1071
1071
1072
1073
1074
1074
1074
1075
1076
1076
1077
1079
1079
1080
1080
1081
1082
1082
1083
1083
1084
1084
1086
1086
1087
1088
1088
1088
1088
1088
1090
1090
1090
1090
1091
1092
1093
1096
1097
1097
1098
1099
1099
1100
1101
1102
1103
1106
1109
1109
1110
1110
1112
1112
1112
1113
1113
1113
1114
1114
1114
1115
1115
1116
1118
1119
1120
1120
1123
1123
1126
1126
1129
1131
1133
1134
1134
1134
1135
1137
1138
1139
1139
1140
1141
1142
1142
1142
1143
1143
1144
1144
1148
1148
1150
1150
1151
1152
1152
1152
1154
1155
1157
1160
1160
1165
1166
1167
1168
1169
1169
1169
1170
1170
1170
1171
1172
1172
1174
1174
1175
1177
1178
1180
1180
1180
1180
1180
1181
1183
1183
1183
1185
1185
1186
1187
1187
1189
1189
1189
1190
1190
1191
1191
1191
1192
1193
1193
1193
1194
1194
1196
1196
1197
1200
1200
1202
1203
1203
1204
1207
1207
1207
1208
1209
1211
1212
1213
1216
1218
1218
1219
1220
1221
1224
1225
1225
1228
1229
1231
1231
1233
1234
1235
1235
1238
1240
1242
1243
1244
1245
1245
1248
1249
1250
1252
1254
1255
1255
1255
1255
1257
1258
1259
1260
1260
1260
1261
1263
1265
1266
1267
1267
1268
1269
1271
1274
1276
1277
1277
1277
1277
1277
1280
1282
1282
1282
1284
1284
1284
1285
1286
1286
1287
1288
1288
1290
1291
1291
1291
1292
1292
1294
1295
1295
1296
1299
1299
1302
1302
1303
1303
1305
1306
1308
1308
1310
1314
1315
1316
1316
1316
1318
1320
1320
1320
1324
1325
1325
1325
1326
1328
1328
1328
1328
1330
1330
1332
1332
1335
1336
1336
1339
1340
1340
1340
1340
1340
1341
1342
1344
1344
1345
1348
1349
1349
1351
1352
1354
1354
1355
1356
1359
1359
1360
1361
1362
1363
1364
1364
1365
1365
1366
1366
1367
1367
1368
1368
1369
1369
1369
1371
1371
1371
1373
1374
1376
1376
1377
1378
1380
1380
1380
1381
1383
1384
1385
1386
1389
1389
1390
1392
1393
1394
1395
1395
1395
1396
1396
1397
1397
1398
1398
1400
1401
1401
1402
1403
1404
1405
1406
1408
1408
1409
1409
1411
1411
1412
1413
1413
1416
1418
1418
1419
1419
1419
1420
1421
1422
1422
1424
1425
1426
1427
1427
1428
1430
1431
1431
1431
1433
1435
1436
1436
1437
1441
1441
1441
1441
1442
1442
1442
1443
1443
1443
1444
1444
1446
1446
1446
1448
1448
1454
1455
1456
1456
1457
1457
1457
1457
1459
1459
1459
1459
1460
1461
1462
1465
1465
1465
1466
1467
1468
1468
1469
1469
1470
1470
1470
1472
1473
1475
1475
1477
1477
1478
1478
1479
1479
1483
1484
1484
1485
1486
1487
1487
1487
1487
1492
1492
1492
1493
1496
1496
1499
1499
1500
1504
1505
1507
1507
1507
1508
1509
1509
1511
1512
1516
1516
1517
1517
1519
1519
1519
1520
1521
1522
1523
1526
1528
1528
1529
1530
1531
1535
1535
1539
1543
1544
1544
1544
1548
1548
1548
1549
1549
1551
1551
1552
1553
1553
1554
1556
1557
1557
1561
1562
1562
1565
1566
1571
1572
1573
1573
1574
1575
1576
1579
1579
1579
1580
1580
1582
1582
1584
1584
1584
1585
1585
1585
1586
1586
1587
1587
1590
1591
1591
1591
1592
1595
1595
1596
1597
1597
1601
1601
1601
1602
1603
1604
1604
1605
1606
1608
1610
1610
1610
1611
1612
1613
1613
1620
1622
1622
1622
1626
1627
1627
1630
1631
1633
1636
1637
1637
1638
1638
1638
1638
1640
1640
1641
1641
1643
1644
1644
1645
1645
1646
1647
1648
1649
1652
1653
1654
1656
1656
1657
1659
1659
1660
1660
1660
1663
1665
1666
1667
1667
1669
1670
1670
1671
1672
1672
1673
1675
1676
1677
1677
1677
1679
1680
1680
1680
1680
1681
1681
1685
1686
1686
1686
1690
1690
1693
1694
1695
1696
1698
1698
1698
1698
1699
1700
1701
1703
1705
1707
1708
1709
1710
1710
1710
1712
1713
1715
1716
1717
1718
1719
1720
1722
1723
1723
1724
1725
1725
1727
1728
1729
1732
1732
1733
1733
1733
1734
1737
1738
1738
1740
1740
1742
1743
1743
1744
1744
1749
1749
1751
1752
1752
1753
1755
1756
1758
1758
1759
1760
1763
1764
1766
1767
1769
1770
1771
1773
1773
1774
1774
1775
1777
1778
1778
1780
1782
1784
1784
1784
1785
1786
1789
1790
1790
1791
1792
1793
1793
1794
1795
1796
1797
1797
1799
1802
1804
1805
1805
1808
1809
1812
1813
1814
1815
1815
1816
1816
1817
1818
1819
1819
1822
1823
1825
1825
1825
1827
1827
1828
1829
1829
1830
1832
1832
1833
1833
1833
1835
1836
1836
1837
1838
1840
1842
1843
1844
1845
1846
1847
1847
1850
1852
1854
1855
1855
1855
1856
1856
1857
1857
1858
1861
1861
1862
1866
1867
1867
1867
1868
1868
1870
1871
1871
1871
1875
1876
1877
1877
1878
1878
1879
1880
1880
1881
1885
1885
1886
1886
1887
1889
1889
1890
1891
1891
1891
1892
1893
1894
1895
1896
1898
1900
1900
1902
1902
1904
1904
1905
1905
1906
1907
1908
1910
1910
1911
1912
1912
1913
1914
1915
1916
1917
1918
1918
1918
1918
1919
1923
1924
1924
1924
1925
1926
1929
1931
1931
1933
1935
1936
1937
1939
1940
1941
1942
1942
1946
1946
1947
1949
1950
1951
1953
1953
1956
1956
1958
1959
1960
1960
1961
1961
1961
1963
1968
1972
1972
1973
1974
1975
1975
1975
1976
1978
1979
1981
1982
1984
1985
1985
1985
1986
1986
1988
1990
1990
1997
1998
1999
0
2
3
3
4
5
6
6
6
8
9
10
12
12
12
12
15
16
18
19
19
20
23
24
24
24
25
25
26
26
29
29
29
30
32
32
32
33
34
34
36
36
36
37
37
37
37
37
38
41
42
42
43
43
43
44
44
47
47
48
48
48
49
49
50
53
53
55
56
56
56
57
59
60
60
61
62
64
64
66
66
67
67
68
68
69
69
70
75
75
76
79
80
82
83
83
83
83
85
86
86
86
87
89
90
91
92
92
93
93
93
96
96
96
98
98
98
100
100
101
101
102
103
104
105
105
109
109
109
110
112
115
115
117
117
118
119
119
120
120
122
125
125
126
127
127
127
128
129
130
130
131
131
131
132
132
133
133
134
134
134
135
138
141
142
142
142
146
146
146
147
148
149
151
151
151
153
153
153
155
159
160
163
163
163
164
165
167
167
167
168
169
170
171
173
173
175
176
177
177
178
178
181
182
182
183
183
183
186
187
188
188
189
191
192
192
193
193
196
197
199
200
200
201
204
204
209
210
210
212
213
213
215
215
216
216
217
217
217
217
218
219
222
223
226
226
227
227
229
230
231
232
235
235
238
238
240
241
242
244
245
245
246
249
251
251
251
251
251
252
253
253
254
256
257
258
258
259
260
260
261
261
261
261
262
263
264
267
268
269
271
271
271
272
273
273
273
274
275
279
279
280
280
280
283
283
283
284
284
285
286
287
290
291
293
294
295
297
297
298
300
301
303
305
306
308
309
309
310
311
312
313
313
316
317
317
317
318
318
318
319
321
322
323
324
324
326
328
329
331
332
333
333
334
334
334
334
335
336
336
337
340
341
344
347
347
347
348
348
348
350
350
350
353
353
353
356
356
360
362
362
366
367
368
369
374
375
379
380
380
381
381
383
383
384
385
386
387
388
388
388
388
389
389
390
390
391
392
392
395
397
398
399
400
400
400
401
401
403
403
405
405
405
406
407
407
407
408
408
408
409
409
411
412
413
415
416
417
417
417
419
419
420
421
422
424
424
425
425
427
428
428
429
429
430
432
432
434
438
439
439
440
440
440
441
442
443
444
444
445
445
446
446
447
447
449
450
453
454
454
454
455
456
457
457
458
458
458
462
464
465
465
466
467
468
468
469
469
470
471
476
478
480
481
481
482
483
485
490
491
493
494
495
497
499
499
500
500
503
504
506
507
507
509
510
511
511
513
514
514
514
515
515
516
517
517
518
518
525
525
525
526
526
527
527
527
528
529
529
529
531
532
533
536
536
536
537
537
539
539
541
541
541
545
546
546
547
547
547
548
548
549
551
551
552
554
555
556
557
557
560
561
561
561
562
563
563
564
564
564
566
567
573
574
574
575
576
577
577
579
580
581
581
581
581
582
582
583
583
583
583
583
587
588
588
589
589
590
592
593
593
594
596
597
597
598
598
599
600
600
600
601
601
603
604
605
608
613
614
619
619
620
620
621
621
622
623
623
623
624
624
625
625
626
627
629
629
630
630
631
632
634
634
634
635
635
635
635
636
639
644
645
645
646
650
650
651
654
654
656
657
658
658
658
658
659
660
660
663
664
665
666
666
666
667
667
667
667
669
672
673
675
675
678
678
680
682
683
683
685
687
689
690
691
695
696
697
699
699
703
703
703
703
704
705
706
707
709
712
716
717
719
720
721
721
721
723
732
734
735
736
739
741
741
744
746
746
746
747
748
750
750
751
753
756
759
760
763
765
765
766
771
771
771
771
771
772
772
773
773
773
774
774
775
775
777
778
778
778
779
782
783
784
789
791
793
794
795
795
797
799
801
801
801
802
802
803
807
809
809
809
809
809
809
811
812
812
813
815
815
815
815
820
821
821
821
822
823
823
824
824
826
826
826
827
828
829
829
829
829
830
830
831
831
833
834
835
835
836
838
838
839
842
842
844
845
846
846
846
848
849
850
852
855
856
856
856
857
858
865
865
865
866
868
870
870
871
871
872
873
873
873
876
876
876
877
880
880
882
885
885
885
886
888
893
894
895
896
899
901
901
902
902
903
904
904
904
905
905
908
910
911
911
913
914
917
917
923
923
923
924
924
925
927
928
929
932
933
934
934
936
938
939
940
941
942
943
943
943
945
946
946
947
949
950
952
952
954
954
955
956
957
958
959
959
959
963
963
965
965
966
967
967
967
969
971
971
972
972
972
974
976
976
981
984
985
985
985
985
986
988
989
990
990
990
991
991
991
992
994
995
996
996
996
997
997
998
998
999
999
1000
1000
1001
1002
1003
1003
1003
1003
1004
1004
1005
1006
1008
1008
1011
1013
1014
1015
1018
1019
1019
1019
1021
1022
1022
1023
1023
1024
1024
1024
1024
1025
1026
1026
1026
1028
1030
1031
1032
1032
1034
1034
1035
1035
1036
1038
1038
1038
1040
1040
1041
1041
1041
1046
1047
1047
1048
1048
1053
1053
1054
1054
1054
1055
1059
1062
1062
1062
1063
1067
1069
1069
1070
1073
1073
1076
1076
1077
1078
1081
1082
1082
1084
1086
1086
1088
1088
1089
1093
1093
1096
1096
1096
1099
1100
1100
1101
1102
1102
1102
1102
1103
1104
1104
1104
1106
1107
1107
1108
1110
1111
1114
1115
1115
1116
1116
1117
1118
1119
1122
1123
1123
1124
1124
1124
1125
1125
1126
1126
1128
1128
1129
1131
1132
1132
1132
1133
1133
1135
1135
1136
1137
1139
1139
1139
1140
1141
1143
1146
1147
1148
1151
1151
1153
1155
1157
1158
1158
1159
1160
1161
1164
1165
1165
1166
1167
1171
1173
1174
1179
1182
1182
1183
1186
1186
1187
1187
1191
1191
1193
1197
1198
1200
1201
1202
1205
1207
1207
1208
1208
1209
1209
1213
1215
1215
1215
1216
1219
1220
1221
1222
1226
1229
1230
1231
1231
1232
1232
1233
1233
1233
1234
1235
1235
1237
1238
1240
1240
1240
1241
1241
1242
1243
1244
1244
1246
1246
1247
1248
1250
1250
1251
1251
1253
1255
1255
1258
1259
1262
1263
1264
1264
1264
1265
1265
1267
1267
1268
1268
1269
1269
1271
1271
1272
1273
1275
1276
1277
1278
1279
1279
1283
1284
1286
1286
1288
1288
1289
1290
1295
1295
1298
1300
1301
1301
1301
1302
1303
1303
1304
1304
1305
1305
1307
1308
1308
1309
1311
1311
1311
1313
1313
1315
1315
1315
1316
1316
1317
1318
1318
1319
1319
1322
1323
1323
1324
1325
1331
1331
1332
1333
1334
1336
1337
1341
1341
1342
1343
1344
1344
1346
1347
1347
1348
1348
1350
1350
1351
1354
1354
1355
1355
1355
1355
1357
1358
1358
1358
1359
1359
1359
1362
1362
1362
1363
1366
1367
1368
1368
1369
1370
1373
1374
1374
1376
1376
1377
1377
1378
1378
1379
1379
1380
1381
1381
1381
1382
1384
1384
1386
1386
1387
1387
1388
1389
1391
1397
1398
1399
1399
1400
1400
1402
1405
1409
1411
1412
1412
1412
1413
1415
1417
1418
1418
1420
1420
1421
1421
1422
1422
1424
1425
1425
1426
1426
1427
1427
1427
1427
1427
1427
1430
1433
1434
1434
1434
1436
1436
1437
1437
1438
1439
1439
1440
1442
1444
1444
1445
1448
1449
1449
1450
1451
1451
1451
1451
1453
1453
1454
1455
1455
1456
1456
1457
1458
1460
1461
1462
1462
1465
1467
1468
1468
1469
1469
1469
1470
1471
1473
1475
1476
1478
1479
1479
1480
1481
1481
1482
1482
1484
1485
1485
1489
1490
1490
1490
1491
1492
1493
1495
1495
1497
1499
1503
1505
1506
1506
1507
1507
1507
1508
1508
1510
1511
1511
1512
1513
1515
1516
1516
1516
1516
1516
1516
1517
1519
1519
1519
1520
1520
1520
1526
1527
1527
1527
1528
1530
1530
1531
1535
1536
1538
1538
1539
1541
1542
1542
1543
1546
1550
1554
1555
1555
1556
1557
1557
1557
1558
1558
1559
1560
1562
1563
1564
1564
1565
1565
1566
1566
1566
1567
1568
1572
1573
1573
1573
1575
1575
1577
1578
1578
1580
1583
1583
1583
1586
1586
1589
1591
1592
1592
1593
1593
1594
1594
1595
1595
1595
1595
1596
1597
1597
1600
1601
1601
1601
1603
1603
1604
1605
1605
1606
1607
1609
1610
1611
1613
1615
1617
1617
1618
1619
1620
1621
1622
1624
1624
1628
1628
1630
1633
1633
1636
1636
1637
1637
1637
1637
1638
1642
1642
1642
1645
1645
1645
1645
1647
1649
1650
1652
1652
1652
1653
1654
1654
1655
1656
1658
1659
1661
1665
1666
1666
1667
1667
1667
1669
1672
1675
1675
1677
1677
1678
1678
1679
1679
1679
1680
1681
1684
1685
1685
1685
1686
1686
1687
1688
1688
1689
1690
1690
1691
1692
1693
1694
1694
1695
1697
1697
1698
1699
1699
1700
1701
1701
1701
1701
1702
1702
1702
1703
1704
1704
1706
1707
1709
1711
1712
1712
1712
1715
1719
1723
1723
1724
1725
1725
1725
1726
1727
1727
1729
1730
1731
1732
1732
1732
1733
1734
1734
1736
1736
1736
1738
1738
1739
1741
1742
1742
1742
1743
1744
1745
1746
1746
1746
1747
1748
1749
1749
1750
1751
1754
1755
1755
1760
1761
1762
1763
1763
1763
1764
1767
1768
1769
1771
1771
1771
1772
1772
1774
1774
1774
1775
1775
1778
1778
1778
1778
1778
1779
1779
1781
1782
1783
1783
1784
1784
1784
1784
1785
1786
1787
1788
1788
1789
1790
1790
1790
1790
1792
1793
1793
1796
1797
1798
1801
1802
1803
1804
1804
1805
1809
1810
1812
1813
1813
1813
1814
1821
1821
1821
1822
1822
1822
1823
1823
1823
1823
1824
1826
1826
1827
1829
1831
1831
1833
1833
1834
1834
1835
1837
1837
1838
1839
1843
1844
1846
1846
1846
1852
1853
1853
1853
1854
1855
1858
1861
1861
1863
1863
1865
1865
1866
1866
1867
1868
1869
1870
1871
1872
1873
1874
1875
1875
1875
1875
1878
1881
1882
1883
1883
1884
1885
1885
1886
1886
1886
1886
1887
1888
1888
1889
1889
1892
1893
1894
1896
1896
1897
1898
1899
1902
1903
1905
1907
1908
1908
1909
1909
1911
1911
1912
1912
1913
1913
1914
1915
1916
1917
1917
1917
1918
1919
1921
1921
1921
1923
1923
1926
1926
1926
1926
1927
1927
1929
1929
1930
1932
1933
1934
1934
1934
1935
1935
1936
1937
1937
1937
1938
1940
1940
1941
1942
1945
1945
1946
1947
1947
1947
1948
1949
1949
1949
1950
1950
1951
1952
1952
1953
1954
1955
1955
1956
1958
1959
1960
1962
1962
1962
1964
1964
1964
1964
1966
1966
1968
1969
1970
1970
1970
1971
1971
1971
1975
1975
1976
1978
1978
1980
1980
1982
1982
1982
1982
1984
1986
1987
1989
1990
1991
1992
1993
1995
1995
1995
1996
1996
1997
1999
1
1
1
2
3
3
5
6
6
6
7
10
11
12
14
14
15
17
18
20
22
22
22
22
23
25
28
29
29
32
34
34
35
35
36
36
37
37
38
38
38
39
40
40
41
43
43
45
46
46
47
49
50
51
51
51
51
51
51
52
52
52
54
56
56
56
58
59
59
59
59
60
60
60
63
63
65
65
67
68
69
69
72
75
75
75
77
77
78
78
80
81
82
85
85
86
87
87
89
90
92
92
94
94
95
97
98
101
102
104
104
104
105
105
110
111
112
113
113
114
116
116
117
118
118
118
119
119
123
124
125
125
126
126
126
127
128
129
130
131
131
131
132
132
136
137
138
139
140
140
142
142
143
144
144
146
148
149
149
150
150
151
152
154
154
156
161
161
162
165
166
167
167
167
168
168
171
172
174
176
177
178
178
178
179
179
179
181
182
182
182
182
184
184
186
186
186
190
191
192
193
197
197
199
201
202
203
206
208
210
210
210
211
214
215
216
217
218
218
219
219
222
222
223
223
223
224
224
225
225
226
227
230
231
233
235
235
235
236
238
238
239
240
240
241
241
242
243
243
243
246
248
249
249
250
251
251
252
253
255
255
256
258
259
260
261
262
263
264
267
271
272
276
276
281
284
284
286
286
287
289
289
289
290
290
292
295
299
299
302
303
305
306
306
307
308
308
311
312
313
313
314
314
314
314
316
317
317
317
317
319
320
320
324
326
327
330
330
332
333
334
334
334
338
339
339
339
340
340
340
341
341
341
344
344
344
348
348
348
349
351
352
352
353
354
354
357
357
357
358
361
361
362
364
365
366
367
370
370
372
377
379
382
383
384
384
386
386
387
387
387
388
389
395
396
397
397
398
398
398
399
401
401
402
404
406
406
408
408
409
410
414
417
417
417
417
419
420
421
422
423
424
424
424
424
426
426
427
428
429
430
431
432
433
433
436
437
438
441
444
445
446
450
450
451
451
452
453
453
456
456
456
459
459
460
460
460
462
462
465
466
469
472
474
474
477
477
478
478
478
480
481
481
481
482
482
484
484
487
491
491
492
492
493
494
495
497
499
499
500
500
500
503
503
504
504
509
510
510
511
511
512
515
515
516
517
518
519
519
521
522
523
524
525
525
526
526
527
527
528
529
529
532
534
535
535
536
536
537
537
538
538
541
541
541
542
542
542
543
543
544
549
550
551
552
552
553
553
554
555
555
556
556
556
557
559
559
560
560
561
563
565
567
568
569
570
570
573
575
575
577
577
578
579
580
581
581
582
582
583
584
584
585
586
586
587
587
588
589
589
591
591
592
593
596
596
597
598
598
599
599
600
600
603
604
604
604
605
606
606
607
611
615
615
615
615
615
615
616
616
616
616
619
619
620
621
621
624
625
626
628
629
630
630
631
632
634
634
636
638
638
638
639
640
641
643
643
643
645
646
649
649
649
650
652
653
653
653
654
655
658
658
659
659
663
663
665
666
666
667
667
667
668
669
669
670
671
672
672
674
674
675
675
676
676
676
677
678
678
678
678
682
688
689
689
690
691
694
696
699
701
701
703
704
705
706
708
708
708
711
711
713
714
715
715
716
718
719
719
719
721
721
723
723
723
724
726
729
730
731
734
735
735
736
736
738
738
739
739
740
740
741
741
743
743
746
746
746
747
748
749
750
750
751
752
752
753
754
755
757
757
759
759
763
766
766
766
769
771
771
772
772
772
774
775
776
778
779
779
780
781
783
783
784
785
785
785
790
790
790
791
792
792
792
793
794
795
796
796
798
799
800
803
804
805
805
806
809
810
810
812
812
812
813
813
816
816
817
820
820
821
821
822
822
822
824
827
827
828
832
833
834
834
835
837
837
837
838
838
838
840
841
841
841
842
843
844
844
845
845
845
845
846
848
849
849
850
851
851
852
852
852
853
857
859
859
859
860
860
862
862
863
865
866
866
867
869
870
870
870
871
873
873
875
880
880
881
881
882
884
884
884
885
886
887
887
887
887
887
889
891
893
894
894
895
895
895
895
896
897
898
900
900
907
908
910
910
910
912
912
914
915
915
916
917
917
920
920
920
921
921
922
923
925
925
925
926
928
928
928
928
929
930
930
931
931
931
933
938
939
940
940
942
945
946
946
946
947
947
947
951
951
952
953
954
955
955
958
959
960
960
962
964
965
965
967
967
968
970
971
971
972
972
974
976
976
978
980
981
981
981
982
983
984
984
987
990
990
992
998
999
999
1001
1002
1004
1004
1005
1006
1007
1007
1007
1008
1011
1013
1014
1019
1019
1019
1021
1022
1024
1025
1026
1029
1029
1030
1031
1033
1033
1034
1035
1037
1039
1039
1040
1041
1041
1045
1046
1047
1047
1047
1048
1050
1050
1050
1052
1053
1054
1055
1055
1057
1060
1061
1063
1064
1065
1065
1068
1069
1076
1076
1076
1077
1077
1078
1081
1082
1082
1083
1084
1084
1084
1085
1085
1087
1087
1087
1088
1089
1089
1089
1090
1091
1092
1093
1095
1095
1096
1097
1097
1101
1103
1103
1103
1105
1106
1106
1107
1108
1108
1108
1109
1111
1111
1112
1114
1114
1116
1117
1121
1121
1124
1125
1125
1125
1125
1126
1126
1126
1127
1127
1127
1128
1128
1128
1129
1129
1132
1133
1134
1135
1137
1138
1139
1140
1140
1140
1141
1145
1146
1147
1147
1149
1150
1150
1151
1152
1154
1157
1159
1159
1159
1160
1161
1161
1162
1162
1162
1163
1164
1165
1169
1169
1170
1170
1173
1173
1173
1175
1175
1177
1177
1178
1180
1181
1181
1181
1182
1182
1183
1184
1185
1186
1186
1188
1189
1193
1195
1196
1196
1197
1198
1198
1199
1200
1200
1200
1201
1202
1203
1204
1205
1205
1205
1208
1208
1208
1209
1209
1211
1212
1214
1214
1215
1216
1218
1219
1223
1223
1224
1225
1225
1227
1227
1229
1229
1229
1230
1230
1231
1233
1233
1236
1237
1237
1238
1238
1239
1239
1239
1241
1244
1245
1246
1246
1247
1248
1249
1251
1252
1253
1253
1254
1255
1256
1256
1257
1258
1259
1260
1261
1261
1262
1263
1266
1269
1269
1270
1271
1271
1272
1272
1274
1276
1276
1276
1278
1281
1284
1284
1285
1287
1288
1290
1290
1290
1290
1294
1295
1296
1296
1297
1297
1298
1299
1301
1301
1303
1303
1303
1304
1306
1307
1307
1307
1307
1307
1308
1310
1311
1312
1312
1313
1315
1316
1316
1316
1318
1319
1320
1320
1320
1321
1322
1322
1323
1325
1325
1326
1327
1328
1332
1334
1334
1335
1335
1335
1336
1339
1340
1342
1343
1345
1345
1346
1347
1348
1349
1349
1353
1354
1354
1354
1357
1359
1362
1363
1364
1364
1366
1367
1367
1367
1368
1368
1368
1369
1370
1373
1373
1373
1375
1377
1377
1378
1378
1379
1379
1380
1380
1380
1380
1381
1381
1382
1383
1385
1385
1386
1387
1387
1388
1390
1391
1393
1395
1396
1397
1398
1398
1398
1399
1399
1400
1402
1404
1406
1406
1407
1408
1410
1410
1411
1411
1412
1413
1414
1416
1416
1416
1416
1417
1417
1421
1421
1422
1422
1423
1423
1424
1425
1426
1428
1429
1429
1430
1430
1431
1432
1432
1434
1435
1436
1436
1438
1438
1439
1440
1441
1441
1441
1442
1445
1447
1449
1450
1450
1451
1451
1453
1454
1455
1458
1460
1461
1461
1462
1462
1463
1463
1466
1466
1468
1468
1468
1469
1470
1470
1472
1474
1474
1476
1476
1477
1477
1478
1478
1481
1482
1483
1485
1487
1489
1489
1491
1491
1492
1493
1494
1494
1494
1496
1498
1498
1499
1500
1500
1501
1501
1502
1503
1503
1504
1506
1509
1510
1511
1512
1517
1518
1520
1521
1521
1521
1522
1523
1525
1525
1526
1527
1527
1528
1528
1528
1528
1529
1529
1530
1531
1531
1533
1535
1535
1536
1537
1538
1538
1538
1540
1542
1544
1545
1546
1546
1548
1549
1550
1553
1554
1555
1555
1556
1556
1556
1557
1559
1561
1561
1563
1564
1564
1564
1565
1568
1568
1568
1572
1573
1574
1574
1576
1578
1578
1579
1580
1580
1580
1581
1581
1581
1582
1583
1585
1586
1586
1586
1587
1588
1589
1589
1591
1591
1591
1592
1594
1595
1597
1598
1598
1599
1599
1602
1602
1603
1604
1604
1605
1605
1606
1606
1606
1607
1610
1612
1613
1614
1614
1615
1617
1619
1619
1621
1621
1622
1622
1623
1623
1624
1625
1627
1629
1630
1630
1631
1632
1633
1634
1634
1637
1638
1638
1638
1640
1640
1640
1641
1646
1647
1647
1648
1649
1649
1651
1655
1656
1657
1657
1657
1658
1658
1659
1660
1660
1665
1668
1670
1671
1671
1671
1672
1672
1672
1673
1673
1673
1675
1679
1679
1681
1681
1683
1683
1684
1684
1685
1685
1686
1688
1689
1689
1690
1690
1690
1690
1691
1693
1694
1695
1695
1696
1697
1697
1698
1698
1698
1700
1702
1702
1703
1704
1706
1707
1708
1711
1715
1715
1715
1717
1718
1719
1720
1720
1721
1722
1725
1726
1727
1729
1729
1729
1729
1732
1732
1733
1733
1734
1735
1735
1735
1736
1740
1740
1744
1744
1744
1745
1745
1747
1747
1748
1748
1748
1749
1749
1750
1752
1754
1754
1755
1755
1755
1757
1758
1759
1759
1760
1761
1762
1762
1766
1766
1766
1767
1767
1768
1768
1768
1769
1770
1771
1772
1773
1773
1774
1776
1777
1778
1778
1779
1780
1781
1782
1786
1787
1788
1790
1791
1793
1793
1794
1794
1795
1796
1801
1801
1801
1804
1804
1804
1805
1806
1806
1807
1807
1808
1809
1809
1809
1810
1815
1815
1816
1818
1819
1820
1820
1820
1821
1822
1824
1826
1827
1827
1829
1829
1829
1830
1832
1834
1839
1840
1841
1843
1845
1845
1846
1846
1847
1850
1851
1852
1853
1854
1855
1855
1855
1855
1856
1856
1857
1858
1858
1858
1860
1861
1862
1864
1866
1867
1868
1870
1870
1872
1872
1873
1874
1874
1876
1876
1877
1878
1878
1879
1880
1881
1881
1882
1883
1883
1883
1883
1886
1886
1887
1888
1888
1889
1890
1890
1890
1891
1892
1892
1894
1894
1895
1895
1898
1898
1899
1899
1900
1900
1904
1905
1905
1906
1906
1909
1910
1910
1912
1912
1915
1915
1915
1915
1916
1917
1918
1919
1919
1920
1921
1922
1922
1923
1925
1928
1929
1930
1931
1932
1933
1935
1936
1937
1938
1941
1942
1945
1945
1946
1947
1949
1949
1949
1950
1950
1951
1951
1951
1952
1952
1954
1954
1957
1957
1957
1957
1960
1961
1962
1963
1965
1966
1966
1970
1971
1973
1974
1974
1976
1978
1979
1980
1980
1982
1982
1982
1983
1986
1987
1987
1988
1989
1993
1994
1994
1994
1995
1995
1996
1997
1997
1998
1998
1998
1999
0
1
4
5
5
6
6
7
9
9
11
11
13
13
14
15
15
17
17
18
19
21
22
23
24
25
25
26
26
27
27
27
27
29
30
31
32
33
34
35
37
39
42
44
46
46
47
50
53
53
53
54
56
56
57
58
59
59
61
64
64
66
66
67
68
68
69
69
70
76
76
77
78
81
82
83
83
84
86
87
87
87
88
89
89
90
91
92
94
95
95
95
97
97
97
98
99
100
100
100
101
102
106
106
107
109
111
112
113
113
114
115
115
116
116
118
120
120
121
122
122
122
123
124
124
124
128
128
129
130
132
133
133
134
134
136
137
139
141
143
144
145
150
151
151
151
152
152
153
154
155
156
157
157
158
159
159
160
160
161
163
164
164
167
167
167
169
170
172
172
175
175
178
178
179
181
183
184
187
188
191
193
193
194
195
195
196
197
198
199
200
201
202
203
206
206
207
207
207
208
209
213
215
215
216
217
218
219
220
221
221
225
226
227
229
230
232
233
234
236
237
242
245
248
248
249
250
251
253
253
254
255
260
261
261
261
262
263
263
263
264
264
266
267
267
268
269
270
271
274
275
276
277
278
278
280
280
280
281
281
282
282
282
287
290
291
294
295
295
295
296
296
300
302
302
306
306
308
308
310
311
313
314
315
316
318
319
320
321
321
323
325
327
328
329
329
329
329
331
333
333
333
334
335
336
337
340
341
342
345
345
347
348
349
349
350
352
352
353
355
355
358
359
360
360
360
361
361
363
364
364
365
365
365
365
366
366
369
370
370
371
371
371
372
373
373
374
374
375
378
379
380
386
387
387
387
390
391
392
392
395
395
396
396
396
396
397
397
398
398
399
399
400
400
400
401
402
403
403
403
404
405
406
408
408
408
410
412
413
414
414
415
416
417
419
420
420
422
422
424
425
427
428
429
429
431
432
434
434
434
434
436
436
436
440
442
443
443
444
445
447
449
451
451
452
452
453
453
454
456
456
456
458
458
459
460
460
461
461
462
465
465
466
467
470
471
473
475
475
477
477
477
478
478
479
481
482
485
485
485
485
485
486
488
488
488
489
490
492
492
492
492
493
496
497
498
501
501
501
502
503
505
505
506
507
509
511
511
512
516
517
517
519
519
521
521
523
524
526
527
527
528
528
528
534
535
535
536
537
537
538
538
542
542
542
543
544
545
545
545
546
546
546
547
547
551
551
552
553
555
556
558
559
559
559
561
564
566
566
566
567
568
568
569
569
570
570
571
572
572
577
578
578
580
582
583
583
584
584
586
586
587
589
589
590
590
591
592
592
592
592
593
594
596
596
596
599
600
601
603
603
605
606
606
607
609
610
614
618
618
618
618
619
619
620
621
621
622
627
628
629
630
631
632
633
636
636
637
638
641
642
643
644
644
645
647
648
650
650
651
651
652
652
653
653
654
655
656
657
657
660
660
661
662
662
662
662
662
662
662
665
667
668
668
669
670
671
671
672
673
675
675
675
676
676
676
679
680
681
682
683
683
683
685
686
690
691
692
693
694
697
697
698
698
699
701
702
702
703
704
704
705
705
706
709
712
713
714
716
718
718
720
723
724
726
726
727
733
733
736
738
738
741
744
744
745
746
748
749
751
752
753
754
754
754
755
759
759
760
761
762
762
764
765
765
765
766
768
768
770
770
770
770
771
771
772
772
772
773
774
774
775
781
781
782
784
784
786
786
787
787
788
788
788
792
792
792
793
793
796
797
799
800
802
803
806
807
807
808
809
810
811
812
813
815
815
816
816
817
817
818
822
823
823
823
825
825
827
827
828
829
830
830
831
831
834
836
836
838
838
839
842
842
844
844
844
844
844
846
848
850
850
853
853
854
855
855
855
858
859
860
861
862
862
863
863
863
864
864
865
865
865
866
872
873
874
875
876
877
879
879
880
881
882
883
886
886
887
887
889
889
890
893
893
897
900
901
902
904
904
904
905
905
905
905
906
907
907
908
908
908
909
909
910
910
910
912
912
917
917
918
920
921
923
924
924
924
924
926
926
926
926
927
927
927
928
928
928
928
929
929
929
931
931
932
932
934
934
934
934
934
934
935
935
937
939
940
941
941
942
942
942
943
944
944
947
948
950
952
954
957
958
960
960
960
961
961
962
962
962
963
963
964
964
966
966
966
967
968
972
973
974
976
977
977
978
979
980
981
981
984
986
986
987
987
988
988
989
991
991
994
995
998
999
1000
1001
1001
1004
1004
1006
1006
1007
1007
1008
1011
1011
1013
1013
1014
1014
1014
1016
1019
1019
1019
1020
1020
1020
1021
1021
1022
1026
1030
1033
1033
1037
1037
1038
1038
1040
1042
1043
1043
1044
1044
1047
1048
1048
1048
1049
1050
1051
1051
1052
1052
1052
1053
1053
1053
1054
1054
1055
1058
1059
1059
1060
1062
1063
1063
1063
1064
1064
1066
1066
1069
1069
1070
1070
1071
1072
1072
1073
1073
1074
1075
1076
1079
1080
1081
1081
1081
1082
1082
1083
1084
1084
1085
1086
1088
1088
1090
1090
1091
1092
1094
1095
1095
1096
1097
1098
1098
1100
1100
1100
1101
1101
1102
1102
1102
1102
1102
1103
1103
1105
1109
1110
1111
1112
1113
1114
1116
1117
1117
1118
1120
1121
1122
1124
1124
1125
1126
1127
1127
1127
1127
1127
1130
1130
1130
1131
1131
1134
1134
1136
1137
1137
1138
1139
1140
1144
1146
1146
1147
1148
1149
1151
1151
1151
1153
1154
1155
1155
1157
1158
1158
1159
1159
1160
1161
1164
1166
1167
1167
1167
1168
1168
1171
1171
1173
1173
1175
1175
1176
1177
1178
1181
1181
1183
1184
1184
1185
1188
1195
1195
1195
1196
1197
1198
1198
1200
1201
1202
1202
1202
1203
1204
1204
1205
1206
1206
1207
1207
1209
1211
1212
1214
1214
1215
1216
1216
1216
1217
1220
1221
1221
1222
1223
1223
1224
1224
1225
1226
1228
1229
1230
1231
1233
1233
1234
1234
1235
1235
1237
1239
1239
1240
1240
1241
1241
1243
1243
1244
1244
1244
1245
1245
1246
1247
1248
1248
1248
1249
1249
1250
1251
1251
1255
1256
1256
1257
1260
1261
1261
1261
1262
1263
1263
1264
1264
1264
1265
1266
1267
1268
1269
1270
1272
1272
1273
1275
1276
1276
1277
1277
1278
1280
1282
1282
1285
1285
1285
1285
1286
1287
1289
1289
1291
1291
1291
1293
1295
1295
1296
1298
1299
1300
1301
1303
1303
1303
1304
1304
1305
1306
1306
1306
1308
1308
1308
1311
1312
1314
1315
1315
1318
1319
1319
1321
1324
1327
1328
1329
1330
1330
1331
1332
1332
1333
1334
1335
1335
1335
1336
1337
1337
1338
1338
1338
1340
1340
1343
1343
1343
1345
1345
1346
1347
1350
1351
1351
1351
1353
1354
1355
1362
1362
1364
1365
1367
1369
1371
1372
1374
1375
1375
1375
1377
1377
1378
1380
1380
1381
1384
1386
1389
1391
1391
1392
1393
1393
1393
1393
1393
1396
1398
1398
1398
1398
1400
1401
1405
1406
1407
1407
1408
1408
1409
1410
1410
1410
1412
1414
1414
1415
1416
1417
1418
1419
1421
1422
1426
1426
1429
1433
1433
1434
1435
1437
1437
1437
1438
1439
1441
1442
1442
1442
1443
1443
1444
1445
1446
1446
1447
1447
1447
1447
1448
1450
1450
1450
1451
1452
1452
1452
1452
1453
1453
1454
1456
1457
1457
1457
1459
1459
1460
1462
1462
1462
1464
1464
1465
1467
1468
1468
1469
1470
1472
1473
1474
1475
1477
1478
1478
1481
1483
1483
1484
1484
1484
1485
1485
1486
1488
1489
1489
1489
1490
1491
1491
1492
1493
1494
1494
1495
1495
1496
1496
1498
1498
1499
1500
1500
1501
1501
1504
1505
1506
1506
1506
1507
1508
1508
1510
1511
1512
1512
1512
1513
1513
1514
1517
1517
1517
1517
1520
1522
1523
1527
1528
1528
1530
1531
1533
1534
1535
1537
1537
1538
1538
1539
1539
1540
1541
1542
1542
1544
1544
1545
1546
1550
1550
1551
1552
1552
1554
1557
1558
1559
1559
1561
1562
1564
1566
1566
1567
1567
1567
1568
1569
1571
1571
1573
1574
1574
1575
1583
1584
1585
1586
1587
1588
1588
1591
1592
1593
1595
1597
1597
1597
1598
1599
1599
1601
1601
1602
1603
1603
1606
1606
1607
1608
1609
1609
1611
1613
1614
1615
1617
1617
1618
1619
1620
1621
1622
1624
1625
1625
1625
1628
1628
1629
1631
1631
1631
1633
1633
1634
1636
1639
1639
1640
1640
1640
1643
1643
1644
1645
1646
1646
1647
1648
1648
1650
1652
1653
1653
1655
1655
1656
1657
1659
1662
1665
1665
1666
1667
1667
1668
1670
1671
1671
1672
1672
1676
1681
1681
1684
1685
1685
1685
1687
1688
1689
1692
1692
1693
1694
1694
1695
1697
1697
1698
1698
1701
1701
1702
1703
1703
1703
1704
1706
1706
1707
1708
1709
1709
1710
1710
1711
1712
1713
1713
1713
1713
1714
1714
1715
1715
1716
1716
1717
1717
1718
1718
1718
1720
1720
1722
1725
1725
1726
1727
1727
1728
1728
1729
1729
1732
1733
1733
1734
1734
1737
1738
1739
1739
1739
1740
1742
1742
1744
1745
1746
1747
1747
1748
1749
1750
1750
1750
1750
1752
1752
1754
1754
1755
1757
1757
1757
1761
1761
1763
1763
1763
1764
1764
1764
1766
1768
1768
1771
1772
1774
1774
1775
1776
1777
1777
1777
1779
1783
1786
1790
1790
1791
1791
1794
1794
1794
1795
1795
1796
1797
1798
1798
1799
1801
1801
1802
1802
1802
1804
1805
1807
1807
1808
1814
1814
1817
1818
1818
1819
1819
1821
1822
1823
1823
1825
1829
1829
1830
1830
1831
1831
1832
1832
1834
1834
1834
1841
1842
1842
1842
1843
1844
1845
1846
1846
1847
1847
1847
1848
1848
1848
1849
1852
1852
1852
1853
1853
1853
1854
1855
1857
1863
1863
1865
1866
1866
1867
1867
1868
1870
1871
1872
1874
1874
1876
1882
1883
1883
1883
1885
1885
1886
1887
1887
1887
1890
1891
1894
1895
1896
1896
1897
1899
1903
1904
1904
1905
1905
1905
1907
1907
1908
1908
1908
1913
1914
1914
1915
1915
1917
1917
1919
1920
1921
1922
1922
1922
1923
1923
1924
1924
1925
1927
1928
1928
1929
1929
1930
1934
1935
1936
1937
1937
1937
1940
1940
1940
1941
1942
1942
1943
1946
1947
1947
1947
1948
1948
1948
1950
1951
1953
1953
1953
1954
1954
1955
1955
1956
1956
1957
1958
1958
1958
1959
1960
1961
1961
1965
1965
1965
1965
1966
1966
1968
1969
1969
1969
1971
1972
1974
1975
1976
1976
1977
1978
1978
1978
1978
1979
1979
1981
1984
1984
1985
1986
1986
1988
1988
1989
1990
1990
1992
1993
1993
1994
1994
1996
0
0
0
0
2
2
5
5
9
11
12
13
14
15
19
19
20
22
22
25
25
26
27
27
28
28
28
29
29
30
30
31
31
32
34
34
34
34
34
35
38
38
38
39
40
40
41
41
42
42
43
43
45
45
47
48
50
50
51
52
52
52
52
53
53
54
57
58
62
63
64
66
66
66
67
69
71
71
71
72
73
74
74
75
76
76
78
78
78
78
81
82
82
83
86
87
87
87
87
90
90
90
91
91
92
92
98
100
102
104
105
105
107
108
111
111
112
114
115
115
115
116
116
118
122
125
126
127
129
129
130
131
132
135
135
135
138
140
140
141
142
143
143
144
145
146
148
149
149
149
149
150
153
156
156
156
158
159
159
160
160
162
162
166
167
167
170
170
171
171
172
173
174
174
175
175
177
177
178
179
180
181
183
183
184
186
187
190
190
190
191
196
196
197
199
200
200
201
204
204
208
209
210
211
214
215
215
215
216
216
217
218
219
220
221
222
224
224
224
226
227
227
228
229
229
229
230
233
234
234
236
237
238
239
240
240
240
242
242
245
247
247
247
247
247
248
249
249
250
252
252
253
253
254
255
257
257
257
261
262
264
264
264
265
267
268
268
269
270
270
271
272
274
275
276
276
277
278
278
279
280
282
283
284
284
286
286
287
287
288
288
288
289
289
291
291
292
292
292
293
294
296
296
296
297
297
300
300
301
302
303
303
303
303
303
306
306
307
309
309
310
311
312
312
312
313
314
314
315
316
317
317
318
321
322
322
323
325
325
326
327
329
330
330
332
334
337
338
342
342
343
344
346
346
348
349
349
350
350
350
350
352
353
353
355
356
356
357
358
358
359
361
362
364
364
365
366
367
368
368
369
369
369
370
370
371
372
373
373
373
375
377
378
378
379
380
380
381
381
384
384
385
386
386
388
389
391
392
392
394
394
394
395
395
396
396
397
398
399
399
399
401
403
404
404
406
407
407
411
413
414
414
414
416
417
418
420
422
424
424
425
425
425
426
427
427
428
429
430
430
430
431
432
433
434
434
435
436
438
439
439
439
440
442
444
444
444
444
444
447
449
449
450
451
451
451
452
452
453
454
456
458
458
459
464
464
466
467
468
469
470
471
471
472
472
473
474
475
475
475
476
476
481
482
483
484
485
487
488
488
489
491
491
492
492
495
496
498
498
498
499
500
503
505
505
507
508
509
509
510
510
512
512
513
514
516
518
518
518
521
522
522
523
523
524
525
525
526
526
527
529
530
531
532
534
534
534
535
536
536
536
536
537
537
539
541
542
542
543
547
549
549
554
554
554
555
556
557
557
558
559
559
561
563
563
564
565
569
571
571
572
574
574
575
575
576
578
578
578
581
583
586
586
586
587
588
589
590
590
591
592
592
593
593
594
596
596
598
598
600
601
603
604
604
604
604
607
607
607
607
610
611
612
613
613
613
614
617
618
618
619
619
620
620
621
622
623
624
625
625
625
629
629
630
631
631
631
632
634
634
636
636
637
640
640
641
642
642
642
643
643
644
645
646
647
649
650
652
653
654
654
654
658
658
659
659
660
660
661
663
663
664
667
669
670
670
671
671
671
671
673
673
674
674
676
676
677
678
678
679
680
680
680
680
680
681
681
685
685
686
689
691
692
694
698
699
699
699
702
702
705
707
707
708
708
711
712
712
714
715
716
716
716
718
719
721
722
724
725
725
726
726
727
730
731
731
732
732
732
732
733
734
734
736
736
738
740
740
741
743
744
747
747
748
748
749
754
755
755
755
757
757
758
758
760
762
763
763
764
764
767
767
767
769
770
771
771
772
772
772
772
773
773
773
773
774
776
778
779
780
781
781
782
786
787
787
788
789
791
791
791
793
794
795
795
796
798
801
803
804
805
806
806
808
809
809
809
811
812
813
816
816
816
818
818
820
820
820
826
826
827
827
827
827
829
831
831
833
836
837
837
838
839
839
840
840
840
842
842
844
844
845
845
845
846
846
848
848
848
851
852
852
853
853
854
855
855
855
856
856
857
858
858
862
865
866
868
873
873
878
878
880
880
880
881
881
881
882
883
884
884
889
890
891
892
892
893
894
897
898
901
901
901
903
904
904
904
904
905
906
907
908
909
910
911
911
912
913
913
914
915
916
917
919
923
926
929
930
931
932
932
933
938
938
939
940
941
942
945
945
949
949
950
951
952
952
953
954
957
957
958
959
964
965
965
965
966
967
968
969
970
971
973
973
973
974
975
975
975
976
977
979
981
981
985
987
988
991
991
994
996
996
997
998
999
1000
1002
1002
1004
1005
1008
1009
1009
1009
1012
1014
1017
1017
1018
1019
1020
1021
1022
1023
1023
1026
1026
1029
1030
1030
1032
1032
1033
1035
1035
1039
1042
1044
1044
1045
1047
1047
1048
1050
1050
1051
1053
1054
1057
1057
1058
1058
1059
1060
1061
1064
1064
1064
1065
1065
1066
1067
1067
1067
1067
1068
1068
1069
1072
1074
1075
1075
1076
1076
1076
1078
1083
1085
1085
1085
1086
1086
1086
1086
1089
1090
1091
1091
1092
1093
1094
1095
1096
1097
1097
1102
1102
1105
1108
1108
1110
1111
1113
1113
1115
1116
1117
1118
1118
1119
1119
1120
1120
1120
1121
1123
1123
1125
1128
1128
1128
1129
1130
1131
1134
1135
1136
1138
1139
1140
1142
1143
1145
1146
1148
1148
1150
1151
1152
1154
1155
1158
1159
1160
1164
1166
1167
1170
1171
1171
1172
1173
1173
1175
1175
1175
1176
1177
1177
1177
1178
1179
1180
1180
1181
1181
1183
1184
1186
1186
1188
1189
1190
1191
1191
1191
1191
1192
1194
1195
1195
1197
1199
1199
1199
1200
1200
1201
1201
1203
1203
1204
1204
1205
1206
1206
1206
1208
1209
1211
1212
1213
1217
1219
1219
1219
1219
1221
1221
1222
1223
1226
1226
1226
1227
1228
1228
1234
1234
1237
1237
1238
1240
1241
1242
1243
1243
1245
1245
1247
1247
1247
1248
1248
1251
1251
1252
1256
1257
1257
1257
1258
1259
1259
1260
1260
1261
1261
1262
1263
1264
1265
1266
1267
1268
1268
1268
1270
1271
1272
1272
1275
1275
1276
1276
1277
1280
1281
1282
1283
1283
1284
1286
1286
1287
1287
1287
1291
1292
1292
1292
1292
1293
1294
1294
1294
1294
1296
1296
1298
1299
1299
1300
1301
1302
1302
1302
1302
1303
1305
1305
1305
1306
1307
1307
1308
1309
1310
1311
1311
1317
1318
1318
1318
1319
1323
1330
1332
1332
1333
1334
1334
1334
1336
1339
1339
1340
1345
1345
1345
1345
1346
1347
1348
1348
1348
1349
1349
1350
1351
1352
1353
1353
1353
1353
1354
1355
1356
1359
1361
1362
1363
1364
1365
1365
1366
1366
1367
1370
1371
1371
1372
1374
1374
1375
1375
1375
1376
1377
1378
1378
1378
1379
1380
1380
1383
1384
1384
1385
1386
1387
1387
1387
1388
1389
1389
1390
1390
1391
1392
1393
1394
1394
1394
1395
1395
1396
1397
1397
1397
1399
1399
1399
1399
1401
1402
1402
1404
1404
1406
1407
1407
1408
1411
1411
1412
1412
1412
1414
1414
1415
1416
1416
1417
1420
1422
1422
1422
1423
1423
1424
1427
1429
1430
1430
1430
1431
1431
1431
1431
1436
1437
1437
1439
1439
1440
1440
1446
1447
1449
1450
1451
1452
1452
1458
1460
1461
1461
1462
1463
1465
1465
1465
1467
1467
1468
1469
1469
1469
1471
1471
1473
1474
1474
1474
1475
1476
1478
1480
1480
1480
1484
1486
1486
1486
1486
1486
1487
1487
1488
1489
1489
1490
1490
1493
1497
1499
1501
1502
1503
1504
1504
1504
1505
1505
1506
1506
1507
1507
1508
1510
1512
1514
1514
1514
1515
1515
1515
1517
1517
1517
1519
1520
1520
1521
1521
1524
1525
1526
1527
1530
1530
1530
1531
1533
1533
1534
1534
1534
1536
1536
1537
1538
1540
1540
1541
1542
1542
1544
1544
1545
1547
1548
1548
1548
1551
1553
1554
1555
1556
1556
1557
1562
1564
1564
1566
1566
1568
1568
1569
1569
1569
1570
1570
1570
1572
1572
1572
1574
1575
1575
1576
1577
1577
1578
1582
1585
1587
1590
1592
1599
1600
1601
1601
1602
1602
1604
1605
1605
1606
1606
1607
1608
1609
1609
1610
1610
1610
1610
1611
1617
1618
1618
1619
1619
1625
1627
1627
1629
1630
1630
1631
1634
1635
1637
1638
1640
1640
1642
1642
1642
1643
1644
1644
1646
1647
1647
1648
1649
1651
1652
1652
1654
1655
1656
1657
1658
1659
1662
1664
1664
1665
1667
1667
1668
1669
1670
1671
1673
1673
1676
1676
1677
1677
1679
1679
1682
1682
1682
1682
1683
1683
1687
1690
1691
1691
1691
1692
1692
1693
1694
1694
1696
1696
1696
1696
1697
1698
1698
1700
1702
1703
1703
1705
1708
1709
1711
1713
1713
1714
1715
1715
1716
1716
1717
1718
1722
1722
1723
1724
1724
1724
1728
1728
1728
1728
1729
1729
1730
1731
1731
1731
1732
1732
1733
1735
1737
1737
1738
1738
1739
1740
1742
1743
1744
1744
1745
1746
1747
1748
1751
1751
1751
1752
1753
1754
1755
1756
1756
1757
1758
1759
1759
1760
1760
1760
1761
1761
1761
1762
1762
1763
1766
1767
1767
1769
1770
1771
1771
1771
1772
1772
1777
1778
1778
1782
1783
1783
1783
1786
1787
1787
1787
1788
1789
1789
1789
1790
1792
1792
1793
1793
1793
1793
1797
1799
1799
1799
1800
1800
1800
1801
1801
1803
1803
1805
1806
1807
1807
1809
1810
1814
1815
1815
1816
1817
1817
1819
1820
1822
1823
1823
1825
1826
1828
1832
1832
1832
1833
1835
1835
1836
1837
1837
1839
1839
1840
1842
1842
1844
1845
1846
1846
1848
1849
1851
1853
1853
1854
1856
1857
1858
1858
1858
1858
1859
1861
1864
1865
1865
1868
1869
1869
1869
1870
1872
1874
1875
1875
1876
1877
1878
1880
1881
1881
1881
1883
1884
1884
1884
1884
1886
1887
1887
1888
1888
1889
1889
1890
1890
1891
1891
1892
1893
1893
1894
1894
1894
1894
1896
1896
1896
1897
1899
1901
1901
1903
1905
1905
1906
1906
1907
1909
1910
1910
1913
1915
1916
1916
1916
1916
1917
1918
1918
1920
1920
1922
1923
1925
1926
1926
1928
1928
1929
1929
1929
1931
1931
1932
1933
1934
1937
1939
1939
1940
1945
1945
1945
1947
1947
1949
1950
1950
1950
1950
1950
1951
1953
1954
1955
1957
1957
1957
1959
1960
1961
1963
1964
1965
1966
1968
1968
1969
1971
1972
1972
1972
1973
1974
1975
1977
1977
1978
1978
1979
1980
1980
1984
1985
1987
1987
1988
1991
1992
1993
1994
1995
1996
1998
1998
0
0
1
2
3
6
6
7
7
7
9
10
11
11
12
14
15
15
17
18
20
20
20
20
22
22
23
23
23
25
25
26
27
28
28
28
28
29
32
35
36
37
38
41
42
44
46
46
47
48
49
49
49
50
51
53
55
55
56
56
57
57
58
60
60
60
61
62
62
63
65
65
67
68
68
72
73
74
76
77
80
80
80
80
81
82
82
83
83
86
86
90
90
91
91
93
94
98
99
104
106
107
108
108
108
110
111
111
112
113
113
114
115
115
118
118
121
125
126
130
131
131
134
136
136
136
139
139
140
140
141
143
145
145
147
149
150
150
150
150
150
151
152
152
153
154
155
155
157
158
159
160
163
163
164
164
165
166
166
167
167
168
169
169
170
171
172
172
174
177
180
180
180
181
181
181
183
184
184
184
184
186
187
187
192
195
196
197
197
199
199
200
200
204
204
205
205
207
207
208
208
209
209
210
210
212
213
213
214
214
216
217
218
219
220
220
221
221
221
221
224
224
225
225
226
226
227
229
230
230
231
236
237
238
239
241
244
245
247
249
250
250
250
250
252
252
252
253
254
255
255
257
259
259
261
261
262
263
263
264
264
265
267
269
270
273
274
274
275
277
278
278
280
280
284
284
284
285
286
286
290
290
290
290
290
290
293
293
294
294
296
296
296
297
299
300
301
301
302
304
306
310
311
312
314
315
315
315
315
317
317
318
320
320
321
321
324
324
325
326
326
327
328
328
328
330
331
331
332
333
334
335
336
338
339
339
339
341
341
341
342
342
343
343
344
345
345
346
347
348
349
350
350
352
353
354
355
355
355
356
361
362
363
363
364
365
366
370
370
371
371
371
375
376
376
376
377
377
378
383
383
383
384
384
385
386
390
390
395
397
398
398
399
399
399
399
400
401
402
403
404
407
412
413
413
414
415
415
417
418
418
420
422
422
423
424
425
426
429
431
432
433
433
433
435
436
438
438
438
438
439
439
440
441
441
446
446
446
447
447
447
448
448
448
448
449
450
450
453
453
454
454
454
454
455
456
457
457
458
459
461
462
466
469
469
469
470
471
471
471
472
474
478
479
482
482
483
483
483
486
487
489
492
493
494
495
495
495
496
498
499
499
499
503
504
506
507
507
508
508
510
510
511
512
517
518
519
520
520
521
523
524
524
525
525
526
526
527
529
530
532
535
537
537
538
538
538
539
541
541
542
542
543
545
547
547
547
549
550
550
551
552
553
554
554
554
555
556
556
557
557
557
558
558
559
559
560
562
564
565
566
567
568
568
568
569
570
570
571
572
572
572
574
575
576
576
577
577
580
581
582
583
585
586
586
587
587
588
588
589
591
591
591
592
594
595
595
596
598
600
601
601
602
602
603
603
606
607
607
608
610
611
613
615
615
615
619
619
622
625
625
628
628
628
629
630
631
635
635
637
639
639
639
641
641
642
643
644
644
645
646
646
646
647
647
649
650
651
651
653
653
654
655
656
657
658
659
659
660
661
661
661
665
667
669
669
670
670
670
672
673
673
673
675
676
676
676
676
676
677
679
679
680
680
680
680
684
685
686
688
690
692
694
695
696
697
697
698
699
699
699
699
701
701
702
703
703
704
704
704
706
706
707
707
708
708
709
709
712
713
715
715
718
718
719
720
723
723
724
724
726
726
727
728
728
729
730
731
731
731
732
732
736
737
738
739
741
741
743
743
743
744
745
745
746
747
748
750
750
752
752
753
753
754
754
755
761
762
763
764
764
764
764
765
766
767
767
767
770
774
779
779
780
783
783
784
786
788
788
789
789
791
792
792
793
793
794
794
794
795
795
795
797
798
800
801
801
802
802
804
805
805
805
806
807
807
808
809
811
813
813
813
814
815
816
819
820
820
821
824
826
828
828
828
829
831
832
832
833
834
834
837
838
841
842
842
843
845
846
846
847
847
848
848
850
851
852
852
852
853
853
855
860
861
865
869
869
871
872
873
873
874
874
874
874
875
875
877
878
879
880
881
883
883
885
887
887
887
888
889
890
891
891
893
893
893
894
894
895
895
898
899
899
900
901
902
902
903
903
908
909
909
910
910
910
911
911
911
913
913
913
913
914
914
916
917
918
918
919
919
921
921
922
922
923
924
924
924
924
925
925
927
928
929
929
930
930
931
932
932
932
933
934
936
941
942
947
947
950
951
951
952
953
954
958
959
961
962
962
964
964
966
968
968
968
971
971
971
973
975
976
976
976
977
977
979
979
980
980
981
982
983
984
985
986
986
988
990
990
990
991
993
994
994
994
995
996
996
996
997
998
1000
1000
1001
1001
1002
1003
1006
1006
1007
1007
1007
1008
1008
1009
1009
1009
1010
1012
1015
1016
1016
1016
1016
1016
1016
1017
1019
1020
1023
1023
1024
1024
1025
1025
1025
1026
1026
1027
1028
1030
1031
1031
1032
1032
1032
1033
1035
1035
1035
1036
1036
1036
1036
1037
1038
1042
1043
1044
1044
1045
1046
1047
1048
1049
1050
1052
1052
1052
1054
1055
1056
1056
1057
1057
1057
1057
1058
1058
1058
1058
1059
1060
1061
1061
1062
1063
1064
1066
1066
1068
1068
1070
1071
1073
1077
1077
1078
1080
1080
1081
1081
1082
1085
1085
1087
1088
1090
1090
1091
1091
1092
1093
1096
1100
1100
1101
1101
1101
1101
1101
1101
1103
1103
1104
1104
1105
1106
1107
1107
1110
1116
1117
1117
1118
1118
1119
1119
1120
1121
1121
1121
1123
1124
1125
1126
1127
1128
1129
1130
1132
1132
1134
1135
1136
1138
1138
1144
1144
1146
1146
1149
1149
1151
1151
1153
1153
1153
1153
1155
1155
1155
1159
1161
1162
1162
1164
1164
1165
1168
1168
1172
1172
1175
1175
1176
1177
1177
1178
1180
1182
1182
1182
1183
1184
1185
1187
1188
1188
1189
1190
1191
1191
1191
1191
1192
1194
1194
1195
1197
1199
1199
1199
1200
1202
1202
1203
1205
1206
1206
1207
1207
1208
1210
1210
1210
1213
1214
1215
1217
1217
1218
1219
1219
1220
1220
1220
1222
1222
1223
1225
1225
1226
1226
1227
1228
1229
1229
1230
1230
1230
1231
1236
1240
1242
1242
1242
1242
1245
1246
1247
1247
1247
1249
1249
1249
1250
1250
1251
1251
1252
1252
1254
1254
1255
1255
1256
1257
1259
1261
1261
1264
1264
1264
1265
1266
1270
1270
1272
1273
1273
1273
1273
1275
1275
1276
1277
1278
1278
1279
1280
1280
1283
1284
1284
1285
1285
1286
1287
1287
1287
1291
1291
1293
1294
1294
1295
1295
1297
1298
1299
1299
1300
1300
1300
1300
1300
1305
1305
1306
1308
1310
1312
1312
1312
1313
1313
1313
1315
1315
1316
1317
1317
1318
1320
1322
1323
1325
1326
1326
1327
1329
1333
1333
1334
1335
1335
1336
1339
1340
1341
1343
1346
1347
1347
1349
1351
1352
1353
1354
1354
1354
1354
1356
1356
1359
1360
1360
1362
1362
1367
1368
1368
1370
1371
1371
1371
1372
1372
1373
1375
1376
1377
1377
1377
1381
1382
1382
1383
1383
1384
1384
1385
1386
1388
1388
1389
1390
1391
1391
1392
1398
1398
1402
1404
1404
1405
1405
1409
1411
1412
1413
1414
1415
1416
1416
1417
1418
1419
1419
1419
1420
1420
1424
1425
1426
1426
1428
1429
1429
1430
1431
1433
1436
1437
1437
1437
1437
1438
1438
1439
1440
1440
1442
1443
1443
1443
1444
1448
1451
1451
1451
1452
1452
1452
1456
1456
1457
1457
1457
1458
1458
1458
1459
1459
1460
1462
1462
1465
1466
1467
1468
1468
1469
1469
1471
1472
1472
1473
1475
1475
1476
1477
1478
1478
1479
1480
1480
1481
1482
1483
1483
1485
1485
1485
1488
1489
1492
1492
1493
1494
1496
1498
1498
1499
1502
1503
1504
1506
1506
1506
1508
1509
1509
1511
1512
1514
1514
1514
1517
1518
1518
1520
1523
1523
1524
1525
1525
1527
1528
1529
1529
1530
1530
1531
1531
1532
1534
1534
1535
1536
1536
1536
1536
1538
1540
1540
1541
1542
1542
1542
1546
1547
1549
1552
1553
1556
1556
1556
1557
1558
1558
1562
1563
1564
1564
1570
1570
1572
1572
1573
1574
1574
1574
1574
1575
1575
1576
1577
1578
1578
1578
1578
1578
1579
1580
1581
1581
1581
1582
1585
1586
1586
1587
1590
1591
1591
1592
1595
1597
1598
1599
1602
1603
1603
1604
1605
1609
1609
1610
1613
1614
1615
1618
1619
1620
1621
1621
1621
1621
1622
1623
1625
1626
1626
1626
1627
1628
1631
1631
1633
1634
1638
1639
1640
1641
1641
1644
1648
1648
1649
1650
1651
1651
1652
1652
1652
1652
1655
1656
1661
1662
1663
1663
1664
1664
1664
1664
1665
1667
1667
1667
1671
1672
1673
1673
1674
1674
1677
1677
1678
1679
1679
1680
1680
1682
1683
1683
1684
1684
1685
1686
1686
1687
1688
1689
1690
1690
1693
1694
1694
1697
1699
1699
1699
1699
1701
1703
1703
1703
1704
1706
1706
1707
1707
1708
1710
1711
1712
1712
1713
1714
1716
1718
1718
1721
1721
1724
1725
1725
1726
1728
1730
1733
1735
1735
1737
1738
1738
1740
1740
1740
1741
1743
1744
1745
1745
1746
1746
1747
1747
1748
1750
1751
1752
1753
1753
1754
1755
1756
1756
1756
1757
1757
1757
1758
1759
1761
1761
1761
1766
1768
1769
1770
1770
1772
1774
1779
1780
1782
1783
1783
1784
1784
1784
1785
1785
1785
1787
1788
1790
1791
1791
1791
1792
1792
1792
1793
1793
1794
1796
1797
1797
1798
1800
1801
1803
1804
1806
1808
1809
1812
1812
1813
1815
1816
1816
1818
1819
1821
1825
1826
1827
1830
1830
1832
1833
1834
1835
1836
1836
1839
1840
1840
1840
1843
1844
1846
1846
1847
1848
1849
1850
1850
1851
1851
1853
1853
1855
1856
1858
1859
1862
1863
1863
1863
1864
1866
1866
1866
1868
1868
1869
1869
1869
1870
1873
1873
1873
1873
1874
1876
1877
1877
1877
1879
1881
1884
1884
1885
1891
1891
1891
1892
1892
1892
1894
1895
1895
1895
1896
1896
1897
1898
1899
1900
1901
1901
1903
1904
1904
1905
1908
1910
1911
1912
1913
1917
1918
1918
1919
1920
1920
1921
1921
1921
1922
1924
1924
1924
1924
1925
1926
1929
1929
1929
1930
1930
1931
1934
1934
1934
1934
1935
1935
1937
1938
1938
1939
1939
1939
1941
1941
1943
1945
1947
1948
1949
1954
1954
1955
1958
1959
1960
1962
1963
1964
1965
1965
1966
1970
1971
1971
1973
1974
1975
1976
1977
1977
1978
1979
1979
1979
1980
1980
1981
1982
1982
1983
1984
1984
1984
1986
1986
1987
1988
1991
1992
1993
1995
0
0
2
2
3
3
4
4
5
6
6
6
6
7
7
10
10
11
12
12
16
16
17
19
21
21
25
26
28
28
28
29
31
32
33
34
34
35
37
37
38
39
39
41
42
43
43
43
43
44
47
47
52
53
54
58
59
60
60
61
63
63
63
64
65
66
66
69
70
70
70
70
71
72
74
75
75
75
76
77
78
78
79
80
81
83
85
85
88
91
91
92
93
94
95
105
108
108
111
111
114
115
116
117
117
118
119
120
121
122
123
123
124
125
126
128
128
129
130
131
132
132
133
133
134
135
135
135
135
139
142
144
147
148
149
150
151
151
152
153
156
156
158
160
160
161
162
163
163
163
164
165
166
166
166
167
168
168
169
170
172
172
172
173
177
179
184
186
191
192
192
192
192
193
193
193
193
194
194
195
195
196
197
198
200
201
202
202
203
204
205
205
205
205
206
206
207
208
208
210
212
212
212
212
214
215
216
219
219
219
220
220
220
223
224
226
226
227
228
231
231
231
232
232
232
233
235
235
236
239
241
241
242
244
244
244
245
245
246
246
247
248
248
250
252
253
254
255
256
257
258
259
260
260
261
261
263
264
264
265
266
266
267
267
268
269
269
270
270
275
275
279
279
280
283
283
288
289
290
292
293
297
297
298
299
300
300
302
302
303
304
304
305
305
305
305
306
307
307
307
308
308
309
309
309
310
310
313
313
314
314
314
317
317
318
318
320
320
320
322
324
326
329
329
329
330
331
331
332
332
333
333
334
335
336
337
338
339
339
339
339
339
340
340
342
343
346
347
348
351
352
353
357
357
357
358
359
359
360
361
362
362
365
365
366
369
369
370
371
371
371
373
373
373
374
374
374
375
375
375
376
377
378
382
382
383
383
385
387
387
389
390
391
392
392
395
397
398
398
399
401
401
401
402
405
405
406
407
408
408
409
410
410
410
411
411
412
412
414
414
415
418
420
421
422
422
423
424
425
429
429
431
431
432
433
434
435
436
438
438
438
439
442
444
444
445
445
446
446
446
446
448
449
449
450
451
452
453
454
454
455
455
456
456
458
458
458
459
459
460
462
463
464
466
468
469
470
470
470
472
473
475
477
478
478
480
480
481
481
482
482
483
484
485
485
486
487
488
490
490
494
494
496
496
496
497
498
498
498
499
499
502
504
504
505
507
509
509
510
510
510
512
513
515
515
518
518
519
521
521
522
523
524
525
527
527
527
527
527
528
529
529
530
530
533
533
534
535
537
538
538
539
541
542
543
543
543
545
545
546
547
547
548
548
548
549
554
555
556
557
558
559
560
560
561
561
563
563
564
564
565
565
565
565
566
566
566
566
568
569
569
570
570
570
571
571
572
574
574
575
576
578
579
583
584
584
585
586
587
587
588
588
589
589
590
590
591
591
591
593
593
594
595
596
598
599
600
602
602
603
604
606
608
609
610
612
617
618
619
619
622
625
627
628
628
628
629
630
631
632
632
632
634
634
635
637
637
639
639
640
642
642
643
643
644
645
646
647
648
648
650
650
652
654
657
659
660
661
664
664
665
665
665
666
667
668
670
671
672
672
674
675
675
675
676
676
677
678
679
679
680
681
682
682
682
682
683
684
685
685
686
686
687
689
690
690
692
692
693
693
693
696
696
696
697
699
699
699
703
705
706
708
709
709
709
711
711
713
713
715
715
715
716
719
720
723
723
724
724
725
725
726
728
729
730
732
733
738
739
741
741
742
743
744
744
744
745
747
749
751
752
753
754
755
760
761
762
767
769
769
771
773
774
776
776
777
778
778
778
779
779
780
781
785
785
787
788
791
791
791
792
794
795
796
798
798
798
799
801
802
802
803
803
807
808
808
809
809
810
811
811
813
813
816
817
818
819
821
821
821
822
823
824
824
825
825
826
826
826
826
827
827
828
828
829
829
831
832
833
835
836
836
837
841
847
848
848
848
850
851
853
855
855
858
859
860
860
861
861
861
862
862
862
863
864
866
867
868
869
869
874
875
876
877
877
877
878
880
881
882
882
883
885
888
889
890
891
891
891
892
892
892
893
895
896
896
896
899
901
901
902
904
905
905
906
907
907
908
910
910
911
911
912
913
913
914
914
914
914
916
918
920
922
923
923
924
926
929
929
930
931
931
932
932
933
933
933
934
934
936
938
938
938
939
940
946
947
949
950
951
951
952
953
953
954
954
955
956
961
961
962
963
964
964
964
964
964
965
965
966
967
967
967
968
969
970
974
974
976
976
976
977
978
978
979
980
980
980
980
980
981
985
985
986
988
989
990
991
992
992
993
993
994
994
996
997
997
998
998
999
999
1001
1001
1002
1004
1004
1004
1004
1006
1009
1009
1012
1017
1018
1019
1020
1020
1020
1021
1024
1025
1025
1026
1028
1031
1031
1032
1032
1033
1033
1033
1035
1035
1036
1038
1038
1038
1039
1040
1040
1042
1044
1045
1046
1047
1049
1049
1050
1051
1051
1052
1052
1053
1057
1057
1058
1058
1058
1059
1060
1060
1060
1061
1062
1062
1063
1063
1063
1063
1064
1065
1067
1067
1069
1069
1070
1070
1071
1073
1074
1074
1075
1076
1077
1078
1078
1079
1079
1080
1083
1083
1084
1084
1085
1087
1090
1090
1091
1092
1093
1094
1095
1098
1098
1098
1099
1100
1100
1101
1101
1102
1104
1104
1106
1109
1110
1111
1112
1113
1113
1115
1115
1117
1121
1123
1124
1125
1126
1127
1127
1127
1128
1128
1129
1129
1130
1130
1132
1132
1134
1135
1136
1137
1137
1138
1141
1142
1144
1144
1146
1147
1148
1149
1149
1151
1152
1153
1155
1156
1156
1156
1156
1156
1157
1161
1162
1163
1165
1167
1167
1167
1169
1172
1172
1173
1174
1175
1176
1176
1177
1178
1179
1179
1181
1181
1184
1185
1190
1191
1194
1196
1196
1196
1197
1199
1199
1200
1202
1202
1202
1203
1204
1204
1205
1207
1208
1210
1211
1212
1215
1217
1218
1219
1220
1221
1221
1222
1223
1224
1225
1225
1225
1226
1226
1227
1228
1228
1229
1229
1230
1230
1230
1231
1231
1231
1232
1232
1233
1233
1234
1235
1235
1237
1237
1237
1237
1238
1238
1238
1239
1241
1241
1242
1242
1242
1245
1245
1245
1249
1249
1249
1250
1251
1251
1252
1253
1253
1254
1254
1254
1256
1256
1257
1259
1259
1260
1260
1263
1263
1264
1267
1270
1270
1271
1271
1271
1273
1274
1275
1276
1277
1277
1277
1277
1278
1279
1279
1282
1282
1283
1283
1286
1286
1288
1289
1289
1291
1291
1293
1294
1295
1299
1300
1304
1305
1305
1306
1307
1307
1309
1309
1312
1313
1316
1319
1319
1320
1320
1321
1321
1321
1321
1322
1324
1325
1325
1325
1325
1325
1325
1327
1328
1328
1328
1329
1330
1331
1331
1331
1332
1334
1334
1334
1335
1336
1337
1338
1338
1340
1342
1348
1348
1348
1349
1349
1350
1350
1350
1352
1352
1354
1355
1355
1355
1355
1356
1356
1357
1359
1360
1360
1360
1361
1362
1365
1367
1368
1372
1372
1373
1373
1374
1375
1376
1376
1376
1377
1378
1380
1380
1381
1381
1384
1385
1386
1388
1389
1390
1390
1392
1393
1395
1396
1396
1396
1397
1399
1399
1400
1400
1401
1401
1401
1402
1403
1404
1405
1406
1408
1410
1411
1411
1412
1413
1414
1416
1417
1417
1418
1419
1420
1420
1424
1425
1425
1425
1426
1427
1428
1428
1429
1431
1431
1432
1435
1436
1436
1438
1439
1440
1441
1442
1444
1445
1446
1446
1446
1447
1447
1448
1451
1453
1453
1453
1453
1454
1454
1461
1463
1466
1466
1467
1468
1469
1471
1471
1471
1472
1473
1475
1476
1478
1480
1482
1483
1485
1486
1487
1487
1489
1491
1493
1494
1496
1496
1497
1498
1499
1501
1503
1504
1506
1508
1508
1508
1509
1510
1510
1512
1512
1513
1513
1515
1516
1518
1518
1519
1521
1521
1524
1530
1530
1531
1531
1531
1533
1534
1534
1534
1535
1535
1537
1537
1538
1538
1538
1539
1540
1540
1545
1546
1546
1547
1547
1548
1548
1549
1551
1552
1553
1556
1557
1557
1559
1561
1562
1562
1562
1563
1564
1567
1569
1570
1571
1575
1583
1585
1585
1586
1586
1587
1588
1589
1589
1591
1592
1592
1594
1594
1596
1597
1602
1602
1603
1603
1604
1605
1607
1608
1609
1611
1611
1612
1612
1613
1614
1614
1614
1614
1615
1616
1616
1617
1617
1619
1620
1621
1622
1622
1623
1626
1626
1628
1629
1630
1630
1634
1634
1636
1636
1636
1636
1637
1638
1638
1639
1639
1639
1640
1641
1641
1642
1642
1643
1643
1644
1648
1648
1650
1650
1650
1650
1650
1651
1652
1653
1653
1653
1654
1655
1655
1656
1656
1657
1658
1659
1661
1662
1663
1663
1664
1665
1665
1665
1665
1665
1666
1667
1667
1668
1669
1669
1671
1671
1672
1673
1674
1676
1676
1676
1676
1679
1679
1680
1680
1684
1685
1686
1687
1689
1689
1690
1692
1692
1692
1693
1695
1695
1696
1696
1699
1699
1701
1703
1703
1703
1704
1706
1706
1708
1708
1710
1710
1711
1711
1712
1716
1718
1718
1719
1720
1721
1722
1725
1725
1726
1727
1727
1728
1728
1729
1729
1730
1730
1730
1730
1731
1732
1735
1737
1738
1740
1742
1743
1746
1747
1749
1751
1751
1756
1759
1760
1761
1765
1765
1767
1767
1768
1768
1768
1769
1770
1771
1771
1771
1773
1773
1775
1775
1777
1778
1779
1780
1782
1783
1784
1785
1786
1786
1787
1787
1789
1789
1790
1792
1792
1793
1794
1796
1796
1796
1797
1797
1798
1800
1800
1801
1803
1806
1806
1807
1808
1810
1810
1810
1810
1812
1813
1813
1814
1815
1816
1818
1818
1826
1827
1827
1828
1828
1830
1833
1833
1836
1838
1838
1839
1841
1842
1843
1844
1845
1845
1846
1847
1849
1850
1852
1852
1854
1857
1858
1860
1861
1861
1862
1863
1864
1867
1868
1870
1870
1871
1871
1872
1872
1873
1878
1878
1879
1880
1882
1882
1884
1885
1886
1886
1887
1891
1891
1892
1893
1893
1893
1895
1896
1898
1899
1899
1900
1901
1901
1902
1902
1902
1904
1908
1908
1911
1911
1912
1914
1914
1916
1916
1918
1919
1919
1919
1919
1919
1920
1920
1922
1922
1925
1927
1927
1927
1929
1929
1930
1933
1935
1936
1936
1936
1938
1939
1940
1941
1943
1945
1945
1946
1949
1952
1953
1954
1958
1959
1960
1960
1961
1961
1965
1968
1968
1969
1970
1970
1972
1974
1974
1975
1975
1976
1977
1978
1979
1979
1980
1981
1981
1982
1984
1984
1986
1988
1990
1990
1990
1991
1991
1992
1992
1993
1993
1995
1995
1996
1
3
4
6
6
7
9
9
11
11
11
12
13
13
13
13
13
14
14
16
22
24
25
26
27
27
28
28
30
30
31
34
34
35
36
37
38
38
38
41
41
42
42
43
43
43
46
46
46
47
49
52
52
53
54
54
54
55
56
57
57
57
62
62
63
64
65
65
65
65
66
66
67
67
67
68
68
69
69
70
70
71
71
71
71
72
73
74
75
76
77
78
81
82
84
87
87
88
88
91
95
96
97
97
100
100
102
102
103
104
105
105
108
108
110
112
113
114
116
118
118
121
122
125
126
126
126
128
129
129
130
131
131
132
135
137
137
138
138
138
138
139
142
142
142
142
144
144
144
145
145
146
147
147
147
148
150
151
152
153
154
155
155
155
156
157
161
162
162
163
167
167
167
170
170
170
172
173
173
174
175
176
176
176
176
177
177
177
180
180
181
181
181
182
184
185
187
188
188
188
188
188
188
189
191
192
192
194
194
194
195
196
196
198
200
200
205
205
208
208
209
211
212
212
213
214
218
219
221
221
222
223
223
224
227
227
228
229
230
231
232
234
236
237
238
239
239
241
241
242
244
245
245
246
247
247
249
250
251
251
252
252
252
252
253
254
255
256
256
257
258
258
260
266
268
268
269
269
269
272
272
272
273
273
274
275
278
278
279
279
280
281
282
288
290
291
291
292
295
295
295
296
298
298
299
301
303
303
309
310
310
314
314
315
316
317
320
322
324
324
327
329
330
330
332
334
335
335
335
336
338
339
339
340
341
341
344
345
345
345
346
347
348
348
350
350
351
351
353
353
353
353
354
356
356
357
357
358
361
361
362
363
364
366
367
368
370
370
372
376
376
377
377
378
378
379
380
381
382
383
383
384
384
386
388
390
392
394
395
396
397
397
400
400
401
402
403
403
404
405
405
406
406
406
408
408
408
408
408
410
412
415
417
419
419
421
421
422
422
423
424
425
426
427
428
429
433
435
436
437
442
445
445
445
445
446
447
448
450
452
452
454
454
455
456
457
457
459
459
459
460
464
465
465
465
466
467
468
468
468
469
469
470
472
472
475
475
476
477
480
483
483
485
485
486
486
487
487
488
488
491
492
492
493
493
493
496
496
497
497
497
498
498
500
500
500
502
504
504
506
506
507
507
508
508
509
509
510
511
513
513
513
514
516
517
517
518
518
518
518
523
524
527
527
528
529
531
531
532
532
536
537
538
539
541
542
543
544
545
546
546
547
548
550
551
551
551
553
553
554
558
558
559
559
559
560
561
562
562
565
565
565
568
568
568
569
570
571
572
572
573
574
575
578
581
582
583
583
587
587
587
588
588
589
590
590
591
591
592
592
593
595
595
598
599
599
604
608
608
609
612
617
618
619
620
622
622
623
624
624
625
627
629
629
630
631
631
632
632
632
632
634
635
636
636
637
637
637
638
638
640
642
643
644
646
647
647
647
647
648
649
650
654
655
656
657
658
660
661
663
664
664
664
668
672
672
673
674
680
683
683
684
686
689
689
690
691
691
697
699
699
699
700
701
702
703
704
704
704
705
705
708
708
711
711
711
712
713
713
715
715
715
716
717
717
718
718
721
721
722
725
725
725
731
732
732
732
733
735
738
739
739
743
744
744
744
744
744
745
745
745
747
747
747
748
749
750
750
751
752
753
754
755
758
758
759
760
761
762
762
764
765
765
767
767
769
770
771
771
775
776
777
777
778
778
779
779
782
783
785
786
786
787
787
787
787
788
792
792
793
793
794
795
795
796
798
799
799
800
801
802
803
803
803
804
805
807
810
810
812
812
817
817
817
817
818
819
819
820
820
821
821
822
823
823
824
824
826
833
833
833
833
835
837
838
839
842
843
844
844
845
845
846
847
847
847
848
850
850
850
851
851
851
852
854
858
860
860
861
862
864
865
865
868
868
868
869
869
870
870
871
873
873
873
873
874
874
875
877
879
879
880
881
882
882
883
884
884
885
887
887
888
890
890
891
891
892
892
892
893
894
895
896
896
897
900
901
901
902
903
904
906
908
910
911
912
912
913
913
914
914
916
916
918
919
921
921
922
923
925
925
925
926
928
928
928
929
929
930
931
932
932
932
935
939
939
939
939
941
941
946
947
948
948
949
949
950
950
950
950
951
951
952
953
956
956
957
958
958
958
959
961
962
962
965
966
966
967
968
968
969
969
971
975
976
977
979
979
980
981
981
981
981
982
983
986
987
987
988
988
990
991
991
991
992
993
993
994
995
996
997
997
999
999
1000
1000
1003
1004
1004
1005
1006
1008
1012
1015
1018
1021
1021
1022
1023
1026
1026
1026
1027
1028
1029
1032
1034
1034
1035
1039
1039
1041
1041
1041
1041
1041
1042
1042
1043
1043
1044
1044
1045
1045
1046
1046
1047
1048
1049
1050
1052
1052
1052
1053
1055
1056
1056
1057
1059
1060
1061
1061
1062
1063
1063
1063
1066
1070
1071
1071
1071
1074
1075
1076
1079
1079
1079
1080
1081
1081
1082
1083
1084
1085
1085
1085
1089
1089
1090
1090
1092
1093
1093
1094
1096
1100
1100
1101
1101
1102
1106
1108
1108
1110
1111
1112
1112
1114
1115
1118
1118
1119
1120
1121
1121
1123
1123
1124
1125
1127
1128
1128
1130
1130
1131
1132
1133
1133
1136
1136
1138
1139
1139
1148
1149
1149
1149
1150
1151
1151
1154
1154
1156
1157
1157
1159
1160
1161
1161
1162
1162
1162
1163
1164
1165
1165
1165
1166
1167
1168
1171
1174
1175
1175
1177
1183
1183
1183
1184
1184
1185
1186
1188
1188
1191
1193
1193
1194
1195
1196
1197
1199
1201
1202
1204
1205
1206
1206
1206
1206
1206
1210
1213
1215
1215
1217
1217
1218
1218
1220
1220
1220
1220
1221
1222
1222
1222
1225
1226
1228
1228
1229
1229
1230
1231
1232
1233
1233
1234
1234
1235
1236
1236
1236
1237
1237
1237
1238
1241
1241
1242
1242
1244
1244
1244
1247
1248
1248
1249
1249
1250
1252
1252
1253
1253
1254
1254
1254
1255
1258
1260
1261
1267
1267
1270
1271
1272
1272
1273
1274
1274
1275
1277
1278
1280
1282
1282
1282
1283
1283
1285
1285
1286
1288
1291
1293
1293
1294
1294
1296
1296
1298
1298
1299
1299
1300
1302
1303
1303
1303
1304
1306
1306
1307
1307
1308
1309
1309
1310
1311
1312
1312
1313
1314
1315
1315
1316
1317
1319
1319
1319
1320
1322
1323
1324
1327
1328
1329
1330
1330
1331
1333
1333
1334
1335
1336
1339
1339
1339
1340
1342
1342
1343
1343
1344
1345
1345
1346
1349
1349
1350
1351
1352
1353
1354
1355
1355
1355
1355
1355
1357
1357
1357
1360
1361
1362
1363
1364
1364
1365
1365
1365
1366
1367
1368
1370
1372
1373
1373
1383
1385
1386
1386
1390
1391
1391
1392
1392
1395
1395
1395
1395
1396
1396
1398
1398
1399
1401
1402
1406
1406
1406
1407
1407
1407
1407
1407
1409
1410
1411
1411
1411
1412
1413
1413
1414
1414
1414
1416
1416
1416
1417
1417
1418
1418
1419
1419
1420
1423
1425
1425
1428
1428
1429
1430
1432
1434
1434
1435
1436
1437
1437
1438
1440
1440
1443
1444
1445
1446
1447
1447
1447
1449
1450
1451
1451
1451
1453
1453
1454
1460
1461
1463
1465
1465
1467
1469
1470
1472
1475
1476
1477
1478
1481
1481
1486
1487
1487
1488
1489
1490
1490
1492
1494
1494
1497
1498
1498
1499
1503
1504
1505
1505
1506
1507
1508
1510
1510
1513
1514
1514
1516
1517
1518
1519
1520
1523
1523
1524
1524
1524
1524
1525
1525
1528
1528
1529
1529
1530
1532
1534
1534
1535
1536
1536
1538
1538
1539
1539
1540
1540
1540
1540
1541
1541
1542
1543
1545
1546
1547
1549
1550
1550
1550
1552
1552
1552
1552
1553
1555
1555
1556
1556
1558
1559
1560
1563
1566
1567
1569
1570
1571
1572
1572
1573
1578
1580
1580
1580
1585
1586
1587
1589
1590
1591
1591
1591
1592
1593
1593
1594
1594
1595
1597
1598
1599
1600
1601
1602
1603
1604
1605
1606
1606
1606
1606
1607
1608
1609
1610
1610
1610
1612
1613
1613
1614
1615
1617
1617
1617
1618
1618
1618
1620
1620
1621
1621
1622
1623
1627
1630
1630
1630
1633
1633
1637
1638
1639
1640
1642
1643
1643
1647
1648
1648
1654
1654
1657
1657
1658
1658
1660
1661
1663
1663
1664
1664
1667
1670
1670
1673
1673
1674
1675
1676
1678
1679
1681
1682
1682
1682
1683
1684
1684
1685
1687
1688
1689
1689
1690
1692
1692
1693
1693
1693
1694
1695
1696
1696
1696
1696
1697
1698
1698
1699
1700
1700
1701
1703
1704
1705
1706
1706
1708
1709
1709
1710
1710
1710
1711
1711
1713
1714
1714
1715
1715
1716
1716
1718
1718
1719
1720
1720
1721
1725
1725
1726
1726
1726
1727
1729
1730
1732
1732
1735
1736
1736
1736
1738
1738
1740
1741
1741
1741
1743
1747
1748
1749
1749
1751
1751
1753
1754
1755
1756
1756
1758
1758
1758
1758
1761
1763
1763
1763
1766
1766
1767
1768
1769
1769
1771
1771
1772
1773
1775
1775
1777
1779
1780
1781
1781
1782
1783
1783
1784
1785
1786
1786
1786
1789
1790
1790
1791
1793
1793
1793
1793
1793
1794
1794
1797
1797
1800
1801
1802
1802
1807
1807
1808
1810
1813
1813
1813
1813
1814
1815
1815
1817
1819
1821
1821
1822
1822
1823
1824
1825
1825
1827
1827
1827
1828
1829
1831
1831
1831
1832
1832
1833
1833
1835
1836
1837
1840
1840
1841
1841
1841
1841
1842
1842
1843
1844
1845
1846
1847
1848
1849
1850
1850
1850
1850
1851
1851
1852
1852
1857
1857
1859
1859
1862
1862
1864
1864
1865
1865
1866
1866
1866
1867
1867
1869
1869
1870
1871
1872
1872
1872
1873
1873
1873
1873
1875
1875
1878
1878
1879
1880
1881
1882
1884
1884
1885
1889
1891
1892
1892
1892
1893
1894
1895
1896
1897
1900
1900
1901
1902
1902
1903
1904
1904
1905
1906
1906
1907
1908
1909
1909
1911
1912
1914
1914
1914
1915
1916
1916
1917
1917
1917
1918
1918
1918
1919
1919
1922
1923
1924
1924
1924
1924
1925
1926
1926
1926
1926
1928
1928
1929
1930
1930
1932
1935
1935
1937
1938
1938
1938
1939
1940
1943
1943
1945
1946
1946
1947
1947
1947
1947
1949
1949
1951
1952
1954
1955
1957
1957
1959
1959
1959
1959
1961
1962
1962
1968
1968
1968
1969
1970
1971
1972
1975
1976
1976
1976
1977
1978
1978
1981
1982
1982
1983
1983
1984
1985
1988
1988
1989
1990
1991
1994
1994
1995
1996
1996
1996
1998
1998
1999
1999
1999
1999
0
1
2
2
4
4
5
7
7
8
8
8
9
10
11
12
14
14
17
22
22
25
25
25
26
27
27
29
30
32
32
34
36
36
36
38
38
39
39
42
42
43
43
44
46
47
47
47
48
50
52
54
56
56
57
58
58
60
61
63
63
63
64
71
73
74
74
74
77
77
78
78
79
80
82
84
85
86
86
92
92
93
98
98
98
98
99
99
101
102
102
104
105
106
106
108
108
109
109
110
110
110
110
113
113
114
115
115
115
118
119
120
124
124
125
126
127
128
128
128
129
129
130
131
132
133
133
136
136
136
137
138
139
139
139
140
141
142
143
143
144
144
145
145
146
149
150
150
156
156
158
158
158
161
161
162
163
167
167
168
171
171
171
171
176
177
178
179
180
181
182
185
186
187
187
187
190
192
195
196
196
198
199
199
200
200
200
201
201
202
203
203
203
204
204
205
205
205
206
206
207
207
208
208
208
213
215
216
217
217
217
218
219
221
221
222
222
222
223
223
224
225
226
227
229
230
230
233
234
235
236
238
239
239
242
242
244
246
246
247
247
248
250
251
251
251
253
253
255
257
257
257
258
258
260
261
261
262
262
262
264
265
265
268
268
268
269
270
271
271
274
275
275
276
277
278
279
281
281
282
283
283
283
286
287
288
290
293
294
294
295
296
302
302
302
302
304
305
306
306
307
309
309
310
310
310
312
312
314
315
318
319
321
323
323
324
324
325
325
325
325
326
327
327
327
330
332
332
333
333
334
334
335
339
340
341
342
342
343
343
343
344
345
345
346
346
347
349
350
352
353
354
354
357
357
358
359
360
360
360
365
366
368
368
368
370
371
371
371
373
374
376
376
376
377
377
378
378
379
380
382
385
385
387
387
387
388
388
391
391
392
392
393
393
394
395
395
396
403
404
405
405
409
410
410
412
412
412
412
414
416
418
421
423
423
423
424
424
425
426
426
427
427
429
430
431
432
432
433
434
435
435
437
437
438
444
445
446
446
447
448
449
450
450
450
451
451
452
452
452
452
453
454
454
455
456
457
458
459
460
461
462
462
464
466
467
467
469
471
471
472
472
473
479
479
480
480
480
481
482
483
486
486
487
487
487
488
490
492
492
492
493
494
494
494
495
496
497
500
502
503
503
504
505
505
506
507
509
510
510
511
511
512
512
516
516
516
518
520
521
523
524
525
525
527
529
530
531
534
535
535
536
536
537
540
541
541
542
544
545
546
547
547
551
551
554
554
557
558
560
562
564
564
565
565
569
569
572
573
573
574
575
575
575
575
577
579
580
580
581
581
583
583
583
585
586
587
588
590
592
592
592
595
602
603
603
603
604
606
607
608
608
609
609
610
611
611
611
611
614
614
616
616
619
621
621
622
623
624
626
626
626
627
628
628
629
630
631
632
633
633
634
634
635
635
636
636
637
638
640
642
642
645
645
646
646
647
647
648
648
650
650
651
652
652
652
653
654
654
655
655
658
662
662
664
667
667
667
667
668
669
670
671
671
674
677
678
678
680
684
685
687
687
687
688
689
689
690
692
696
698
699
699
699
699
703
703
703
704
705
706
708
708
708
708
708
710
711
711
714
715
716
717
719
719
722
726
726
729
730
731
731
732
732
734
734
734
735
735
736
737
739
742
742
743
744
750
751
753
754
754
758
758
759
759
760
761
762
766
766
767
769
770
771
773
774
775
775
775
775
776
776
777
777
779
780
780
780
780
783
783
784
784
785
785
786
788
788
789
789
789
790
790
791
794
794
794
795
795
795
798
800
801
801
802
803
804
804
804
805
805
807
807
809
809
810
811
811
812
812
813
817
817
817
817
817
818
819
819
820
820
823
824
824
824
824
825
826
830
832
832
832
836
837
838
840
840
841
841
842
843
844
844
846
847
848
848
848
850
851
851
853
855
855
856
856
856
856
857
859
860
862
863
864
864
868
869
870
872
872
872
874
876
876
876
879
880
881
890
890
891
892
894
894
894
895
895
895
896
896
897
898
900
900
901
902
903
903
903
904
904
904
906
907
908
908
910
911
912
912
913
913
916
916
916
917
918
919
920
920
922
923
924
924
924
925
926
926
928
928
931
932
932
932
933
934
936
936
937
938
939
940
940
940
940
941
943
944
945
946
948
950
951
953
953
953
954
954
955
956
957
960
962
963
963
964
964
969
970
973
973
974
974
974
975
976
976
977
977
977
980
980
980
985
986
986
988
989
989
990
990
993
993
996
997
998
1001
1001
1001
1002
1003
1003
1003
1006
1009
1017
1017
1017
1018
1019
1019
1020
1021
1022
1023
1024
1024
1025
1027
1030
1030
1030
1032
1035
1035
1037
1038
1038
1040
1041
1041
1042
1043
1044
1044
1046
1046
1047
1048
1048
1049
1049
1050
1051
1051
1054
1055
1055
1056
1057
1058
1058
1058
1059
1060
1060
1062
1065
1067
1068
1069
1071
1071
1073
1074
1074
1074
1074
1077
1077
1077
1078
1081
1081
1084
1084
1086
1087
1088
1088
1093
1095
1096
1102
1102
1104
1104
1104
1105
1106
1107
1107
1107
1108
1109
1109
1112
1113
1114
1114
1115
1116
1118
1121
1121
1124
1127
1128
1128
1129
1129
1129
1130
1130
1131
1132
1133
1134
1136
1137
1137
1138
1138
1139
1141
1142
1142
1142
1142
1142
1144
1145
1145
1145
1145
1146
1146
1146
1146
1146
1147
1147
1151
1152
1152
1152
1153
1153
1154
1155
1155
1156
1156
1156
1158
1159
1159
1160
1160
1160
1160
1164
1171
1171
1171
1171
1172
1174
1175
1178
1181
1181
1181
1181
1183
1184
1185
1185
1186
1187
1188
1189
1190
1192
1192
1193
1193
1194
1195
1195
1195
1195
1196
1196
1197
1197
1197
1198
1198
1200
1200
1200
1202
1204
1205
1206
1206
1207
1207
1209
1211
1212
1213
1213
1214
1216
1216
1219
1223
1223
1224
1224
1226
1228
1228
1229
1232
1235
1236
1236
1237
1237
1238
1239
1239
1240
1240
1241
1242
1242
1245
1245
1247
1252
1252
1255
1255
1256
1256
1257
1257
1257
1258
1258
1258
1258
1258
1260
1262
1262
1262
1267
1267
1267
1267
1267
1268
1269
1272
1273
1274
1274
1274
1274
1276
1276
1276
1278
1278
1282
1282
1283
1287
1287
1287
1288
1289
1289
1290
1291
1291
1291
1291
1295
1300
1300
1300
1301
1302
1305
1305
1306
1306
1306
1307
1308
1311
1312
1314
1316
1318
1319
1319
1319
1320
1320
1320
1321
1321
1321
1323
1324
1324
1324
1327
1328
1328
1329
1331
1332
1332
1336
1338
1338
1338
1339
1339
1340
1340
1341
1344
1345
1345
1347
1348
1349
1350
1351
1352
1352
1352
1353
1355
1356
1356
1357
1361
1364
1364
1365
1367
1367
1368
1369
1369
1369
1370
1370
1372
1372
1373
1374
1374
1375
1376
1377
1377
1377
1378
1378
1378
1378
1379
1380
1380
1381
1383
1384
1384
1384
1386
1386
1386
1386
1386
1388
1390
1391
1393
1394
1398
1399
1400
1400
1400
1400
1400
1401
1403
1405
1406
1406
1408
1408
1410
1410
1413
1414
1414
1414
1416
1417
1418
1420
1421
1422
1422
1424
1425
1426
1427
1427
1427
1428
1428
1429
1429
1430
1430
1430
1431
1431
1433
1435
1435
1436
1436
1437
1437
1438
1438
1439
1440
1441
1444
1444
1444
1445
1445
1446
1446
1450
1450
1451
1451
1453
1454
1455
1456
1456
1457
1457
1458
1461
1461
1461
1463
1465
1465
1466
1467
1469
1469
1470
1472
1473
1473
1474
1474
1474
1475
1476
1478
1481
1482
1482
1483
1483
1483
1484
1485
1485
1486
1486
1486
1487
1487
1488
1489
1489
1491
1492
1495
1497
1497
1502
1503
1503
1504
1507
1508
1511
1513
1515
1516
1517
1519
1519
1521
1522
1523
1524
1524
1525
1526
1527
1527
1529
1532
1532
1534
1535
1536
1536
1538
1540
1541
1541
1543
1544
1544
1545
1546
1546
1547
1550
1550
1552
1552
1552
1552
1553
1553
1554
1555
1557
1558
1560
1560
1561
1562
1566
1566
1567
1569
1570
1570
1571
1571
1572
1573
1573
1573
1573
1574
1574
1575
1575
1578
1579
1579
1580
1580
1585
1585
1586
1587
1589
1590
1591
1591
1591
1591
1592
1594
1594
1596
1596
1596
1597
1599
1599
1599
1600
1601
1602
1602
1603
1604
1604
1605
1605
1606
1606
1606
1607
1609
1612
1612
1613
1613
1613
1614
1614
1616
1617
1623
1626
1630
1630
1631
1631
1632
1633
1634
1635
1637
1638
1638
1639
1640
1641
1641
1642
1642
1642
1643
1643
1643
1644
1644
1650
1652
1654
1656
1658
1659
1659
1659
1659
1661
1662
1664
1664
1665
1667
1667
1667
1668
1668
1669
1670
1670
1671
1673
1674
1674
1675
1676
1676
1676
1677
1678
1679
1681
1682
1682
1682
1682
1684
1686
1687
1690
1691
1691
1694
1694
1694
1695
1695
1695
1697
1698
1698
1699
1700
1700
1701
1701
1702
1702
1703
1704
1704
1708
1709
1709
1709
1709
1710
1711
1712
1712
1713
1714
1714
1715
1715
1715
1717
1719
1723
1724
1726
1728
1729
1730
1733
1734
1734
1736
1739
1740
1740
1741
1743
1743
1745
1748
1749
1749
1750
1750
1751
1751
1752
1752
1753
1753
1755
1755
1755
1756
1758
1759
1759
1760
1762
1764
1766
1766
1767
1771
1774
1774
1774
1775
1776
1776
1777
1778
1778
1779
1782
1782
1783
1785
1787
1788
1789
1789
1790
1790
1793
1797
1797
1798
1800
1801
1802
1802
1802
1803
1805
1806
1807
1809
1810
1810
1810
1811
1811
1812
1813
1813
1814
1815
1816
1816
1817
1817
1817
1819
1819
1819
1820
1821
1821
1822
1822
1822
1823
1823
1827
1828
1828
1830
1830
1830
1831
1831
1832
1832
1833
1833
1833
1833
1834
1835
1836
1836
1838
1840
1841
1841
1841
1841
1842
1842
1842
1844
1849
1850
1851
1852
1852
1853
1855
1856
1856
1856
1856
1857
1858
1860
1861
1861
1862
1862
1862
1862
1863
1863
1864
1866
1867
1867
1870
1876
1880
1881
1881
1882
1883
1884
1885
1887
1889
1890
1894
1895
1895
1896
1897
1897
1898
1898
1900
1902
1903
1908
1912
1913
1913
1913
1913
1914
1915
1916
1918
1921
1922
1924
1924
1924
1926
1928
1928
1928
1929
1931
1932
1932
1937
1939
1939
1940
1941
1941
1942
1943
1943
1944
1945
1945
1947
1948
1949
1949
1949
1953
1954
1954
1954
1955
1955
1955
1955
1960
1960
1962
1962
1963
1963
1964
1965
1965
1966
1969
1969
1970
1970
1971
1971
1973
1973
1974
1974
1976
1980
1980
1981
1982
1986
1986
1987
1988
1989
1989
1990
1992
1992
1993
1994
1994
1995
1997
1997
1997
1999
1
2
3
4
4
4
5
7
8
9
11
12
13
13
13
13
14
16
16
17
17
19
20
21
21
22
23
23
25
25
25
26
27
29
29
29
30
32
33
35
35
35
38
39
43
43
44
46
47
48
48
53
56
57
58
60
61
63
63
63
69
70
70
73
74
74
78
78
79
79
80
82
84
84
84
85
86
87
88
88
88
88
89
89
90
90
92
92
94
94
95
95
96
96
96
97
97
97
97
99
99
99
100
101
101
102
105
106
108
108
109
110
111
111
111
112
113
116
116
117
118
118
118
120
120
120
121
123
125
126
126
127
128
128
129
130
133
133
134
134
134
134
134
135
136
138
139
140
141
141
141
144
146
146
148
148
150
151
153
156
157
158
158
161
161
162
162
162
163
163
164
164
165
165
165
165
166
167
167
168
168
169
174
175
175
175
179
179
180
180
181
182
183
186
187
190
190
192
195
195
197
197
197
197
198
199
199
200
201
202
204
204
205
207
207
208
208
209
211
214
214
215
217
217
219
220
221
222
223
224
225
225
227
227
228
229
230
230
231
232
232
232
234
236
236
239
241
242
243
243
244
246
246
248
250
250
251
251
254
254
254
254
254
255
255
256
256
258
258
259
259
259
260
262
263
264
264
266
266
266
268
268
268
269
270
271
271
273
275
276
276
277
279
280
282
283
283
284
285
287
288
289
291
292
292
293
294
294
295
296
296
297
300
300
301
302
302
303
304
304
304
305
305
306
307
307
308
308
312
312
313
313
316
316
317
317
318
320
322
322
325
325
328
328
329
329
331
332
332
333
334
337
338
339
341
342
342
345
348
349
351
352
353
355
358
358
360
361
361
363
363
364
366
366
367
368
368
369
371
371
374
374
376
376
376
378
382
385
386
388
388
389
390
391
391
391
393
393
394
394
396
396
397
398
398
400
401
401
405
406
408
408
413
414
414
417
417
420
421
422
422
424
424
426
426
427
427
429
431
433
433
434
434
434
436
438
438
439
441
442
445
445
445
445
446
446
446
447
447
449
450
456
458
462
464
466
466
468
469
470
470
472
473
474
474
476
477
478
479
479
479
480
481
482
487
487
487
489
489
491
493
493
493
494
495
496
497
498
498
499
499
499
500
500
501
501
501
505
506
506
507
509
509
509
511
512
512
513
514
515
515
515
515
515
516
516
517
518
519
519
521
521
523
523
524
525
525
525
526
527
528
528
529
531
532
533
534
535
535
538
538
540
542
542
543
544
545
546
546
547
547
547
547
549
550
551
552
552
553
554
555
556
557
557
557
560
560
562
565
568
569
569
570
571
574
574
575
576
577
577
578
578
579
579
580
581
582
584
585
586
586
587
591
591
591
599
600
603
605
605
607
608
609
610
611
615
616
616
618
618
618
620
621
621
623
625
626
627
628
632
634
634
635
635
636
636
637
637
638
638
638
639
640
641
643
647
648
649
651
652
652
652
654
655
655
655
655
656
656
656
656
657
658
661
661
662
665
666
667
668
668
668
669
670
671
671
671
672
672
673
675
677
678
678
678
680
681
681
683
684
685
686
688
688
689
690
692
692
697
698
698
699
699
699
699
702
702
703
705
708
712
713
716
716
716
716
718
718
720
721
722
723
725
726
727
728
729
732
733
733
733
733
735
735
736
736
738
739
739
741
742
744
745
746
750
756
756
757
757
760
761
762
765
765
768
773
775
777
779
779
780
780
780
782
782
782
784
784
786
786
787
790
790
791
792
792
793
793
794
794
795
795
797
798
801
802
802
802
803
804
804
805
805
806
806
806
806
807
807
809
811
812
812
814
815
816
819
821
823
823
824
825
825
826
827
828
829
829
831
831
831
832
833
833
835
836
839
842
842
842
844
845
846
846
848
850
850
850
853
855
855
855
857
857
858
861
862
862
863
864
866
866
868
868
869
870
871
871
872
872
872
874
875
876
877
878
878
879
880
880
881
882
882
883
885
887
887
888
888
888
888
891
893
893
894
896
897
897
898
901
902
903
903
904
906
906
908
909
909
909
910
912
915
915
915
916
918
919
919
920
921
922
923
923
923
925
928
929
929
930
931
933
934
935
936
936
936
937
937
939
943
944
945
947
947
948
948
949
949
950
950
951
952
954
955
955
956
956
957
957
958
959
960
960
961
961
964
969
970
970
971
973
974
975
975
976
977
978
981
982
984
985
986
986
986
987
991
992
993
995
995
996
996
996
997
997
997
997
1000
1000
1000
1000
1002
1003
1004
1004
1007
1009
1009
1010
1010
1010
1011
1011
1011
1011
1011
1011
1012
1015
1016
1016
1017
1019
1021
1024
1024
1025
1025
1026
1027
1027
1028
1028
1031
1033
1033
1034
1034
1034
1036
1038
1039
1039
1041
1042
1042
1043
1044
1046
1046
1046
1047
1048
1049
1050
1051
1052
1052
1053
1056
1056
1057
1058
1059
1059
1061
1062
1062
1062
1064
1064
1064
1066
1067
1067
1067
1068
1068
1068
1069
1070
1070
1076
1077
1078
1079
1079
1079
1079
1081
1083
1085
1086
1086
1089
1089
1090
1091
1092
1092
1092
1094
1096
1096
1096
1097
1098
1098
1098
1098
1099
1100
1102
1102
1103
1103
1106
1106
1106
1107
1110
1111
1111
1112
1112
1114
1114
1114
1115
1115
1118
1119
1120
1120
1122
1123
1124
1124
1124
1126
1127
1128
1129
1129
1131
1131
1138
1142
1143
1143
1145
1149
1153
1154
1155
1157
1158
1158
1161
1161
1162
1163
1163
1164
1165
1167
1170
1170
1174
1174
1175
1175
1178
1178
1179
1181
1181
1183
1183
1184
1187
1188
1189
1190
1190
1192
1192
1192
1194
1194
1198
1198
1199
1200
1200
1201
1204
1204
1207
1208
1209
1210
1211
1214
1215
1215
1216
1219
1220
1222
1224
1225
1225
1226
1226
1227
1227
1228
1229
1230
1230
1231
1231
1232
1233
1233
1235
1235
1236
1236
1237
1238
1238
1241
1242
1242
1243
1244
1244
1245
1245
1246
1246
1247
1248
1253
1255
1255
1256
1257
1260
1260
1260
1260
1261
1262
1262
1262
1264
1264
1265
1265
1266
1266
1267
1269
1269
1270
1272
1272
1274
1275
1277
1278
1278
1280
1283
1283
1283
1283
1283
1285
1287
1287
1287
1288
1289
1289
1290
1290
1291
1291
1291
1293
1295
1296
1297
1298
1301
1302
1302
1303
1304
1304
1307
1307
1307
1310
1311
1312
1313
1314
1315
1315
1317
1318
1318
1321
1322
1322
1322
1322
1323
1323
1324
1325
1326
1327
1330
1330
1330
1330
1331
1331
1332
1333
1333
1337
1337
1337
1337
1337
1338
1339
1343
1344
1345
1345
1345
1346
1348
1349
1349
1351
1352
1353
1353
1354
1356
1356
1357
1360
1360
1362
1364
1366
1367
1367
1368
1373
1374
1375
1375
1376
1376
1376
1376
1381
1382
1382
1383
1384
1384
1385
1385
1386
1386
1387
1387
1387
1388
1388
1388
1389
1390
1390
1390
1394
1394
1398
1398
1398
1399
1399
1399
1400
1400
1402
1404
1404
1404
1404
1406
1406
1407
1408
1408
1410
1411
1411
1411
1412
1412
1413
1413
1415
1418
1418
1418
1419
1422
1422
1423
1424
1424
1425
1429
1430
1430
1431
1431
1431
1432
1433
1434
1434
1434
1435
1435
1436
1437
1439
1440
1441
1443
1444
1444
1445
1446
1447
1448
1448
1448
1449
1450
1450
1453
1454
1454
1454
1455
1459
1459
1461
1461
1462
1463
1464
1466
1466
1468
1469
1469
1469
1470
1475
1475
1476
1476
1477
1478
1479
1479
1481
1481
1483
1484
1484
1485
1485
1485
1485
1485
1486
1486
1487
1490
1490
1490
1491
1492
1492
1495
1496
1496
1496
1496
1497
1497
1498
1499
1505
1508
1510
1511
1512
1512
1513
1514
1514
1516
1517
1518
1518
1519
1520
1520
1521
1521
1522
1525
1525
1526
1526
1527
1527
1528
1529
1531
1531
1533
1536
1536
1537
1539
1541
1542
1544
1545
1546
1549
1551
1552
1552
1552
1553
1553
1554
1554
1556
1557
1557
1563
1564
1565
1567
1567
1569
1572
1573
1574
1574
1574
1576
1579
1581
1581
1582
1582
1582
1583
1583
1584
1584
1585
1586
1586
1587
1588
1588
1591
1591
1592
1594
1594
1596
1597
1598
1599
1599
1600
1603
1604
1604
1605
1605
1606
1606
1606
1608
1609
1610
1611
1613
1613
1614
1618
1621
1622
1623
1624
1626
1627
1628
1631
1632
1633
1634
1635
1638
1638
1642
1642
1643
1644
1644
1645
1646
1646
1648
1649
1649
1650
1650
1650
1650
1651
1651
1654
1655
1656
1658
1659
1660
1660
1660
1660
1663
1664
1664
1665
1666
1667
1669
1670
1670
1670
1670
1672
1673
1678
1678
1678
1679
1679
1679
1681
1683
1683
1683
1684
1684
1685
1686
1686
1690
1690
1691
1691
1692
1693
1696
1696
1697
1698
1700
1701
1702
1703
1704
1705
1706
1706
1708
1710
1711
1711
1713
1713
1715
1716
1716
1717
1718
1720
1720
1721
1722
1723
1724
1726
1727
1727
1727
1729
1729
1730
1731
1731
1731
1731
1731
1734
1735
1735
1737
1739
1741
1741
1742
1743
1743
1745
1745
1747
1748
1748
1750
1751
1751
1753
1753
1754
1754
1755
1756
1757
1757
1758
1762
1765
1767
1770
1771
1771
1771
1774
1774
1775
1777
1777
1778
1778
1779
1781
1784
1785
1786
1786
1787
1789
1789
1790
1792
1794
1794
1794
1795
1797
1798
1799
1799
1799
1801
1803
1803
1806
1806
1807
1808
1809
1809
1810
1811
1812
1812
1813
1813
1814
1814
1815
1815
1817
1818
1819
1819
1819
1821
1821
1822
1822
1822
1825
1826
1826
1829
1831
1831
1831
1832
1833
1834
1834
1835
1835
1836
1837
1837
1838
1838
1839
1840
1842
1843
1844
1845
1846
1847
1847
1849
1849
1850
1851
1854
1857
1858
1858
1859
1862
1863
1864
1866
1866
1868
1870
1871
1872
1872
1874
1876
1876
1876
1877
1878
1879
1879
1880
1881
1881
1882
1883
1887
1887
1887
1889
1890
1891
1892
1893
1893
1895
1896
1899
1900
1901
1901
1902
1902
1902
1904
1905
1905
1905
1905
1905
1907
1908
1909
1910
1911
1911
1911
1912
1912
1912
1914
1915
1915
1915
1916
1916
1920
1920
1920
1924
1925
1925
1926
1926
1927
1929
1929
1930
1931
1932
1932
1932
1934
1935
1935
1938
1939
1939
1943
1945
1946
1948
1950
1951
1952
1953
1953
1956
1956
1957
1957
1958
1959
1961
1961
1961
1962
1964
1965
1965
1967
1968
1968
1969
1969
1972
1972
1973
1973
1974
1974
1975
1976
1976
1977
1979
1979
1980
1980
1981
1981
1982
1982
1983
1983
1986
1987
1987
1988
1988
1991
1992
1992
1994
1995
1995
1995
1995
1996
1997
1997
1997
1998
1999
0
0
2
3
3
3
4
10
10
10
11
11
12
12
14
14
18
18
19
19
19
20
21
22
23
24
25
25
27
28
30
30
32
33
34
36
37
38
39
40
41
42
42
45
45
47
47
48
48
50
50
53
53
53
55
57
60
60
60
61
62
62
63
64
64
66
66
66
67
70
70
70
71
72
74
76
77
78
79
82
82
82
82
82
83
83
86
86
87
89
90
91
91
91
92
92
94
95
98
98
98
102
103
103
103
104
105
107
109
110
110
110
111
112
114
114
116
116
117
118
120
121
126
130
130
130
131
131
133
133
133
137
138
138
139
140
141
142
142
142
143
144
145
147
149
150
151
152
153
153
155
156
156
156
157
158
158
158
159
159
160
160
160
161
162
162
163
165
166
166
166
167
168
168
170
172
172
174
175
177
178
184
185
186
186
186
187
188
188
190
190
193
193
195
195
197
199
199
201
201
203
206
206
207
207
208
209
210
211
212
212
213
213
214
215
219
219
220
221
222
222
224
225
226
228
230
232
232
233
234
236
237
239
239
239
240
240
243
245
246
247
247
248
249
250
250
251
252
252
254
256
258
258
259
259
259
261
262
263
266
268
271
274
277
277
279
280
281
281
282
282
282
283
283
283
288
289
289
290
291
291
294
295
296
297
299
299
299
300
300
300
300
300
301
302
302
304
305
306
306
306
306
307
307
307
308
310
310
310
311
313
315
315
316
317
319
319
319
323
325
325
326
327
327
327
327
327
328
328
329
330
330
331
331
331
334
335
338
338
341
341
343
344
347
348
348
349
350
350
351
353
353
355
358
358
358
359
361
361
363
363
363
363
363
363
364
365
365
366
366
367
368
369
370
371
372
374
375
376
376
377
379
381
383
384
387
387
388
388
389
390
390
390
390
390
391
393
393
393
394
395
395
396
397
399
401
401
402
402
403
405
406
407
408
408
408
408
410
412
413
413
417
419
419
419
419
422
424
424
425
426
426
428
431
431
431
432
432
433
434
434
435
437
438
439
441
441
442
442
444
445
446
446
447
447
447
447
447
448
448
449
450
451
451
451
451
453
453
455
461
462
462
462
464
467
467
467
467
469
469
472
473
473
474
475
475
477
478
478
478
479
479
480
480
481
481
483
484
485
485
488
492
492
493
494
494
494
495
495
496
498
498
500
501
502
503
503
503
503
506
506
506
507
508
508
509
510
511
511
511
514
517
518
521
522
522
523
523
523
524
524
526
527
530
532
533
534
534
536
536
537
537
537
537
539
540
540
541
541
542
544
544
544
545
545
547
547
548
550
551
551
552
552
552
552
553
555
557
557
558
559
560
560
560
561
563
564
565
569
569
569
572
572
572
575
577
578
579
579
580
582
583
583
583
583
583
584
584
584
585
586
588
589
590
591
593
594
595
595
596
598
599
600
601
601
602
602
603
603
604
606
607
610
611
612
613
613
615
615
615
615
616
618
618
619
620
620
620
621
622
622
626
630
634
635
636
638
639
641
641
641
642
642
643
644
646
646
646
647
647
648
648
649
650
651
653
654
655
657
657
658
658
659
660
660
665
666
667
667
667
669
669
670
670
671
671
672
674
675
675
676
677
677
677
680
680
680
681
681
682
682
684
687
687
688
690
690
692
692
695
697
697
698
698
699
699
699
703
704
704
704
704
705
707
709
710
710
710
710
711
712
713
714
716
717
717
717
718
719
719
720
720
720
724
725
728
728
729
731
731
732
733
733
733
734
735
736
736
737
737
738
739
741
742
743
743
746
746
748
748
748
749
749
750
750
751
752
753
753
753
757
757
757
759
760
760
763
763
763
764
764
766
766
766
766
767
767
768
768
770
771
771
772
774
775
775
777
777
778
778
779
780
780
780
781
782
787
787
788
792
794
794
794
795
796
797
799
799
799
800
801
802
802
803
803
805
806
807
808
810
810
810
815
816
816
816
818
818
818
819
819
819
824
825
825
826
828
829
831
831
832
833
833
834
834
835
835
835
836
836
836
836
837
837
839
840
841
841
844
845
847
847
848
848
849
850
852
852
856
856
857
857
857
857
860
861
862
863
864
865
867
867
869
871
872
873
873
874
874
875
878
879
882
883
886
888
890
893
894
898
898
898
898
899
899
899
900
900
903
903
903
908
909
909
909
910
911
912
912
912
912
913
913
914
914
914
916
916
916
919
921
923
924
925
927
927
927
929
930
930
931
932
934
934
936
936
938
938
938
938
939
939
942
942
943
944
947
947
949
950
951
956
956
956
958
960
961
962
962
963
964
965
965
965
968
968
968
970
970
970
974
976
977
978
979
981
981
981
981
982
982
984
984
985
986
986
987
987
987
988
988
988
989
990
990
991
992
992
992
993
994
994
996
996
998
999
1000
1000
1002
1003
1004
1004
1005
1005
1005
1006
1007
1007
1008
1009
1011
1012
1013
1014
1014
1014
1017
1021
1021
1022
1022
1022
1023
1023
1028
1029
1031
1031
1033
1033
1033
1034
1034
1035
1038
1038
1039
1041
1042
1042
1044
1044
1047
1048
1050
1052
1053
1054
1055
1055
1057
1058
1059
1059
1061
1062
1062
1064
1064
1067
1068
1068
1069
1069
1070
1072
1074
1074
1075
1076
1077
1077
1082
1083
1087
1087
1089
1090
1091
1091
1092
1093
1095
1095
1097
1099
1100
1101
1102
1102
1103
1105
1105
1106
1106
1106
1107
1107
1108
1108
1109
1110
1111
1115
1115
1118
1119
1120
1121
1123
1123
1124
1125
1126
1126
1126
1129
1129
1131
1133
1134
1135
1136
1139
1140
1140
1141
1142
1143
1144
1144
1145
1148
1149
1149
1150
1150
1150
1151
1151
1153
1153
1153
1155
1155
1157
1158
1159
1161
1161
1161
1162
1163
1164
1164
1164
1166
1166
1167
1168
1169
1169
1169
1169
1170
1171
1171
1172
1174
1175
1175
1176
1176
1177
1179
1181
1181
1182
1182
1183
1184
1186
1186
1188
1190
1190
1190
1192
1192
1192
1193
1193
1193
1193
1194
1195
1196
1196
1196
1196
1197
1197
1198
1200
1200
1200
1201
1201
1204
1204
1206
1207
1210
1213
1214
1215
1215
1215
1216
1216
1217
1219
1219
1219
1221
1221
1221
1222
1222
1222
1223
1223
1223
1224
1224
1225
1226
1226
1227
1228
1228
1229
1229
1231
1232
1233
1233
1235
1238
1238
1238
1239
1239
1240
1244
1244
1244
1249
1249
1249
1250
1254
1255
1256
1256
1257
1258
1259
1260
1261
1261
1261
1262
1264
1264
1266
1267
1267
1267
1268
1268
1268
1270
1271
1273
1274
1275
1281
1282
1282
1284
1288
1288
1288
1289
1289
1290
1292
1292
1293
1293
1294
1295
1295
1299
1300
1300
1301
1302
1302
1304
1304
1306
1307
1312
1313
1314
1315
1315
1317
1318
1318
1319
1320
1323
1325
1326
1327
1327
1328
1328
1329
1329
1330
1331
1331
1333
1336
1336
1337
1339
1340
1343
1343
1343
1344
1345
1347
1347
1349
1352
1357
1358
1358
1358
1358
1358
1359
1362
1363
1363
1364
1365
1366
1366
1366
1367
1368
1369
1369
1370
1372
1375
1376
1376
1377
1378
1381
1382
1382
1382
1384
1384
1384
1384
1384
1385
1386
1388
1388
1389
1389
1390
1391
1393
1393
1396
1396
1397
1399
1399
1400
1401
1402
1403
1403
1404
1406
1408
1408
1409
1410
1410
1412
1415
1416
1416
1416
1416
1418
1418
1419
1421
1423
1423
1425
1427
1430
1431
1432
1433
1434
1434
1435
1435
1436
1436
1437
1437
1438
1438
1439
1440
1442
1442
1442
1444
1445
1446
1450
1452
1453
1456
1457
1457
1458
1458
1461
1462
1463
1464
1464
1465
1465
1466
1466
1466
1467
1472
1472
1472
1473
1476
1477
1478
1480
1481
1481
1483
1483
1483
1485
1487
1487
1488
1489
1489
1490
1492
1492
1493
1493
1493
1495
1495
1497
1497
1498
1498
1498
1498
1498
1500
1501
1501
1502
1503
1506
1506
1506
1508
1508
1508
1510
1510
1511
1512
1513
1513
1515
1516
1517
1517
1519
1521
1522
1522
1525
1525
1525
1530
1531
1531
1531
1532
1534
1536
1537
1537
1537
1545
1545
1545
1546
1550
1551
1551
1553
1554
1554
1555
1556
1556
1559
1560
1562
1563
1564
1564
1566
1566
1568
1568
1569
1571
1572
1572
1572
1573
1578
1579
1580
1581
1582
1582
1583
1583
1583
1583
1584
1585
1585
1585
1586
1586
1589
1592
1594
1594
1594
1595
1596
1599
1600
1601
1602
1604
1604
1604
1605
1605
1606
1607
1608
1609
1609
1610
1610
1610
1611
1611
1613
1613
1614
1616
1616
1617
1617
1618
1619
1619
1620
1620
1622
1622
1623
1624
1625
1627
1629
1633
1634
1636
1637
1637
1640
1644
1644
1648
1648
1648
1649
1650
1650
1651
1652
1652
1652
1653
1658
1659
1661
1662
1665
1667
1667
1670
1671
1671
1672
1672
1673
1674
1677
1678
1679
1680
1680
1681
1684
1686
1686
1687
1687
1691
1692
1693
1693
1695
1695
1695
1697
1698
1700
1701
1705
1705
1706
1706
1707
1708
1708
1710
1712
1712
1713
1714
1714
1715
1715
1717
1718
1718
1719
1719
1720
1722
1724
1726
1726
1726
1726
1726
1727
1728
1729
1730
1730
1731
1732
1733
1734
1736
1737
1737
1738
1741
1742
1743
1747
1747
1748
1752
1752
1752
1757
1757
1769
1769
1771
1771
1772
1772
1773
1774
1774
1775
1775
1775
1776
1777
1777
1778
1779
1779
1780
1781
1783
1783
1783
1784
1785
1786
1786
1788
1789
1789
1789
1789
1789
1793
1794
1796
1799
1800
1802
1803
1804
1806
1806
1808
1808
1810
1811
1812
1813
1815
1815
1816
1816
1817
1817
1818
1818
1819
1820
1821
1823
1823
1823
1824
1824
1824
1825
1825
1825
1826
1826
1827
1828
1828
1829
1831
1833
1835
1840
1846
1847
1849
1849
1851
1851
1852
1852
1854
1854
1857
1859
1861
1861
1861
1862
1863
1867
1868
1869
1869
1869
1870
1870
1873
1876
1879
1881
1881
1881
1882
1882
1884
1885
1887
1889
1890
1890
1890
1891
1892
1892
1894
1894
1894
1896
1897
1899
1899
1901
1902
1903
1904
1904
1904
1904
1906
1909
1909
1909
1910
1912
1913
1915
1915
1923
1923
1925
1926
1926
1928
1930
1931
1931
1935
1937
1937
1940
1941
1944
1945
1945
1945
1946
1948
1948
1950
1953
1954
1954
1954
1958
1958
1959
1960
1961
1963
1965
1965
1965
1967
1968
1971
1972
1972
1972
1974
1974
1974
1975
1976
1976
1977
1977
1977
1978
1978
1978
1978
1981
1984
1985
1986
1988
1989
1990
1990
1990
1991
1993
1995
1996
1997
1998
0
1
1
2
3
3
3
3
5
5
7
8
8
8
10
10
11
11
12
12
13
14
14
16
18
20
20
21
22
23
26
27
27
30
30
31
33
36
36
38
39
39
39
39
41
45
45
47
47
50
50
52
55
56
56
57
58
59
59
60
60
61
62
63
64
64
67
68
70
71
74
74
81
81
81
83
83
84
85
85
86
86
88
89
90
91
91
92
96
97
97
98
99
99
100
101
104
105
106
106
106
108
109
112
112
113
113
114
114
115
116
117
117
118
118
118
119
120
121
122
123
124
125
127
128
128
129
129
130
131
132
133
133
133
133
134
135
135
139
139
139
140
141
141
142
144
146
147
149
151
152
152
152
152
153
153
154
154
155
156
156
157
157
158
158
159
161
162
163
164
164
168
169
170
171
171
173
175
175
175
176
176
178
180
180
183
183
185
185
186
186
186
188
188
190
190
191
191
191
192
194
195
195
195
196
196
196
197
198
199
200
203
203
203
204
205
208
208
213
213
214
216
216
220
221
222
222
222
223
224
226
227
227
228
228
228
229
231
232
232
233
235
236
237
238
239
240
240
241
243
244
245
246
246
248
248
250
251
252
253
253
253
254
254
256
257
261
263
264
265
266
266
268
270
271
272
272
274
275
277
278
280
282
282
283
284
285
286
286
287
287
288
290
291
291
293
293
293
294
301
302
302
302
304
305
305
306
308
308
308
309
309
312
312
312
313
314
314
315
315
316
316
316
317
319
319
320
322
323
323
324
325
325
325
326
326
327
327
328
328
329
331
331
333
333
336
336
336
337
339
341
343
344
344
345
346
347
347
348
351
351
352
352
353
353
356
357
359
360
361
363
363
365
369
369
371
374
374
376
378
379
379
380
381
381
382
384
387
387
388
390
390
393
394
394
394
397
398
399
399
399
399
400
402
402
403
403
404
406
407
408
408
408
410
411
411
412
414
414
414
415
415
416
416
418
419
420
423
423
423
424
428
430
431
431
433
433
434
435
436
437
437
439
439
441
442
442
445
445
446
447
447
448
448
451
453
458
458
459
462
462
463
466
467
468
470
471
472
472
475
477
478
478
481
481
481
482
482
483
483
485
486
486
487
488
489
489
489
490
492
495
495
496
497
497
498
499
500
501
502
502
502
503
505
505
506
507
508
508
510
511
512
512
513
513
515
516
517
517
519
520
521
525
525
527
528
531
531
533
533
534
535
536
538
540
542
544
545
546
546
547
548
549
549
551
551
551
553
553
554
555
556
557
559
560
561
562
562
562
563
565
566
566
568
568
568
570
575
577
578
578
579
579
580
582
582
585
586
588
588
588
589
590
592
592
592
594
594
596
597
597
599
599
599
599
601
603
606
606
607
608
609
609
610
611
612
612
615
616
617
617
618
618
621
622
622
622
623
623
626
626
626
627
627
629
629
630
632
634
636
637
640
642
643
644
647
648
649
651
653
654
655
656
656
658
658
659
659
659
660
660
660
661
661
661
662
665
665
667
669
670
671
671
672
673
673
675
675
677
678
678
679
680
681
683
684
684
684
684
686
687
688
688
689
689
689
690
690
691
691
691
691
692
695
696
696
700
702
702
703
703
704
705
707
707
709
710
710
710
710
715
715
716
717
717
718
720
720
720
720
722
722
722
722
723
723
726
727
728
731
731
732
734
735
736
736
737
737
738
738
739
740
740
741
742
742
744
744
750
751
753
753
756
759
763
763
765
766
768
768
770
770
773
773
773
773
775
776
777
779
779
780
783
783
784
785
786
786
786
789
790
791
791
791
791
791
793
794
795
796
796
797
798
802
802
802
802
804
805
805
807
807
808
808
809
809
810
810
811
811
813
814
815
816
816
817
817
819
820
822
823
824
824
825
825
826
827
828
829
831
831
831
832
834
834
835
835
836
837
837
837
838
840
840
840
843
843
844
845
845
846
846
847
847
847
848
849
849
850
851
853
853
855
855
857
859
861
862
868
869
870
870
875
875
879
879
880
881
882
884
885
886
888
889
890
891
891
892
893
893
895
895
899
900
901
901
901
902
904
905
905
906
908
909
909
911
911
911
912
912
913
913
915
916
916
917
918
921
923
924
925
925
926
927
929
929
929
929
931
934
935
936
937
937
939
939
941
942
942
943
943
944
944
945
947
948
948
949
949
949
950
951
953
954
957
958
959
959
960
960
962
962
966
968
969
969
974
974
977
977
980
983
984
984
986
988
988
989
991
991
993
994
994
995
995
997
997
997
999
1000
1000
1000
1003
1004
1004
1006
1006
1007
1007
1008
1008
1010
1010
1013
1013
1015
1020
1022
1022
1022
1023
1023
1025
1027
1028
1030
1030
1031
1032
1033
1035
1041
1042
1042
1043
1043
1044
1046
1048
1048
1050
1051
1052
1053
1054
1055
1056
1057
1057
1059
1059
1061
1063
1063
1065
1065
1066
1067
1068
1069
1069
1069
1069
1069
1070
1070
1071
1071
1071
1072
1072
1072
1073
1077
1079
1080
1081
1082
1082
1082
1083
1084
1088
1089
1090
1091
1091
1093
1094
1094
1095
1096
1096
1097
1098
1098
1101
1102
1105
1107
1107
1107
1108
1108
1111
1111
1113
1113
1114
1115
1115
1115
1116
1122
1125
1126
1126
1127
1128
1128
1128
1130
1132
1134
1135
1135
1135
1136
1137
1139
1139
1140
1142
1144
1147
1147
1147
1148
1149
1151
1151
1152
1152
1154
1154
1155
1155
1155
1156
1156
1156
1156
1158
1159
1160
1160
1161
1162
1162
1163
1163
1165
1166
1168
1171
1171
1174
1176
1176
1177
1178
1179
1179
1180
1182
1183
1183
1190
1190
1191
1192
1192
1196
1197
1198
1199
1199
1201
1201
1203
1203
1203
1204
1206
1206
1207
1211
1211
1213
1213
1214
1215
1216
1217
1217
1218
1218
1218
1221
1221
1222
1222
1222
1223
1223
1224
1224
1224
1226
1226
1229
1229
1230
1232
1232
1233
1233
1235
1236
1236
1237
1240
1240
1240
1241
1244
1246
1246
1247
1247
1249
1251
1251
1254
1255
1257
1258
1260
1265
1266
1267
1267
1268
1268
1270
1270
1271
1272
1273
1274
1275
1277
1278
1279
1283
1283
1284
1285
1285
1286
1286
1287
1288
1292
1295
1296
1296
1296
1296
1297
1298
1300
1300
1300
1301
1301
1302
1302
1305
1306
1306
1307
1307
1309
1309
1310
1311
1312
1313
1313
1315
1320
1321
1321
1323
1323
1324
1325
1325
1326
1326
1329
1330
1330
1330
1330
1331
1331
1331
1332
1332
1332
1334
1334
1335
1335
1337
1338
1338
1338
1338
1338
1341
1341
1342
1343
1343
1343
1343
1344
1344
1347
1351
1351
1352
1352
1353
1354
1354
1354
1355
1356
1359
1361
1362
1362
1363
1364
1364
1365
1367
1369
1370
1374
1377
1381
1381
1382
1384
1384
1384
1385
1386
1386
1388
1388
1389
1389
1390
1390
1390
1393
1394
1395
1396
1396
1397
1399
1399
1399
1400
1403
1404
1404
1406
1406
1407
1407
1408
1409
1410
1411
1412
1412
1414
1416
1417
1418
1419
1419
1420
1420
1421
1421
1423
1423
1423
1425
1427
1428
1428
1429
1429
1430
1431
1432
1432
1433
1436
1436
1438
1438
1438
1439
1442
1442
1442
1444
1445
1446
1446
1446
1447
1447
1447
1447
1448
1449
1449
1451
1451
1451
1453
1454
1455
1455
1456
1456
1457
1458
1460
1461
1461
1461
1462
1462
1463
1463
1465
1465
1466
1466
1466
1468
1468
1471
1471
1472
1475
1476
1476
1477
1478
1480
1481
1481
1481
1482
1483
1484
1487
1490
1492
1493
1493
1493
1494
1495
1495
1495
1495
1496
1496
1497
1499
1500
1500
1500
1501
1501
1502
1503
1505
1505
1507
1508
1510
1510
1510
1513
1514
1514
1514
1515
1516
1516
1517
1517
1517
1519
1522
1525
1525
1526
1526
1527
1527
1528
1528
1528
1528
1529
1530
1531
1531
1531
1532
1533
1534
1534
1535
1536
1537
1537
1539
1539
1539
1540
1542
1542
1543
1544
1544
1545
1548
1549
1550
1551
1552
1554
1554
1555
1557
1557
1558
1558
1558
1560
1560
1561
1562
1563
1563
1564
1564
1565
1566
1566
1567
1568
1568
1571
1573
1577
1577
1577
1581
1583
1584
1584
1585
1586
1586
1586
1588
1589
1590
1594
1594
1594
1595
1595
1597
1597
1597
1598
1599
1601
1603
1605
1605
1608
1609
1614
1614
1614
1615
1615
1616
1616
1616
1618
1618
1620
1620
1620
1621
1623
1624
1626
1626
1629
1629
1629
1630
1630
1630
1632
1633
1633
1633
1634
1635
1635
1636
1637
1638
1638
1639
1639
1640
1641
1641
1642
1644
1647
1648
1651
1651
1652
1655
1656
1657
1658
1658
1659
1659
1659
1659
1660
1660
1661
1661
1662
1662
1663
1666
1666
1666
1667
1668
1668
1668
1670
1670
1670
1673
1677
1677
1677
1678
1678
1679
1679
1680
1680
1682
1682
1682
1686
1689
1690
1690
1691
1691
1692
1692
1694
1694
1694
1695
1695
1695
1696
1696
1697
1698
1698
1698
1700
1700
1703
1703
1703
1704
1704
1705
1705
1707
1707
1707
1715
1717
1718
1718
1721
1721
1721
1722
1723
1723
1724
1725
1726
1728
1729
1730
1730
1732
1732
1735
1736
1737
1738
1739
1739
1740
1744
1744
1746
1749
1750
1755
1757
1757
1758
1758
1759
1760
1760
1761
1761
1762
1763
1764
1764
1764
1765
1766
1768
1774
1776
1777
1777
1777
1778
1778
1783
1785
1786
1786
1788
1789
1791
1793
1795
1795
1797
1797
1797
1798
1800
1802
1802
1804
1805
1805
1808
1808
1809
1809
1810
1810
1810
1811
1811
1811
1812
1813
1815
1817
1818
1818
1818
1819
1820
1820
1821
1821
1822
1822
1823
1823
1823
1824
1825
1827
1828
1829
1835
1837
1838
1840
1844
1844
1845
1846
1846
1848
1849
1849
1849
1851
1856
1858
1858
1858
1859
1860
1861
1861
1861
1863
1864
1864
1866
1866
1869
1869
1870
1871
1871
1874
1875
1876
1877
1879
1880
1881
1882
1882
1883
1883
1887
1887
1888
1888
1888
1888
1889
1889
1894
1895
1896
1898
1899
1899
1899
1900
1901
1905
1906
1909
1910
1910
1912
1912
1912
1913
1914
1916
1916
1917
1918
1918
1918
1922
1923
1923
1924
1924
1925
1928
1929
1929
1930
1931
1931
1931
1933
1934
1934
1937
1937
1938
1938
1938
1938
1939
1939
1940
1940
1941
1945
1945
1946
1946
1946
1947
1949
1950
1952
1952
1952
1957
1958
1959
1959
1959
1960
1961
1961
1961
1961
1961
1961
1962
1964
1965
1968
1968
1969
1971
1971
1971
1971
1972
1972
1975
1976
1981
1981
1982
1982
1985
1985
1985
1987
1989
1990
1990
1991
1991
1992
1994
1996
1997
1997
1998
1998
0
0
1
4
4
5
7
7
8
11
12
12
13
13
14
17
17
17
17
17
20
20
21
21
22
24
24
25
27
27
28
31
31
32
32
33
34
34
35
38
38
38
40
41
42
42
43
44
48
49
49
50
50
50
52
52
52
53
53
55
56
56
58
58
58
59
63
65
66
66
66
67
69
72
72
74
77
78
79
80
81
82
84
84
88
88
89
89
89
89
91
91
94
94
96
98
101
102
104
104
104
113
114
115
116
117
117
118
121
121
122
124
126
126
127
129
130
130
131
131
132
133
134
138
139
139
139
139
140
140
140
143
144
144
145
145
146
146
147
148
149
149
150
150
151
152
153
154
154
158
159
161
162
162
167
168
168
169
169
169
170
171
171
172
172
172
173
175
176
177
177
178
179
179
179
180
181
181
181
181
182
183
183
185
185
185
185
192
194
196
201
201
201
203
206
206
207
207
209
210
210
212
214
215
216
216
216
217
217
219
220
220
221
224
226
227
229
229
229
229
231
232
233
234
235
235
236
236
237
239
240
242
242
243
246
248
249
249
253
253
253
254
258
258
259
262
264
265
265
266
267
267
269
271
271
271
272
273
274
274
274
275
280
281
283
286
286
287
288
290
292
292
292
293
295
295
296
297
297
298
301
301
301
302
303
304
306
306
310
311
311
311
313
315
317
317
318
318
320
322
323
323
324
325
325
327
328
328
329
332
334
334
335
336
336
336
337
338
338
338
339
339
340
341
342
343
346
347
348
349
349
349
349
350
353
354
356
357
358
358
359
359
360
360
361
362
362
363
363
364
364
365
366
370
371
371
371
372
372
372
373
374
374
375
376
378
378
378
380
380
381
381
381
382
382
383
386
393
393
394
395
396
397
402
404
405
405
406
406
408
409
409
412
414
415
415
416
417
418
419
420
421
421
422
425
426
427
427
429
430
433
433
434
436
436
437
438
439
440
442
443
444
444
446
446
448
448
448
448
450
450
453
455
457
457
458
459
460
461
461
462
463
463
465
466
470
470
471
472
472
473
474
474
475
476
476
476
477
477
479
481
481
481
483
486
486
488
488
488
488
489
490
491
491
491
493
493
494
495
497
498
498
499
500
500
502
505
505
506
506
508
509
510
511
518
520
522
522
522
524
525
526
527
530
530
532
532
533
535
535
535
536
538
539
542
543
544
544
545
546
546
547
548
548
552
554
555
555
555
556
556
557
557
558
558
558
558
563
563
564
565
568
568
569
570
571
571
572
573
576
579
580
581
582
583
583
583
584
586
586
586
589
589
590
591
592
592
594
595
596
597
599
601
603
603
603
604
605
605
606
607
608
608
609
610
610
610
611
611
611
611
612
613
613
614
615
616
618
618
619
619
623
624
625
625
626
628
628
631
634
635
636
636
637
638
638
638
640
642
642
645
646
647
647
648
649
649
650
654
654
656
658
659
659
660
663
664
665
666
666
666
667
668
669
672
672
673
673
674
675
675
676
676
676
677
679
681
682
683
685
685
686
688
688
689
689
690
690
690
691
692
692
693
694
695
695
696
696
696
697
698
699
701
702
702
703
704
705
709
710
710
713
713
715
715
716
716
716
716
717
718
720
721
721
722
722
723
724
726
727
728
729
730
732
733
733
733
734
735
735
736
737
737
741
744
745
745
746
747
749
749
749
752
754
754
755
756
758
759
760
760
761
763
763
765
766
767
767
768
769
769
771
771
772
773
775
777
778
779
779
780
781
782
783
783
783
784
785
786
786
787
787
787
787
788
789
790
790
792
793
793
793
794
797
797
800
800
801
802
804
804
804
805
805
806
810
810
811
812
813
813
813
814
815
815
815
818
823
824
825
826
826
828
828
830
830
830
831
831
832
834
835
837
837
839
839
839
840
841
842
844
845
846
846
847
847
847
847
847
848
848
848
849
850
852
853
853
854
861
862
863
864
864
865
865
865
866
867
869
870
872
872
875
876
876
878
879
881
883
884
884
885
886
886
887
887
888
889
889
890
895
895
898
898
898
899
903
903
905
906
906
907
909
910
912
913
913
915
921
922
923
923
923
926
927
928
929
930
930
931
932
932
932
933
933
934
936
939
940
941
942
943
943
945
945
947
947
947
947
949
950
954
956
956
957
958
959
959
961
961
962
962
963
964
965
966
966
969
969
970
970
971
971
973
973
973
974
976
977
978
978
979
979
981
983
984
984
985
986
987
988
988
990
990
991
991
991
992
994
994
995
995
995
995
997
998
998
999
1001
1002
1003
1004
1005
1005
1006
1006
1007
1007
1008
1008
1008
1010
1013
1013
1014
1014
1015
1020
1020
1021
1023
1024
1024
1024
1025
1026
1026
1027
1028
1029
1030
1031
1032
1032
1032
1032
1035
1035
1036
1037
1037
1038
1040
1042
1043
1046
1046
1049
1050
1050
1052
1052
1052
1055
1055
1055
1056
1057
1058
1059
1059
1059
1060
1060
1060
1060
1061
1063
1065
1065
1065
1065
1065
1067
1067
1067
1068
1068
1068
1070
1071
1071
1071
1072
1073
1074
1075
1076
1077
1077
1077
1078
1079
1081
1084
1084
1085
1085
1086
1087
1087
1088
1088
1088
1089
1093
1094
1095
1097
1098
1098
1099
1100
1100
1102
1102
1103
1103
1103
1104
1107
1107
1108
1111
1112
1113
1113
1114
1115
1116
1117
1118
1119
1121
1121
1122
1122
1122
1122
1123
1123
1126
1127
1128
1129
1129
1129
1133
1134
1135
1135
1137
1138
1140
1141
1141
1141
1142
1142
1143
1146
1147
1148
1148
1148
1149
1149
1150
1151
1152
1152
1154
1154
1156
1156
1156
1156
1158
1158
1158
1159
1159
1161
1161
1162
1163
1163
1165
1167
1167
1167
1167
1170
1172
1172
1173
1174
1176
1177
1177
1178
1178
1179
1180
1182
1182
1183
1184
1185
1185
1186
1187
1187
1189
1189
1190
1190
1191
1192
1196
1196
1196
1198
1198
1199
1201
1201
1201
1201
1202
1203
1204
1207
1208
1210
1212
1212
1214
1214
1216
1221
1221
1222
1223
1224
1225
1226
1228
1229
1229
1230
1230
1230
1232
1233
1234
1237
1237
1238
1238
1238
1241
1242
1243
1244
1245
1247
1247
1248
1248
1248
1249
1249
1250
1251
1252
1253
1253
1254
1254
1255
1255
1255
1258
1259
1260
1260
1261
1262
1262
1263
1265
1265
1266
1266
1268
1269
1270
1271
1271
1273
1273
1273
1274
1276
1276
1278
1278
1279
1279
1279
1280
1285
1286
1289
1290
1290
1291
1292
1292
1293
1293
1293
1293
1294
1294
1297
1297
1298
1299
1299
1300
1301
1302
1303
1304
1306
1306
1307
1308
1310
1310
1311
1311
1311
1311
1312
1312
1313
1314
1314
1315
1318
1319
1322
1322
1327
1327
1329
1330
1330
1330
1333
1333
1335
1335
1335
1337
1337
1340
1340
1341
1341
1343
1343
1347
1349
1349
1349
1350
1351
1352
1353
1354
1355
1355
1356
1356
1358
1359
1359
1360
1360
1361
1361
1362
1362
1363
1365
1365
1365
1367
1367
1370
1370
1370
1370
1372
1373
1374
1375
1381
1383
1384
1385
1388
1390
1391
1391
1391
1392
1393
1393
1393
1394
1395
1396
1397
1399
1400
1403
1403
1404
1405
1406
1408
1408
1408
1411
1411
1411
1411
1412
1412
1412
1413
1414
1415
1416
1416
1416
1419
1420
1420
1420
1421
1424
1426
1426
1427
1428
1430
1430
1434
1434
1435
1435
1437
1437
1438
1438
1438
1439
1439
1439
1439
1440
1441
1441
1441
1442
1442
1443
1443
1446
1446
1447
1447
1447
1449
1449
1449
1449
1450
1450
1450
1450
1452
1452
1453
1453
1454
1454
1456
1457
1457
1457
1457
1458
1459
1460
1461
1462
1462
1468
1469
1469
1469
1469
1469
1470
1476
1476
1477
1479
1479
1480
1481
1482
1482
1482
1483
1483
1484
1484
1486
1486
1487
1487
1487
1488
1488
1489
1491
1491
1491
1492
1493
1495
1497
1497
1497
1500
1506
1506
1507
1508
1509
1509
1510
1512
1516
1517
1517
1519
1519
1521
1522
1523
1523
1523
1526
1528
1528
1529
1529
1530
1531
1532
1532
1534
1534
1535
1535
1536
1536
1537
1537
1538
1540
1541
1542
1544
1544
1544
1544
1544
1545
1546
1546
1547
1549
1549
1550
1550
1553
1554
1555
1555
1555
1556
1557
1557
1559
1560
1561
1564
1564
1564
1565
1565
1569
1571
1574
1579
1579
1580
1583
1583
1584
1585
1585
1585
1586
1586
1586
1586
1588
1590
1590
1591
1591
1594
1594
1594
1594
1595
1597
1600
1601
1601
1602
1603
1603
1604
1609
1610
1612
1613
1613
1613
1614
1614
1615
1616
1616
1616
1616
1618
1618
1621
1622
1622
1623
1624
1626
1626
1627
1627
1627
1629
1629
1630
1630
1632
1633
1633
1635
1637
1638
1642
1647
1648
1649
1649
1650
1652
1652
1654
1654
1655
1657
1657
1659
1659
1664
1664
1666
1666
1668
1669
1669
1669
1670
1673
1674
1675
1679
1679
1684
1684
1684
1685
1685
1687
1688
1688
1691
1692
1692
1693
1695
1696
1704
1705
1707
1709
1710
1713
1713
1714
1714
1714
1714
1716
1716
1717
1717
1719
1720
1724
1725
1725
1725
1728
1729
1729
1730
1732
1733
1733
1734
1734
1735
1737
1738
1741
1741
1742
1742
1743
1745
1746
1746
1747
1748
1749
1750
1751
1753
1754
1755
1756
1758
1758
1761
1762
1766
1767
1767
1768
1768
1769
1770
1772
1773
1774
1774
1775
1776
1777
1778
1780
1781
1783
1784
1784
1784
1786
1787
1789
1791
1792
1793
1794
1794
1794
1795
1795
1795
1796
1796
1797
1800
1801
1803
1803
1804
1804
1805
1806
1808
1809
1809
1809
1810
1812
1812
1812
1813
1813
1814
1815
1815
1816
1816
1819
1820
1820
1821
1824
1825
1825
1826
1826
1827
1827
1828
1828
1829
1829
1829
1830
1833
1833
1835
1836
1839
1842
1842
1843
1843
1850
1850
1851
1854
1857
1858
1859
1862
1862
1862
1863
1868
1869
1869
1869
1870
1870
1870
1872
1873
1873
1876
1878
1878
1879
1880
1880
1880
1882
1882
1884
1887
1891
1898
1898
1900
1901
1903
1904
1904
1905
1906
1906
1907
1910
1910
1910
1910
1910
1911
1912
1913
1913
1916
1917
1917
1917
1920
1920
1922
1922
1923
1923
1923
1924
1925
1928
1928
1929
1931
1932
1933
1934
1936
1937
1938
1939
1940
1943
1946
1947
1948
1949
1950
1950
1950
1951
1953
1955
1956
1956
1957
1957
1957
1958
1961
1961
1963
1963
1964
1964
1965
1966
1967
1967
1968
1969
1971
1972
1973
1974
1974
1974
1975
1975
1976
1977
1978
1979
1979
1980
1980
1983
1984
1984
1984
1984
1986
1986
1988
1991
1992
1993
1994
1995
1996
1998
1999
0
2
3
7
8
9
9
10
10
11
12
14
15
15
15
17
18
18
19
21
22
23
26
28
29
30
30
30
31
31
32
32
33
34
35
37
37
38
40
40
40
41
45
49
50
53
53
53
59
60
60
62
62
63
65
65
66
66
67
68
69
69
69
71
72
72
74
75
75
76
78
78
79
81
83
83
84
84
84
85
86
86
87
87
88
88
88
90
92
92
93
94
96
98
103
104
104
106
107
108
110
110
110
110
110
111
112
113
114
115
116
117
117
123
123
124
124
124
124
125
125
125
126
126
127
128
128
128
130
132
132
132
132
135
135
135
137
137
138
138
139
141
141
143
146
147
148
148
148
149
149
151
153
153
154
154
154
156
156
156
157
158
159
159
160
162
162
162
163
163
164
164
166
166
167
169
169
170
171
171
172
173
173
173
175
176
183
183
186
186
187
188
188
190
191
191
193
193
196
197
198
199
201
201
203
203
203
204
208
209
209
210
210
210
212
212
215
215
216
216
217
217
217
218
219
221
222
223
224
226
227
228
229
229
230
230
230
231
232
233
233
233
235
236
238
238
240
242
243
247
248
249
250
252
252
253
254
255
256
256
256
259
260
262
262
263
265
265
266
267
267
268
269
269
269
270
271
271
274
274
276
278
279
281
281
286
287
287
287
289
290
293
293
294
296
297
298
300
300
300
300
301
301
303
305
305
305
306
306
309
309
309
309
310
312
317
318
319
319
319
320
321
323
323
323
326
327
330
330
330
330
332
333
333
333
333
337
338
341
341
341
343
345
346
346
347
347
352
353
354
356
356
356
357
357
358
360
361
361
361
361
361
363
364
366
367
367
371
373
374
376
377
380
380
381
381
381
381
382
382
382
385
386
387
388
388
390
394
394
395
395
396
397
400
400
401
401
401
401
402
402
402
403
404
404
408
409
410
410
410
412
413
413
413
413
414
414
418
419
422
424
427
427
428
429
430
431
432
432
434
437
437
439
441
442
442
443
443
443
444
445
445
446
447
447
452
453
454
455
456
456
456
458
458
461
461
461
464
464
466
468
470
472
472
473
474
474
475
476
476
476
476
477
478
478
478
482
486
487
489
492
495
496
497
499
499
500
500
501
503
504
506
508
508
509
509
511
512
512
513
514
516
516
517
517
518
520
522
522
524
525
527
528
529
530
530
530
531
533
533
535
536
537
538
539
540
541
541
543
544
544
545
546
546
546
548
551
552
552
553
553
555
555
555
556
558
558
559
560
562
563
564
564
564
565
569
570
571
572
576
576
576
577
577
578
579
579
579
580
581
581
582
583
584
585
585
586
586
586
587
589
589
590
591
591
593
594
595
596
596
598
598
599
600
601
601
604
604
607
607
607
608
608
610
610
612
612
612
613
615
616
619
620
620
621
623
623
626
627
627
630
630
632
633
633
634
635
635
636
636
636
637
637
639
642
645
647
647
647
650
656
656
658
658
661
661
664
664
664
665
665
665
665
665
666
667
668
669
670
672
673
674
675
676
677
678
678
679
679
679
679
680
680
683
683
684
684
685
685
687
687
687
687
691
691
694
694
696
698
699
700
703
704
705
706
708
709
710
713
714
717
724
726
726
726
730
732
734
735
736
737
737
739
741
742
742
744
746
747
748
748
749
750
751
751
751
753
753
753
754
755
755
756
756
757
758
758
760
761
763
764
764
765
765
765
765
766
770
770
771
772
772
773
774
775
779
779
780
780
781
781
781
782
783
784
785
787
788
788
789
796
796
797
797
798
798
798
799
800
802
804
805
805
805
806
806
806
809
810
811
811
812
812
813
815
817
819
820
821
822
822
826
826
826
827
827
828
829
830
832
833
835
835
836
836
836
837
838
838
839
839
839
840
840
841
842
843
843
844
846
847
847
847
850
851
851
851
851
856
857
857
859
859
860
860
860
861
865
866
867
867
869
869
869
869
870
870
871
871
871
875
875
877
877
878
878
879
879
881
882
882
884
884
885
885
885
886
887
890
890
891
891
892
894
896
897
898
898
900
900
900
901
902
903
903
904
905
906
907
908
908
909
912
913
913
914
914
916
916
917
918
919
919
919
922
922
922
923
923
924
924
925
925
927
928
930
931
932
933
934
934
935
936
938
938
940
940
940
940
940
940
941
942
942
943
946
947
947
952
953
955
955
956
956
957
957
958
959
960
960
964
966
966
966
967
967
968
969
970
970
970
971
972
974
975
976
977
977
982
985
986
987
988
989
990
991
991
993
993
994
994
995
998
1002
1002
1003
1003
1006
1006
1007
1009
1010
1012
1012
1012
1015
1015
1016
1016
1016
1017
1017
1017
1018
1019
1019
1020
1021
1021
1021
1023
1023
1023
1023
1025
1026
1028
1029
1032
1034
1035
1037
1038
1039
1040
1040
1043
1043
1043
1044
1044
1048
1048
1049
1050
1050
1051
1052
1053
1054
1054
1054
1055
1056
1057
1058
1059
1060
1061
1061
1064
1065
1066
1066
1066
1068
1070
1071
1072
1072
1075
1078
1082
1082
1083
1083
1085
1086
1088
1088
1089
1089
1090
1090
1091
1094
1094
1094
1096
1096
1097
1097
1097
1100
1100
1101
1102
1102
1103
1103
1106
1110
1111
1113
1113
1114
1114
1115
1117
1117
1118
1120
1121
1121
1121
1124
1125
1125
1125
1126
1126
1128
1130
1131
1133
1137
1137
1139
1139
1140
1141
1141
1145
1147
1148
1149
1149
1149
1149
1150
1151
1151
1154
1154
1156
1157
1157
1158
1159
1159
1159
1160
1163
1164
1165
1165
1166
1166
1166
1168
1169
1169
1170
1170
1172
1173
1173
1178
1180
1181
1181
1182
1185
1186
1188
1189
1191
1191
1192
1194
1196
1196
1197
1197
1199
1200
1202
1204
1205
1206
1207
1207
1210
1212
1212
1213
1213
1214
1216
1217
1218
1218
1218
1221
1221
1221
1223
1223
1224
1225
1225
1227
1228
1230
1231
1231
1231
1232
1233
1235
1237
1238
1238
1239
1239
1240
1242
1245
1246
1248
1249
1250
1251
1251
1255
1256
1256
1256
1256
1257
1258
1260
1261
1261
1261
1262
1262
1264
1266
1266
1266
1267
1267
1269
1269
1271
1275
1275
1275
1276
1276
1277
1277
1278
1280
1281
1282
1282
1284
1284
1284
1284
1285
1286
1286
1287
1288
1289
1289
1290
1290
1290
1290
1291
1291
1291
1294
1294
1296
1296
1297
1298
1298
1298
1301
1302
1302
1302
1302
1303
1304
1304
1307
1307
1308
1308
1308
1309
1310
1313
1314
1314
1314
1314
1315
1316
1316
1316
1317
1318
1319
1320
1321
1322
1322
1322
1322
1324
1324
1326
1326
1326
1329
1329
1330
1331
1331
1331
1331
1332
1333
1333
1334
1334
1335
1335
1336
1336
1338
1338
1339
1339
1341
1343
1344
1344
1345
1345
1345
1345
1346
1346
1346
1347
1348
1348
1348
1349
1349
1351
1351
1352
1353
1353
1354
1354
1356
1362
1362
1364
1364
1366
1366
1367
1367
1368
1368
1368
1368
1368
1369
1369
1370
1371
1375
1375
1376
1377
1378
1383
1383
1384
1385
1386
1386
1386
1387
1389
1390
1391
1394
1394
1395
1395
1398
1398
1398
1400
1401
1402
1402
1403
1405
1405
1406
1409
1410
1416
1417
1418
1419
1420
1423
1423
1425
1432
1433
1433
1433
1434
1439
1441
1442
1443
1443
1443
1445
1445
1446
1447
1449
1449
1450
1450
1451
1451
1454
1454
1458
1459
1459
1459
1460
1463
1464
1466
1466
1466
1468
1468
1473
1474
1474
1475
1476
1476
1477
1477
1481
1481
1481
1482
1482
1483
1484
1484
1485
1486
1487
1487
1487
1487
1489
1490
1493
1494
1497
1497
1500
1500
1503
1505
1506
1509
1511
1511
1512
1514
1514
1516
1518
1518
1521
1521
1524
1525
1525
1525
1530
1530
1532
1532
1533
1533
1534
1535
1537
1538
1540
1541
1541
1543
1544
1544
1545
1545
1546
1548
1548
1549
1550
1551
1552
1552
1554
1556
1557
1558
1558
1561
1561
1562
1564
1565
1566
1568
1569
1570
1571
1572
1573
1574
1575
1575
1576
1578
1579
1579
1585
1586
1588
1588
1588
1590
1593
1593
1595
1596
1596
1596
1598
1599
1599
1602
1604
1604
1604
1604
1607
1607
1609
1610
1610
1610
1610
1611
1613
1616
1616
1618
1619
1619
1620
1623
1624
1624
1625
1628
1628
1628
1629
1633
1633
1634
1635
1635
1635
1636
1638
1638
1640
1640
1641
1643
1644
1644
1645
1645
1645
1646
1647
1647
1647
1649
1649
1649
1651
1651
1652
1652
1652
1653
1655
1659
1659
1660
1660
1660
1662
1666
1667
1669
1670
1671
1672
1672
1673
1674
1675
1676
1677
1678
1680
1681
1682
1683
1684
1686
1686
1687
1687
1689
1690
1691
1691
1692
1692
1692
1693
1694
1697
1697
1698
1699
1699
1700
1702
1703
1704
1704
1704
1707
1708
1711
1711
1712
1712
1713
1715
1716
1717
1718
1718
1718
1720
1720
1721
1721
1722
1724
1724
1726
1726
1727
1731
1733
1735
1737
1737
1740
1741
1742
1746
1751
1752
1753
1754
1756
1756
1756
1756
1757
1757
1760
1761
1765
1767
1767
1768
1769
1772
1772
1774
1774
1775
1775
1776
1776
1777
1777
1778
1780
1782
1784
1784
1784
1785
1787
1789
1789
1789
1789
1790
1792
1792
1793
1793
1794
1794
1796
1799
1799
1800
1800
1802
1802
1803
1804
1804
1809
1809
1810
1811
1812
1812
1813
1813
1815
1815
1816
1818
1819
1821
1821
1822
1823
1824
1825
1825
1826
1826
1827
1828
1828
1828
1828
1832
1832
1833
1833
1834
1834
1834
1837
1837
1844
1844
1846
1848
1850
1852
1852
1853
1853
1854
1854
1855
1856
1856
1857
1859
1859
1861
1862
1862
1864
1865
1866
1867
1868
1870
1870
1871
1873
1875
1875
1875
1877
1877
1879
1880
1880
1880
1880
1880
1881
1881
1883
1884
1884
1886
1886
1887
1887
1888
1889
1890
1893
1893
1894
1894
1894
1894
1894
1895
1896
1896
1897
1899
1899
1899
1899
1899
1900
1902
1902
1905
1908
1908
1909
1911
1912
1912
1915
1915
1916
1917
1917
1917
1917
1919
1921
1921
1921
1923
1925
1925
1925
1925
1925
1927
1930
1930
1930
1931
1931
1931
1932
1932
1933
1934
1935
1937
1937
1938
1938
1939
1940
1941
1941
1941
1942
1943
1944
1945
1945
1945
1946
1946
1946
1947
1947
1948
1950
1952
1953
1956
1957
1957
1957
1957
1958
1959
1960
1960
1960
1961
1963
1963
1966
1967
1969
1970
1971
1971
1974
1974
1974
1974
1975
1975
1976
1976
1979
1979
1979
1979
1979
1979
1980
1980
1981
1982
1982
1983
1983
1984
1985
1987
1987
1988
1989
1990
1990
1996
1996
1996
1996
1996
1997
3
3
3
4
4
5
5
6
6
7
8
14
15
15
15
16
17
19
20
21
21
26
28
29
30
31
32
34
35
36
38
38
39
41
42
43
44
44
44
45
45
46
47
48
48
48
49
49
50
51
54
54
54
54
54
56
57
57
57
58
60
60
62
65
67
67
69
70
70
70
71
71
75
76
77
78
80
86
86
87
87
89
90
90
92
92
92
92
93
96
98
98
99
100
100
101
101
101
103
104
104
108
108
109
110
111
112
112
113
114
114
114
115
116
117
120
120
120
120
121
122
126
126
126
128
128
129
130
130
131
132
133
139
139
139
139
141
142
142
142
143
143
144
149
151
151
151
152
153
156
156
157
160
160
161
161
163
163
164
165
165
165
166
170
171
172
172
173
173
174
178
178
181
182
182
183
183
186
186
188
188
191
191
192
194
197
197
200
200
200
201
202
202
204
205
205
205
209
211
211
211
212
213
217
218
219
220
220
220
220
221
222
223
224
224
226
227
228
229
230
230
231
232
233
234
235
237
237
238
239
240
240
240
244
245
246
246
246
246
251
251
251
252
253
254
254
255
255
255
256
258
258
259
260
262
262
262
263
263
264
265
265
265
267
269
270
270
270
271
271
275
275
276
276
276
277
278
281
283
283
284
285
286
287
287
288
291
291
291
293
293
293
294
297
298
298
298
300
300
301
304
310
311
311
312
314
314
317
318
320
323
323
324
325
325
326
327
329
332
334
334
336
336
337
337
337
338
339
339
344
345
346
347
349
349
350
351
352
354
354
355
355
356
358
362
362
363
363
363
363
364
364
366
367
367
368
369
369
371
371
372
375
375
376
377
378
379
380
380
381
381
382
382
385
385
386
386
387
389
389
390
391
391
392
392
394
396
397
397
397
398
398
401
401
403
403
403
403
403
404
406
407
407
407
407
407
408
411
411
412
412
413
414
414
415
416
418
418
419
419
420
422
422
423
424
424
426
428
430
432
435
435
436
436
437
439
441
442
442
443
444
446
446
447
451
451
451
452
452
452
453
454
454
456
457
457
459
462
462
463
464
469
469
470
470
471
471
471
472
473
474
475
476
477
477
478
480
483
483
483
484
484
484
485
486
486
486
487
488
489
489
490
491
491
491
491
492
493
494
494
494
495
496
496
497
498
498
499
503
504
504
507
507
507
507
508
508
510
512
513
514
514
514
515
515
517
520
522
523
523
523
524
525
525
526
526
526
528
529
533
533
533
534
535
536
537
539
539
541
543
545
545
545
547
547
548
549
550
551
551
552
553
553
553
554
555
557
559
562
562
562
563
564
566
568
569
570
571
571
571
572
573
573
576
577
578
579
579
580
580
581
582
582
586
587
588
589
589
589
590
590
590
591
593
594
595
596
597
597
597
599
600
600
604
604
607
608
611
611
614
616
617
618
619
619
622
624
626
626
626
628
629
629
630
630
630
631
631
633
633
633
634
638
641
642
642
646
646
646
647
649
649
650
650
651
654
655
655
657
659
659
660
663
663
664
665
666
667
667
668
668
669
670
671
671
671
674
678
679
679
679
682
686
687
687
688
690
690
691
694
695
697
698
698
699
700
700
701
701
705
708
708
709
710
711
712
718
718
718
719
720
721
722
724
724
725
725
726
728
729
730
730
731
731
731
731
732
734
735
737
739
739
740
744
744
747
748
748
752
754
756
757
757
759
759
759
760
760
761
761
762
764
765
765
765
769
769
769
771
772
773
774
775
777
777
778
778
781
782
782
786
786
787
787
788
792
792
793
796
796
799
800
804
804
806
806
807
807
808
810
814
814
816
816
817
818
818
821
822
823
823
823
824
828
828
832
834
834
834
834
835
835
835
835
836
836
836
836
840
843
844
844
845
846
847
847
848
850
852
852
853
853
854
858
859
859
861
861
861
862
863
865
866
869
870
870
872
873
874
874
876
878
878
883
885
887
888
889
889
889
890
891
891
891
895
895
896
897
897
897
897
898
899
899
900
901
901
907
908
911
911
911
917
918
918
919
919
920
920
920
921
922
925
925
926
926
929
930
931
931
932
932
934
934
935
935
936
937
937
942
942
943
944
946
947
947
948
948
949
949
949
950
951
951
952
952
953
957
958
958
960
961
961
961
962
964
966
966
967
968
969
970
971
972
972
973
975
975
977
977
979
979
979
981
982
982
983
984
985
986
987
988
988
988
989
993
993
994
1001
1001
1001
1001
1001
1002
1002
1004
1004
1005
1007
1009
1009
1009
1010
1011
1013
1014
1014
1015
1015
1016
1018
1020
1020
1023
1024
1025
1028
1028
1030
1030
1032
1032
1032
1034
1037
1037
1038
1038
1039
1039
1041
1042
1042
1044
1045
1046
1046
1050
1050
1051
1051
1052
1052
1055
1056
1056
1056
1060
1061
1061
1062
1064
1066
1067
1068
1068
1069
1072
1072
1072
1073
1074
1076
1077
1078
1078
1079
1079
1079
1081
1081
1085
1085
1085
1086
1088
1088
1089
1090
1091
1091
1092
1093
1094
1094
1095
1095
1095
1097
1097
1097
1098
1100
1101
1102
1102
1103
1104
1105
1105
1106
1107
1108
1108
1109
1110
1110
1110
1111
1113
1114
1114
1114
1115
1117
1121
1122
1123
1123
1127
1127
1133
1135
1135
1135
1136
1137
1137
1140
1140
1141
1141
1144
1146
1146
1150
1150
1151
1152
1152
1153
1153
1153
1154
1156
1156
1158
1159
1159
1159
1161
1161
1162
1162
1163
1164
1164
1165
1166
1166
1169
1170
1171
1172
1173
1173
1175
1176
1176
1176
1178
1178
1179
1180
1181
1182
1183
1183
1185
1185
1187
1187
1188
1189
1190
1190
1191
1192
1192
1194
1195
1197
1199
1199
1200
1202
1202
1203
1204
1204
1205
1207
1207
1207
1208
1208
1212
1213
1214
1216
1217
1217
1219
1219
1221
1222
1222
1224
1224
1224
1225
1225
1225
1225
1226
1226
1227
1229
1229
1230
1232
1234
1234
1235
1238
1240
1242
1242
1243
1243
1244
1245
1245
1245
1246
1248
1249
1249
1253
1254
1254
1254
1255
1256
1256
1258
1258
1258
1260
1261
1261
1261
1262
1265
1268
1268
1270
1272
1273
1273
1275
1275
1275
1275
1277
1277
1279
1280
1281
1282
1283
1283
1284
1286
1287
1287
1289
1290
1293
1293
1294
1294
1294
1297
1297
1299
1300
1303
1304
1305
1308
1310
1311
1312
1313
1313
1313
1316
1316
1317
1318
1318
1318
1318
1319
1320
1321
1321
1322
1325
1325
1326
1327
1327
1329
1329
1331
1332
1334
1334
1335
1335
1335
1337
1338
1339
1342
1344
1345
1346
1346
1347
1349
1349
1349
1349
1360
1363
1363
1364
1365
1365
1367
1369
1369
1370
1371
1371
1372
1372
1373
1373
1374
1378
1380
1381
1381
1381
1382
1387
1387
1387
1390
1390
1391
1392
1393
1394
1394
1394
1395
1395
1396
1399
1399
1400
1400
1400
1400
1401
1402
1403
1403
1404
1405
1405
1407
1407
1407
1413
1413
1414
1415
1415
1415
1416
1419
1421
1421
1424
1425
1426
1428
1429
1429
1429
1430
1431
1431
1432
1432
1435
1436
1437
1437
1437
1438
1441
1442
1442
1443
1443
1443
1443
1445
1445
1447
1447
1448
1449
1449
1450
1451
1453
1453
1454
1455
1457
1458
1458
1459
1459
1462
1463
1463
1464
1464
1465
1466
1467
1469
1474
1474
1477
1478
1478
1478
1479
1480
1480
1482
1482
1482
1483
1485
1485
1487
1487
1489
1490
1490
1491
1491
1491
1491
1492
1493
1494
1495
1499
1499
1500
1500
1501
1501
1503
1503
1504
1505
1505
1507
1507
1509
1509
1510
1511
1512
1514
1517
1521
1522
1523
1524
1525
1525
1526
1527
1528
1529
1531
1532
1532
1532
1532
1532
1534
1534
1536
1536
1536
1537
1538
1539
1539
1540
1542
1542
1543
1544
1544
1547
1547
1549
1550
1553
1553
1555
1556
1557
1557
1558
1559
1560
1560
1561
1561
1562
1565
1565
1567
1567
1572
1572
1573
1574
1575
1576
1578
1578
1580
1581
1581
1583
1583
1586
1588
1589
1590
1590
1591
1591
1591
1592
1592
1592
1593
1593
1594
1594
1597
1598
1600
1603
1604
1606
1606
1608
1608
1608
1609
1614
1616
1618
1619
1620
1620
1621
1621
1622
1622
1623
1625
1626
1626
1626
1627
1627
1627
1631
1631
1631
1633
1635
1635
1635
1635
1636
1639
1639
1639
1639
1641
1642
1643
1643
1643
1645
1646
1647
1647
1648
1649
1649
1650
1654
1654
1655
1656
1656
1657
1657
1659
1659
1660
1661
1662
1665
1665
1665
1666
1668
1669
1671
1671
1671
1671
1673
1674
1675
1675
1675
1676
1677
1677
1677
1680
1680
1681
1685
1685
1687
1687
1687
1687
1688
1689
1689
1690
1690
1691
1692
1692
1693
1693
1693
1695
1695
1696
1699
1700
1702
1703
1703
1705
1705
1705
1706
1707
1708
1710
1712
1713
1714
1714
1715
1715
1717
1717
1717
1718
1719
1720
1721
1723
1723
1724
1724
1725
1726
1726
1729
1729
1730
1732
1732
1732
1734
1734
1735
1736
1737
1738
1738
1738
1739
1739
1742
1743
1743
1744
1744
1748
1749
1750
1751
1752
1752
1753
1755
1755
1756
1756
1758
1759
1759
1759
1759
1760
1760
1762
1763
1764
1764
1765
1765
1767
1767
1768
1768
1769
1770
1771
1771
1772
1779
1779
1783
1784
1784
1786
1787
1789
1789
1790
1791
1792
1792
1792
1795
1796
1796
1797
1798
1800
1800
1802
1802
1803
1804
1808
1810
1810
1811
1811
1813
1813
1814
1814
1816
1816
1816
1817
1818
1819
1821
1821
1822
1823
1823
1826
1826
1826
1826
1828
1828
1830
1830
1832
1832
1834
1834
1834
1836
1838
1840
1841
1842
1844
1846
1846
1847
1848
1850
1852
1853
1853
1855
1855
1855
1858
1859
1860
1860
1863
1864
1864
1864
1866
1866
1867
1869
1869
1870
1873
1874
1876
1878
1878
1879
1880
1882
1885
1885
1886
1889
1890
1890
1892
1892
1896
1897
1897
1898
1898
1899
1901
1901
1901
1902
1903
1903
1904
1904
1904
1905
1906
1907
1907
1907
1907
1908
1909
1910
1911
1911
1911
1912
1912
1914
1914
1917
1918
1919
1919
1920
1920
1922
1924
1924
1926
1926
1928
1929
1930
1932
1932
1933
1934
1934
1934
1935
1935
1936
1938
1939
1939
1939
1939
1939
1940
1940
1940
1941
1942
1942
1943
1944
1950
1951
1952
1953
1953
1954
1955
1955
1955
1957
1957
1959
1959
1959
1960
1960
1960
1961
1961
1963
1963
1964
1965
1967
1967
1968
1968
1968
1969
1971
1972
1972
1972
1974
1974
1976
1978
1978
1981
1983
1983
1983
1984
1984
1985
1986
1986
1987
1987
1988
1991
1991
1991
1993
1993
1994
1994
1995
1996
1998
1998
1999
1999
0
1
2
3
4
5
7
7
8
9
11
12
13
15
15
16
16
16
17
18
20
20
20
22
26
27
27
27
28
28
30
32
33
34
34
35
37
40
40
42
42
42
44
44
45
45
45
46
47
48
50
51
51
53
53
53
53
54
55
55
57
58
61
62
64
64
65
65
65
66
66
66
66
68
68
69
70
70
71
74
77
78
78
78
78
78
79
82
83
83
85
88
89
89
89
90
90
91
92
93
94
95
96
97
98
99
100
101
102
102
102
103
104
104
104
105
106
107
107
109
112
115
117
117
119
119
120
121
123
123
123
125
125
127
127
129
129
131
135
135
135
137
137
137
137
137
138
138
138
140
142
142
143
145
145
145
146
147
148
148
149
149
151
151
153
153
154
154
156
156
159
159
160
161
163
165
166
166
167
167
168
170
172
172
172
173
173
176
176
178
178
178
179
179
180
181
182
182
185
186
188
188
188
190
193
193
194
195
196
196
196
196
197
198
199
200
200
201
201
203
203
204
204
205
205
206
207
209
209
211
211
212
212
212
213
213
214
215
215
216
218
219
219
219
220
220
221
221
222
222
222
222
224
224
225
225
226
227
231
231
232
232
232
233
233
234
235
235
235
236
237
239
240
240
241
241
243
244
247
248
248
248
250
251
251
251
251
251
254
254
255
255
255
257
258
260
261
264
264
264
265
266
266
267
267
267
269
269
270
270
270
270
270
271
272
273
274
274
274
275
276
277
279
280
280
280
281
282
284
287
287
287
287
288
288
288
289
289
290
292
292
293
294
294
295
297
299
299
299
299
300
300
302
303
303
304
305
307
307
310
311
312
315
316
317
319
320
321
321
322
322
324
326
327
329
330
330
331
332
332
333
334
334
336
337
338
339
339
340
341
341
341
343
343
343
344
344
344
345
345
348
348
348
348
351
352
352
352
353
354
356
356
356
358
360
360
360
361
361
361
361
362
362
362
362
363
364
364
365
365
366
367
368
368
369
369
370
370
371
371
371
372
373
373
374
377
377
379
380
385
388
388
391
391
392
394
394
396
398
399
399
400
400
402
402
402
402
404
405
405
406
406
406
407
407
408
408
409
409
409
410
410
410
411
413
413
413
415
416
417
418
419
420
420
424
424
425
429
429
429
429
430
430
431
431
436
438
438
438
438
439
440
441
441
442
442
442
443
444
446
447
447
448
449
451
451
451
452
452
455
458
458
458
459
459
459
460
460
462
462
462
467
468
470
470
470
471
471
471
472
473
473
473
475
475
476
477
477
478
480
481
481
484
485
486
488
489
489
490
495
496
496
502
503
506
506
506
508
509
511
513
514
515
515
516
516
516
517
517
518
518
520
521
521
523
524
524
528
528
528
530
530
533
534
534
534
535
539
541
541
542
545
547
549
551
552
553
554
554
555
555
556
556
559
562
564
565
565
568
568
569
571
571
572
572
573
574
576
576
578
578
580
580
580
581
581
581
582
584
585
586
586
588
590
590
590
591
593
593
593
593
595
595
596
596
596
597
597
598
601
602
604
606
606
607
608
611
613
613
615
617
617
620
621
622
623
623
623
624
625
626
627
629
630
631
631
632
634
634
635
637
637
637
638
640
641
644
645
646
647
647
650
651
651
652
655
655
659
659
659
659
660
661
661
663
664
665
665
666
667
669
669
670
671
671
672
673
673
674
675
675
676
676
678
679
679
680
683
683
688
688
689
690
691
692
692
693
695
696
697
697
702
704
705
706
706
707
708
709
710
710
711
713
713
716
717
718
718
719
720
721
722
723
724
726
727
729
729
729
730
730
732
732
733
733
736
737
738
738
739
740
740
741
741
743
743
743
743
744
744
746
746
749
750
751
753
756
756
757
757
757
759
760
760
761
763
766
766
767
769
771
771
772
773
775
776
778
778
779
779
780
780
780
781
782
782
784
784
784
784
785
786
788
788
789
790
791
791
792
792
793
794
795
797
797
798
798
798
798
802
803
803
804
804
805
805
805
806
806
807
808
809
810
811
811
813
815
817
818
818
819
820
820
820
821
821
822
823
823
823
824
824
825
827
828
831
834
836
836
838
839
841
841
843
844
844
845
845
845
845
846
848
849
850
851
851
851
852
853
856
856
857
858
858
859
860
860
861
862
862
863
863
863
866
868
872
872
873
875
875
877
878
879
880
882
882
882
883
885
885
886
888
889
889
892
893
894
898
900
901
901
902
902
903
904
904
905
911
911
912
913
914
915
915
917
917
919
921
921
923
923
924
924
926
927
928
929
929
929
932
932
935
935
936
936
937
938
939
939
939
942
944
947
947
950
950
950
952
953
953
953
954
955
955
955
956
958
960
961
962
962
965
966
967
967
968
970
971
971
973
973
973
974
974
976
977
983
988
989
991
991
994
995
996
998
998
1001
1001
1004
1006
1006
1008
1011
1012
1012
1013
1013
1015
1016
1019
1021
1021
1021
1027
1028
1028
1031
1031
1032
1033
1033
1035
1036
1036
1037
1038
1039
1040
1041
1042
1043
1044
1045
1046
1048
1050
1050
1053
1054
1055
1056
1057
1057
1059
1060
1062
1062
1063
1063
1064
1066
1067
1067
1070
1070
1074
1076
1076
1076
1077
1077
1080
1080
1080
1081
1082
1083
1083
1085
1085
1086
1087
1088
1089
1089
1089
1090
1092
1092
1093
1094
1094
1095
1096
1098
1098
1098
1099
1100
1103
1103
1105
1105
1108
1110
1111
1111
1111
1115
1116
1116
1117
1118
1119
1119
1119
1120
1120
1121
1124
1124
1124
1125
1127
1127
1130
1130
1130
1130
1131
1135
1135
1138
1140
1142
1144
1145
1147
1147
1147
1148
1149
1150
1150
1151
1151
1153
1156
1157
1157
1159
1160
1161
1162
1162
1162
1163
1167
1167
1167
1169
1171
1171
1171
1171
1172
1172
1173
1173
1175
1175
1175
1176
1177
1177
1181
1182
1182
1188
1189
1190
1190
1190
1190
1191
1191
1194
1196
1197
1199
1200
1200
1202
1204
1205
1206
1207
1207
1207
1208
1209
1210
1212
1214
1216
1216
1218
1220
1220
1221
1223
1224
1224
1225
1228
1231
1235
1237
1238
1238
1239
1239
1239
1240
1242
1242
1242
1243
1247
1248
1249
1251
1252
1256
1257
1257
1257
1258
1259
1261
1261
1263
1265
1265
1265
1267
1268
1268
1269
1270
1274
1275
1276
1277
1278
1278
1279
1280
1280
1281
1281
1282
1284
1285
1285
1286
1286
1288
1289
1289
1290
1290
1291
1292
1293
1293
1295
1295
1295
1296
1298
1298
1298
1299
1301
1302
1302
1303
1303
1304
1305
1306
1306
1307
1308
1309
1310
1310
1312
1314
1318
1318
1319
1320
1322
1323
1325
1326
1326
1329
1331
1333
1335
1335
1335
1336
1337
1337
1340
1341
1341
1343
1344
1345
1346
1347
1351
1351
1351
1354
1356
1356
1356
1358
1358
1360
1360
1361
1363
1365
1365
1366
1367
1368
1370
1375
1376
1376
1379
1379
1380
1380
1382
1386
1386
1389
1389
1390
1392
1392
1392
1392
1393
1394
1394
1395
1396
1397
1397
1398
1399
1400
1400
1402
1405
1407
1407
1408
1408
1408
1412
1412
1414
1414
1414
1416
1416
1418
1418
1418
1419
1420
1422
1425
1425
1429
1432
1432
1433
1433
1437
1438
1439
1440
1440
1442
1443
1444
1444
1445
1447
1450
1451
1452
1453
1454
1454
1455
1456
1457
1460
1463
1465
1465
1467
1469
1470
1472
1472
1474
1474
1477
1477
1477
1479
1480
1482
1483
1484
1485
1489
1489
1490
1491
1491
1491
1493
1495
1496
1497
1497
1499
1500
1500
1501
1502
1503
1505
1505
1507
1508
1508
1509
1514
1514
1515
1515
1517
1518
1518
1519
1520
1520
1521
1521
1522
1523
1524
1524
1525
1527
1528
1528
1528
1528
1528
1529
1529
1530
1531
1534
1535
1540
1543
1544
1546
1546
1547
1548
1548
1549
1550
1550
1550
1552
1557
1557
1558
1558
1562
1563
1563
1564
1565
1566
1567
1567
1568
1568
1571
1572
1575
1577
1578
1582
1583
1584
1586
1587
1588
1588
1590
1596
1597
1598
1598
1599
1600
1601
1602
1602
1603
1603
1604
1609
1610
1611
1613
1613
1614
1616
1617
1617
1618
1621
1622
1623
1624
1625
1627
1628
1629
1630
1630
1632
1632
1633
1633
1634
1634
1635
1640
1641
1641
1642
1644
1645
1646
1646
1648
1648
1648
1650
1651
1651
1651
1651
1652
1653
1654
1655
1655
1656
1656
1658
1658
1659
1659
1660
1660
1660
1661
1662
1665
1666
1666
1667
1667
1670
1670
1670
1672
1673
1676
1677
1677
1678
1679
1680
1680
1680
1680
1681
1682
1684
1684
1684
1685
1685
1685
1689
1689
1691
1692
1693
1694
1695
1699
1699
1701
1703
1703
1704
1706
1707
1707
1708
1712
1712
1713
1716
1716
1717
1717
1719
1720
1720
1721
1722
1723
1723
1724
1724
1726
1726
1727
1728
1730
1731
1731
1733
1733
1734
1734
1737
1743
1747
1748
1748
1748
1750
1750
1751
1752
1752
1754
1755
1755
1756
1756
1757
1757
1757
1760
1760
1762
1762
1763
1766
1766
1767
1768
1769
1769
1770
1770
1771
1773
1774
1774
1774
1777
1777
1778
1780
1782
1783
1783
1784
1785
1785
1785
1785
1786
1787
1789
1790
1790
1791
1792
1794
1795
1796
1796
1796
1796
1797
1797
1797
1801
1803
1806
1807
1809
1814
1814
1815
1815
1816
1816
1818
1818
1819
1819
1819
1820
1821
1821
1821
1822
1824
1827
1828
1828
1828
1829
1829
1829
1831
1831
1833
1833
1836
1838
1839
1840
1842
1842
1842
1842
1842
1845
1846
1847
1849
1849
1851
1851
1852
1854
1856
1858
1860
1863
1865
1865
1865
1866
1867
1868
1868
1868
1872
1875
1877
1879
1879
1880
1880
1880
1881
1882
1882
1883
1884
1885
1887
1888
1890
1892
1893
1896
1896
1896
1897
1897
1898
1898
1899
1900
1902
1902
1903
1903
1903
1903
1904
1904
1905
1907
1907
1907
1911
1913
1914
1916
1918
1919
1921
1922
1922
1923
1923
1924
1924
1925
1925
1925
1925
1928
1928
1930
1932
1932
1933
1934
1935
1936
1936
1938
1939
1939
1939
1939
1940
1942
1942
1942
1943
1943
1943
1944
1946
1946
1949
1949
1950
1950
1952
1952
1952
1953
1954
1954
1955
1956
1956
1958
1958
1958
1960
1960
1961
1961
1961
1961
1963
1963
1965
1965
1966
1967
1967
1968
1969
1971
1971
1972
1973
1974
1974
1975
1975
1976
1976
1978
1978
1979
1980
1982
1983
1985
1985
1985
1986
1988
1989
1990
1991
1992
1993
1993
1995
1995
1996
1997
1997
1998
1998
1999
1
2
3
4
5
5
5
5
9
9
9
10
10
11
12
14
14
16
16
16
17
17
17
19
20
21
22
22
23
24
24
25
28
28
28
28
29
32
34
34
35
35
37
39
39
39
40
41
41
42
42
43
50
52
54
54
55
55
56
57
58
58
60
60
61
62
64
66
66
66
68
68
69
70
70
71
72
73
73
74
77
77
79
79
81
82
82
84
88
88
91
91
92
99
100
100
100
101
101
102
103
105
106
106
107
109
110
110
112
114
116
116
117
117
118
118
119
120
120
120
122
125
126
126
127
127
129
129
132
133
133
134
137
137
138
139
141
143
145
146
146
147
148
152
156
156
156
158
158
159
159
159
159
161
162
165
165
166
167
168
168
168
169
171
171
172
172
173
176
177
178
179
179
180
181
184
184
184
185
185
185
186
188
192
193
193
195
195
195
195
195
196
199
201
201
202
202
202
203
203
204
206
206
208
208
210
210
211
214
214
215
215
216
217
218
219
220
224
225
227
227
229
230
230
230
231
231
231
232
235
236
236
236
237
239
240
241
242
242
243
243
243
244
247
248
249
251
251
251
252
254
255
255
256
259
259
260
260
262
262
263
263
263
265
265
266
267
268
273
277
279
280
282
282
283
284
285
287
287
287
289
290
292
295
297
297
297
299
300
301
301
304
308
308
309
311
311
311
312
312
313
313
313
314
314
314
317
317
318
319
320
320
322
322
323
323
324
325
326
326
327
328
330
330
331
333
336
337
339
340
341
342
344
344
344
345
346
347
348
351
351
355
355
356
357
357
358
358
360
363
364
365
366
366
368
368
369
369
369
370
370
370
372
372
372
373
375
376
376
377
377
379
380
380
381
382
382
385
385
385
386
388
388
388
389
389
389
390
392
394
394
394
396
396
398
398
398
399
400
401
402
402
404
405
408
409
410
410
411
412
417
418
420
420
421
421
421
422
422
423
423
423
424
424
426
427
427
427
428
428
430
431
431
431
433
433
437
438
439
439
440
440
442
443
444
447
448
452
454
454
456
458
460
460
461
463
464
464
465
465
466
466
468
469
470
470
470
470
472
473
474
474
475
475
476
476
477
479
479
479
480
481
481
482
484
485
485
485
486
487
489
489
491
492
494
497
498
498
501
501
502
506
508
512
515
515
517
517
517
518
518
518
519
521
522
522
522
522
524
526
527
529
530
531
532
536
536
537
539
539
541
541
542
543
543
546
548
549
550
553
555
556
556
557
557
557
558
560
561
562
562
563
563
565
567
569
571
571
572
573
575
578
578
578
579
580
581
582
582
582
583
585
585
585
587
591
592
592
593
593
595
596
597
597
598
599
599
599
600
602
602
602
603
603
604
605
605
607
607
607
607
608
612
613
613
615
616
617
618
619
621
621
621
621
621
623
624
626
626
626
626
628
630
631
632
635
635
635
636
636
636
639
639
640
641
641
642
642
642
643
644
645
646
646
647
647
648
651
652
652
652
654
654
656
656
658
658
658
658
658
659
659
660
662
663
666
667
668
668
668
669
669
671
672
673
676
679
679
680
684
685
685
688
690
690
691
692
693
694
695
695
698
702
703
703
703
704
707
708
709
710
710
711
712
713
713
714
715
716
717
717
717
718
720
720
723
724
725
728
730
730
733
734
738
738
738
739
740
741
741
741
741
743
743
744
745
747
748
748
749
749
750
752
753
753
753
753
754
755
756
756
757
757
757
757
758
759
759
759
761
763
764
764
764
765
766
767
768
768
771
775
777
778
780
780
780
781
782
782
783
785
785
786
787
787
788
791
791
792
793
794
794
795
796
796
796
796
797
797
797
798
799
804
805
805
806
807
807
807
807
809
809
810
810
811
811
812
815
817
817
819
819
819
819
820
821
821
822
822
822
822
824
824
825
826
827
827
829
830
830
830
831
831
832
836
840
840
840
841
842
842
844
844
846
846
848
849
849
850
851
851
851
851
852
854
855
856
857
860
860
862
863
867
867
868
868
869
870
871
871
871
872
873
873
875
876
876
877
878
878
879
882
883
884
885
888
889
891
891
892
894
895
896
896
897
900
901
904
905
908
911
912
913
914
915
915
915
916
917
919
920
921
923
923
924
924
925
926
926
927
927
927
928
929
929
931
934
934
934
935
936
939
939
941
942
946
946
947
947
947
948
948
949
954
957
959
960
960
961
962
964
967
968
969
971
971
972
972
973
975
976
977
980
982
985
986
987
988
990
990
991
992
992
993
994
995
996
998
998
999
1000
1001
1001
1002
1003
1004
1005
1006
1006
1007
1007
1007
1008
1008
1008
1009
1009
1009
1012
1012
1012
1015
1016
1018
1018
1018
1019
1019
1019
1023
1023
1025
1026
1026
1027
1028
1029
1031
1034
1035
1035
1036
1037
1038
1039
1039
1040
1041
1042
1042
1043
1046
1048
1048
1048
1049
1049
1050
1050
1050
1050
1051
1052
1052
1053
1055
1055
1056
1059
1060
1063
1064
1065
1067
1067
1067
1069
1071
1072
1072
1076
1077
1077
1078
1078
1082
1083
1085
1085
1087
1088
1089
1090
1090
1091
1091
1091
1092
1092
1092
1093
1094
1094
1094
1095
1097
1098
1099
1100
1100
1101
1102
1103
1105
1106
1108
1109
1109
1109
1109
1109
1110
1111
1113
1114
1114
1116
1117
1119
1120
1120
1121
1124
1126
1127
1130
1130
1130
1132
1133
1133
1136
1136
1137
1139
1139
1141
1143
1144
1144
1145
1146
1146
1146
1148
1149
1149
1149
1149
1150
1150
1151
1152
1152
1156
1157
1157
1158
1159
1159
1160
1160
1160
1160
1161
1163
1164
1166
1166
1166
1167
1168
1168
1169
1169
1170
1171
1172
1173
1177
1178
1181
1184
1186
1186
1186
1186
1187
1187
1187
1188
1190
1190
1191
1192
1194
1194
1194
1195
1195
1195
1195
1196
1198
1198
1199
1199
1200
1201
1202
1204
1204
1205
1205
1206
1207
1208
1210
1210
1210
1213
1213
1214
1216
1217
1217
1224
1224
1227
1229
1229
1230
1231
1231
1232
1233
1234
1235
1235
1237
1237
1238
1242
1243
1244
1244
1244
1245
1245
1246
1247
1250
1250
1252
1252
1253
1253
1254
1255
1256
1257
1257
1258
1259
1260
1260
1260
1261
1264
1264
1266
1266
1267
1267
1267
1268
1269
1269
1271
1271
1273
1273
1274
1274
1274
1274
1275
1276
1277
1277
1277
1279
1280
1282
1282
1285
1285
1285
1285
1286
1287
1287
1287
1288
1290
1295
1296
1297
1298
1300
1301
1302
1303
1306
1306
1308
1309
1310
1310
1311
1311
1313
1316
1316
1319
1319
1321
1322
1323
1325
1327
1328
1328
1329
1329
1330
1331
1332
1334
1337
1338
1341
1341
1342
1343
1343
1344
1344
1346
1347
1348
1349
1349
1351
1352
1353
1353
1353
1353
1354
1355
1355
1356
1356
1356
1357
1359
1359
1363
1363
1363
1364
1367
1367
1368
1369
1371
1371
1373
1374
1374
1374
1375
1378
1378
1382
1383
1386
1386
1387
1388
1389
1392
1392
1393
1394
1395
1395
1396
1396
1396
1399
1400
1401
1403
1405
1405
1407
1408
1409
1409
1409
1411
1413
1416
1416
1419
1420
1421
1421
1421
1423
1424
1426
1427
1427
1428
1429
1430
1433
1434
1435
1435
1435
1437
1438
1439
1440
1442
1442
1443
1444
1447
1447
1447
1447
1449
1450
1451
1451
1452
1452
1453
1453
1455
1457
1458
1458
1460
1460
1460
1461
1463
1463
1464
1464
1464
1468
1469
1470
1470
1470
1471
1472
1472
1473
1474
1474
1474
1475
1478
1480
1480
1482
1482
1483
1483
1484
1484
1485
1489
1489
1489
1489
1490
1490
1490
1492
1494
1498
1500
1501
1502
1503
1504
1504
1505
1506
1506
1507
1508
1508
1508
1512
1514
1514
1516
1516
1517
1517
1517
1518
1519
1520
1520
1523
1523
1524
1525
1527
1527
1527
1528
1528
1529
1533
1534
1535
1536
1536
1536
1536
1538
1539
1539
1540
1542
1543
1543
1544
1545
1547
1548
1550
1551
1551
1552
1552
1554
1555
1557
1558
1561
1561
1561
1562
1564
1565
1569
1570
1570
1570
1571
1572
1572
1573
1573
1573
1574
1574
1574
1575
1575
1578
1579
1581
1584
1585
1585
1587
1591
1592
1593
1594
1595
1595
1596
1598
1598
1598
1599
1599
1601
1601
1602
1603
1603
1604
1605
1605
1606
1607
1609
1609
1609
1610
1611
1611
1614
1614
1614
1615
1615
1617
1618
1618
1618
1618
1619
1620
1621
1622
1622
1623
1623
1623
1624
1625
1631
1631
1632
1632
1632
1635
1635
1635
1636
1637
1637
1638
1642
1643
1643
1645
1646
1646
1649
1649
1650
1650
1650
1650
1654
1654
1654
1655
1656
1657
1659
1659
1659
1660
1661
1662
1663
1664
1665
1667
1667
1670
1670
1672
1672
1673
1673
1675
1677
1677
1678
1679
1679
1681
1682
1684
1684
1686
1686
1689
1689
1689
1689
1691
1692
1697
1697
1698
1698
1699
1699
1699
1700
1700
1701
1703
1704
1704
1704
1704
1705
1705
1706
1706
1707
1707
1708
1709
1709
1709
1711
1713
1716
1719
1720
1721
1723
1724
1725
1727
1727
1728
1730
1730
1733
1733
1735
1736
1736
1737
1738
1739
1739
1739
1742
1742
1743
1743
1745
1748
1749
1749
1749
1750
1752
1753
1754
1756
1756
1759
1759
1761
1761
1762
1763
1763
1763
1764
1764
1765
1766
1766
1766
1767
1768
1775
1780
1781
1781
1782
1782
1783
1785
1786
1786
1786
1787
1790
1792
1793
1794
1795
1796
1798
1798
1800
1801
1803
1803
1804
1804
1805
1806
1806
1806
1807
1809
1810
1810
1811
1811
1811
1811
1814
1816
1817
1818
1818
1819
1819
1820
1820
1821
1821
1821
1821
1823
1825
1827
1827
1828
1830
1831
1832
1832
1832
1833
1834
1836
1837
1838
1838
1840
1841
1842
1842
1842
1843
1846
1849
1851
1851
1852
1853
1854
1856
1857
1857
1858
1862
1862
1863
1864
1864
1864
1866
1869
1870
1874
1875
1875
1878
1880
1881
1882
1883
1885
1885
1886
1889
1891
1893
1894
1894
1894
1897
1897
1897
1902
1902
1905
1906
1909
1910
1910
1910
1910
1910
1912
1913
1913
1913
1914
1914
1916
1916
1917
1917
1917
1917
1918
1918
1918
1918
1919
1921
1924
1925
1926
1927
1928
1931
1931
1931
1932
1933
1933
1935
1935
1936
1936
1937
1939
1940
1940
1940
1942
1944
1944
1944
1946
1947
1948
1952
1953
1954
1955
1956
1957
1960
1960
1961
1961
1964
1965
1966
1967
1969
1969
1970
1975
1976
1977
1977
1977
1979
1980
1981
1984
1984
1984
1985
1985
1988
1988
1989
1989
1989
1990
1990
1991
1991
1991
1994
1994
1994
1994
1994
1994
1996
1997
1999
0
1
1
2
2
5
7
7
9
9
10
10
11
11
11
12
12
14
14
15
17
17
19
20
20
21
21
22
25
26
29
30
31
32
32
32
33
33
33
35
40
41
41
42
44
44
45
50
51
51
52
53
54
54
60
60
61
61
63
64
65
68
68
68
68
69
71
73
73
74
75
75
75
76
77
77
79
79
80
80
81
84
89
90
91
91
92
94
94
95
96
96
100
102
103
103
104
106
107
107
107
110
111
111
111
112
112
112
113
114
115
117
117
117
118
119
119
119
121
122
122
123
123
124
124
127
128
128
130
131
133
135
138
138
138
140
142
142
143
144
144
145
145
148
148
149
149
150
150
151
152
152
152
153
153
153
154
157
159
160
160
161
162
164
164
165
169
170
172
173
174
175
175
178
180
180
183
184
184
185
186
188
189
190
191
192
193
193
194
195
197
202
202
204
204
205
205
205
206
207
208
208
208
209
210
210
211
212
213
214
215
216
216
218
218
219
219
220
220
223
225
226
227
227
227
228
229
230
230
231
232
232
233
234
238
238
238
238
239
239
239
240
241
242
246
246
251
252
254
255
255
256
256
257
261
261
264
265
266
267
267
269
269
271
271
271
272
273
274
276
276
276
276
276
277
277
278
281
283
283
285
285
286
287
290
290
294
295
296
296
297
297
298
299
300
300
301
302
304
306
307
308
309
309
309
309
310
310
311
312
312
314
314
315
316
318
318
318
319
321
322
323
323
323
327
327
327
328
329
329
330
332
332
332
333
334
335
337
340
342
342
343
343
344
346
350
350
351
352
354
355
355
356
356
358
359
362
363
365
369
369
369
370
370
371
372
373
374
374
375
375
377
378
379
381
383
385
386
389
390
390
390
390
390
392
392
392
393
393
394
395
396
397
398
398
400
400
401
402
405
406
406
407
408
408
408
409
409
410
411
411
412
412
412
413
413
413
414
414
414
414
415
416
416
419
420
422
422
422
422
423
423
426
427
429
431
432
433
433
434
434
435
435
436
436
436
436
438
440
447
448
449
449
450
451
452
452
452
454
455
455
456
456
457
458
460
460
460
463
464
464
465
466
467
467
469
470
470
471
473
475
475
476
476
480
481
483
484
486
486
488
488
492
493
498
502
503
503
505
506
507
507
508
509
510
511
512
513
513
513
514
515
515
515
515
516
517
518
519
519
520
524
524
525
526
526
527
528
528
530
532
532
533
533
533
533
534
534
537
538
539
540
540
541
541
542
542
543
543
545
545
546
547
547
547
548
548
552
552
552
553
555
556
559
559
560
561
562
564
564
565
565
565
566
568
569
569
569
570
574
574
574
574
576
579
580
580
582
585
586
587
587
588
592
592
594
594
594
595
596
597
597
598
598
598
598
599
599
601
604
605
605
605
606
606
607
607
609
611
612
612
613
614
614
615
616
616
617
618
622
623
624
624
626
626
628
629
629
630
631
632
635
637
637
637
639
639
639
644
644
646
646
648
649
649
650
650
650
651
651
652
652
655
656
657
657
658
659
661
662
662
663
666
667
667
667
668
669
669
670
671
671
677
677
678
679
680
680
681
681
681
681
681
682
682
683
683
686
686
689
690
692
695
697
698
702
702
707
708
714
715
716
716
716
718
720
720
724
726
728
729
729
729
730
730
732
732
732
733
737
737
738
738
739
742
742
742
743
743
744
744
745
746
747
748
749
749
750
750
753
753
753
754
757
757
758
759
761
761
762
763
763
763
764
765
765
765
766
767
767
768
769
770
771
772
773
773
773
773
775
776
777
777
778
779
780
780
781
782
784
785
785
789
789
790
790
791
791
791
791
792
792
792
793
797
797
798
801
801
802
803
803
805
805
806
806
807
807
809
809
809
809
810
810
810
812
812
813
813
813
813
814
815
815
815
816
816
818
819
820
822
823
826
826
827
827
828
829
832
833
834
834
839
839
841
841
841
841
842
842
845
846
846
846
847
847
847
850
852
852
854
855
856
857
858
858
859
860
860
861
861
861
861
861
862
863
863
866
866
866
867
867
867
869
869
870
873
873
876
876
878
884
884
884
885
886
887
888
888
889
891
892
893
895
895
898
898
900
900
903
905
905
905
909
913
913
913
916
916
916
918
919
920
921
922
922
923
925
925
925
925
926
926
927
928
931
932
934
935
937
938
939
940
941
943
943
946
947
948
948
949
949
950
952
953
955
957
964
968
969
970
970
971
971
972
973
974
975
975
975
976
976
977
978
979
980
980
982
983
985
986
986
986
987
989
989
990
991
993
993
994
995
995
997
998
999
999
999
1000
1000
1000
1000
1002
1002
1003
1005
1006
1007
1008
1008
1009
1011
1011
1013
1014
1015
1016
1016
1017
1018
1019
1019
1022
1023
1026
1027
1028
1028
1028
1030
1030
1032
1032
1033
1035
1035
1039
1041
1041
1042
1042
1044
1046
1047
1052
1052
1052
1053
1053
1055
1055
1056
1058
1058
1059
1059
1060
1064
1065
1065
1067
1068
1068
1070
1071
1071
1072
1072
1072
1072
1073
1074
1075
1075
1076
1076
1077
1079
1082
1083
1084
1085
1086
1086
1086
1087
1088
1090
1090
1090
1091
1091
1092
1094
1094
1095
1096
1100
1101
1103
1103
1103
1104
1108
1109
1109
1109
1109
1109
1110
1110
1110
1111
1112
1114
1115
1115
1116
1117
1118
1118
1118
1120
1122
1123
1123
1124
1124
1127
1128
1129
1130
1131
1131
1131
1131
1131
1133
1133
1134
1134
1134
1138
1138
1140
1141
1141
1145
1145
1146
1148
1148
1148
1152
1152
1152
1153
1154
1155
1157
1158
1159
1160
1160
1160
1162
1165
1166
1166
1168
1168
1169
1170
1171
1172
1175
1175
1177
1177
1178
1178
1179
1179
1179
1179
1180
1180
1183
1184
1184
1185
1185
1185
1186
1187
1187
1190
1191
1191
1195
1195
1195
1196
1197
1197
1198
1198
1203
1204
1205
1205
1205
1205
1206
1206
1208
1208
1209
1210
1211
1212
1214
1215
1217
1217
1217
1219
1220
1222
1223
1223
1225
1226
1229
1232
1233
1234
1235
1237
1237
1238
1239
1242
1242
1246
1247
1247
1248
1248
1249
1249
1251
1251
1253
1254
1255
1256
1256
1257
1259
1259
1260
1262
1262
1263
1264
1265
1266
1267
1267
1267
1269
1269
1270
1271
1272
1272
1272
1273
1273
1274
1276
1282
1282
1284
1284
1285
1286
1292
1293
1294
1296
1296
1296
1297
1298
1299
1301
1301
1302
1302
1303
1304
1305
1307
1307
1309
1310
1311
1311
1314
1315
1315
1315
1317
1317
1320
1323
1323
1326
1328
1328
1330
1331
1332
1334
1334
1334
1335
1336
1337
1338
1338
1338
1339
1342
1343
1345
1345
1348
1349
1351
1352
1353
1353
1358
1360
1360
1360
1362
1362
1363
1364
1365
1368
1368
1368
1368
1371
1374
1374
1376
1376
1379
1381
1382
1383
1383
1387
1387
1389
1389
1389
1390
1392
1392
1393
1394
1395
1397
1397
1398
1398
1401
1403
1403
1405
1406
1407
1408
1408
1408
1408
1409
1411
1411
1412
1412
1412
1414
1415
1415
1418
1420
1421
1422
1422
1422
1422
1423
1423
1424
1429
1432
1433
1433
1433
1435
1435
1436
1437
1441
1446
1446
1447
1447
1448
1451
1451
1451
1451
1453
1454
1455
1456
1456
1456
1457
1457
1458
1458
1460
1461
1462
1463
1463
1464
1464
1465
1465
1466
1467
1469
1469
1470
1471
1471
1471
1475
1475
1476
1478
1478
1478
1479
1480
1480
1481
1483
1484
1488
1489
1490
1491
1493
1493
1493
1493
1494
1495
1495
1496
1497
1498
1498
1500
1501
1502
1503
1503
1504
1505
1506
1506
1506
1508
1509
1509
1509
1510
1514
1515
1515
1515
1515
1517
1517
1518
1518
1519
1519
1520
1522
1523
1525
1525
1526
1526
1529
1530
1532
1534
1534
1536
1537
1538
1539
1539
1539
1541
1542
1543
1544
1546
1546
1547
1548
1548
1549
1550
1551
1552
1553
1554
1556
1559
1559
1561
1561
1562
1563
1564
1564
1565
1566
1567
1567
1568
1568
1569
1569
1571
1571
1572
1573
1573
1574
1574
1577
1579
1580
1580
1580
1582
1585
1586
1588
1588
1589
1589
1590
1590
1591
1593
1593
1593
1594
1594
1596
1596
1596
1600
1600
1601
1601
1602
1602
1603
1603
1603
1604
1604
1606
1606
1607
1608
1608
1609
1612
1614
1615
1616
1616
1616
1616
1617
1618
1618
1618
1619
1621
1621
1622
1625
1626
1628
1628
1629
1629
1629
1631
1631
1632
1633
1634
1634
1635
1635
1637
1639
1640
1640
1640
1641
1641
1643
1644
1646
1648
1649
1649
1650
1651
1652
1652
1653
1653
1653
1654
1655
1656
1660
1661
1662
1662
1663
1663
1663
1663
1665
1666
1669
1669
1670
1670
1671
1671
1673
1673
1675
1676
1677
1680
1680
1684
1688
1688
1690
1690
1692
1692
1693
1694
1694
1695
1696
1697
1698
1702
1703
1703
1705
1705
1706
1707
1707
1708
1709
1711
1712
1713
1714
1714
1715
1715
1716
1716
1716
1717
1718
1719
1719
1722
1724
1725
1725
1726
1726
1726
1726
1727
1727
1729
1730
1730
1730
1732
1733
1734
1735
1736
1736
1736
1737
1738
1740
1740
1742
1742
1744
1744
1746
1747
1756
1757
1757
1760
1760
1760
1764
1765
1766
1767
1769
1769
1770
1771
1771
1771
1772
1773
1773
1774
1774
1774
1775
1776
1776
1777
1778
1778
1779
1779
1780
1781
1782
1783
1787
1788
1790
1791
1792
1794
1794
1795
1795
1796
1796
1797
1798
1798
1801
1802
1802
1803
1804
1804
1805
1807
1807
1808
1808
1810
1810
1812
1813
1813
1814
1814
1816
1817
1819
1825
1825
1826
1827
1827
1827
1827
1828
1828
1829
1830
1830
1833
1834
1835
1836
1836
1839
1841
1842
1842
1844
1846
1849
1849
1849
1850
1851
1852
1853
1853
1854
1855
1855
1856
1857
1859
1861
1861
1862
1863
1863
1864
1865
1865
1867
1868
1868
1868
1869
1871
1872
1872
1873
1873
1875
1877
1878
1879
1879
1880
1880
1882
1883
1883
1885
1885
1886
1887
1890
1890
1892
1892
1893
1893
1897
1898
1898
1899
1899
1900
1902
1903
1904
1907
1907
1910
1912
1913
1915
1915
1917
1919
1920
1920
1920
1921
1923
1924
1927
1929
1929
1934
1935
1938
1938
1938
1942
1943
1943
1946
1948
1950
1952
1952
1952
1956
1956
1957
1958
1959
1959
1961
1961
1962
1963
1964
1968
1969
1969
1970
1973
1976
1976
1977
1977
1977
1978
1978
1978
1979
1980
1980
1981
1981
1981
1981
1982
1982
1983
1983
1984
1985
1986
1986
1987
1989
1989
1989
1993
1994
1994
1994
1996
1996
1999
1999
1999
0
3
4
4
6
8
9
9
10
10
10
11
12
14
16
16
17
18
19
20
21
22
24
25
25
26
27
29
30
30
31
31
33
34
37
38
38
38
40
42
42
44
44
44
47
50
50
51
51
52
53
56
56
57
58
59
60
61
61
62
62
62
62
63
64
66
67
67
69
71
71
71
73
77
77
77
79
80
80
82
87
87
88
90
91
91
93
95
97
98
101
102
102
104
106
108
110
111
112
112
113
114
114
115
116
117
117
119
121
121
122
122
123
123
123
124
125
131
131
133
135
136
136
138
140
140
141
143
143
144
145
145
147
147
150
151
153
153
154
155
156
162
162
163
166
167
167
173
174
174
174
175
176
177
177
178
178
181
183
183
184
184
184
186
187
188
188
189
190
192
192
193
194
194
195
196
196
197
197
197
198
199
200
201
201
203
203
203
208
208
211
212
212
213
213
213
215
215
220
222
223
225
225
227
227
228
229
229
229
229
232
233
233
237
238
239
239
240
240
241
241
241
243
244
245
245
248
251
252
252
253
255
259
259
262
262
263
263
264
265
267
268
270
271
272
273
275
277
277
279
279
280
280
281
283
283
283
284
284
285
285
286
287
291
293
293
294
294
295
297
299
300
302
303
304
307
308
308
310
310
311
315
315
320
320
321
321
321
322
322
323
324
325
326
327
328
329
330
330
330
334
336
336
338
338
339
340
340
342
344
346
346
349
350
350
350
353
355
356
360
361
361
362
364
364
365
368
368
369
372
373
374
376
377
377
377
378
379
381
381
385
385
386
387
388
388
390
390
390
393
393
394
394
396
396
397
397
397
398
399
399
399
399
400
404
406
407
409
410
411
412
412
412
414
415
417
419
420
421
422
424
427
427
427
429
431
432
433
435
436
437
439
440
441
442
443
443
447
447
449
455
458
458
460
460
463
464
464
464
465
466
467
468
469
469
470
470
471
471
472
472
473
474
475
476
476
478
479
480
481
481
482
482
485
489
490
490
490
491
491
493
494
494
495
495
495
495
496
496
498
499
499
500
501
504
505
507
508
509
509
510
515
516
520
520
521
521
521
522
523
523
524
525
526
526
527
527
528
528
529
529
530
531
531
532
534
535
535
535
535
537
537
538
539
540
540
541
541
544
544
546
548
552
553
553
553
554
554
557
561
561
562
562
562
563
565
566
568
568
568
570
572
572
573
573
573
574
577
578
580
583
583
585
585
585
585
586
587
588
588
589
589
589
590
590
591
592
592
593
594
597
597
597
597
598
599
600
601
601
602
604
609
609
610
615
616
618
620
623
624
625
629
630
630
632
634
635
635
635
637
637
638
638
639
640
640
642
642
643
643
643
644
645
648
648
649
649
649
650
652
654
655
655
655
656
658
659
659
659
662
663
664
666
668
669
669
669
669
669
670
671
671
671
672
673
673
675
675
675
676
676
677
677
679
680
680
681
682
682
682
684
685
685
686
687
689
690
690
691
692
692
692
693
695
695
695
697
699
699
699
699
700
701
701
702
703
705
706
707
709
709
711
712
713
714
715
720
723
723
725
726
728
730
732
733
735
735
739
739
740
742
744
746
748
751
751
752
753
754
755
755
756
757
757
759
759
760
763
763
764
764
764
764
765
767
767
767
770
771
772
773
776
776
777
781
782
784
784
784
786
786
787
788
788
789
789
790
791
793
793
795
796
797
798
800
801
802
803
803
805
806
806
806
806
807
808
809
809
811
811
812
813
815
817
819
819
820
821
821
822
822
823
823
824
824
825
826
826
827
828
830
830
832
832
832
833
833
833
835
836
836
840
840
840
840
842
842
842
843
844
844
844
845
846
851
852
853
854
855
857
857
857
860
861
862
862
863
864
865
866
868
869
871
872
872
873
874
874
874
874
874
876
877
878
878
878
879
881
881
882
882
883
883
884
885
886
887
887
888
888
888
890
892
892
892
892
893
893
894
894
895
897
898
899
899
900
901
905
905
907
908
909
910
911
915
915
916
916
918
920
920
921
922
922
922
924
925
925
930
932
935
936
937
937
938
939
940
943
943
943
946
947
947
947
949
949
950
950
952
952
952
955
955
955
956
957
961
962
963
964
965
965
965
965
966
967
968
968
969
970
971
972
975
975
977
977
978
979
980
980
980
981
982
983
983
984
984
986
986
987
987
989
990
990
990
994
995
996
999
1000
1000
1002
1002
1002
1002
1005
1006
1007
1009
1010
1010
1010
1012
1013
1013
1013
1014
1016
1016
1016
1017
1018
1018
1023
1024
1024
1026
1027
1028
1029
1029
1029
1031
1031
1032
1032
1032
1033
1038
1038
1040
1041
1042
1042
1044
1046
1046
1047
1047
1049
1049
1051
1052
1053
1053
1053
1054
1055
1055
1056
1057
1059
1059
1062
1063
1063
1064
1065
1067
1067
1068
1068
1069
1069
1070
1071
1072
1072
1073
1073
1073
1074
1074
1074
1075
1077
1080
1080
1080
1081
1084
1084
1085
1085
1085
1090
1090
1092
1095
1096
1097
1098
1098
1099
1100
1100
1102
1103
1106
1106
1107
1111
1111
1113
1115
1115
1116
1116
1117
1118
1119
1120
1120
1123
1124
1124
1125
1127
1128
1129
1129
1130
1130
1131
1133
1133
1133
1135
1135
1137
1137
1137
1138
1138
1138
1138
1140
1141
1142
1144
1144
1146
1147
1148
1148
1148
1148
1149
1149
1150
1152
1154
1155
1156
1157
1158
1158
1161
1161
1162
1163
1163
1165
1165
1166
1166
1166
1168
1168
1169
1170
1171
1171
1172
1176
1177
1177
1178
1178
1180
1180
1181
1183
1183
1184
1185
1185
1187
1188
1188
1189
1190
1190
1191
1192
1193
1194
1196
1196
1197
1197
1197
1199
1199
1201
1202
1204
1205
1206
1207
1207
1208
1208
1211
1211
1212
1213
1215
1218
1220
1221
1222
1223
1223
1223
1223
1225
1228
1228
1228
1228
1229
1231
1233
1237
1237
1237
1239
1240
1240
1240
1241
1241
1242
1243
1243
1243
1245
1245
1245
1245
1248
1248
1249
1250
1251
1253
1257
1258
1259
1259
1259
1259
1260
1260
1261
1262
1263
1263
1263
1265
1265
1266
1267
1267
1268
1270
1271
1271
1272
1278
1278
1278
1280
1282
1284
1285
1286
1286
1287
1288
1288
1288
1289
1291
1291
1291
1292
1294
1295
1296
1296
1296
1297
1297
1300
1302
1302
1302
1303
1303
1303
1304
1304
1305
1308
1308
1308
1311
1312
1312
1313
1314
1316
1316
1316
1318
1319
1320
1321
1322
1323
1323
1323
1324
1325
1326
1327
1328
1329
1332
1334
1334
1334
1335
1337
1342
1342
1343
1343
1343
1344
1345
1345
1346
1347
1347
1347
1348
1348
1348
1348
1349
1349
1352
1352
1353
1353
1355
1355
1356
1356
1356
1356
1359
1361
1362
1363
1368
1369
1369
1370
1370
1370
1378
1378
1378
1378
1379
1380
1381
1381
1382
1382
1386
1387
1387
1388
1389
1390
1391
1392
1392
1393
1395
1397
1397
1397
1398
1399
1401
1402
1404
1404
1405
1405
1407
1407
1408
1408
1409
1410
1414
1416
1417
1419
1419
1419
1421
1421
1422
1422
1423
1425
1425
1426
1426
1427
1429
1430
1430
1430
1430
1430
1431
1432
1432
1433
1434
1435
1436
1437
1438
1438
1439
1439
1439
1440
1440
1441
1444
1444
1446
1447
1448
1448
1449
1450
1456
1457
1457
1457
1458
1458
1458
1458
1458
1460
1460
1460
1460
1460
1461
1461
1462
1465
1466
1468
1468
1469
1469
1470
1470
1472
1475
1475
1475
1475
1476
1477
1479
1479
1480
1482
1483
1483
1488
1489
1490
1490
1490
1490
1491
1491
1492
1492
1492
1493
1493
1495
1498
1499
1500
1501
1502
1502
1502
1503
1503
1505
1506
1506
1507
1507
1508
1509
1510
1511
1512
1513
1514
1514
1515
1515
1515
1516
1516
1518
1518
1519
1521
1522
1523
1524
1524
1526
1527
1527
1528
1532
1533
1534
1534
1534
1534
1534
1535
1537
1540
1540
1542
1545
1547
1549
1551
1551
1551
1552
1553
1553
1554
1557
1558
1558
1558
1559
1559
1560
1560
1562
1564
1565
1565
1567
1568
1569
1571
1572
1573
1575
1578
1580
1580
1582
1582
1582
1582
1584
1584
1584
1585
1585
1585
1586
1587
1588
1588
1588
1590
1590
1590
1590
1592
1592
1592
1593
1594
1595
1595
1596
1596
1598
1600
1600
1600
1600
1601
1601
1602
1603
1603
1603
1604
1604
1606
1607
1608
1609
1610
1610
1611
1612
1612
1613
1613
1613
1614
1619
1619
1620
1622
1622
1623
1624
1627
1628
1628
1629
1630
1630
1630
1631
1632
1633
1634
1635
1636
1636
1637
1637
1638
1639
1640
1640
1640
1641
1643
1644
1644
1647
1647
1647
1647
1648
1648
1650
1650
1651
1652
1652
1653
1655
1656
1657
1658
1659
1659
1660
1661
1662
1663
1665
1666
1666
1667
1667
1668
1669
1670
1671
1673
1673
1673
1674
1675
1676
1676
1676
1679
1679
1679
1681
1685
1687
1687
1687
1688
1690
1690
1692
1692
1693
1694
1697
1698
1698
1702
1704
1704
1705
1707
1709
1709
1717
1718
1718
1720
1720
1722
1722
1723
1723
1724
1724
1725
1725
1726
1726
1729
1729
1734
1740
1740
1740
1741
1741
1742
1742
1743
1745
1746
1746
1746
1747
1747
1748
1748
1749
1750
1750
1753
1753
1757
1759
1761
1762
1763
1764
1764
1765
1768
1770
1770
1771
1773
1774
1774
1774
1775
1778
1778
1781
1782
1782
1783
1786
1788
1789
1790
1790
1790
1791
1791
1793
1794
1794
1797
1799
1799
1799
1800
1800
1802
1804
1804
1804
1804
1805
1805
1807
1810
1811
1812
1814
1814
1814
1816
1817
1817
1817
1818
1819
1820
1820
1821
1822
1823
1823
1824
1825
1826
1826
1828
1828
1831
1831
1832
1832
1833
1833
1834
1836
1836
1836
1837
1841
1841
1842
1846
1848
1848
1850
1850
1850
1851
1851
1853
1854
1855
1855
1857
1858
1858
1859
1860
1860
1860
1861
1861
1862
1863
1864
1867
1867
1868
1869
1869
1872
1873
1874
1874
1874
1876
1878
1879
1879
1880
1881
1882
1882
1883
1883
1883
1885
1886
1887
1889
1890
1892
1893
1893
1894
1895
1895
1895
1896
1896
1896
1896
1897
1902
1903
1907
1908
1908
1908
1911
1911
1915
1915
1920
1921
1923
1924
1924
1925
1927
1927
1929
1929
1931
1931
1931
1934
1934
1936
1936
1936
1940
1942
1942
1943
1943
1943
1944
1944
1946
1947
1948
1949
1950
1952
1956
1956
1956
1956
1956
1956
1957
1958
1958
1959
1959
1961
1961
1963
1963
1965
1965
1967
1969
1969
1970
1972
1972
1973
1974
1974
1974
1979
1979
1980
1980
1982
1984
1985
1986
1986
1987
1988
1989
1990
1991
1993
1993
1995
1997
1997
1998
1999